{"type":"FeatureCollection","features":[{"type":"Feature","geometry":{"type":"Polygon","coordinates":[[[-2.9478,50.7183],[-2.9488,50.7199],[-2.9487,50.72125],[-2.95265,50.7246],[-2.95295,50.72875],[-2.9497,50.73225],[-2.9478,50.73375],[-2.9465,50.7356],[-2.9466,50.7368],[-2.94475,50.73895],[-2.9407,50.7426],[-2.9382,50.7441],[-2.93825,50.74595],[-2.94065,50.74865],[-2.93995,50.7516],[-2.9364,50.75305],[-2.93505,50.75425],[-2.93855,50.7567],[-2.95015,50.76105],[-2.95295,50.7614],[-2.9578,50.7608],[-2.959,50.7563],[-2.96155,50.759],[-2.9641,50.7604],[-2.96655,50.76185],[-2.9718,50.76355],[-2.97545,50.7624],[-2.98795,50.75675],[-2.99135,50.7574],[-2.99535,50.759],[-2.99675,50.75925],[-2.998,50.75835],[-3.00025,50.7582],[-3.00145,50.75945],[-3.00645,50.7601],[-3.00875,50.762],[-3.0086,50.76365],[-3.0069,50.7655],[-3.0065,50.7669],[-3.0062,50.77235],[-3.00825,50.7741],[-3.0111,50.77485],[-3.0157,50.77335],[-3.0162,50.77265],[-3.0181,50.77305],[-3.01945,50.77095],[-3.02235,50.7713],[-3.02515,50.7707],[-3.033,50.7712],[-3.0329,50.77335],[-3.0324,50.77505],[-3.03295,50.77605],[-3.03245,50.77905],[-3.0368,50.77985],[-3.04185,50.78195],[-3.0456,50.78355],[-3.0569,50.78655],[-3.0593,50.78685],[-3.06185,50.7859],[-3.0629,50.7848],[-3.0663,50.78315],[-3.0689,50.7816],[-3.07435,50.77965],[-3.07585,50.77935],[-3.08,50.7799],[-3.08325,50.78085],[-3.0869,50.78075],[-3.08935,50.7817],[-3.0941,50.7864],[-3.09635,50.78785],[-3.1091,50.7936],[-3.11315,50.79425],[-3.1154,50.7941],[-3.1196,50.79335],[-3.12825,50.7938],[-3.1326,50.79525],[-3.13845,50.7956],[-3.1476,50.7964],[-3.15175,50.7966],[-3.1551,50.79735],[-3.1608,50.8008],[-3.16175,50.8009],[-3.17055,50.7963],[-3.17375,50.7958],[-3.17255,50.7943],[-3.17385,50.79265],[-3.17765,50.7896],[-3.1785,50.7879],[-3.1799,50.78815],[-3.1837,50.788],[-3.18575,50.78955],[-3.18755,50.78925],[-3.1879,50.7888],[-3.19105,50.7872],[-3.19295,50.7883],[-3.1968,50.78855],[-3.198,50.78795],[-3.1995,50.7887],[-3.2014,50.78835],[-3.20345,50.7891],[-3.21805,50.7851],[-3.22575,50.7831],[-3.24035,50.782],[-3.24005,50.7795],[-3.241,50.77915],[-3.24125,50.7774],[-3.2407,50.7765],[-3.2381,50.77545],[-3.23725,50.77435],[-3.2375,50.7725],[-3.24005,50.7706],[-3.24275,50.76785],[-3.24305,50.7669],[-3.2418,50.76535],[-3.2426,50.7643],[-3.24215,50.76315],[-3.24315,50.7623],[-3.2433,50.75895],[-3.24305,50.7549],[-3.2453,50.75245],[-3.2464,50.74915],[-3.2463,50.74795],[-3.24925,50.7451],[-3.24965,50.74235],[-3.2518,50.74005],[-3.2518,50.73785],[-3.2546,50.73345],[-3.25545,50.7305],[-3.2573,50.7291],[-3.259,50.7266],[-3.26025,50.7267],[-3.2613,50.7252],[-3.2636,50.7239],[-3.26825,50.7235],[-3.27045,50.7228],[-3.27215,50.72135],[-3.275,50.72025],[-3.2776,50.7205],[-3.28375,50.71955],[-3.28665,50.7182],[-3.28675,50.7158],[-3.28765,50.71485],[-3.28835,50.71145],[-3.2907,50.7118],[-3.2905,50.71295],[-3.292,50.7132],[-3.2936,50.7141],[-3.293,50.71665],[-3.29525,50.7169],[-3.30645,50.7168],[-3.30825,50.71645],[-3.31115,50.717],[-3.3163,50.7175],[-3.3192,50.7202],[-3.3208,50.71985],[-3.3232,50.72025],[-3.3248,50.721],[-3.32905,50.72215],[-3.33045,50.72275],[-3.3328,50.7262],[-3.3353,50.72735],[-3.336,50.72815],[-3.3416,50.72655],[-3.3467,50.72445],[-3.3452,50.72205],[-3.3429,50.7209],[-3.34165,50.718],[-3.3457,50.71325],[-3.34715,50.71055],[-3.3484,50.70925],[-3.3497,50.70595],[-3.34905,50.70245],[-3.349,50.70065],[-3.34965,50.69625],[-3.3513,50.69375],[-3.3533,50.69235],[-3.357,50.6884],[-3.35695,50.6878],[-3.37085,50.68655],[-3.375,50.6859],[-3.37605,50.68375],[-3.38245,50.6782],[-3.38525,50.6759],[-3.3859,50.6748],[-3.38865,50.6716],[-3.38885,50.6704],[-3.3867,50.6701],[-3.3855,50.66915],[-3.3854,50.6679],[-3.38575,50.65855],[-3.3834,50.65795],[-3.3842,50.6565],[-3.3852,50.6533],[-3.3831,50.65095],[-3.37975,50.64975],[-3.37725,50.65],[-3.37315,50.64955],[-3.37085,50.64885],[-3.36905,50.6477],[-3.3643,50.644],[-3.3654,50.6429],[-3.36295,50.64125],[-3.36055,50.63905],[-3.3577,50.6381],[-3.3591,50.63745],[-3.35755,50.63425],[-3.3567,50.633],[-3.36225,50.6331],[-3.37125,50.63185],[-3.3759,50.63],[-3.3783,50.6294],[-3.37755,50.6281],[-3.3772,50.6255],[-3.37665,50.62435],[-3.3764,50.62385],[-3.37375,50.62255],[-3.3748,50.6214],[-3.3815,50.6166],[-3.38285,50.61595],[-3.3877,50.61485],[-3.39195,50.61325],[-3.39365,50.6131],[-3.39625,50.61185],[-3.4002,50.6108],[-3.3984,50.6103],[-3.3968,50.61035],[-3.3905,50.6094],[-3.38795,50.60915],[-3.3879,50.60815],[-3.3854,50.6069],[-3.3812,50.60755],[-3.3764,50.6079],[-3.36895,50.60975],[-3.3641,50.6099],[-3.36255,50.60785],[-3.3596,50.6075],[-3.35795,50.6083],[-3.35795,50.61025],[-3.3578,50.61245],[-3.3592,50.61395],[-3.35925,50.61485],[-3.35615,50.61705],[-3.3516,50.6192],[-3.34745,50.6208],[-3.334,50.62545],[-3.3228,50.62835],[-3.31485,50.62965],[-3.3111,50.62985],[-3.30755,50.6295],[-3.30385,50.62975],[-3.30255,50.6309],[-3.3006,50.6315],[-3.3006,50.6321],[-3.29635,50.6353],[-3.29445,50.63585],[-3.2929,50.63885],[-3.2894,50.641],[-3.28875,50.6431],[-3.28735,50.64565],[-3.28575,50.64715],[-3.28515,50.64945],[-3.28535,50.652],[-3.28385,50.6541],[-3.28075,50.65535],[-3.2811,50.65705],[-3.2796,50.6585],[-3.2779,50.65945],[-3.27605,50.66225],[-3.27345,50.6627],[-3.27115,50.66435],[-3.2693,50.66485],[-3.26715,50.6667],[-3.2673,50.669],[-3.2665,50.67005],[-3.2601,50.6725],[-3.25545,50.6739],[-3.2498,50.67505],[-3.2461,50.67525],[-3.2484,50.67725],[-3.2504,50.6785],[-3.2505,50.6799],[-3.25185,50.68035],[-3.2525,50.6822],[-3.25445,50.68435],[-3.25665,50.6857],[-3.2533,50.6858],[-3.25375,50.6869],[-3.2526,50.68755],[-3.2518,50.68575],[-3.24885,50.6856],[-3.24545,50.68655],[-3.2448,50.6886],[-3.24595,50.68995],[-3.2464,50.6914],[-3.2477,50.6932],[-3.24935,50.69445],[-3.2526,50.6956],[-3.2546,50.6967],[-3.25245,50.6977],[-3.2501,50.6975],[-3.24945,50.69875],[-3.24535,50.69855],[-3.23985,50.69865],[-3.24,50.69955],[-3.24185,50.7022],[-3.2405,50.7027],[-3.2403,50.7041],[-3.23795,50.7037],[-3.23585,50.7043],[-3.2336,50.7043],[-3.2336,50.706],[-3.2318,50.7066],[-3.22755,50.7061],[-3.2275,50.7052],[-3.22265,50.70415],[-3.2214,50.7037],[-3.21795,50.70385],[-3.21835,50.70245],[-3.2167,50.7021],[-3.21745,50.70105],[-3.21895,50.70145],[-3.22105,50.7001],[-3.2225,50.6987],[-3.22375,50.69605],[-3.22585,50.69435],[-3.2288,50.691],[-3.23045,50.69045],[-3.23225,50.68825],[-3.2328,50.68605],[-3.2291,50.6857],[-3.2295,50.6841],[-3.2283,50.68395],[-3.22945,50.68175],[-3.2296,50.68065],[-3.23095,50.6801],[-3.2306,50.67915],[-3.2244,50.6801],[-3.20865,50.6821],[-3.2008,50.68225],[-3.1954,50.68335],[-3.1929,50.68425],[-3.18265,50.68505],[-3.1729,50.6847],[-3.16285,50.6854],[-3.1592,50.686],[-3.1568,50.68605],[-3.15155,50.68535],[-3.14665,50.68535],[-3.14265,50.6857],[-3.1398,50.68625],[-3.12845,50.68685],[-3.12175,50.68685],[-3.1174,50.68665],[-3.1087,50.68595],[-3.104,50.68535],[-3.1016,50.68565],[-3.09575,50.6853],[-3.0957,50.6862],[-3.09455,50.68745],[-3.0947,50.68985],[-3.0932,50.69035],[-3.09245,50.69555],[-3.09075,50.69635],[-3.0967,50.6997],[-3.0993,50.7028],[-3.1014,50.70665],[-3.09985,50.71115],[-3.10035,50.71255],[-3.10005,50.71365],[-3.1053,50.71765],[-3.1064,50.72035],[-3.1049,50.7219],[-3.10105,50.72465],[-3.09845,50.73055],[-3.09165,50.73195],[-3.08905,50.7338],[-3.08745,50.7355],[-3.083,50.7384],[-3.0802,50.73925],[-3.08125,50.74015],[-3.08565,50.74155],[-3.08455,50.74415],[-3.08315,50.7458],[-3.0745,50.7447],[-3.07365,50.7449],[-3.07165,50.74285],[-3.0677,50.7426],[-3.0656,50.7428],[-3.06435,50.7406],[-3.06315,50.7401],[-3.06375,50.7391],[-3.0635,50.7378],[-3.0647,50.73615],[-3.0644,50.73415],[-3.063,50.73395],[-3.06015,50.73095],[-3.0579,50.72765],[-3.0579,50.7266],[-3.05885,50.72285],[-3.05905,50.71895],[-3.05745,50.7177],[-3.05625,50.71445],[-3.05575,50.71405],[-3.0564,50.7114],[-3.05755,50.70875],[-3.0593,50.7029],[-3.05445,50.7024],[-3.052,50.7017],[-3.0487,50.70165],[-3.04555,50.70125],[-3.0389,50.70015],[-3.0336,50.6996],[-3.02795,50.69865],[-3.0226,50.6984],[-3.01405,50.69935],[-3.01105,50.6999],[-3.0067,50.7004],[-3.00265,50.70175],[-3.00065,50.70265],[-2.99785,50.70455],[-2.9953,50.7054],[-2.99215,50.7056],[-2.98525,50.7049],[-2.9816,50.7052],[-2.97925,50.70625],[-2.9779,50.7073],[-2.97565,50.70835],[-2.9712,50.70935],[-2.9685,50.7112],[-2.96715,50.7127],[-2.96545,50.71315],[-2.96215,50.71325],[-2.95795,50.71305],[-2.95375,50.71415],[-2.9489,50.71775],[-2.9478,50.7183]]]},"properties":{"kind":"aonb","name":"East Devon"}},{"type":"Feature","geometry":{"type":"Polygon","coordinates":[[[-6.4623,49.88335],[-6.4618,49.8809],[-6.46095,49.87865],[-6.45915,49.87565],[-6.45755,49.87375],[-6.45495,49.87135],[-6.4497,49.86775],[-6.44175,49.86325],[-6.43485,49.8601],[-6.42855,49.8581],[-6.4227,49.8567],[-6.41915,49.856],[-6.4145,49.85545],[-6.4045,49.85465],[-6.39665,49.85475],[-6.3926,49.85505],[-6.3849,49.8561],[-6.37665,49.85735],[-6.3668,49.8595],[-6.36255,49.8607],[-6.35425,49.8633],[-6.34905,49.8651],[-6.3422,49.8677],[-6.33405,49.8709],[-6.3209,49.8766],[-6.31525,49.87885],[-6.30275,49.88445],[-6.29525,49.88815],[-6.2884,49.89165],[-6.2813,49.8955],[-6.27365,49.8998],[-6.26815,49.9032],[-6.25265,49.91225],[-6.2451,49.9168],[-6.2334,49.9253],[-6.2299,49.92805],[-6.227,49.9311],[-6.22425,49.9349],[-6.2217,49.94005],[-6.2209,49.9433],[-6.2206,49.9463],[-6.22125,49.9504],[-6.22255,49.95475],[-6.2244,49.95915],[-6.22575,49.9615],[-6.22845,49.96505],[-6.23075,49.9675],[-6.2355,49.97165],[-6.24035,49.975],[-6.2505,49.98025],[-6.2566,49.98285],[-6.26175,49.9845],[-6.26795,49.9862],[-6.2799,49.9883],[-6.28355,49.9888],[-6.2914,49.9895],[-6.297,49.98945],[-6.30155,49.9893],[-6.30845,49.9887],[-6.32115,49.98715],[-6.3279,49.9858],[-6.3385,49.98315],[-6.3521,49.9793],[-6.3592,49.97705],[-6.3663,49.97445],[-6.3755,49.97035],[-6.37885,49.9686],[-6.3861,49.9643],[-6.39265,49.9606],[-6.40245,49.9546],[-6.40775,49.9512],[-6.41215,49.94815],[-6.41765,49.944],[-6.4233,49.93915],[-6.4271,49.93565],[-6.4406,49.92255],[-6.44445,49.91825],[-6.45175,49.9096],[-6.4582,49.90045],[-6.4606,49.89605],[-6.46165,49.89345],[-6.46245,49.8894],[-6.46255,49.88455],[-6.4623,49.88335]]]},"properties":{"kind":"aonb","name":"Isles Of Scilly"}},{"type":"Feature","geometry":{"type":"Polygon","coordinates":[[[-2.91585,51.32825],[-2.91785,51.32825],[-2.9214,51.32715],[-2.92265,51.32535],[-2.9303,51.32445],[-2.9302,51.32325],[-2.93505,51.32245],[-2.93665,51.324],[-2.94,51.32375],[-2.9474,51.32265],[-2.9533,51.32125],[-2.95065,51.315],[-2.9493,51.3134],[-2.9488,51.31145],[-2.9472,51.30865],[-2.9436,51.3083],[-2.94015,51.30755],[-2.93875,51.30645],[-2.9364,51.3061],[-2.93355,51.3064],[-2.93065,51.30565],[-2.9278,51.3043],[-2.924,51.30375],[-2.9206,51.30265],[-2.91985,51.29965],[-2.91665,51.2985],[-2.9151,51.29755],[-2.9129,51.29715],[-2.91035,51.29605],[-2.9077,51.2955],[-2.90315,51.2954],[-2.8999,51.2956],[-2.8995,51.295],[-2.8916,51.29555],[-2.8909,51.295],[-2.88835,51.2957],[-2.8801,51.29305],[-2.87355,51.29165],[-2.86585,51.2898],[-2.86425,51.28975],[-2.8632,51.29045],[-2.85675,51.2916],[-2.855,51.2917],[-2.85195,51.29125],[-2.8491,51.2912],[-2.8457,51.2906],[-2.8453,51.2896],[-2.8412,51.2888],[-2.83425,51.2898],[-2.83095,51.2893],[-2.8252,51.2881],[-2.8234,51.2887],[-2.81965,51.2885],[-2.81335,51.28885],[-2.8087,51.28875],[-2.80345,51.288],[-2.8005,51.28805],[-2.79735,51.28765],[-2.7921,51.28785],[-2.78955,51.28715],[-2.7871,51.2867],[-2.7835,51.2855],[-2.78255,51.28435],[-2.78085,51.284],[-2.7782,51.28445],[-2.7777,51.28635],[-2.77605,51.2878],[-2.77385,51.28795],[-2.77275,51.28675],[-2.77295,51.2826],[-2.7717,51.2811],[-2.772,51.2798],[-2.76775,51.27645],[-2.768,51.2744],[-2.77105,51.2738],[-2.77465,51.27375],[-2.7733,51.27165],[-2.7727,51.2698],[-2.76955,51.26885],[-2.76775,51.26675],[-2.76315,51.26425],[-2.762,51.26385],[-2.75405,51.25865],[-2.751,51.2591],[-2.7508,51.2579],[-2.7482,51.2533],[-2.7461,51.252],[-2.7413,51.2501],[-2.7401,51.2493],[-2.7355,51.24815],[-2.7368,51.24735],[-2.7365,51.2459],[-2.7331,51.2442],[-2.733,51.24345],[-2.73055,51.24175],[-2.72555,51.2394],[-2.71775,51.23785],[-2.7164,51.23845],[-2.7151,51.2382],[-2.71515,51.2408],[-2.7166,51.24025],[-2.7182,51.2421],[-2.71555,51.2423],[-2.715,51.24145],[-2.7135,51.24135],[-2.7148,51.2393],[-2.71195,51.2369],[-2.71265,51.23505],[-2.70985,51.2333],[-2.70815,51.23285],[-2.70505,51.23105],[-2.70345,51.2296],[-2.6982,51.2276],[-2.69495,51.22865],[-2.68995,51.22935],[-2.68315,51.2287],[-2.6806,51.22805],[-2.6725,51.22665],[-2.6721,51.228],[-2.6699,51.2274],[-2.6708,51.2264],[-2.6698,51.22405],[-2.67045,51.2225],[-2.6692,51.22145],[-2.6639,51.22095],[-2.66215,51.2203],[-2.66105,51.21925],[-2.65785,51.2192],[-2.65645,51.21755],[-2.6544,51.2165],[-2.6517,51.2176],[-2.65095,51.2154],[-2.6463,51.21575],[-2.64495,51.2149],[-2.6406,51.21535],[-2.6389,51.2151],[-2.63625,51.21665],[-2.6331,51.21665],[-2.63035,51.2173],[-2.62845,51.2159],[-2.62825,51.2148],[-2.62505,51.214],[-2.6244,51.21275],[-2.6224,51.2127],[-2.6211,51.2132],[-2.62015,51.2147],[-2.61755,51.2166],[-2.61565,51.2187],[-2.61325,51.21985],[-2.6117,51.22165],[-2.6096,51.22355],[-2.60275,51.22665],[-2.5949,51.22975],[-2.5918,51.2306],[-2.5891,51.23455],[-2.59545,51.23545],[-2.60015,51.23515],[-2.6068,51.23515],[-2.61875,51.2371],[-2.6188,51.2373],[-2.5964,51.25765],[-2.59225,51.26335],[-2.5897,51.26605],[-2.5879,51.2674],[-2.5864,51.26965],[-2.58445,51.2712],[-2.5788,51.27295],[-2.5769,51.2752],[-2.576,51.2752],[-2.5759,51.27755],[-2.5768,51.2786],[-2.58055,51.2797],[-2.5845,51.2811],[-2.58645,51.2807],[-2.58755,51.2813],[-2.58715,51.2828],[-2.58345,51.28455],[-2.5816,51.28615],[-2.5811,51.28805],[-2.578,51.28885],[-2.57645,51.2901],[-2.5753,51.29235],[-2.57685,51.29415],[-2.57685,51.29575],[-2.5802,51.2961],[-2.58115,51.29755],[-2.583,51.298],[-2.58315,51.29905],[-2.58675,51.3008],[-2.58785,51.30205],[-2.5882,51.30505],[-2.58735,51.30655],[-2.58865,51.3067],[-2.5915,51.30835],[-2.5882,51.3099],[-2.5892,51.31045],[-2.59105,51.3125],[-2.5895,51.31365],[-2.591,51.31435],[-2.58815,51.3183],[-2.5896,51.3207],[-2.58925,51.32195],[-2.5897,51.32525],[-2.589,51.3265],[-2.5874,51.32735],[-2.58685,51.3283],[-2.58745,51.33145],[-2.5884,51.3322],[-2.5915,51.3328],[-2.59835,51.33065],[-2.6004,51.3296],[-2.60235,51.32925],[-2.6035,51.3305],[-2.60275,51.3313],[-2.604,51.33455],[-2.59965,51.33535],[-2.59885,51.3365],[-2.59725,51.33705],[-2.60025,51.3393],[-2.59965,51.3418],[-2.605,51.34515],[-2.60765,51.34785],[-2.6107,51.34855],[-2.61355,51.3509],[-2.61465,51.3512],[-2.62125,51.3512],[-2.62475,51.3521],[-2.62775,51.35175],[-2.6343,51.35175],[-2.6336,51.35055],[-2.63415,51.34925],[-2.6369,51.34825],[-2.63805,51.3485],[-2.6404,51.3472],[-2.6419,51.34565],[-2.64405,51.34455],[-2.6455,51.34285],[-2.65,51.34005],[-2.65295,51.3398],[-2.6561,51.337],[-2.65835,51.336],[-2.661,51.3358],[-2.66405,51.33465],[-2.6665,51.3346],[-2.66945,51.3356],[-2.6726,51.3351],[-2.6748,51.33525],[-2.67965,51.3369],[-2.6804,51.33805],[-2.6834,51.3392],[-2.68535,51.3405],[-2.69345,51.341],[-2.69195,51.3432],[-2.69185,51.3456],[-2.69135,51.3462],[-2.69575,51.34755],[-2.6971,51.3493],[-2.69965,51.34975],[-2.7023,51.34825],[-2.7074,51.34665],[-2.70975,51.3453],[-2.7102,51.3437],[-2.71295,51.33955],[-2.7143,51.3392],[-2.7178,51.3363],[-2.723,51.3375],[-2.7284,51.3375],[-2.73215,51.3367],[-2.73555,51.33525],[-2.73945,51.33555],[-2.74415,51.3348],[-2.7502,51.3327],[-2.75505,51.33195],[-2.75735,51.332],[-2.7611,51.3316],[-2.76295,51.33185],[-2.76755,51.33165],[-2.7724,51.33205],[-2.7781,51.33225],[-2.7813,51.33315],[-2.7837,51.33325],[-2.7865,51.3339],[-2.78585,51.3318],[-2.7906,51.3312],[-2.79495,51.3316],[-2.7975,51.33285],[-2.79855,51.3341],[-2.8027,51.33335],[-2.81475,51.3325],[-2.81975,51.33195],[-2.8281,51.3316],[-2.833,51.3303],[-2.8341,51.3294],[-2.8343,51.32735],[-2.8325,51.32635],[-2.83385,51.3245],[-2.8341,51.32255],[-2.83195,51.31945],[-2.82965,51.3194],[-2.82935,51.31855],[-2.82715,51.31855],[-2.82695,51.3177],[-2.8288,51.31695],[-2.82945,51.31545],[-2.8267,51.3159],[-2.8251,51.31535],[-2.82505,51.3135],[-2.82385,51.3129],[-2.8218,51.3144],[-2.82035,51.31425],[-2.82065,51.3113],[-2.8196,51.30955],[-2.8237,51.30885],[-2.8259,51.30895],[-2.8288,51.3083],[-2.83,51.30765],[-2.8323,51.3079],[-2.8325,51.30945],[-2.8339,51.3094],[-2.83455,51.3112],[-2.8386,51.3112],[-2.83975,51.31075],[-2.8401,51.3091],[-2.84235,51.3084],[-2.84335,51.3098],[-2.84255,51.3102],[-2.8414,51.3132],[-2.8397,51.3144],[-2.83785,51.31395],[-2.8371,51.315],[-2.83805,51.31635],[-2.83595,51.31685],[-2.83825,51.3264],[-2.8396,51.32715],[-2.84105,51.3307],[-2.84325,51.33215],[-2.8458,51.3312],[-2.85375,51.3298],[-2.8556,51.3289],[-2.8605,51.32735],[-2.862,51.32535],[-2.86345,51.32685],[-2.86565,51.32695],[-2.86735,51.32635],[-2.87045,51.3261],[-2.8719,51.32655],[-2.876,51.32655],[-2.87925,51.3268],[-2.883,51.3264],[-2.89065,51.32635],[-2.89675,51.3273],[-2.9082,51.3273],[-2.90815,51.3287],[-2.91585,51.32825]],[[-2.7982,51.31305],[-2.80075,51.3134],[-2.8015,51.31565],[-2.79875,51.3163],[-2.7983,51.3175],[-2.79705,51.31835],[-2.79335,51.31705],[-2.79415,51.3161],[-2.79285,51.31505],[-2.79075,51.3147],[-2.79175,51.31355],[-2.795,51.313],[-2.7982,51.31305]]]},"properties":{"kind":"aonb","name":"Mendip Hills"}},{"type":"Feature","geometry":{"type":"Polygon","coordinates":[[[-2.11005,52.06325],[-2.10885,52.0585],[-2.10755,52.0549],[-2.10955,52.04935],[-2.1085,52.0447],[-2.10775,52.0437],[-2.10485,52.04185],[-2.10495,52.03905],[-2.1039,52.0383],[-2.1011,52.0374],[-2.09845,52.0358],[-2.09855,52.0346],[-2.09335,52.0335],[-2.08795,52.0329],[-2.08375,52.03315],[-2.08245,52.03285],[-2.08375,52.0302],[-2.08425,52.0283],[-2.08525,52.02665],[-2.08415,52.02645],[-2.08325,52.02765],[-2.08105,52.0286],[-2.0798,52.02805],[-2.07355,52.02745],[-2.06695,52.02775],[-2.06145,52.02735],[-2.062,52.02575],[-2.05855,52.0255],[-2.0551,52.0257],[-2.05185,52.0254],[-2.04785,52.02535],[-2.04345,52.02495],[-2.0381,52.0251],[-2.03605,52.02485],[-2.03165,52.0249],[-2.0294,52.0224],[-2.0279,52.0202],[-2.02715,52.018],[-2.02705,52.01635],[-2.0257,52.01575],[-2.02335,52.01305],[-2.02165,52.012],[-2.01925,52.0091],[-2.01945,52.0077],[-2.01765,52.00585],[-2.012,52.0037],[-2.00845,52.0012],[-2.0064,52],[-2.00415,52],[-2.002,51.9993],[-1.9954,51.9986],[-1.9937,51.9973],[-1.99015,51.99655],[-1.9859,51.9949],[-1.98515,51.9933],[-1.9828,51.99375],[-1.9815,51.9935],[-1.9782,51.9918],[-1.976,51.9915],[-1.97425,51.99225],[-1.97145,51.99525],[-1.9685,51.9967],[-1.96285,51.9927],[-1.95815,51.99225],[-1.95025,51.9907],[-1.94755,51.99035],[-1.94435,51.99055],[-1.9397,51.9904],[-1.93755,51.99065],[-1.92775,51.99015],[-1.9282,51.98965],[-1.92875,51.9811],[-1.9297,51.9792],[-1.932,51.97615],[-1.9337,51.9746],[-1.93615,51.973],[-1.9391,51.97155],[-1.9527,51.9662],[-1.95545,51.9655],[-1.9556,51.96405],[-1.95705,51.9615],[-1.958,51.9608],[-1.96015,51.95775],[-1.9634,51.95705],[-1.96475,51.9581],[-1.96655,51.95755],[-1.967,51.9592],[-1.96855,51.95905],[-1.97025,51.96395],[-1.97295,51.9676],[-1.97395,51.97035],[-1.9755,51.9716],[-1.97605,51.9729],[-1.97945,51.97375],[-1.98145,51.97375],[-1.985,51.97315],[-1.9928,51.97245],[-1.99605,51.9719],[-2.0043,51.9711],[-2.00835,51.9705],[-2.01635,51.96985],[-2.01675,51.9703],[-2.0153,51.9725],[-2.0152,51.9737],[-2.0162,51.97825],[-2.01645,51.98035],[-2.01755,51.9819],[-2.0203,51.98245],[-2.02235,51.98215],[-2.0229,51.9811],[-2.0251,51.98085],[-2.0256,51.98315],[-2.02705,51.9849],[-2.0251,51.98605],[-2.02365,51.9877],[-2.02515,51.9903],[-2.0245,51.99215],[-2.02705,51.99205],[-2.0322,51.9926],[-2.0345,51.9924],[-2.03705,51.99355],[-2.0404,51.994],[-2.0433,51.99405],[-2.04475,51.99445],[-2.04815,51.99435],[-2.0499,51.99515],[-2.0517,51.9951],[-2.0521,51.99415],[-2.0539,51.9945],[-2.05355,51.9954],[-2.05835,51.99575],[-2.0621,51.9951],[-2.0668,51.9907],[-2.06785,51.9886],[-2.06865,51.98525],[-2.0689,51.9802],[-2.07,51.97655],[-2.0675,51.97275],[-2.06575,51.9716],[-2.06255,51.97065],[-2.05985,51.96895],[-2.05375,51.9677],[-2.0515,51.96795],[-2.0487,51.9694],[-2.04735,51.97045],[-2.0445,51.9674],[-2.04185,51.96715],[-2.0385,51.96825],[-2.0359,51.9688],[-2.03315,51.9686],[-2.0385,51.9669],[-2.041,51.96545],[-2.04385,51.96305],[-2.0447,51.96175],[-2.0472,51.95525],[-2.04505,51.95175],[-2.0444,51.9516],[-2.04315,51.9489],[-2.0426,51.9468],[-2.03945,51.9455],[-2.0381,51.9435],[-2.0369,51.9428],[-2.0407,51.94055],[-2.0389,51.93995],[-2.0396,51.93835],[-2.03665,51.93725],[-2.03845,51.9355],[-2.0377,51.9337],[-2.0397,51.9318],[-2.0398,51.92995],[-2.04085,51.9292],[-2.04015,51.9275],[-2.03965,51.92445],[-2.0399,51.92085],[-2.03955,51.91855],[-2.0399,51.91725],[-2.0378,51.9172],[-2.036,51.9164],[-2.03445,51.9149],[-2.03175,51.91305],[-2.03115,51.91175],[-2.03335,51.9113],[-2.0332,51.90935],[-2.03495,51.9074],[-2.0364,51.9041],[-2.03625,51.90245],[-2.03675,51.90065],[-2.0399,51.9005],[-2.03995,51.90115],[-2.0432,51.90135],[-2.0479,51.9013],[-2.04775,51.8991],[-2.04305,51.89865],[-2.04325,51.89735],[-2.04575,51.89715],[-2.0458,51.8957],[-2.0478,51.895],[-2.0488,51.89415],[-2.0459,51.8904],[-2.0437,51.8891],[-2.0424,51.8898],[-2.0402,51.8887],[-2.0419,51.88745],[-2.0399,51.8862],[-2.04095,51.88565],[-2.03665,51.8825],[-2.0389,51.8792],[-2.04305,51.87655],[-2.0484,51.87555],[-2.05145,51.87545],[-2.058,51.87615],[-2.0615,51.8772],[-2.0629,51.87505],[-2.06255,51.87365],[-2.06515,51.8732],[-2.0656,51.87395],[-2.0681,51.87365],[-2.0712,51.8739],[-2.07095,51.87215],[-2.0733,51.87235],[-2.07475,51.8691],[-2.07645,51.8692],[-2.0767,51.87035],[-2.07585,51.8727],[-2.0782,51.8731],[-2.07825,51.8739],[-2.0811,51.87345],[-2.0828,51.87415],[-2.08475,51.8737],[-2.0859,51.87305],[-2.08955,51.87225],[-2.09235,51.87115],[-2.096,51.8705],[-2.09945,51.86875],[-2.108,51.86665],[-2.1103,51.8671],[-2.1124,51.8659],[-2.1136,51.8646],[-2.11515,51.86505],[-2.11655,51.8626],[-2.1195,51.86045],[-2.1216,51.86145],[-2.12655,51.8577],[-2.13175,51.85455],[-2.1353,51.85215],[-2.1458,51.84465],[-2.15285,51.83975],[-2.1556,51.8399],[-2.15735,51.83925],[-2.1602,51.83905],[-2.1612,51.8404],[-2.1637,51.83985],[-2.1664,51.83835],[-2.16775,51.83885],[-2.17155,51.83775],[-2.1742,51.83585],[-2.1754,51.83695],[-2.17815,51.83745],[-2.1798,51.83835],[-2.18015,51.83975],[-2.1821,51.838],[-2.1846,51.8382],[-2.18595,51.8391],[-2.1898,51.8365],[-2.18945,51.8343],[-2.1902,51.8335],[-2.18935,51.83175],[-2.18825,51.8308],[-2.18795,51.82925],[-2.18625,51.8274],[-2.1866,51.8261],[-2.1881,51.8249],[-2.19085,51.8259],[-2.1942,51.8258],[-2.1952,51.82685],[-2.1968,51.82735],[-2.1986,51.82915],[-2.202,51.83155],[-2.2063,51.8305],[-2.20765,51.82975],[-2.20945,51.82785],[-2.2108,51.827],[-2.21895,51.82285],[-2.2191,51.8219],[-2.2205,51.82055],[-2.22155,51.81715],[-2.22545,51.8141],[-2.22575,51.8134],[-2.2287,51.81145],[-2.2336,51.81015],[-2.23535,51.8071],[-2.2382,51.80805],[-2.23865,51.80665],[-2.2401,51.80425],[-2.2423,51.80175],[-2.245,51.80135],[-2.24675,51.8003],[-2.24625,51.79825],[-2.24755,51.797],[-2.25,51.7958],[-2.25495,51.796],[-2.25685,51.7956],[-2.2587,51.794],[-2.2617,51.79285],[-2.26535,51.79215],[-2.2678,51.7921],[-2.26995,51.791],[-2.27165,51.7885],[-2.27335,51.7876],[-2.27465,51.7853],[-2.2771,51.77975],[-2.27975,51.7752],[-2.28295,51.77075],[-2.28215,51.7692],[-2.27985,51.7683],[-2.279,51.7675],[-2.27885,51.7661],[-2.27955,51.7645],[-2.28245,51.7622],[-2.28425,51.7603],[-2.2842,51.7594],[-2.28175,51.7558],[-2.2784,51.755],[-2.27405,51.75505],[-2.27485,51.7537],[-2.27375,51.75255],[-2.27555,51.7513],[-2.27475,51.75035],[-2.27585,51.74885],[-2.27765,51.7476],[-2.27515,51.74485],[-2.2756,51.7442],[-2.272,51.74315],[-2.2688,51.7425],[-2.26685,51.74345],[-2.2652,51.7429],[-2.265,51.74215],[-2.25935,51.7424],[-2.26035,51.7442],[-2.25695,51.7454],[-2.2566,51.7481],[-2.2539,51.74925],[-2.2545,51.75045],[-2.25405,51.7522],[-2.25165,51.7533],[-2.2511,51.75405],[-2.2488,51.75295],[-2.24765,51.7536],[-2.2451,51.75315],[-2.2442,51.75215],[-2.2423,51.7523],[-2.2397,51.7536],[-2.2391,51.7532],[-2.23475,51.75285],[-2.23445,51.75475],[-2.232,51.7569],[-2.2279,51.75665],[-2.2276,51.756],[-2.22365,51.7561],[-2.2225,51.75445],[-2.22265,51.75285],[-2.21995,51.75285],[-2.2203,51.7511],[-2.22135,51.7491],[-2.21865,51.7488],[-2.21825,51.7497],[-2.2163,51.7495],[-2.21575,51.7508],[-2.2147,51.751],[-2.21265,51.75245],[-2.20995,51.75275],[-2.2093,51.75235],[-2.2072,51.7537],[-2.20485,51.75425],[-2.1998,51.7544],[-2.20055,51.75355],[-2.1968,51.75165],[-2.19515,51.7495],[-2.19385,51.74915],[-2.1894,51.7471],[-2.1907,51.74635],[-2.19045,51.74475],[-2.1923,51.74345],[-2.1931,51.74205],[-2.1961,51.74215],[-2.1967,51.7414],[-2.1991,51.7413],[-2.1986,51.74015],[-2.20065,51.74005],[-2.20495,51.7383],[-2.20505,51.73665],[-2.2007,51.7338],[-2.20115,51.7319],[-2.1997,51.72745],[-2.19875,51.7265],[-2.19615,51.7255],[-2.1924,51.72215],[-2.19045,51.72195],[-2.18825,51.72045],[-2.1841,51.7197],[-2.18075,51.7201],[-2.1777,51.7197],[-2.17225,51.71945],[-2.1722,51.7184],[-2.1771,51.71815],[-2.17975,51.7162],[-2.18385,51.71635],[-2.1853,51.7176],[-2.18645,51.71745],[-2.1909,51.71805],[-2.19325,51.7187],[-2.1995,51.72185],[-2.2024,51.7236],[-2.2054,51.72675],[-2.2061,51.72945],[-2.20695,51.73135],[-2.20705,51.7334],[-2.2091,51.73675],[-2.21395,51.7406],[-2.21735,51.7417],[-2.2191,51.7394],[-2.22115,51.74],[-2.22245,51.73725],[-2.2249,51.73825],[-2.2293,51.7375],[-2.22675,51.7353],[-2.227,51.7343],[-2.22615,51.7334],[-2.2276,51.73185],[-2.225,51.73115],[-2.2253,51.7301],[-2.22755,51.7289],[-2.22905,51.7287],[-2.2298,51.7297],[-2.23335,51.7307],[-2.2294,51.72565],[-2.228,51.7246],[-2.22775,51.723],[-2.23025,51.71905],[-2.22945,51.7171],[-2.2306,51.71465],[-2.22945,51.71175],[-2.227,51.70845],[-2.2267,51.7057],[-2.22595,51.70385],[-2.22145,51.69985],[-2.21985,51.6998],[-2.2172,51.69825],[-2.21645,51.69725],[-2.2134,51.6956],[-2.2146,51.6942],[-2.2157,51.6938],[-2.21535,51.6919],[-2.2209,51.6909],[-2.22255,51.68985],[-2.22355,51.6899],[-2.2236,51.6916],[-2.22475,51.69205],[-2.22715,51.6917],[-2.2288,51.6919],[-2.2306,51.691],[-2.23445,51.6923],[-2.237,51.6925],[-2.237,51.6954],[-2.2359,51.69605],[-2.2371,51.69765],[-2.2392,51.69825],[-2.2386,51.6998],[-2.23715,51.69995],[-2.2357,51.70105],[-2.2355,51.70205],[-2.2312,51.70365],[-2.2309,51.70585],[-2.22845,51.70685],[-2.2283,51.7075],[-2.23075,51.7114],[-2.23115,51.7129],[-2.2322,51.7144],[-2.2316,51.71705],[-2.2324,51.71865],[-2.2306,51.721],[-2.23095,51.72185],[-2.2339,51.72145],[-2.23445,51.7244],[-2.23195,51.724],[-2.2301,51.725],[-2.23385,51.7295],[-2.23505,51.73115],[-2.23535,51.735],[-2.2378,51.73685],[-2.24295,51.7385],[-2.24545,51.73865],[-2.25295,51.73755],[-2.25695,51.73735],[-2.2623,51.73795],[-2.26655,51.7378],[-2.2732,51.73635],[-2.2733,51.7348],[-2.27155,51.7319],[-2.2698,51.7306],[-2.27005,51.7284],[-2.27175,51.72775],[-2.2715,51.7269],[-2.27415,51.7264],[-2.2778,51.7267],[-2.2812,51.7237],[-2.28295,51.7242],[-2.28815,51.72475],[-2.28965,51.7241],[-2.2957,51.7241],[-2.2974,51.72455],[-2.298,51.7235],[-2.2977,51.7223],[-2.29875,51.7216],[-2.3015,51.72205],[-2.3036,51.7195],[-2.3062,51.71765],[-2.3101,51.7158],[-2.3109,51.71315],[-2.30965,51.7128],[-2.31045,51.71135],[-2.3131,51.71115],[-2.31415,51.7082],[-2.3137,51.7077],[-2.3148,51.70605],[-2.31415,51.70575],[-2.31535,51.7033],[-2.31665,51.70245],[-2.3207,51.70145],[-2.334,51.7002],[-2.33505,51.6999],[-2.3382,51.69795],[-2.3393,51.69675],[-2.33795,51.6946],[-2.33805,51.69335],[-2.34005,51.69075],[-2.341,51.6902],[-2.3428,51.6904],[-2.3438,51.6876],[-2.34685,51.68565],[-2.34835,51.68335],[-2.34735,51.6822],[-2.34345,51.68065],[-2.34285,51.67995],[-2.3398,51.6798],[-2.3389,51.6791],[-2.33635,51.67895],[-2.3355,51.6775],[-2.33635,51.67645],[-2.33355,51.6753],[-2.33625,51.6746],[-2.3397,51.67315],[-2.34315,51.6732],[-2.3446,51.67275],[-2.34685,51.6733],[-2.35155,51.6729],[-2.35115,51.6738],[-2.3516,51.67725],[-2.3529,51.6769],[-2.35575,51.6786],[-2.3579,51.67925],[-2.3592,51.67845],[-2.36085,51.67915],[-2.36035,51.6806],[-2.3614,51.68155],[-2.3596,51.68265],[-2.3608,51.68405],[-2.364,51.6854],[-2.3657,51.6856],[-2.36255,51.68965],[-2.36515,51.69165],[-2.3675,51.6918],[-2.37185,51.6932],[-2.37585,51.69285],[-2.37895,51.69205],[-2.38145,51.6935],[-2.38405,51.69405],[-2.38575,51.6951],[-2.3852,51.69685],[-2.3863,51.6979],[-2.3887,51.6979],[-2.39235,51.6973],[-2.3973,51.6894],[-2.40165,51.6803],[-2.40185,51.67875],[-2.4001,51.67685],[-2.3999,51.6759],[-2.40075,51.674],[-2.3968,51.67245],[-2.39395,51.6718],[-2.39105,51.67015],[-2.3891,51.6669],[-2.39155,51.66435],[-2.3926,51.66195],[-2.3925,51.6601],[-2.3904,51.6573],[-2.3888,51.6563],[-2.3875,51.6548],[-2.3837,51.6527],[-2.3833,51.64985],[-2.37875,51.65015],[-2.37525,51.64725],[-2.37315,51.6468],[-2.37145,51.6457],[-2.371,51.64455],[-2.37085,51.64165],[-2.3666,51.6415],[-2.36765,51.63925],[-2.36575,51.63815],[-2.36525,51.63665],[-2.36145,51.6352],[-2.36005,51.6353],[-2.36055,51.6333],[-2.35885,51.6324],[-2.35575,51.62985],[-2.3502,51.6266],[-2.34755,51.62455],[-2.34225,51.62285],[-2.3419,51.6195],[-2.3455,51.6196],[-2.3457,51.61825],[-2.34695,51.61805],[-2.34785,51.6166],[-2.34615,51.6141],[-2.34545,51.61195],[-2.34555,51.6106],[-2.34475,51.61005],[-2.345,51.60795],[-2.34455,51.6056],[-2.3474,51.60515],[-2.34585,51.6016],[-2.3446,51.60025],[-2.3439,51.5974],[-2.3441,51.59555],[-2.34265,51.5948],[-2.3436,51.59135],[-2.34345,51.58865],[-2.34455,51.58865],[-2.34665,51.58705],[-2.347,51.58575],[-2.34545,51.5847],[-2.34555,51.58355],[-2.35035,51.5774],[-2.35075,51.57565],[-2.3495,51.57445],[-2.35095,51.5729],[-2.3535,51.5721],[-2.35645,51.56995],[-2.35525,51.5685],[-2.3558,51.5656],[-2.35395,51.565],[-2.35165,51.56245],[-2.3525,51.55935],[-2.35515,51.55785],[-2.3542,51.5555],[-2.35385,51.5535],[-2.3556,51.5525],[-2.35595,51.5499],[-2.3583,51.5491],[-2.35965,51.54915],[-2.35965,51.54485],[-2.3608,51.5424],[-2.3607,51.5392],[-2.3626,51.5332],[-2.36245,51.5328],[-2.35785,51.53235],[-2.35955,51.5297],[-2.3596,51.52635],[-2.36005,51.5247],[-2.3576,51.5225],[-2.35795,51.52225],[-2.36085,51.51995],[-2.3625,51.5182],[-2.36335,51.5164],[-2.36265,51.5131],[-2.36505,51.51075],[-2.36875,51.5081],[-2.3705,51.5052],[-2.37075,51.50205],[-2.37505,51.5019],[-2.3743,51.5],[-2.37505,51.4982],[-2.3779,51.4979],[-2.3808,51.49215],[-2.38205,51.49045],[-2.3824,51.4892],[-2.3858,51.4875],[-2.38635,51.48545],[-2.38315,51.48345],[-2.3813,51.4815],[-2.38115,51.4805],[-2.3796,51.47865],[-2.38075,51.47785],[-2.3858,51.47735],[-2.38905,51.4783],[-2.3916,51.47775],[-2.3945,51.47465],[-2.39845,51.47305],[-2.39995,51.47185],[-2.40215,51.466],[-2.40615,51.46325],[-2.407,51.46165],[-2.41205,51.4589],[-2.4157,51.45605],[-2.4185,51.45245],[-2.4206,51.45125],[-2.4226,51.44945],[-2.42405,51.4473],[-2.4255,51.44645],[-2.42735,51.4462],[-2.42885,51.4448],[-2.43175,51.4402],[-2.43305,51.43905],[-2.434,51.43745],[-2.4361,51.4356],[-2.43965,51.4338],[-2.4408,51.4324],[-2.44255,51.43165],[-2.4432,51.43075],[-2.44535,51.43125],[-2.4482,51.4327],[-2.44925,51.4314],[-2.45025,51.42855],[-2.44635,51.42415],[-2.44675,51.42315],[-2.44635,51.42095],[-2.4448,51.4199],[-2.44485,51.41915],[-2.44165,51.41605],[-2.44,51.41545],[-2.43825,51.4139],[-2.4395,51.41165],[-2.44265,51.40955],[-2.4452,51.40865],[-2.4484,51.40685],[-2.4491,51.4061],[-2.44915,51.40445],[-2.4509,51.40325],[-2.45105,51.40215],[-2.44985,51.4007],[-2.4468,51.3991],[-2.4461,51.39725],[-2.4443,51.39605],[-2.4421,51.39525],[-2.43225,51.39095],[-2.4306,51.39055],[-2.4282,51.3907],[-2.4263,51.39195],[-2.424,51.39215],[-2.42135,51.3931],[-2.4161,51.39335],[-2.4109,51.39265],[-2.40885,51.39175],[-2.4084,51.3904],[-2.4058,51.3898],[-2.40355,51.3898],[-2.40265,51.3905],[-2.4036,51.39165],[-2.40645,51.39285],[-2.4065,51.3941],[-2.4008,51.39295],[-2.3975,51.39435],[-2.39405,51.395],[-2.3952,51.39615],[-2.39785,51.39615],[-2.401,51.39985],[-2.39995,51.4002],[-2.4003,51.40175],[-2.40285,51.4037],[-2.4034,51.4046],[-2.40225,51.40645],[-2.3965,51.4055],[-2.3963,51.4045],[-2.3931,51.40365],[-2.3937,51.4021],[-2.3885,51.40025],[-2.3869,51.39705],[-2.3861,51.3975],[-2.3843,51.39585],[-2.3823,51.39505],[-2.37995,51.39465],[-2.3786,51.3951],[-2.37505,51.39405],[-2.37405,51.397],[-2.37575,51.39815],[-2.37475,51.40005],[-2.37305,51.3995],[-2.3709,51.3994],[-2.36965,51.3999],[-2.37085,51.4017],[-2.3718,51.401],[-2.37445,51.40145],[-2.37525,51.40235],[-2.374,51.40325],[-2.3743,51.40445],[-2.38055,51.4079],[-2.3786,51.4097],[-2.36835,51.4082],[-2.3706,51.40685],[-2.37175,51.40415],[-2.3703,51.4019],[-2.3694,51.40195],[-2.36815,51.4002],[-2.36445,51.4009],[-2.36315,51.39975],[-2.36075,51.4003],[-2.3585,51.40005],[-2.35435,51.40095],[-2.3527,51.40075],[-2.3504,51.40135],[-2.3493,51.40225],[-2.3471,51.4018],[-2.34375,51.4018],[-2.3431,51.40335],[-2.3404,51.4042],[-2.3392,51.40325],[-2.3381,51.40365],[-2.33605,51.4031],[-2.3334,51.4029],[-2.33015,51.40345],[-2.32675,51.4037],[-2.3237,51.40455],[-2.32265,51.40575],[-2.32105,51.40605],[-2.3223,51.4079],[-2.3206,51.4082],[-2.32135,51.4104],[-2.3207,51.4124],[-2.3228,51.4122],[-2.3213,51.41465],[-2.3195,51.4144],[-2.31685,51.41305],[-2.31535,51.41315],[-2.31385,51.4124],[-2.31675,51.40985],[-2.3154,51.40865],[-2.3148,51.4069],[-2.3117,51.40935],[-2.3058,51.41205],[-2.3059,51.4081],[-2.3053,51.40495],[-2.2998,51.4049],[-2.2968,51.406],[-2.29555,51.40475],[-2.29965,51.40455],[-2.30275,51.40415],[-2.30205,51.40245],[-2.29985,51.40075],[-2.29715,51.40155],[-2.29645,51.4011],[-2.29395,51.4015],[-2.29305,51.3993],[-2.29395,51.39775],[-2.29725,51.3984],[-2.2989,51.39825],[-2.3014,51.39665],[-2.30425,51.39745],[-2.30475,51.39695],[-2.30745,51.3973],[-2.30805,51.3998],[-2.3079,51.40125],[-2.30895,51.402],[-2.31725,51.39945],[-2.3207,51.398],[-2.3201,51.39715],[-2.32115,51.39635],[-2.3209,51.395],[-2.3186,51.3947],[-2.31915,51.39145],[-2.31755,51.3909],[-2.3173,51.38975],[-2.31875,51.38885],[-2.32,51.38985],[-2.3223,51.39],[-2.3222,51.39095],[-2.325,51.3915],[-2.3288,51.39155],[-2.3292,51.39085],[-2.33285,51.3914],[-2.3354,51.3907],[-2.337,51.39065],[-2.3402,51.38835],[-2.34185,51.38555],[-2.342,51.38305],[-2.34265,51.3816],[-2.3441,51.38065],[-2.34315,51.38],[-2.34005,51.38055],[-2.34055,51.3825],[-2.33945,51.3825],[-2.33915,51.38075],[-2.3383,51.38],[-2.3357,51.37935],[-2.3325,51.38145],[-2.33105,51.38185],[-2.3264,51.3817],[-2.3234,51.38225],[-2.321,51.3798],[-2.3236,51.3787],[-2.32395,51.3758],[-2.3257,51.37595],[-2.32725,51.3739],[-2.3327,51.374],[-2.334,51.37445],[-2.33295,51.3762],[-2.33465,51.3769],[-2.33575,51.37665],[-2.3383,51.3774],[-2.34035,51.37745],[-2.3416,51.3789],[-2.3442,51.3796],[-2.34595,51.3805],[-2.3477,51.3805],[-2.34705,51.37845],[-2.3462,51.3774],[-2.3466,51.3755],[-2.34615,51.3738],[-2.34835,51.3742],[-2.35035,51.37285],[-2.3519,51.3748],[-2.35335,51.3743],[-2.3529,51.373],[-2.3543,51.371],[-2.35735,51.3697],[-2.3603,51.3693],[-2.3628,51.3693],[-2.3644,51.3682],[-2.3611,51.36675],[-2.3625,51.3648],[-2.36165,51.36405],[-2.3599,51.36585],[-2.3583,51.36565],[-2.3557,51.36415],[-2.35345,51.3647],[-2.3502,51.3664],[-2.3482,51.3666],[-2.34675,51.36615],[-2.34515,51.36365],[-2.3449,51.36255],[-2.3427,51.3626],[-2.3348,51.3634],[-2.3339,51.3623],[-2.33395,51.3611],[-2.33755,51.35925],[-2.33685,51.35875],[-2.3396,51.35785],[-2.3422,51.35805],[-2.3455,51.3572],[-2.35,51.35655],[-2.35175,51.35775],[-2.354,51.35745],[-2.35875,51.35805],[-2.36105,51.3576],[-2.3632,51.35605],[-2.3613,51.35465],[-2.358,51.353],[-2.3587,51.35195],[-2.36065,51.352],[-2.3601,51.35345],[-2.3637,51.3543],[-2.36395,51.35535],[-2.3739,51.3547],[-2.37335,51.3529],[-2.37535,51.3524],[-2.38255,51.35165],[-2.38465,51.3496],[-2.3869,51.3496],[-2.38975,51.3486],[-2.3891,51.34785],[-2.3916,51.34665],[-2.3934,51.3445],[-2.39245,51.34305],[-2.3893,51.3405],[-2.39155,51.33505],[-2.38705,51.3316],[-2.3839,51.32985],[-2.38105,51.3265],[-2.37995,51.3244],[-2.3815,51.32195],[-2.3824,51.3175],[-2.37935,51.31675],[-2.37805,51.3184],[-2.3755,51.3189],[-2.3746,51.3196],[-2.36805,51.32005],[-2.36375,51.3195],[-2.35945,51.3183],[-2.35335,51.3154],[-2.3484,51.3148],[-2.3453,51.3134],[-2.3428,51.31555],[-2.34545,51.31695],[-2.34205,51.31895],[-2.33835,51.3202],[-2.3335,51.32135],[-2.33085,51.32165],[-2.32965,51.32335],[-2.3287,51.32255],[-2.32495,51.3225],[-2.3208,51.3228],[-2.31795,51.32315],[-2.3164,51.32295],[-2.3125,51.32405],[-2.30625,51.32485],[-2.30245,51.3247],[-2.29835,51.3261],[-2.29595,51.326],[-2.2916,51.32725],[-2.28785,51.32885],[-2.2873,51.32875],[-2.2888,51.32515],[-2.28515,51.3244],[-2.2808,51.3258],[-2.2831,51.3293],[-2.2876,51.3316],[-2.28365,51.3338],[-2.27905,51.33615],[-2.27535,51.33715],[-2.2733,51.33685],[-2.2677,51.3379],[-2.2653,51.33785],[-2.2611,51.3391],[-2.2598,51.33925],[-2.25685,51.3405],[-2.25495,51.3409],[-2.25345,51.3435],[-2.25555,51.3442],[-2.2543,51.34545],[-2.256,51.34585],[-2.2581,51.3455],[-2.2596,51.34475],[-2.2627,51.3441],[-2.26405,51.34695],[-2.26585,51.34805],[-2.27525,51.3495],[-2.278,51.3495],[-2.2794,51.3483],[-2.2847,51.34755],[-2.28755,51.3463],[-2.2919,51.3463],[-2.29555,51.3478],[-2.29975,51.34815],[-2.30115,51.35135],[-2.29985,51.3531],[-2.30095,51.35365],[-2.3045,51.3568],[-2.3027,51.359],[-2.30175,51.3595],[-2.29995,51.3621],[-2.29605,51.3647],[-2.29205,51.36955],[-2.29025,51.3726],[-2.2904,51.37485],[-2.2893,51.37655],[-2.2883,51.37725],[-2.28525,51.38095],[-2.284,51.3839],[-2.2816,51.38345],[-2.28025,51.38485],[-2.27815,51.38605],[-2.27695,51.38895],[-2.2758,51.3895],[-2.2761,51.3906],[-2.2741,51.39305],[-2.27065,51.3962],[-2.26855,51.39745],[-2.2675,51.3992],[-2.26595,51.3997],[-2.25895,51.4007],[-2.25975,51.4017],[-2.259,51.40255],[-2.2555,51.4032],[-2.25215,51.40335],[-2.2438,51.4045],[-2.24,51.40325],[-2.2347,51.4025],[-2.233,51.40285],[-2.23335,51.40625],[-2.2307,51.41115],[-2.2295,51.4145],[-2.22885,51.4155],[-2.22735,51.41965],[-2.22505,51.4234],[-2.2256,51.42615],[-2.22525,51.4268],[-2.2264,51.4305],[-2.2254,51.43175],[-2.22485,51.43505],[-2.22365,51.43675],[-2.22215,51.4378],[-2.2177,51.43925],[-2.21445,51.4409],[-2.19735,51.4424],[-2.1961,51.4427],[-2.1971,51.4441],[-2.1975,51.44605],[-2.19945,51.4487],[-2.19885,51.45045],[-2.1989,51.4523],[-2.2011,51.45615],[-2.20025,51.45745],[-2.19405,51.4586],[-2.19195,51.4588],[-2.19015,51.4595],[-2.1965,51.4623],[-2.19875,51.4644],[-2.1962,51.46675],[-2.19535,51.4687],[-2.19555,51.4704],[-2.1971,51.4736],[-2.1981,51.4743],[-2.19585,51.47705],[-2.1958,51.4802],[-2.1965,51.4818],[-2.19585,51.4824],[-2.1916,51.4844],[-2.19005,51.48435],[-2.1888,51.4871],[-2.18945,51.48865],[-2.18895,51.4904],[-2.18915,51.49255],[-2.1925,51.49195],[-2.19235,51.4929],[-2.1946,51.4971],[-2.19535,51.50075],[-2.19915,51.50445],[-2.19995,51.5085],[-2.20105,51.5113],[-2.20255,51.51355],[-2.1992,51.51395],[-2.1954,51.5153],[-2.1986,51.52295],[-2.20005,51.52255],[-2.2009,51.524],[-2.20055,51.5247],[-2.20125,51.52615],[-2.2026,51.5258],[-2.2042,51.5294],[-2.20585,51.53145],[-2.206,51.53295],[-2.20725,51.536],[-2.20645,51.53685],[-2.21025,51.53875],[-2.21505,51.5402],[-2.21825,51.54165],[-2.22225,51.54295],[-2.22715,51.5464],[-2.22675,51.5508],[-2.225,51.55185],[-2.22385,51.55395],[-2.21865,51.557],[-2.2162,51.5571],[-2.2123,51.56665],[-2.20845,51.56685],[-2.2036,51.56745],[-2.2002,51.5683],[-2.19565,51.5703],[-2.1848,51.5722],[-2.1803,51.5723],[-2.17725,51.57285],[-2.1723,51.5734],[-2.16425,51.57475],[-2.1577,51.5744],[-2.1552,51.5727],[-2.15095,51.5721],[-2.1419,51.5723],[-2.13885,51.5727],[-2.13095,51.57445],[-2.12455,51.57725],[-2.1197,51.57955],[-2.1177,51.58015],[-2.112,51.58125],[-2.10745,51.58295],[-2.10515,51.5835],[-2.10535,51.58445],[-2.1098,51.5844],[-2.11225,51.5853],[-2.1143,51.58675],[-2.11865,51.58865],[-2.11595,51.59015],[-2.11415,51.5926],[-2.1143,51.59375],[-2.1166,51.5977],[-2.11735,51.6],[-2.11845,51.60125],[-2.12035,51.6022],[-2.12105,51.60355],[-2.11945,51.60615],[-2.11585,51.60905],[-2.1156,51.60965],[-2.11905,51.6121],[-2.1204,51.61375],[-2.12355,51.6153],[-2.12445,51.6171],[-2.12075,51.62045],[-2.11775,51.62235],[-2.1171,51.6236],[-2.1201,51.6249],[-2.1185,51.6275],[-2.11815,51.63],[-2.11735,51.6324],[-2.11445,51.63235],[-2.10585,51.63305],[-2.1053,51.63325],[-2.09595,51.64075],[-2.0951,51.6416],[-2.0782,51.65555],[-2.0784,51.656],[-2.0786,51.6645],[-2.083,51.67015],[-2.07485,51.67105],[-2.0698,51.6721],[-2.0645,51.6725],[-2.0626,51.67285],[-2.05785,51.6743],[-2.05385,51.67505],[-2.0505,51.6772],[-2.0466,51.6776],[-2.04555,51.67795],[-2.03165,51.6851],[-2.0255,51.6884],[-2.01945,51.69135],[-2.0074,51.6976],[-1.9794,51.7123],[-1.9715,51.71605],[-1.97135,51.7173],[-1.9724,51.71795],[-1.97645,51.71795],[-1.97675,51.72125],[-1.9773,51.7219],[-1.97675,51.7236],[-1.97775,51.7246],[-1.9774,51.72655],[-1.98385,51.7334],[-1.98225,51.73445],[-1.97545,51.73725],[-1.9697,51.7382],[-1.96675,51.7384],[-1.96555,51.7393],[-1.96215,51.73855],[-1.96185,51.7372],[-1.95875,51.7375],[-1.9526,51.7355],[-1.9502,51.7357],[-1.9444,51.73585],[-1.9441,51.7261],[-1.94265,51.72555],[-1.936,51.7266],[-1.9291,51.72735],[-1.92645,51.72745],[-1.92125,51.72905],[-1.91675,51.7299],[-1.91065,51.7306],[-1.908,51.72925],[-1.89435,51.73035],[-1.8844,51.73195],[-1.8717,51.73465],[-1.86345,51.7361],[-1.8569,51.73785],[-1.85165,51.7386],[-1.8317,51.74215],[-1.82905,51.7424],[-1.82225,51.74195],[-1.8174,51.742],[-1.8105,51.7415],[-1.80485,51.73995],[-1.80135,51.73925],[-1.79705,51.7391],[-1.79025,51.73955],[-1.78675,51.7387],[-1.78365,51.7397],[-1.78165,51.73895],[-1.7741,51.7376],[-1.7619,51.73465],[-1.75275,51.73075],[-1.7512,51.73025],[-1.74405,51.73315],[-1.7397,51.7358],[-1.7366,51.7341],[-1.7339,51.7315],[-1.7295,51.73145],[-1.7256,51.7305],[-1.7196,51.7293],[-1.71705,51.72835],[-1.71515,51.7289],[-1.71345,51.72545],[-1.7121,51.7238],[-1.70975,51.72225],[-1.7045,51.7231],[-1.69945,51.7214],[-1.6984,51.7208],[-1.69795,51.7191],[-1.69395,51.72145],[-1.6958,51.7238],[-1.69335,51.7249],[-1.695,51.7263],[-1.6959,51.72795],[-1.6956,51.72905],[-1.70275,51.72975],[-1.705,51.73025],[-1.70395,51.7348],[-1.70165,51.73515],[-1.6999,51.73605],[-1.69545,51.7397],[-1.69495,51.7412],[-1.69545,51.746],[-1.69615,51.75015],[-1.6972,51.75145],[-1.6937,51.7537],[-1.69675,51.75785],[-1.6996,51.76455],[-1.6992,51.7646],[-1.70065,51.77055],[-1.7066,51.7761],[-1.7082,51.7773],[-1.71445,51.78025],[-1.7175,51.7815],[-1.7195,51.7832],[-1.7148,51.78575],[-1.7054,51.7893],[-1.70535,51.7898],[-1.70915,51.7894],[-1.71815,51.7887],[-1.72335,51.78875],[-1.74245,51.7893],[-1.74865,51.78955],[-1.7529,51.7896],[-1.75055,51.79195],[-1.7494,51.79515],[-1.7455,51.8015],[-1.74675,51.8018],[-1.74645,51.8048],[-1.74495,51.8062],[-1.7431,51.80935],[-1.74195,51.80865],[-1.74015,51.8098],[-1.73835,51.80735],[-1.7365,51.80735],[-1.735,51.80915],[-1.73855,51.8104],[-1.73345,51.81295],[-1.7182,51.8087],[-1.71365,51.807],[-1.70935,51.8064],[-1.70705,51.80645],[-1.70145,51.807],[-1.69515,51.80705],[-1.68965,51.8075],[-1.6858,51.80885],[-1.68205,51.8095],[-1.6723,51.8102],[-1.66935,51.80975],[-1.66275,51.80795],[-1.6533,51.80635],[-1.6471,51.80485],[-1.6361,51.8031],[-1.6347,51.80235],[-1.62735,51.79995],[-1.62545,51.79905],[-1.6215,51.79785],[-1.61815,51.7974],[-1.61075,51.7972],[-1.6067,51.79625],[-1.6032,51.795],[-1.5963,51.79205],[-1.5892,51.79035],[-1.5849,51.7896],[-1.5776,51.78935],[-1.57435,51.78955],[-1.56955,51.78905],[-1.5678,51.78965],[-1.56545,51.7914],[-1.55655,51.79485],[-1.55095,51.7965],[-1.54685,51.79715],[-1.54425,51.79695],[-1.54275,51.79755],[-1.53955,51.7978],[-1.53525,51.79765],[-1.5333,51.7987],[-1.5295,51.79985],[-1.5312,51.80165],[-1.5301,51.8023],[-1.52605,51.8039],[-1.521,51.8054],[-1.51945,51.80605],[-1.5156,51.80835],[-1.51445,51.8098],[-1.5122,51.81015],[-1.5073,51.8104],[-1.5072,51.81265],[-1.5065,51.8147],[-1.50495,51.8168],[-1.50135,51.82015],[-1.5031,51.824],[-1.50235,51.8268],[-1.50305,51.8299],[-1.50205,51.83255],[-1.50105,51.83415],[-1.49875,51.83625],[-1.49395,51.8403],[-1.48855,51.84395],[-1.48245,51.84535],[-1.4768,51.8477],[-1.4753,51.8463],[-1.47525,51.84455],[-1.4765,51.8441],[-1.4744,51.84265],[-1.47135,51.8426],[-1.4664,51.84205],[-1.4632,51.8409],[-1.46075,51.8394],[-1.45935,51.83705],[-1.45175,51.8364],[-1.4461,51.83725],[-1.44195,51.83705],[-1.43755,51.83555],[-1.43465,51.83535],[-1.4281,51.83285],[-1.42575,51.8312],[-1.42065,51.83065],[-1.41915,51.82955],[-1.4162,51.8295],[-1.4159,51.82765],[-1.4145,51.8279],[-1.40635,51.828],[-1.40595,51.8288],[-1.40215,51.82825],[-1.3981,51.82825],[-1.39725,51.82735],[-1.39525,51.82745],[-1.3931,51.82945],[-1.3902,51.83075],[-1.38705,51.83075],[-1.3799,51.828],[-1.3748,51.8257],[-1.3699,51.8262],[-1.36765,51.8281],[-1.3693,51.8288],[-1.37095,51.82795],[-1.3725,51.8278],[-1.3752,51.829],[-1.37715,51.83215],[-1.37945,51.8334],[-1.38,51.837],[-1.381,51.8381],[-1.38665,51.84055],[-1.38815,51.8417],[-1.3877,51.84435],[-1.3911,51.84485],[-1.39335,51.8458],[-1.3955,51.84715],[-1.39715,51.84945],[-1.3957,51.8526],[-1.39525,51.85515],[-1.39655,51.85765],[-1.3988,51.85955],[-1.3995,51.86195],[-1.4094,51.864],[-1.41405,51.8654],[-1.41485,51.86615],[-1.4168,51.86625],[-1.4178,51.86565],[-1.42415,51.8665],[-1.42665,51.86765],[-1.43105,51.8686],[-1.4329,51.86875],[-1.4332,51.86735],[-1.43435,51.86735],[-1.43615,51.86835],[-1.43875,51.8704],[-1.4407,51.8716],[-1.4455,51.8738],[-1.4472,51.87575],[-1.44795,51.8787],[-1.4478,51.8797],[-1.44925,51.88075],[-1.45045,51.88355],[-1.45305,51.88645],[-1.45445,51.88765],[-1.4579,51.8893],[-1.45965,51.8907],[-1.46565,51.8948],[-1.4703,51.89845],[-1.4717,51.90015],[-1.4766,51.9041],[-1.48345,51.90705],[-1.4897,51.91065],[-1.493,51.914],[-1.4973,51.91705],[-1.4999,51.91825],[-1.5064,51.9198],[-1.512,51.9202],[-1.51645,51.92115],[-1.5229,51.9215],[-1.5275,51.9212],[-1.54205,51.92185],[-1.5414,51.924],[-1.54125,51.92615],[-1.5418,51.9303],[-1.54105,51.9346],[-1.5446,51.9373],[-1.54255,51.93925],[-1.54095,51.93925],[-1.53955,51.94145],[-1.5387,51.94125],[-1.5373,51.944],[-1.53995,51.9439],[-1.5402,51.9453],[-1.53685,51.9466],[-1.5353,51.94755],[-1.5318,51.9487],[-1.5254,51.95155],[-1.52555,51.95235],[-1.5232,51.95235],[-1.52005,51.9534],[-1.51175,51.96335],[-1.5105,51.9652],[-1.5068,51.96825],[-1.5013,51.9725],[-1.5007,51.9742],[-1.5017,51.97545],[-1.50065,51.9768],[-1.49995,51.98035],[-1.50145,51.98175],[-1.5015,51.9838],[-1.50345,51.9848],[-1.5107,51.98605],[-1.5135,51.98715],[-1.5177,51.9894],[-1.5213,51.9929],[-1.52305,51.99645],[-1.52195,52.0004],[-1.5213,52.0056],[-1.5184,52.01065],[-1.5152,52.01535],[-1.5141,52.01785],[-1.511,52.0218],[-1.51045,52.026],[-1.50905,52.03015],[-1.5075,52.0332],[-1.5075,52.03495],[-1.5069,52.03745],[-1.50495,52.04155],[-1.5038,52.0431],[-1.5031,52.0462],[-1.50185,52.04975],[-1.50005,52.0517],[-1.49685,52.052],[-1.4902,52.0503],[-1.4869,52.05],[-1.4894,52.0543],[-1.4879,52.0553],[-1.48635,52.05945],[-1.48525,52.05965],[-1.4834,52.0612],[-1.47985,52.062],[-1.4756,52.06165],[-1.4736,52.063],[-1.47095,52.0664],[-1.47295,52.06725],[-1.4761,52.07085],[-1.47695,52.0724],[-1.4774,52.0751],[-1.4773,52.0789],[-1.47755,52.08065],[-1.47865,52.08285],[-1.48075,52.08515],[-1.48465,52.08525],[-1.4845,52.08725],[-1.4821,52.0896],[-1.4819,52.09055],[-1.4804,52.09295],[-1.47975,52.09585],[-1.47805,52.1014],[-1.47405,52.10095],[-1.47185,52.09955],[-1.47075,52.09795],[-1.4675,52.09705],[-1.46545,52.09745],[-1.46,52.0975],[-1.4582,52.098],[-1.4535,52.09855],[-1.4536,52.09735],[-1.44845,52.09755],[-1.45305,52.10595],[-1.4536,52.1074],[-1.4552,52.10915],[-1.458,52.1112],[-1.45425,52.1122],[-1.45155,52.11445],[-1.4491,52.1159],[-1.44795,52.1161],[-1.4451,52.1153],[-1.44215,52.11535],[-1.43775,52.11655],[-1.43115,52.1173],[-1.4279,52.11805],[-1.42535,52.1183],[-1.41965,52.11765],[-1.4141,52.11525],[-1.4114,52.11685],[-1.4033,52.12235],[-1.40255,52.1237],[-1.3978,52.124],[-1.3945,52.1236],[-1.39395,52.12315],[-1.39015,52.1226],[-1.38865,52.12425],[-1.38775,52.12615],[-1.40085,52.1284],[-1.40325,52.13095],[-1.4061,52.13255],[-1.40765,52.13465],[-1.41035,52.137],[-1.41235,52.13825],[-1.4158,52.1365],[-1.41805,52.13595],[-1.4247,52.1348],[-1.4263,52.1355],[-1.43,52.1353],[-1.43135,52.1357],[-1.4357,52.13585],[-1.4351,52.1382],[-1.43745,52.14055],[-1.4429,52.13815],[-1.44365,52.13855],[-1.4486,52.1368],[-1.45225,52.13415],[-1.45485,52.1332],[-1.45805,52.13375],[-1.4615,52.13235],[-1.4606,52.13185],[-1.4609,52.1302],[-1.46405,52.1299],[-1.4657,52.1277],[-1.46605,52.12655],[-1.46745,52.12565],[-1.4667,52.1246],[-1.46935,52.12295],[-1.47295,52.1216],[-1.47635,52.11925],[-1.4799,52.1175],[-1.4839,52.1137],[-1.4983,52.1027],[-1.49955,52.10035],[-1.5022,52.09735],[-1.50265,52.0962],[-1.5014,52.0954],[-1.50645,52.09025],[-1.5075,52.08795],[-1.5098,52.08795],[-1.51395,52.08905],[-1.52005,52.0878],[-1.5241,52.086],[-1.5276,52.08635],[-1.5301,52.08615],[-1.5362,52.0843],[-1.5364,52.0834],[-1.5338,52.0819],[-1.534,52.0809],[-1.53575,52.0769],[-1.5356,52.0721],[-1.5363,52.07025],[-1.53705,52.06435],[-1.5413,52.06375],[-1.5447,52.06195],[-1.54855,52.0619],[-1.5539,52.0627],[-1.5559,52.06115],[-1.5586,52.0614],[-1.55805,52.0603],[-1.5635,52.05975],[-1.5687,52.0608],[-1.57065,52.061],[-1.5766,52.0622],[-1.5786,52.0601],[-1.57865,52.0594],[-1.58045,52.05735],[-1.58425,52.055],[-1.58595,52.05345],[-1.58655,52.04875],[-1.58585,52.0462],[-1.58585,52.0446],[-1.5877,52.0419],[-1.58825,52.0403],[-1.58775,52.037],[-1.5861,52.03465],[-1.5839,52.03335],[-1.5817,52.03265],[-1.58025,52.0328],[-1.57895,52.02985],[-1.5779,52.02905],[-1.5768,52.0271],[-1.57835,52.02685],[-1.5793,52.0253],[-1.58335,52.0238],[-1.5883,52.0226],[-1.59405,52.0223],[-1.5999,52.02285],[-1.6043,52.0227],[-1.6085,52.02175],[-1.61515,52.0209],[-1.6154,52.0217],[-1.6182,52.02145],[-1.6227,52.0206],[-1.6246,52.02135],[-1.625,52.01735],[-1.62435,52.0141],[-1.62705,52.0113],[-1.6271,52.01005],[-1.63005,52.00865],[-1.632,52.00725],[-1.63495,52.00635],[-1.6329,52.00485],[-1.6323,52.00295],[-1.62865,51.9999],[-1.62995,51.99895],[-1.63255,51.99875],[-1.6366,51.99795],[-1.6385,51.9979],[-1.6432,51.99445],[-1.64375,51.99445],[-1.64555,51.9923],[-1.64585,51.989],[-1.6423,51.986],[-1.64365,51.9844],[-1.64515,51.98345],[-1.64775,51.9806],[-1.64955,51.9811],[-1.6518,51.9778],[-1.651,51.9776],[-1.65095,51.9736],[-1.6515,51.971],[-1.65065,51.96985],[-1.6473,51.9688],[-1.6432,51.965],[-1.6416,51.96205],[-1.6446,51.96115],[-1.64685,51.95895],[-1.64995,51.95865],[-1.65245,51.95765],[-1.65605,51.95755],[-1.6537,51.95505],[-1.65695,51.9543],[-1.65855,51.9532],[-1.6595,51.9518],[-1.65615,51.94965],[-1.6552,51.9474],[-1.6548,51.9448],[-1.6538,51.94355],[-1.6539,51.94255],[-1.65655,51.94235],[-1.65845,51.93835],[-1.65745,51.93615],[-1.6577,51.93525],[-1.66285,51.9344],[-1.6675,51.93325],[-1.66845,51.9346],[-1.671,51.9358],[-1.6747,51.93805],[-1.67685,51.93855],[-1.6816,51.9402],[-1.687,51.9428],[-1.6896,51.94365],[-1.694,51.9443],[-1.69565,51.9443],[-1.69895,51.94695],[-1.701,51.95025],[-1.7,51.95075],[-1.7009,51.9526],[-1.70045,51.9531],[-1.70165,51.955],[-1.7011,51.95625],[-1.70295,51.95905],[-1.71035,51.96205],[-1.71165,51.96195],[-1.7102,51.9664],[-1.7097,51.96875],[-1.70815,51.9723],[-1.70795,51.97425],[-1.7065,51.9787],[-1.70495,51.98415],[-1.6993,51.98395],[-1.6957,51.9836],[-1.7005,51.9922],[-1.70195,51.99545],[-1.7025,51.99955],[-1.7034,52.0024],[-1.70515,52.0054],[-1.70555,52.0075],[-1.70685,52.01155],[-1.70805,52.01265],[-1.7085,52.0144],[-1.711,52.01985],[-1.71385,52.02215],[-1.7166,52.02285],[-1.72185,52.0251],[-1.72825,52.02805],[-1.73345,52.03065],[-1.73455,52.03235],[-1.7321,52.034],[-1.7322,52.0347],[-1.7268,52.03675],[-1.7293,52.03855],[-1.72765,52.0392],[-1.72065,52.04085],[-1.72145,52.04125],[-1.7185,52.0425],[-1.71725,52.04445],[-1.7158,52.0458],[-1.71325,52.0465],[-1.7099,52.0481],[-1.7089,52.04985],[-1.70425,52.05045],[-1.69965,52.0513],[-1.6974,52.0522],[-1.69465,52.05445],[-1.69055,52.0576],[-1.6897,52.0602],[-1.69045,52.06365],[-1.68945,52.0659],[-1.6898,52.06775],[-1.69275,52.0676],[-1.6928,52.0697],[-1.69375,52.0721],[-1.69265,52.073],[-1.6915,52.0754],[-1.6901,52.07635],[-1.6865,52.0773],[-1.68385,52.0786],[-1.68495,52.08055],[-1.685,52.0822],[-1.68825,52.08765],[-1.69145,52.0894],[-1.6903,52.0902],[-1.6898,52.0919],[-1.68845,52.0933],[-1.6892,52.09395],[-1.69195,52.093],[-1.6949,52.09425],[-1.6997,52.0951],[-1.7011,52.0957],[-1.71235,52.09615],[-1.715,52.09725],[-1.7162,52.0995],[-1.7174,52.09935],[-1.7218,52.0998],[-1.7235,52.09975],[-1.7232,52.1022],[-1.72485,52.10275],[-1.72565,52.10385],[-1.72805,52.1046],[-1.73085,52.10645],[-1.72995,52.10835],[-1.72915,52.11175],[-1.7287,52.11505],[-1.7346,52.1148],[-1.73595,52.11585],[-1.73855,52.11675],[-1.7426,52.11735],[-1.7444,52.1167],[-1.7495,52.1167],[-1.75325,52.1157],[-1.757,52.116],[-1.7564,52.1141],[-1.75675,52.11295],[-1.7565,52.1108],[-1.7575,52.10785],[-1.75875,52.10615],[-1.7577,52.10325],[-1.75415,52.1007],[-1.7547,52.10025],[-1.7536,52.09785],[-1.75435,52.0947],[-1.75725,52.09485],[-1.7577,52.0936],[-1.7629,52.09245],[-1.7647,52.09135],[-1.76495,52.09005],[-1.76785,52.0887],[-1.76765,52.08775],[-1.7691,52.0866],[-1.77105,52.08715],[-1.77425,52.08665],[-1.7805,52.0843],[-1.7865,52.0811],[-1.79085,52.07805],[-1.79295,52.0777],[-1.79425,52.07655],[-1.7997,52.0756],[-1.8034,52.0735],[-1.80455,52.07395],[-1.8101,52.0723],[-1.81335,52.0709],[-1.81745,52.07015],[-1.8194,52.0689],[-1.81875,52.06755],[-1.81925,52.0663],[-1.82185,52.0654],[-1.82165,52.0641],[-1.8236,52.0634],[-1.8264,52.0618],[-1.83125,52.0603],[-1.83545,52.0594],[-1.8391,52.0578],[-1.8444,52.05725],[-1.84675,52.0574],[-1.8517,52.05515],[-1.8547,52.0543],[-1.8576,52.0539],[-1.8672,52.0464],[-1.8661,52.04085],[-1.865,52.03865],[-1.86855,52.0374],[-1.8709,52.0363],[-1.8729,52.0348],[-1.87505,52.034],[-1.8803,52.03385],[-1.88455,52.0328],[-1.88665,52.03135],[-1.88995,52.0275],[-1.8933,52.0255],[-1.8959,52.02315],[-1.8991,52.0214],[-1.9028,52.0177],[-1.905,52.0151],[-1.907,52.0136],[-1.91145,52.01185],[-1.91575,52.00965],[-1.92045,52.013],[-1.9244,52.0138],[-1.93235,52.0164],[-1.9353,52.01675],[-1.93815,52.0179],[-1.9426,52.0221],[-1.94155,52.0253],[-1.9446,52.02585],[-1.95195,52.02505],[-1.9601,52.02445],[-1.96135,52.02725],[-1.975,52.02505],[-1.9774,52.0253],[-1.978,52.0246],[-1.9828,52.02385],[-1.98415,52.0248],[-1.98675,52.02475],[-1.98975,52.02395],[-1.992,52.02455],[-1.99525,52.02645],[-1.9974,52.0298],[-1.9973,52.03105],[-1.99925,52.03265],[-2.0014,52.03255],[-2.0039,52.03405],[-2.00345,52.0351],[-2.0043,52.0358],[-2.00385,52.03965],[-2.00445,52.04185],[-2.00345,52.04525],[-2.0018,52.0464],[-2.00085,52.05175],[-1.9993,52.0545],[-1.9975,52.0555],[-1.99655,52.0567],[-1.9969,52.0591],[-1.9976,52.0603],[-1.9999,52.06235],[-2.0027,52.0623],[-2.0092,52.05825],[-2.0101,52.05935],[-2.01255,52.0609],[-2.01515,52.06145],[-2.0206,52.0641],[-2.0225,52.06575],[-2.02165,52.0686],[-2.0226,52.06905],[-2.0214,52.0703],[-2.02265,52.07085],[-2.0249,52.07105],[-2.0245,52.07245],[-2.02885,52.0744],[-2.02965,52.07565],[-2.0325,52.07685],[-2.03145,52.0783],[-2.03135,52.07955],[-2.03565,52.07935],[-2.0377,52.08],[-2.03945,52.0795],[-2.04305,52.08005],[-2.04565,52.081],[-2.0474,52.0825],[-2.04595,52.08405],[-2.04885,52.08515],[-2.0487,52.0868],[-2.04985,52.08775],[-2.0524,52.0891],[-2.05595,52.0862],[-2.05945,52.0837],[-2.06035,52.08375],[-2.06325,52.0813],[-2.06515,52.08085],[-2.06835,52.08185],[-2.07035,52.0819],[-2.0718,52.0796],[-2.07305,52.0789],[-2.07435,52.07735],[-2.07695,52.07625],[-2.08095,52.0757],[-2.08295,52.07605],[-2.08745,52.07475],[-2.0876,52.0736],[-2.0862,52.0734],[-2.0846,52.07115],[-2.0822,52.0688],[-2.08855,52.0666],[-2.0902,52.0658],[-2.0979,52.06555],[-2.10675,52.0641],[-2.11005,52.06325]]]},"properties":{"kind":"aonb","name":"Cotswolds"}},{"type":"Feature","geometry":{"type":"Polygon","coordinates":[[[-0.27995,51.04745],[-0.28015,51.04605],[-0.27695,51.04565],[-0.2747,51.045],[-0.2711,51.04535],[-0.26925,51.0442],[-0.2689,51.04345],[-0.2647,51.04205],[-0.2608,51.04185],[-0.26095,51.04325],[-0.26015,51.0462],[-0.25705,51.04535],[-0.254,51.04515],[-0.25105,51.04565],[-0.24545,51.04565],[-0.24115,51.04545],[-0.23525,51.0445],[-0.2335,51.04255],[-0.23755,51.04025],[-0.24025,51.0391],[-0.24975,51.0367],[-0.2558,51.0344],[-0.2558,51.0337],[-0.25835,51.0328],[-0.25885,51.03175],[-0.2614,51.03165],[-0.2622,51.0234],[-0.26305,51.01955],[-0.26225,51.0172],[-0.25855,51.0162],[-0.2603,51.01405],[-0.25575,51.0132],[-0.25545,51.01255],[-0.2609,51.0141],[-0.262,51.01255],[-0.26175,51.01135],[-0.26285,51.01035],[-0.26455,51.0076],[-0.2666,51.00625],[-0.26735,51.0046],[-0.26625,51.00365],[-0.26255,51.0033],[-0.2617,51.00265],[-0.25945,51.0028],[-0.25925,51.00115],[-0.2563,51.00105],[-0.2551,50.99955],[-0.25385,50.99895],[-0.25165,50.9969],[-0.24965,50.9963],[-0.2416,50.998],[-0.2371,50.99785],[-0.2354,50.99745],[-0.2315,50.99725],[-0.23025,50.9997],[-0.2304,51.00105],[-0.2318,51.0035],[-0.23005,51.00455],[-0.2249,51.0034],[-0.22325,51.0026],[-0.22235,51.00155],[-0.2185,51.00125],[-0.21755,51.00145],[-0.2145,51.0006],[-0.21215,50.99935],[-0.2103,50.99935],[-0.2093,50.99865],[-0.2066,50.9981],[-0.2039,50.9986],[-0.19895,50.9984],[-0.1989,50.99745],[-0.19585,50.99745],[-0.1979,50.99345],[-0.19845,50.99145],[-0.19805,50.9897],[-0.19645,50.98715],[-0.1943,50.9869],[-0.1783,50.9897],[-0.17635,50.9902],[-0.17285,50.99165],[-0.16965,50.99205],[-0.1699,50.99315],[-0.1667,50.9946],[-0.1655,50.99595],[-0.1648,50.9988],[-0.1626,50.99825],[-0.16195,50.99715],[-0.15855,50.997],[-0.15685,50.99825],[-0.15185,51.0009],[-0.1483,51.00355],[-0.14515,51.00495],[-0.1476,51.00565],[-0.1466,51.00715],[-0.1451,51.00835],[-0.14295,51.00925],[-0.1443,51.01055],[-0.1447,51.01355],[-0.1464,51.01415],[-0.14525,51.0157],[-0.14505,51.0171],[-0.14365,51.01835],[-0.1419,51.0147],[-0.13935,51.01435],[-0.13755,51.0148],[-0.13805,51.0168],[-0.1377,51.01765],[-0.13585,51.0178],[-0.13265,51.01725],[-0.1332,51.01555],[-0.1257,51.01625],[-0.12185,51.0151],[-0.1185,51.0158],[-0.11385,51.01545],[-0.11275,51.0228],[-0.112,51.0239],[-0.1071,51.02365],[-0.1038,51.0245],[-0.1026,51.0256],[-0.09905,51.02665],[-0.0946,51.0272],[-0.09145,51.0264],[-0.08975,51.0286],[-0.08765,51.02895],[-0.0868,51.0285],[-0.08435,51.0289],[-0.08155,51.0279],[-0.0826,51.02555],[-0.08105,51.02425],[-0.07895,51.02485],[-0.07575,51.02425],[-0.075,51.0236],[-0.07495,51.02105],[-0.0736,51.02005],[-0.06985,51.0192],[-0.0677,51.01775],[-0.0665,51.01745],[-0.0654,51.01565],[-0.0635,51.01395],[-0.06105,51.0139],[-0.0568,51.01305],[-0.05575,51.01235],[-0.05135,51.0107],[-0.0494,51.0097],[-0.04755,51.00955],[-0.04705,51.0088],[-0.0474,51.0066],[-0.0426,51.00325],[-0.04145,51.00315],[-0.03885,51.00395],[-0.0379,51.005],[-0.0324,51.00465],[-0.0303,51.00485],[-0.0281,51.0039],[-0.02815,51.00295],[-0.02405,51.00325],[-0.02145,51.0028],[-0.0187,51.0032],[-0.01565,51.0029],[-0.015,51.0011],[-0.0125,51.00065],[-0.00965,51.0014],[-0.00835,51.0012],[-0.00815,50.9993],[-0.0075,50.9981],[-0.00595,50.9975],[-0.00245,50.997],[-0.00025,50.99555],[0.00195,50.9948],[0.00375,50.9937],[0.0038,50.991],[0.00505,50.9884],[0.00705,50.9866],[0.013,50.98845],[0.0156,50.9875],[0.0182,50.9899],[0.0192,50.98985],[0.0217,50.9908],[0.0252,50.9907],[0.0272,50.9893],[0.0275,50.9879],[0.0289,50.9883],[0.02965,50.9893],[0.03115,50.99],[0.0327,50.99135],[0.0349,50.991],[0.0392,50.9891],[0.04025,50.98975],[0.03845,50.99145],[0.03845,50.9921],[0.03655,50.99285],[0.03565,50.99385],[0.03755,50.99695],[0.03505,50.9974],[0.03215,51.00095],[0.0296,51.00245],[0.02915,51.0043],[0.0308,51.004],[0.03365,51.00405],[0.0367,51.00555],[0.0394,51.00605],[0.04215,51.0057],[0.04705,51.00905],[0.04995,51.01035],[0.0554,51.01015],[0.05825,51.011],[0.06065,51.0093],[0.0626,51.0101],[0.06365,51.01195],[0.06675,51.0127],[0.0702,51.0152],[0.07205,51.0151],[0.0737,51.0141],[0.0726,51.0133],[0.07425,51.0125],[0.0773,51.0118],[0.07785,51.01325],[0.0797,51.0147],[0.0835,51.0168],[0.0869,51.01615],[0.0877,51.01855],[0.0907,51.0174],[0.09065,51.01535],[0.09345,51.01635],[0.0954,51.01555],[0.09555,51.014],[0.0999,51.0127],[0.10155,51.01085],[0.1048,51.01055],[0.10865,51.00965],[0.1105,51.0087],[0.1113,51.0075],[0.1111,51.00475],[0.1126,51.0054],[0.11505,51.00575],[0.11945,51.0054],[0.12365,51.0056],[0.125,51.006],[0.1279,51.00575],[0.1271,51.0043],[0.1275,51.00335],[0.13125,51.0044],[0.13385,51.00475],[0.13595,51.0043],[0.13785,51.0052],[0.1424,51.0065],[0.1426,51.0058],[0.14195,51.00295],[0.14275,51.00175],[0.1394,51.00025],[0.14295,50.998],[0.1445,50.9986],[0.14705,50.9985],[0.14895,50.9998],[0.15145,51.0004],[0.1514,50.9991],[0.1543,50.9981],[0.1548,50.99565],[0.1528,50.99255],[0.15305,50.9902],[0.1541,50.98885],[0.154,50.9854],[0.1544,50.9844],[0.15705,50.98205],[0.1563,50.9795],[0.15775,50.9787],[0.16085,50.9777],[0.16305,50.9766],[0.1626,50.976],[0.16435,50.97265],[0.1638,50.97065],[0.1684,50.96745],[0.1693,50.96625],[0.17175,50.9659],[0.1723,50.96715],[0.17475,50.966],[0.1693,50.96405],[0.16775,50.9638],[0.16625,50.9625],[0.16535,50.9608],[0.1683,50.95995],[0.1696,50.959],[0.17205,50.95615],[0.1745,50.9557],[0.1777,50.9577],[0.17955,50.9597],[0.1816,50.9598],[0.1827,50.96065],[0.1873,50.9609],[0.19125,50.9599],[0.1927,50.95855],[0.1952,50.9574],[0.1965,50.9562],[0.19875,50.9555],[0.2017,50.95415],[0.2028,50.95285],[0.2021,50.9517],[0.20365,50.9515],[0.2045,50.95045],[0.2053,50.9481],[0.2143,50.9437],[0.21805,50.94435],[0.22195,50.9434],[0.22615,50.9402],[0.22745,50.93955],[0.2342,50.9383],[0.2359,50.9384],[0.23565,50.9403],[0.2343,50.9418],[0.23525,50.9425],[0.23675,50.94155],[0.2382,50.93945],[0.24145,50.9374],[0.2432,50.93825],[0.2442,50.93695],[0.2468,50.93765],[0.2499,50.9376],[0.253,50.93685],[0.2542,50.9362],[0.25395,50.9347],[0.2563,50.9347],[0.2596,50.93425],[0.26265,50.93465],[0.26415,50.9342],[0.2649,50.93585],[0.26735,50.9385],[0.2704,50.93725],[0.27145,50.9359],[0.27285,50.93285],[0.2739,50.92925],[0.2763,50.92675],[0.28155,50.9257],[0.28365,50.92605],[0.28415,50.9228],[0.28735,50.92125],[0.2909,50.92185],[0.2922,50.92365],[0.29395,50.9238],[0.30245,50.92345],[0.30285,50.92115],[0.3044,50.91485],[0.3057,50.91365],[0.30355,50.9096],[0.30455,50.9079],[0.302,50.90695],[0.3012,50.90465],[0.2996,50.9041],[0.2992,50.9026],[0.29955,50.89995],[0.29865,50.8978],[0.3018,50.8972],[0.3046,50.8971],[0.30725,50.89595],[0.30645,50.89525],[0.3085,50.89445],[0.30915,50.8949],[0.31265,50.89405],[0.31375,50.8923],[0.31655,50.8917],[0.3172,50.8925],[0.31945,50.89195],[0.3204,50.8929],[0.32405,50.8909],[0.32505,50.88985],[0.32615,50.89025],[0.3294,50.8882],[0.33125,50.88905],[0.3331,50.8881],[0.33255,50.88725],[0.336,50.8869],[0.33835,50.8895],[0.3396,50.88905],[0.34005,50.88765],[0.342,50.8879],[0.34235,50.88685],[0.34455,50.8845],[0.3479,50.8835],[0.35215,50.8831],[0.35765,50.88115],[0.36065,50.8792],[0.36495,50.87745],[0.37245,50.87815],[0.37485,50.87905],[0.3776,50.8809],[0.38425,50.88485],[0.38705,50.8859],[0.3912,50.8864],[0.3949,50.88755],[0.4008,50.88805],[0.40385,50.88905],[0.4068,50.88965],[0.40915,50.8896],[0.41205,50.88915],[0.41545,50.8904],[0.4164,50.89275],[0.42395,50.8934],[0.42685,50.89425],[0.4282,50.8951],[0.4332,50.89575],[0.43615,50.89535],[0.43825,50.89565],[0.4396,50.8954],[0.44215,50.8961],[0.445,50.89645],[0.4469,50.89605],[0.44865,50.89725],[0.4492,50.89855],[0.45095,50.89915],[0.45215,50.89705],[0.4551,50.8965],[0.45435,50.89575],[0.45575,50.89405],[0.45955,50.89155],[0.4628,50.8888],[0.4626,50.88775],[0.4642,50.8855],[0.47245,50.8851],[0.4769,50.8841],[0.4786,50.884],[0.4802,50.8829],[0.48295,50.8823],[0.48505,50.88075],[0.49205,50.87935],[0.4955,50.8794],[0.49705,50.8804],[0.50015,50.878],[0.50195,50.878],[0.50375,50.8762],[0.504,50.8739],[0.5052,50.87365],[0.5071,50.87515],[0.50695,50.87685],[0.50875,50.8776],[0.5092,50.87835],[0.5116,50.87895],[0.51255,50.8797],[0.5145,50.88005],[0.5209,50.8825],[0.5242,50.8831],[0.5268,50.88725],[0.52895,50.89015],[0.52925,50.892],[0.52835,50.893],[0.52795,50.89475],[0.53135,50.8957],[0.5393,50.8929],[0.54515,50.8914],[0.5473,50.8913],[0.55275,50.8915],[0.55525,50.8908],[0.5563,50.89315],[0.56105,50.89485],[0.5619,50.89485],[0.56215,50.8984],[0.56405,50.89805],[0.56465,50.8966],[0.56625,50.89695],[0.56655,50.8958],[0.5694,50.8953],[0.5698,50.8939],[0.5655,50.8924],[0.5593,50.892],[0.5577,50.89065],[0.55925,50.8898],[0.55895,50.889],[0.562,50.88805],[0.5644,50.8886],[0.5701,50.888],[0.5691,50.8865],[0.57245,50.88535],[0.5751,50.8848],[0.5755,50.8863],[0.58,50.8872],[0.5827,50.8848],[0.58315,50.8833],[0.58645,50.88345],[0.58705,50.8845],[0.5893,50.88315],[0.589,50.88205],[0.59095,50.88095],[0.59365,50.87945],[0.59475,50.88015],[0.5977,50.8808],[0.59965,50.88015],[0.60175,50.88025],[0.6047,50.8777],[0.6091,50.87735],[0.60855,50.87845],[0.60915,50.8802],[0.6081,50.88035],[0.60865,50.8818],[0.6103,50.8822],[0.6131,50.88075],[0.61415,50.8813],[0.615,50.88295],[0.61645,50.88365],[0.61755,50.8831],[0.6203,50.884],[0.62205,50.8839],[0.624,50.88575],[0.6225,50.88615],[0.62375,50.88765],[0.6252,50.88805],[0.62725,50.8879],[0.6249,50.885],[0.62245,50.8827],[0.6235,50.8817],[0.62045,50.88045],[0.6196,50.88165],[0.6169,50.88115],[0.61685,50.88005],[0.615,50.8776],[0.61675,50.8768],[0.6177,50.8758],[0.61945,50.8754],[0.6217,50.87385],[0.62145,50.87305],[0.6198,50.8725],[0.61765,50.87385],[0.61525,50.8737],[0.61135,50.87115],[0.6132,50.86915],[0.61375,50.86885],[0.61245,50.8665],[0.6129,50.8661],[0.6056,50.86185],[0.6035,50.86095],[0.6002,50.8603],[0.59765,50.86075],[0.59605,50.8582],[0.594,50.8563],[0.59955,50.8563],[0.6018,50.85675],[0.6043,50.8567],[0.60555,50.85805],[0.60895,50.85915],[0.61205,50.8592],[0.6128,50.85975],[0.6153,50.85985],[0.6168,50.8604],[0.62025,50.86035],[0.62575,50.86085],[0.6302,50.8626],[0.63065,50.86345],[0.63245,50.86435],[0.6375,50.86555],[0.64105,50.8666],[0.6429,50.86625],[0.64315,50.86615],[0.6453,50.8672],[0.64875,50.8673],[0.6508,50.8667],[0.65145,50.86775],[0.6548,50.86895],[0.6583,50.8693],[0.6594,50.8697],[0.66315,50.87015],[0.6633,50.87075],[0.66875,50.87185],[0.67035,50.87255],[0.6691,50.8722],[0.66835,50.87205],[0.6699,50.87245],[0.672,50.8751],[0.6752,50.8775],[0.6761,50.8785],[0.6803,50.88055],[0.68205,50.88215],[0.69085,50.8889],[0.69565,50.8915],[0.70085,50.8948],[0.71465,50.90285],[0.71665,50.9033],[0.72065,50.90545],[0.7183,50.90765],[0.7184,50.90925],[0.7199,50.91065],[0.71815,50.9126],[0.71935,50.9141],[0.7194,50.9165],[0.72365,50.91645],[0.7255,50.9242],[0.72315,50.92335],[0.7204,50.9233],[0.71875,50.92465],[0.71565,50.9248],[0.7144,50.9256],[0.7154,50.92655],[0.7245,50.931],[0.7248,50.9315],[0.7255,50.9387],[0.7284,50.9428],[0.73005,50.94595],[0.72745,50.94865],[0.7263,50.9491],[0.72445,50.9487],[0.72005,50.9487],[0.7166,50.9457],[0.7148,50.9452],[0.71375,50.9458],[0.71155,50.9455],[0.71815,50.95225],[0.7193,50.9521],[0.72045,50.954],[0.7223,50.9549],[0.7256,50.95525],[0.72625,50.9535],[0.7278,50.95395],[0.728,50.9553],[0.72935,50.95615],[0.7309,50.9594],[0.7289,50.9597],[0.72985,50.96095],[0.72875,50.96275],[0.73065,50.9647],[0.7296,50.9671],[0.73135,50.9682],[0.7355,50.96865],[0.7374,50.97],[0.73935,50.97205],[0.7415,50.97215],[0.7432,50.9715],[0.7434,50.9704],[0.74825,50.96855],[0.75175,50.9713],[0.75675,50.98005],[0.75705,50.98095],[0.7577,50.98595],[0.75755,50.98645],[0.76195,50.9912],[0.76215,50.9919],[0.76585,50.99595],[0.76615,50.9966],[0.7697,51.00055],[0.76985,51.00105],[0.77305,51.00465],[0.77545,51.0097],[0.77595,51.0102],[0.77785,51.01465],[0.7784,51.0151],[0.7805,51.01975],[0.7823,51.02265],[0.7806,51.0233],[0.7796,51.0243],[0.77675,51.02495],[0.77645,51.0273],[0.77255,51.02725],[0.76965,51.02615],[0.76685,51.02685],[0.76405,51.0272],[0.76005,51.0291],[0.7584,51.0312],[0.7573,51.0342],[0.75755,51.0367],[0.7594,51.0375],[0.759,51.0382],[0.7565,51.03795],[0.7548,51.03835],[0.7537,51.03945],[0.7512,51.03815],[0.7488,51.0393],[0.74785,51.0409],[0.7465,51.04105],[0.7458,51.04215],[0.74625,51.04435],[0.7477,51.04815],[0.74805,51.0506],[0.74795,51.05265],[0.74575,51.05465],[0.7425,51.0582],[0.73555,51.0649],[0.73195,51.06735],[0.73065,51.06855],[0.73075,51.0706],[0.7291,51.07245],[0.72845,51.07385],[0.72565,51.07395],[0.7199,51.07315],[0.7159,51.07285],[0.70975,51.07285],[0.70775,51.0714],[0.70815,51.0696],[0.70775,51.0671],[0.70375,51.06525],[0.7011,51.0648],[0.6968,51.06155],[0.69555,51.061],[0.69145,51.06025],[0.689,51.0621],[0.6848,51.06445],[0.6815,51.0655],[0.68085,51.06635],[0.6774,51.0657],[0.67385,51.0663],[0.67025,51.066],[0.66545,51.0661],[0.66245,51.06565],[0.6596,51.0643],[0.6588,51.06545],[0.65925,51.0668],[0.6616,51.06805],[0.6671,51.06905],[0.67265,51.0695],[0.6764,51.0702],[0.67985,51.0696],[0.68305,51.0696],[0.68665,51.07105],[0.68805,51.07215],[0.6886,51.0744],[0.68785,51.077],[0.689,51.0784],[0.69075,51.0788],[0.6909,51.08255],[0.68855,51.08315],[0.68755,51.08485],[0.68495,51.0848],[0.68375,51.0842],[0.68125,51.08465],[0.67105,51.08355],[0.6678,51.0826],[0.66425,51.0826],[0.66115,51.08305],[0.6597,51.08375],[0.6541,51.08315],[0.65265,51.08355],[0.65165,51.08155],[0.64765,51.08355],[0.6436,51.0863],[0.6396,51.08705],[0.63915,51.08625],[0.635,51.0857],[0.6291,51.08685],[0.6254,51.0887],[0.6237,51.0889],[0.61995,51.08805],[0.6216,51.08705],[0.62195,51.08605],[0.6203,51.0853],[0.61705,51.0856],[0.6164,51.08515],[0.614,51.0862],[0.61495,51.089],[0.61645,51.08965],[0.6143,51.09235],[0.61475,51.09375],[0.61475,51.0959],[0.6167,51.09865],[0.614,51.09915],[0.611,51.09925],[0.6038,51.10215],[0.6019,51.10355],[0.59665,51.1044],[0.59405,51.1041],[0.5905,51.1042],[0.5885,51.10355],[0.58705,51.1021],[0.5814,51.10105],[0.57385,51.10025],[0.56885,51.1002],[0.5662,51.09985],[0.5657,51.10185],[0.56625,51.10545],[0.565,51.10705],[0.56315,51.10785],[0.56175,51.10745],[0.5601,51.10795],[0.55855,51.1074],[0.5542,51.1068],[0.5537,51.10845],[0.54785,51.10855],[0.5449,51.108],[0.5438,51.1093],[0.5415,51.11015],[0.53685,51.11125],[0.5313,51.11315],[0.52765,51.1138],[0.52535,51.11385],[0.52075,51.11235],[0.51555,51.1117],[0.51285,51.11155],[0.5094,51.1107],[0.5037,51.1107],[0.496,51.10995],[0.4923,51.1098],[0.4907,51.11],[0.4844,51.11155],[0.48515,51.1123],[0.48185,51.1137],[0.48125,51.11525],[0.48095,51.11855],[0.4819,51.12035],[0.482,51.12295],[0.48295,51.1244],[0.48465,51.1258],[0.48755,51.13045],[0.48595,51.13255],[0.48505,51.1373],[0.482,51.13965],[0.47375,51.1371],[0.47165,51.1363],[0.4693,51.13495],[0.46585,51.13415],[0.4645,51.13265],[0.461,51.1307],[0.4572,51.1317],[0.4534,51.1323],[0.45085,51.1309],[0.4483,51.1309],[0.4477,51.12955],[0.4453,51.128],[0.4418,51.12745],[0.43635,51.12545],[0.43485,51.1291],[0.43005,51.1294],[0.42665,51.12815],[0.42515,51.12865],[0.42325,51.1299],[0.42225,51.1299],[0.4219,51.1315],[0.41905,51.1323],[0.41965,51.1342],[0.4194,51.1353],[0.4205,51.1382],[0.42215,51.13855],[0.4215,51.13975],[0.42105,51.1434],[0.4231,51.14565],[0.4232,51.1476],[0.42385,51.1494],[0.42245,51.1511],[0.42025,51.1552],[0.41785,51.15565],[0.4155,51.1551],[0.412,51.1552],[0.4035,51.1549],[0.4003,51.15495],[0.3968,51.1527],[0.3944,51.1535],[0.38905,51.15565],[0.3865,51.15585],[0.3783,51.15755],[0.37665,51.15835],[0.37465,51.15845],[0.37205,51.15975],[0.37345,51.16155],[0.37245,51.1622],[0.3688,51.162],[0.3697,51.16465],[0.3693,51.16575],[0.36635,51.16645],[0.3638,51.16835],[0.36165,51.16955],[0.35735,51.1701],[0.3534,51.1701],[0.3493,51.17105],[0.34905,51.17255],[0.34685,51.17415],[0.3401,51.176],[0.33705,51.1766],[0.33395,51.17765],[0.3317,51.1774],[0.33045,51.17825],[0.32565,51.17975],[0.32095,51.17985],[0.31775,51.1832],[0.3171,51.18585],[0.3144,51.1864],[0.30635,51.18595],[0.3028,51.1861],[0.29765,51.18475],[0.29315,51.18565],[0.2909,51.18505],[0.28955,51.18525],[0.2843,51.18475],[0.28465,51.18175],[0.2842,51.18135],[0.288,51.17945],[0.283,51.18035],[0.282,51.17905],[0.2798,51.17905],[0.27875,51.1803],[0.27735,51.1806],[0.2716,51.18035],[0.26905,51.18045],[0.2638,51.18155],[0.2626,51.18085],[0.25925,51.1824],[0.2553,51.18315],[0.2512,51.18335],[0.2487,51.1817],[0.2433,51.18205],[0.23785,51.1809],[0.2343,51.1805],[0.23235,51.1789],[0.23215,51.17775],[0.22815,51.17735],[0.2268,51.17675],[0.22135,51.17815],[0.22015,51.17985],[0.21815,51.18125],[0.21705,51.1835],[0.2125,51.18615],[0.2103,51.18815],[0.2092,51.19065],[0.2083,51.1917],[0.2116,51.19575],[0.20835,51.1965],[0.2034,51.19555],[0.2009,51.19565],[0.197,51.19635],[0.19335,51.19605],[0.1902,51.1963],[0.18685,51.19465],[0.1825,51.19385],[0.17975,51.1944],[0.17775,51.19515],[0.17505,51.19315],[0.1718,51.1917],[0.17,51.1921],[0.16735,51.19345],[0.16245,51.1934],[0.1622,51.1942],[0.16005,51.19475],[0.157,51.19605],[0.15495,51.19565],[0.15305,51.196],[0.1451,51.19585],[0.139,51.19525],[0.13695,51.19625],[0.13375,51.1965],[0.1326,51.1978],[0.13035,51.19845],[0.12925,51.19825],[0.12925,51.19695],[0.1252,51.1959],[0.1223,51.1955],[0.118,51.1953],[0.1107,51.19555],[0.11005,51.1953],[0.1092,51.19325],[0.11065,51.19065],[0.1111,51.18845],[0.11065,51.18595],[0.11065,51.18345],[0.1063,51.18395],[0.10475,51.18325],[0.1032,51.18405],[0.1029,51.1849],[0.10125,51.1858],[0.09945,51.1849],[0.0967,51.18285],[0.09505,51.1836],[0.09445,51.1853],[0.08945,51.18585],[0.0868,51.1857],[0.08525,51.18495],[0.08365,51.18185],[0.08235,51.18195],[0.07885,51.1812],[0.0773,51.17965],[0.0744,51.18165],[0.0714,51.18035],[0.0674,51.1791],[0.0617,51.17875],[0.05725,51.1797],[0.05405,51.1774],[0.0477,51.17545],[0.0412,51.1726],[0.0374,51.17215],[0.0359,51.17255],[0.03225,51.1723],[0.0299,51.17175],[0.0295,51.17085],[0.023,51.17085],[0.01935,51.17145],[0.0167,51.17085],[0.0148,51.1708],[0.0123,51.16915],[0.01325,51.16815],[0.013,51.16645],[0.012,51.16645],[0.0114,51.165],[0.01305,51.1635],[0.0098,51.16215],[0.01065,51.16095],[0.0118,51.1568],[0.0144,51.1553],[0.0089,51.1549],[0.00425,51.1551],[0.0022,51.15325],[0.0032,51.1508],[0.00255,51.1496],[0.0041,51.1474],[0.00405,51.14615],[0.0058,51.1444],[0.0067,51.14255],[0.0091,51.1404],[0.00715,51.1379],[0.01235,51.1371],[0.0134,51.1342],[0.00995,51.1332],[0.0099,51.1342],[0.00705,51.134],[0.00655,51.1352],[0.0053,51.135],[0.00505,51.13365],[0.0032,51.13385],[0.0019,51.13325],[0.0026,51.13245],[0.00415,51.1323],[0.00645,51.12925],[0.00855,51.1307],[0.01075,51.1273],[0.0124,51.1268],[0.01045,51.1239],[0.0074,51.1218],[0.013,51.12],[0.01295,51.11825],[0.01155,51.11805],[0.01035,51.11915],[0.008,51.1203],[0.0057,51.1221],[0.0044,51.12095],[0.00175,51.1194],[-5e-05,51.1196],[-0.0041,51.1169],[-0.0058,51.1164],[-0.00595,51.11535],[-0.00455,51.11315],[-0.00495,51.1121],[-0.0079,51.11225],[-0.00965,51.11285],[-0.01225,51.1143],[-0.01275,51.1153],[-0.01425,51.116],[-0.0158,51.118],[-0.01805,51.1197],[-0.0184,51.12095],[-0.01945,51.1217],[-0.02135,51.121],[-0.02385,51.1194],[-0.0263,51.11845],[-0.02935,51.1164],[-0.0312,51.1142],[-0.03445,51.11305],[-0.04075,51.10915],[-0.04195,51.10785],[-0.04595,51.1067],[-0.04765,51.1085],[-0.05015,51.1096],[-0.0529,51.10895],[-0.0546,51.10915],[-0.059,51.10725],[-0.06145,51.10765],[-0.0661,51.10735],[-0.0701,51.1068],[-0.0752,51.10575],[-0.07835,51.10485],[-0.08035,51.1048],[-0.0824,51.1041],[-0.08365,51.10315],[-0.08225,51.1017],[-0.08575,51.09995],[-0.0866,51.10085],[-0.08625,51.1027],[-0.09045,51.1023],[-0.096,51.10295],[-0.103,51.104],[-0.10545,51.10475],[-0.10875,51.1066],[-0.11025,51.1082],[-0.1127,51.1101],[-0.11355,51.1113],[-0.1157,51.1128],[-0.1172,51.11315],[-0.12245,51.1128],[-0.12515,51.115],[-0.129,51.11555],[-0.1338,51.11595],[-0.13705,51.11575],[-0.13775,51.11175],[-0.1389,51.10945],[-0.1409,51.1068],[-0.14285,51.1052],[-0.15355,51.09735],[-0.15845,51.0945],[-0.16105,51.0934],[-0.16525,51.0919],[-0.17075,51.09045],[-0.1768,51.08925],[-0.18245,51.08855],[-0.19065,51.088],[-0.1936,51.0872],[-0.19955,51.08445],[-0.2016,51.0823],[-0.20265,51.0805],[-0.2035,51.08055],[-0.20275,51.0827],[-0.20945,51.0813],[-0.2112,51.08215],[-0.20855,51.0826],[-0.20855,51.08335],[-0.2051,51.08415],[-0.2044,51.08585],[-0.20115,51.08515],[-0.1992,51.0868],[-0.202,51.08745],[-0.2055,51.08785],[-0.20795,51.08875],[-0.2094,51.0897],[-0.2144,51.09365],[-0.2162,51.0949],[-0.2199,51.09595],[-0.2257,51.0965],[-0.22835,51.0976],[-0.23035,51.0976],[-0.2387,51.097],[-0.24515,51.0964],[-0.25495,51.095],[-0.2576,51.0942],[-0.26155,51.09235],[-0.26825,51.0902],[-0.27235,51.08835],[-0.27855,51.0867],[-0.28035,51.08595],[-0.28465,51.08535],[-0.28635,51.0834],[-0.28845,51.08245],[-0.2886,51.0816],[-0.28465,51.0798],[-0.28505,51.0784],[-0.2829,51.07835],[-0.28595,51.07655],[-0.2857,51.0735],[-0.2882,51.07065],[-0.29105,51.0719],[-0.2922,51.0701],[-0.29445,51.07085],[-0.29565,51.07005],[-0.30025,51.0688],[-0.3,51.0676],[-0.2981,51.0659],[-0.2986,51.06435],[-0.2979,51.0632],[-0.29795,51.06185],[-0.29665,51.06075],[-0.2956,51.05875],[-0.2966,51.05695],[-0.29785,51.05595],[-0.3008,51.056],[-0.30335,51.0533],[-0.301,51.05275],[-0.2996,51.0518],[-0.29915,51.05035],[-0.29655,51.04835],[-0.2933,51.047],[-0.28935,51.04495],[-0.2858,51.0455],[-0.2865,51.0469],[-0.28575,51.04755],[-0.2861,51.04885],[-0.28165,51.0488],[-0.27995,51.04745]]]},"properties":{"kind":"aonb","name":"High Weald"}},{"type":"Feature","geometry":{"type":"Polygon","coordinates":[[[-0.937,50.84745],[-0.9397,50.8475],[-0.93955,50.8445],[-0.93855,50.8434],[-0.93945,50.84225],[-0.94475,50.8427],[-0.94785,50.8427],[-0.95135,50.8431],[-0.9529,50.8458],[-0.9534,50.84745],[-0.953,50.8485],[-0.96345,50.84935],[-0.9695,50.8473],[-0.97505,50.8465],[-0.97775,50.8466],[-0.9789,50.84475],[-0.9828,50.84155],[-0.98345,50.8408],[-0.98215,50.83885],[-0.97925,50.8357],[-0.97745,50.83255],[-0.97815,50.83075],[-0.97175,50.8309],[-0.9703,50.8294],[-0.9677,50.8295],[-0.96695,50.82905],[-0.96375,50.8289],[-0.95965,50.82945],[-0.95965,50.8286],[-0.95665,50.8279],[-0.95675,50.82705],[-0.9534,50.82705],[-0.95395,50.8257],[-0.95375,50.8239],[-0.9528,50.8234],[-0.9526,50.82205],[-0.957,50.82085],[-0.95845,50.82],[-0.9584,50.8173],[-0.96035,50.81725],[-0.96005,50.8161],[-0.95825,50.8152],[-0.9573,50.8103],[-0.9587,50.8095],[-0.96075,50.8114],[-0.96815,50.81065],[-0.97175,50.81065],[-0.9735,50.809],[-0.9774,50.80875],[-0.9743,50.8052],[-0.97305,50.80305],[-0.9727,50.80075],[-0.96995,50.8003],[-0.96715,50.80105],[-0.96605,50.8025],[-0.9645,50.80325],[-0.96205,50.8032],[-0.96105,50.79895],[-0.9614,50.79805],[-0.9607,50.79675],[-0.96535,50.7952],[-0.96875,50.79445],[-0.96825,50.7924],[-0.971,50.79225],[-0.97105,50.78865],[-0.96955,50.78865],[-0.96765,50.78695],[-0.96535,50.7884],[-0.9623,50.7882],[-0.96065,50.789],[-0.95955,50.7879],[-0.9576,50.7872],[-0.95495,50.78785],[-0.95315,50.787],[-0.9522,50.78315],[-0.95135,50.7823],[-0.9498,50.78225],[-0.94685,50.7831],[-0.9462,50.78395],[-0.94395,50.7835],[-0.9407,50.7849],[-0.9387,50.78355],[-0.93835,50.7822],[-0.93975,50.78205],[-0.94135,50.78065],[-0.9431,50.7805],[-0.94285,50.7761],[-0.9444,50.7733],[-0.9455,50.77235],[-0.9439,50.7712],[-0.94255,50.7715],[-0.94045,50.77305],[-0.93765,50.7752],[-0.9365,50.77705],[-0.92755,50.7768],[-0.9256,50.77305],[-0.92405,50.77335],[-0.924,50.77445],[-0.9254,50.77645],[-0.92405,50.7767],[-0.9229,50.77425],[-0.9217,50.775],[-0.91785,50.77525],[-0.9138,50.7731],[-0.91225,50.77205],[-0.91185,50.77395],[-0.90995,50.77285],[-0.9062,50.77545],[-0.9055,50.77565],[-0.89845,50.7808],[-0.8955,50.78075],[-0.8924,50.78185],[-0.8907,50.783],[-0.88875,50.78515],[-0.88625,50.78695],[-0.88065,50.78675],[-0.87805,50.7864],[-0.8732,50.7876],[-0.86045,50.78675],[-0.8486,50.78755],[-0.83985,50.7891],[-0.83665,50.7904],[-0.81305,50.8004],[-0.8099,50.8015],[-0.80845,50.80255],[-0.8047,50.80755],[-0.80285,50.8092],[-0.80335,50.81075],[-0.8034,50.81355],[-0.804,50.81675],[-0.8038,50.8176],[-0.8056,50.8179],[-0.8053,50.8215],[-0.80365,50.82235],[-0.80195,50.82645],[-0.80395,50.82755],[-0.803,50.8323],[-0.80315,50.8341],[-0.8064,50.83565],[-0.8122,50.83535],[-0.8195,50.8364],[-0.82575,50.83705],[-0.8308,50.8373],[-0.83455,50.8377],[-0.83785,50.8385],[-0.84145,50.8383],[-0.8464,50.83965],[-0.8496,50.8412],[-0.8521,50.8417],[-0.85805,50.84155],[-0.86215,50.84245],[-0.8648,50.84255],[-0.86815,50.84115],[-0.87675,50.8423],[-0.8812,50.8427],[-0.88295,50.84305],[-0.8878,50.84355],[-0.8925,50.8434],[-0.89635,50.8437],[-0.904,50.8447],[-0.9069,50.8447],[-0.90865,50.8451],[-0.9164,50.8454],[-0.92535,50.84625],[-0.9298,50.84635],[-0.9343,50.8474],[-0.937,50.84745]]]},"properties":{"kind":"aonb","name":"Chichester Harbour"}},{"type":"Feature","geometry":{"type":"MultiPolygon","coordinates":[[[[-1.6364,55.5675],[-1.63915,55.57015],[-1.64165,55.57095],[-1.6416,55.57335],[-1.64055,55.57525],[-1.63685,55.57605],[-1.63775,55.5777],[-1.63705,55.57855],[-1.63885,55.5798],[-1.64145,55.5801],[-1.6445,55.58175],[-1.6422,55.58325],[-1.6431,55.58415],[-1.6454,55.5845],[-1.64945,55.58375],[-1.652,55.58415],[-1.65395,55.58495],[-1.6599,55.5866],[-1.6613,55.58655],[-1.66445,55.58845],[-1.6656,55.5895],[-1.666,55.5911],[-1.6692,55.59255],[-1.66905,55.5933],[-1.6721,55.59555],[-1.6742,55.5962],[-1.67915,55.5995],[-1.68135,55.59995],[-1.68345,55.601],[-1.6857,55.60365],[-1.68765,55.60545],[-1.6876,55.6082],[-1.69015,55.6086],[-1.6912,55.60805],[-1.69605,55.6094],[-1.69955,55.611],[-1.70515,55.6124],[-1.71265,55.61355],[-1.7189,55.6156],[-1.72065,55.6167],[-1.72385,55.61695],[-1.7362,55.62005],[-1.73915,55.6216],[-1.7425,55.6228],[-1.7459,55.62275],[-1.7523,55.6265],[-1.7538,55.62685],[-1.75795,55.6286],[-1.7625,55.631],[-1.76455,55.6326],[-1.76825,55.6342],[-1.77085,55.6365],[-1.77195,55.6381],[-1.77345,55.6387],[-1.77685,55.6417],[-1.78205,55.64955],[-1.78355,55.65245],[-1.78435,55.655],[-1.784,55.65615],[-1.7803,55.65465],[-1.7776,55.6545],[-1.7778,55.65575],[-1.7782,55.66495],[-1.77815,55.66665],[-1.77685,55.6669],[-1.7765,55.6681],[-1.77735,55.66945],[-1.778,55.67165],[-1.77735,55.6742],[-1.7784,55.6745],[-1.77935,55.67605],[-1.779,55.6791],[-1.7776,55.6837],[-1.77675,55.6853],[-1.7778,55.68655],[-1.7811,55.6873],[-1.7849,55.686],[-1.7886,55.68595],[-1.7911,55.68685],[-1.79025,55.68965],[-1.792,55.68985],[-1.79325,55.6887],[-1.7949,55.68825],[-1.7961,55.68875],[-1.7993,55.6883],[-1.8001,55.68895],[-1.7978,55.6898],[-1.80005,55.69035],[-1.80195,55.68945],[-1.804,55.68955],[-1.80515,55.68885],[-1.80915,55.6891],[-1.81285,55.68845],[-1.81865,55.6888],[-1.82665,55.69105],[-1.82915,55.6916],[-1.83525,55.69425],[-1.83765,55.695],[-1.8394,55.69485],[-1.84545,55.69685],[-1.849,55.6984],[-1.8541,55.69945],[-1.8604,55.6998],[-1.866,55.70035],[-1.8707,55.7011],[-1.87265,55.7019],[-1.8861,55.70445],[-1.8953,55.7066],[-1.89655,55.7063],[-1.90195,55.70755],[-1.9029,55.70855],[-1.9071,55.7099],[-1.91415,55.7116],[-1.9175,55.7131],[-1.9187,55.7133],[-1.9269,55.7162],[-1.93165,55.71835],[-1.93695,55.72115],[-1.93875,55.72185],[-1.94305,55.72465],[-1.9428,55.7257],[-1.9448,55.72605],[-1.9449,55.7277],[-1.94665,55.7278],[-1.9488,55.72855],[-1.9495,55.72985],[-1.9511,55.7299],[-1.9546,55.7324],[-1.95755,55.7333],[-1.95945,55.7345],[-1.9592,55.73545],[-1.9603,55.73775],[-1.9622,55.73925],[-1.96405,55.7397],[-1.9652,55.7411],[-1.9665,55.7411],[-1.96955,55.74265],[-1.9706,55.74415],[-1.9745,55.74625],[-1.97585,55.7479],[-1.9773,55.74865],[-1.9795,55.7478],[-1.97275,55.74195],[-1.9668,55.7361],[-1.96285,55.73175],[-1.94775,55.72105],[-1.9385,55.7142],[-1.93235,55.7098],[-1.93,55.7079],[-1.9275,55.70545],[-1.90615,55.68055],[-1.9031,55.6774],[-1.8978,55.67425],[-1.89115,55.67185],[-1.8871,55.67095],[-1.8833,55.66975],[-1.87965,55.668],[-1.877,55.6664],[-1.8735,55.6631],[-1.86405,55.64995],[-1.8627,55.6479],[-1.85355,55.6351],[-1.8488,55.6351],[-1.84235,55.63295],[-1.8404,55.6321],[-1.8372,55.63185],[-1.83245,55.6295],[-1.82645,55.6277],[-1.81745,55.62535],[-1.81695,55.62415],[-1.8126,55.62305],[-1.81215,55.6207],[-1.8125,55.61795],[-1.81485,55.6147],[-1.81575,55.6125],[-1.813,55.6093],[-1.81095,55.60835],[-1.8056,55.60845],[-1.80285,55.60745],[-1.79615,55.60675],[-1.78925,55.6068],[-1.77935,55.60535],[-1.77245,55.6048],[-1.7707,55.603],[-1.77165,55.5986],[-1.77385,55.5968],[-1.773,55.59575],[-1.7689,55.595],[-1.7673,55.5956],[-1.7663,55.59485],[-1.76315,55.5942],[-1.76315,55.5925],[-1.76045,55.5926],[-1.7563,55.5942],[-1.752,55.5948],[-1.7486,55.5942],[-1.7511,55.59755],[-1.75375,55.59945],[-1.75435,55.60045],[-1.7505,55.6017],[-1.75065,55.60205],[-1.7431,55.60445],[-1.7415,55.60455],[-1.7361,55.60665],[-1.72525,55.60705],[-1.7239,55.60465],[-1.72055,55.60355],[-1.7215,55.60275],[-1.71725,55.601],[-1.7142,55.6022],[-1.7126,55.60115],[-1.7103,55.6003],[-1.7078,55.5979],[-1.7068,55.5965],[-1.7067,55.5944],[-1.70455,55.5905],[-1.6992,55.58745],[-1.69685,55.5851],[-1.6942,55.5845],[-1.68435,55.57875],[-1.68095,55.5792],[-1.6799,55.57975],[-1.67025,55.57795],[-1.66795,55.5779],[-1.66775,55.5763],[-1.67015,55.575],[-1.6708,55.5738],[-1.6697,55.57235],[-1.67715,55.56965],[-1.67735,55.56855],[-1.6825,55.56725],[-1.68035,55.56355],[-1.67465,55.55815],[-1.67425,55.55685],[-1.67195,55.55605],[-1.66735,55.5532],[-1.66565,55.55155],[-1.665,55.55025],[-1.6644,55.54685],[-1.6632,55.54315],[-1.6633,55.5424],[-1.66115,55.54005],[-1.65915,55.53865],[-1.65865,55.5376],[-1.657,55.53635],[-1.6575,55.53295],[-1.6613,55.53155],[-1.65875,55.53005],[-1.6577,55.5282],[-1.65615,55.5267],[-1.65795,55.5256],[-1.6563,55.5241],[-1.6526,55.5235],[-1.64845,55.51965],[-1.64875,55.5186],[-1.6466,55.5163],[-1.6437,55.5112],[-1.64165,55.50815],[-1.64185,55.50705],[-1.6384,55.50365],[-1.6365,55.49835],[-1.63405,55.49705],[-1.63185,55.49365],[-1.63245,55.49125],[-1.63195,55.48875],[-1.62915,55.48525],[-1.627,55.48305],[-1.6219,55.47735],[-1.61835,55.4735],[-1.61315,55.4704],[-1.6157,55.46955],[-1.6127,55.467],[-1.62125,55.46325],[-1.62725,55.4616],[-1.6284,55.461],[-1.62785,55.4592],[-1.6318,55.45735],[-1.6339,55.45715],[-1.63565,55.4558],[-1.6298,55.4531],[-1.62815,55.45265],[-1.62455,55.45255],[-1.62265,55.4508],[-1.62125,55.44885],[-1.62135,55.44735],[-1.62,55.4441],[-1.62115,55.44255],[-1.6202,55.4414],[-1.6244,55.43965],[-1.6215,55.43745],[-1.62,55.4359],[-1.61765,55.4355],[-1.61665,55.43305],[-1.61645,55.43045],[-1.61685,55.42875],[-1.6189,55.42775],[-1.61765,55.4263],[-1.61725,55.42465],[-1.6171,55.41605],[-1.6231,55.411],[-1.6252,55.40965],[-1.6275,55.40555],[-1.6276,55.404],[-1.62625,55.40125],[-1.62495,55.3978],[-1.62845,55.39275],[-1.62955,55.39255],[-1.62855,55.38955],[-1.6269,55.38615],[-1.6261,55.3854],[-1.6241,55.3811],[-1.6232,55.3781],[-1.62035,55.37445],[-1.61995,55.3727],[-1.61755,55.3703],[-1.61425,55.3648],[-1.61385,55.36265],[-1.60815,55.35795],[-1.60835,55.35545],[-1.609,55.3542],[-1.6086,55.3521],[-1.60955,55.34995],[-1.6137,55.3493],[-1.6142,55.3485],[-1.61315,55.3458],[-1.61435,55.3446],[-1.6175,55.3441],[-1.6195,55.3448],[-1.6205,55.34625],[-1.62175,55.3455],[-1.62265,55.34395],[-1.6224,55.34235],[-1.6213,55.3408],[-1.618,55.3417],[-1.61355,55.34215],[-1.6103,55.3429],[-1.60985,55.34365],[-1.60715,55.34375],[-1.60025,55.34175],[-1.5962,55.34005],[-1.5932,55.3383],[-1.59145,55.33825],[-1.58595,55.3368],[-1.5796,55.3363],[-1.5777,55.3367],[-1.57225,55.3388],[-1.5705,55.3398],[-1.57725,55.3399],[-1.5793,55.3411],[-1.58025,55.3423],[-1.5853,55.34545],[-1.58975,55.3495],[-1.5905,55.34975],[-1.592,55.3518],[-1.5932,55.3527],[-1.5956,55.35655],[-1.5995,55.3608],[-1.5987,55.3615],[-1.59885,55.3636],[-1.6002,55.36495],[-1.59995,55.36605],[-1.6025,55.3699],[-1.60215,55.3713],[-1.60245,55.37325],[-1.60335,55.37565],[-1.60385,55.37825],[-1.6049,55.37905],[-1.605,55.3813],[-1.60365,55.38225],[-1.60375,55.38375],[-1.60225,55.3864],[-1.60125,55.38705],[-1.60025,55.3897],[-1.59865,55.39105],[-1.5969,55.3904],[-1.5931,55.391],[-1.59195,55.39285],[-1.5894,55.39465],[-1.5883,55.39625],[-1.5893,55.39725],[-1.59205,55.4003],[-1.59105,55.4022],[-1.5895,55.40275],[-1.5869,55.4046],[-1.58505,55.4049],[-1.58175,55.4039],[-1.5809,55.40435],[-1.5781,55.40355],[-1.5762,55.4052],[-1.57345,55.4054],[-1.57285,55.40685],[-1.57365,55.4092],[-1.572,55.4099],[-1.57115,55.4084],[-1.56985,55.4091],[-1.5687,55.4111],[-1.56925,55.4124],[-1.57245,55.4122],[-1.57115,55.4133],[-1.571,55.415],[-1.5719,55.41575],[-1.57385,55.4154],[-1.5735,55.4135],[-1.57415,55.412],[-1.57645,55.412],[-1.57745,55.41325],[-1.5776,55.41545],[-1.57825,55.41665],[-1.57765,55.4189],[-1.57635,55.41915],[-1.5749,55.4179],[-1.5763,55.4176],[-1.57615,55.4163],[-1.5727,55.4161],[-1.5716,55.41765],[-1.57435,55.42095],[-1.5756,55.42135],[-1.5736,55.42385],[-1.5753,55.4247],[-1.5746,55.42645],[-1.5735,55.42735],[-1.5704,55.4271],[-1.56935,55.42785],[-1.5718,55.42915],[-1.57075,55.42985],[-1.5708,55.4313],[-1.57265,55.43365],[-1.5747,55.4341],[-1.5768,55.43425],[-1.5787,55.43515],[-1.58285,55.43485],[-1.58525,55.43415],[-1.5865,55.43535],[-1.585,55.4367],[-1.58625,55.4382],[-1.5879,55.43765],[-1.58945,55.4383],[-1.5914,55.44085],[-1.5874,55.4422],[-1.58675,55.44365],[-1.5853,55.44465],[-1.58455,55.44615],[-1.5857,55.44675],[-1.5856,55.4496],[-1.58745,55.4518],[-1.5877,55.45295],[-1.59025,55.4548],[-1.5909,55.4575],[-1.5896,55.4594],[-1.59025,55.4613],[-1.5878,55.4618],[-1.5896,55.46755],[-1.5906,55.46815],[-1.5912,55.46995],[-1.5907,55.471],[-1.5883,55.47175],[-1.58855,55.4726],[-1.591,55.47215],[-1.5921,55.4734],[-1.592,55.47585],[-1.59145,55.47725],[-1.59115,55.48015],[-1.59285,55.48395],[-1.59045,55.4841],[-1.5911,55.48745],[-1.59075,55.48925],[-1.5919,55.48965],[-1.5915,55.49125],[-1.5923,55.4923],[-1.5945,55.4915],[-1.5976,55.49255],[-1.5987,55.49385],[-1.5999,55.4943],[-1.601,55.49565],[-1.6028,55.49615],[-1.60485,55.49605],[-1.60635,55.4954],[-1.6096,55.49615],[-1.61185,55.4978],[-1.6128,55.49915],[-1.6134,55.50125],[-1.61435,55.5027],[-1.61285,55.50575],[-1.6107,55.50605],[-1.6119,55.50785],[-1.6111,55.5093],[-1.60835,55.5089],[-1.60605,55.51035],[-1.60395,55.51255],[-1.606,55.5124],[-1.60885,55.50985],[-1.61105,55.50985],[-1.61055,55.51085],[-1.614,55.51215],[-1.6166,55.5139],[-1.6157,55.5151],[-1.6133,55.51665],[-1.6142,55.5172],[-1.61115,55.5189],[-1.61125,55.5193],[-1.60825,55.521],[-1.6081,55.52265],[-1.61205,55.52205],[-1.61355,55.5221],[-1.6181,55.5234],[-1.61795,55.52535],[-1.61525,55.5268],[-1.6207,55.52765],[-1.62355,55.52875],[-1.625,55.53025],[-1.6295,55.53345],[-1.6306,55.5355],[-1.63205,55.53655],[-1.63295,55.54135],[-1.63115,55.5433],[-1.6323,55.5453],[-1.63115,55.54865],[-1.6288,55.54995],[-1.62505,55.54895],[-1.62135,55.5509],[-1.61945,55.5515],[-1.62,55.5523],[-1.62125,55.55335],[-1.6231,55.55355],[-1.6226,55.5547],[-1.625,55.5563],[-1.625,55.5572],[-1.62355,55.5581],[-1.62655,55.5591],[-1.62865,55.55935],[-1.6308,55.5608],[-1.63055,55.56185],[-1.63135,55.56325],[-1.6302,55.56445],[-1.63285,55.565],[-1.63545,55.56735],[-1.6364,55.5675]]],[[[-1.6583,55.6166],[-1.6558,55.6151],[-1.65415,55.6151],[-1.6523,55.6159],[-1.65205,55.61725],[-1.6487,55.616],[-1.646,55.6157],[-1.6453,55.61635],[-1.6428,55.6156],[-1.64145,55.61645],[-1.6442,55.6177],[-1.64675,55.6172],[-1.6492,55.61935],[-1.64695,55.62085],[-1.6443,55.62115],[-1.6433,55.62225],[-1.64725,55.6219],[-1.6495,55.62145],[-1.65145,55.62165],[-1.65385,55.6207],[-1.6532,55.6196],[-1.65075,55.61965],[-1.65025,55.61825],[-1.6528,55.6172],[-1.6549,55.61785],[-1.6579,55.6172],[-1.6583,55.6166]]],[[[-1.60775,55.6411],[-1.60505,55.6403],[-1.6039,55.6422],[-1.60785,55.6448],[-1.60865,55.6448],[-1.60915,55.64695],[-1.61225,55.64645],[-1.6139,55.64685],[-1.6128,55.6442],[-1.6095,55.6419],[-1.60775,55.6411]]],[[[-1.624,55.63],[-1.62295,55.62965],[-1.622,55.63145],[-1.6193,55.633],[-1.62625,55.6351],[-1.6277,55.63415],[-1.62545,55.6332],[-1.6262,55.6318],[-1.6251,55.62995],[-1.624,55.63]]],[[[-1.6311,55.64],[-1.631,55.63865],[-1.62935,55.637],[-1.62635,55.6364],[-1.62595,55.6379],[-1.6277,55.63865],[-1.62895,55.6405],[-1.6311,55.64]]],[[[-1.62135,55.6404],[-1.62305,55.63965],[-1.62355,55.63865],[-1.61975,55.6389],[-1.6168,55.64005],[-1.6167,55.64095],[-1.61855,55.6412],[-1.62135,55.6404]]],[[[-1.61395,55.6415],[-1.6162,55.6408],[-1.6133,55.64015],[-1.61075,55.6412],[-1.61395,55.6415]]],[[[-1.67545,55.62945],[-1.6761,55.629],[-1.67485,55.6276],[-1.6735,55.62865],[-1.67545,55.62945]]],[[[-1.60475,55.516],[-1.60795,55.5151],[-1.60655,55.5146],[-1.60475,55.516]]]]},"properties":{"kind":"aonb","name":"Northumberland Coast"}},{"type":"Feature","geometry":{"type":"MultiPolygon","coordinates":[[[[-2.71495,53.97875],[-2.71245,53.9761],[-2.71105,53.97325],[-2.71035,53.9702],[-2.71185,53.9658],[-2.71035,53.9633],[-2.7127,53.9621],[-2.7148,53.9616],[-2.71655,53.962],[-2.7219,53.9598],[-2.72285,53.9587],[-2.72575,53.9565],[-2.73125,53.9533],[-2.73395,53.95205],[-2.7382,53.9495],[-2.74095,53.9487],[-2.7444,53.94615],[-2.74675,53.9465],[-2.7511,53.94615],[-2.75335,53.94315],[-2.75335,53.94175],[-2.7524,53.9406],[-2.7558,53.93885],[-2.7579,53.93835],[-2.75945,53.9361],[-2.75905,53.9343],[-2.7582,53.9332],[-2.7562,53.9325],[-2.75205,53.9332],[-2.75055,53.9348],[-2.7484,53.935],[-2.7457,53.9342],[-2.74805,53.93275],[-2.7488,53.9308],[-2.7488,53.92735],[-2.74665,53.9258],[-2.74495,53.92555],[-2.74105,53.92615],[-2.7383,53.9271],[-2.73655,53.927],[-2.7301,53.9283],[-2.7292,53.92665],[-2.72695,53.9268],[-2.7267,53.92515],[-2.7278,53.92485],[-2.7241,53.921],[-2.723,53.92115],[-2.72235,53.9192],[-2.72185,53.915],[-2.72195,53.9121],[-2.7213,53.91085],[-2.7223,53.9066],[-2.72585,53.89875],[-2.72725,53.89635],[-2.7273,53.89495],[-2.7292,53.89355],[-2.7295,53.89185],[-2.72785,53.89035],[-2.7338,53.88735],[-2.73155,53.88615],[-2.7288,53.8865],[-2.72385,53.88675],[-2.72305,53.8862],[-2.715,53.888],[-2.714,53.88695],[-2.71395,53.8852],[-2.7113,53.88335],[-2.7047,53.8819],[-2.69895,53.88185],[-2.69705,53.8816],[-2.6974,53.88025],[-2.69625,53.87935],[-2.69425,53.87945],[-2.6926,53.8788],[-2.69265,53.87755],[-2.69115,53.8757],[-2.6912,53.8749],[-2.6935,53.87265],[-2.6936,53.8716],[-2.69075,53.87205],[-2.6877,53.87195],[-2.68575,53.87095],[-2.68345,53.87095],[-2.6813,53.87145],[-2.67995,53.86825],[-2.67675,53.868],[-2.67135,53.8653],[-2.6652,53.86295],[-2.6626,53.8616],[-2.66005,53.8596],[-2.6553,53.8606],[-2.65265,53.8615],[-2.6508,53.86065],[-2.64495,53.86015],[-2.64085,53.85945],[-2.63915,53.85885],[-2.62755,53.85365],[-2.6254,53.8528],[-2.61965,53.8518],[-2.6144,53.8511],[-2.6084,53.8496],[-2.60575,53.84915],[-2.6033,53.84915],[-2.60045,53.84805],[-2.5993,53.84845],[-2.5978,53.8473],[-2.5954,53.8469],[-2.5907,53.8449],[-2.58925,53.8452],[-2.58525,53.84345],[-2.5818,53.8413],[-2.58275,53.8393],[-2.5787,53.8383],[-2.5735,53.8382],[-2.5718,53.83725],[-2.57055,53.83725],[-2.5695,53.8361],[-2.56715,53.83465],[-2.553,53.83775],[-2.5508,53.8379],[-2.54735,53.83875],[-2.53635,53.8384],[-2.53195,53.83785],[-2.53085,53.83735],[-2.52845,53.8353],[-2.5267,53.83495],[-2.5184,53.83545],[-2.51475,53.8333],[-2.51095,53.8332],[-2.50795,53.8341],[-2.5041,53.83425],[-2.5018,53.8354],[-2.49625,53.8362],[-2.4911,53.8363],[-2.4827,53.83545],[-2.47925,53.8367],[-2.4769,53.83695],[-2.4718,53.83835],[-2.4645,53.83895],[-2.461,53.83985],[-2.4567,53.8419],[-2.45635,53.84625],[-2.45315,53.8482],[-2.4504,53.84805],[-2.44725,53.84855],[-2.44575,53.8495],[-2.44175,53.85],[-2.4405,53.85115],[-2.4388,53.85185],[-2.44,53.85325],[-2.44045,53.8554],[-2.4419,53.8569],[-2.44405,53.8581],[-2.4466,53.8604],[-2.4507,53.86135],[-2.45205,53.86305],[-2.45135,53.8648],[-2.45325,53.8674],[-2.4546,53.86795],[-2.4501,53.8687],[-2.44405,53.87245],[-2.4439,53.87355],[-2.44085,53.8743],[-2.4339,53.8778],[-2.42945,53.8805],[-2.42575,53.882],[-2.424,53.8837],[-2.4237,53.8851],[-2.42035,53.88585],[-2.4195,53.88655],[-2.4151,53.88865],[-2.41555,53.88975],[-2.4141,53.89125],[-2.4115,53.8917],[-2.4062,53.89155],[-2.40385,53.89225],[-2.4003,53.8946],[-2.3971,53.89575],[-2.39535,53.89535],[-2.39315,53.8956],[-2.3878,53.8972],[-2.38365,53.89935],[-2.38005,53.90015],[-2.3753,53.9003],[-2.36795,53.90185],[-2.36755,53.90285],[-2.3684,53.9049],[-2.3624,53.9072],[-2.36045,53.90745],[-2.35635,53.90945],[-2.3553,53.9095],[-2.3513,53.9115],[-2.3491,53.91295],[-2.34775,53.91295],[-2.3458,53.9109],[-2.34215,53.90975],[-2.34215,53.91105],[-2.34015,53.91155],[-2.33105,53.91285],[-2.32795,53.91455],[-2.3184,53.9174],[-2.3147,53.9194],[-2.31165,53.92035],[-2.3024,53.9214],[-2.3014,53.9245],[-2.29925,53.92705],[-2.29745,53.9281],[-2.2879,53.9326],[-2.2835,53.93395],[-2.28025,53.93435],[-2.2748,53.9343],[-2.271,53.93495],[-2.27125,53.9367],[-2.2727,53.93805],[-2.2731,53.93935],[-2.2725,53.94025],[-2.27305,53.9416],[-2.27705,53.94425],[-2.2769,53.945],[-2.2779,53.94745],[-2.2812,53.95],[-2.2831,53.95085],[-2.28545,53.9529],[-2.289,53.9569],[-2.28815,53.95925],[-2.2879,53.9614],[-2.29295,53.96255],[-2.29565,53.96395],[-2.29885,53.9666],[-2.3025,53.97025],[-2.30265,53.9726],[-2.3056,53.973],[-2.3061,53.9736],[-2.30885,53.9742],[-2.30945,53.97515],[-2.3142,53.9776],[-2.3188,53.98085],[-2.32375,53.9816],[-2.3266,53.98115],[-2.3331,53.98235],[-2.33435,53.9822],[-2.33635,53.98345],[-2.34135,53.984],[-2.3433,53.98535],[-2.34535,53.9876],[-2.34795,53.98905],[-2.35005,53.98935],[-2.3524,53.9945],[-2.35345,54],[-2.35365,54.0038],[-2.35295,54.0061],[-2.3523,54.01065],[-2.35075,54.0119],[-2.3503,54.0131],[-2.347,54.0143],[-2.34525,54.01585],[-2.34195,54.0163],[-2.33785,54.0191],[-2.33725,54.0203],[-2.33135,54.0211],[-2.3302,54.0217],[-2.3308,54.0231],[-2.3324,54.0252],[-2.3312,54.02735],[-2.33155,54.02865],[-2.32865,54.0307],[-2.3293,54.03235],[-2.32835,54.03275],[-2.32455,54.0334],[-2.3268,54.0361],[-2.33015,54.0371],[-2.3322,54.03835],[-2.334,54.04025],[-2.33715,54.04155],[-2.34005,54.0449],[-2.34255,54.0459],[-2.34325,54.04715],[-2.3417,54.04735],[-2.3408,54.0488],[-2.3428,54.04985],[-2.34465,54.05155],[-2.34745,54.0525],[-2.34755,54.0534],[-2.35,54.05605],[-2.3549,54.0581],[-2.3585,54.06125],[-2.3596,54.0636],[-2.3562,54.0653],[-2.35495,54.06665],[-2.35345,54.0692],[-2.34895,54.0706],[-2.34675,54.07495],[-2.343,54.07805],[-2.34145,54.0785],[-2.3363,54.07735],[-2.33475,54.0775],[-2.3297,54.07635],[-2.327,54.07665],[-2.32535,54.0763],[-2.3217,54.0774],[-2.32,54.07735],[-2.3142,54.07625],[-2.31325,54.0768],[-2.304,54.0742],[-2.2985,54.0731],[-2.29515,54.07155],[-2.2929,54.0718],[-2.29305,54.07345],[-2.2951,54.0757],[-2.2954,54.0776],[-2.29485,54.0786],[-2.29635,54.0806],[-2.2983,54.0821],[-2.30285,54.0848],[-2.30685,54.0865],[-2.3142,54.0883],[-2.32005,54.0894],[-2.3235,54.09035],[-2.3259,54.0916],[-2.33075,54.0935],[-2.33385,54.09625],[-2.3366,54.09965],[-2.33785,54.10215],[-2.33885,54.10255],[-2.3427,54.10235],[-2.3454,54.10295],[-2.3554,54.1035],[-2.36,54.10355],[-2.363,54.1044],[-2.3669,54.10615],[-2.3706,54.1067],[-2.37355,54.1076],[-2.37715,54.1079],[-2.37945,54.1089],[-2.3815,54.1124],[-2.3833,54.11335],[-2.38625,54.1142],[-2.3883,54.11595],[-2.39215,54.11695],[-2.39345,54.1179],[-2.3981,54.1191],[-2.4049,54.11745],[-2.41065,54.1187],[-2.4146,54.1188],[-2.417,54.1193],[-2.42065,54.1187],[-2.421,54.1169],[-2.4206,54.1158],[-2.41905,54.1137],[-2.4178,54.1114],[-2.4145,54.1082],[-2.4101,54.10565],[-2.41395,54.10645],[-2.42095,54.10665],[-2.4246,54.1065],[-2.4309,54.1049],[-2.43315,54.1046],[-2.4371,54.1047],[-2.4465,54.10595],[-2.45545,54.1078],[-2.46015,54.1082],[-2.46585,54.1079],[-2.472,54.10835],[-2.4731,54.10705],[-2.47555,54.10515],[-2.48195,54.10485],[-2.48465,54.10515],[-2.48925,54.1045],[-2.49625,54.1043],[-2.4999,54.1034],[-2.5042,54.1032],[-2.51085,54.10245],[-2.51595,54.1025],[-2.5301,54.1035],[-2.53395,54.104],[-2.53775,54.10515],[-2.5361,54.10825],[-2.53915,54.10995],[-2.54145,54.1117],[-2.5438,54.11265],[-2.54605,54.1152],[-2.5446,54.11675],[-2.54605,54.1178],[-2.5494,54.11895],[-2.55335,54.1206],[-2.55645,54.1206],[-2.5608,54.1213],[-2.56165,54.1225],[-2.5708,54.12435],[-2.57535,54.12465],[-2.5881,54.12355],[-2.59195,54.12235],[-2.59415,54.12095],[-2.5977,54.11785],[-2.5993,54.11875],[-2.6016,54.1191],[-2.60345,54.1188],[-2.6055,54.1199],[-2.60795,54.1207],[-2.6111,54.11975],[-2.6168,54.119],[-2.61845,54.11925],[-2.6198,54.11875],[-2.6243,54.1183],[-2.6249,54.11865],[-2.63265,54.11835],[-2.63575,54.11805],[-2.63845,54.11655],[-2.6399,54.1188],[-2.6404,54.12135],[-2.6432,54.1219],[-2.64585,54.12155],[-2.6459,54.1223],[-2.64965,54.1231],[-2.6571,54.12365],[-2.65965,54.1242],[-2.6636,54.12375],[-2.66715,54.1244],[-2.6698,54.1252],[-2.67195,54.12705],[-2.6767,54.1299],[-2.6783,54.1297],[-2.68425,54.1274],[-2.6893,54.12495],[-2.69365,54.12385],[-2.6964,54.1209],[-2.70105,54.11765],[-2.70245,54.116],[-2.70655,54.11],[-2.71075,54.1071],[-2.71645,54.10415],[-2.7185,54.10255],[-2.7188,54.10105],[-2.7228,54.0981],[-2.72455,54.0965],[-2.72935,54.09465],[-2.73275,54.0936],[-2.74115,54.08825],[-2.74235,54.08705],[-2.7406,54.0846],[-2.7409,54.0809],[-2.7439,54.08065],[-2.74635,54.07965],[-2.74685,54.076],[-2.7482,54.072],[-2.75015,54.06815],[-2.7538,54.06365],[-2.7545,54.0623],[-2.7574,54.05865],[-2.7593,54.05405],[-2.75945,54.0518],[-2.7592,54.0465],[-2.75825,54.04405],[-2.7537,54.03845],[-2.75185,54.03555],[-2.7517,54.0346],[-2.75685,54.02895],[-2.75815,54.02605],[-2.75875,54.02195],[-2.75845,54.0195],[-2.75775,54.01835],[-2.7552,54.0168],[-2.75385,54.01555],[-2.7488,54.00875],[-2.7487,54.0061],[-2.74505,54.00425],[-2.74545,54.00295],[-2.74365,54.0016],[-2.74135,54.0009],[-2.7372,54.001],[-2.7313,53.99955],[-2.72715,54],[-2.7242,53.99095],[-2.72335,53.989],[-2.7215,53.98735],[-2.7201,53.98475],[-2.7176,53.9851],[-2.71415,53.9845],[-2.71355,53.98395],[-2.7147,53.98285],[-2.71565,53.97995],[-2.71495,53.97875]]],[[[-2.37,53.8508],[-2.3721,53.84845],[-2.374,53.8444],[-2.3748,53.8418],[-2.38065,53.8371],[-2.37635,53.83585],[-2.37705,53.8344],[-2.37695,53.832],[-2.3777,53.8303],[-2.37705,53.8277],[-2.3741,53.826],[-2.3714,53.8257],[-2.36905,53.82635],[-2.36445,53.82605],[-2.363,53.8243],[-2.36465,53.8237],[-2.3719,53.82],[-2.3798,53.81815],[-2.3819,53.8166],[-2.3798,53.8164],[-2.37625,53.81355],[-2.37355,53.8135],[-2.37105,53.81275],[-2.3646,53.81315],[-2.3601,53.8153],[-2.35775,53.81715],[-2.35335,53.8189],[-2.3507,53.8195],[-2.34825,53.82115],[-2.34355,53.82275],[-2.3366,53.82455],[-2.3351,53.82455],[-2.32895,53.826],[-2.3203,53.82725],[-2.3151,53.8285],[-2.3081,53.8289],[-2.30225,53.8304],[-2.2964,53.8312],[-2.29365,53.83175],[-2.29135,53.83175],[-2.2853,53.8333],[-2.2859,53.834],[-2.2827,53.83475],[-2.28035,53.8349],[-2.2788,53.83415],[-2.2755,53.834],[-2.2727,53.83455],[-2.26875,53.8347],[-2.2673,53.83505],[-2.26275,53.83715],[-2.2607,53.8389],[-2.2581,53.84015],[-2.25645,53.84215],[-2.2523,53.84495],[-2.24885,53.8481],[-2.2462,53.8502],[-2.2444,53.851],[-2.23595,53.856],[-2.2306,53.8601],[-2.22435,53.8636],[-2.22305,53.8648],[-2.22405,53.8656],[-2.2242,53.868],[-2.2291,53.86865],[-2.2299,53.8699],[-2.23055,53.87245],[-2.2318,53.87305],[-2.23205,53.8744],[-2.2342,53.8773],[-2.2347,53.8786],[-2.2361,53.87925],[-2.23585,53.8813],[-2.2367,53.8823],[-2.23845,53.88685],[-2.2418,53.88685],[-2.2452,53.8862],[-2.2509,53.88475],[-2.2535,53.8831],[-2.256,53.88245],[-2.25915,53.882],[-2.26055,53.8835],[-2.26645,53.88655],[-2.27165,53.8885],[-2.27275,53.8898],[-2.2731,53.89165],[-2.2751,53.89245],[-2.27745,53.8942],[-2.27955,53.89815],[-2.2812,53.89845],[-2.28375,53.90005],[-2.2918,53.9014],[-2.29535,53.90105],[-2.29665,53.9013],[-2.299,53.90045],[-2.3012,53.9002],[-2.30625,53.90135],[-2.30755,53.90055],[-2.31135,53.9012],[-2.31445,53.9012],[-2.3164,53.90165],[-2.3185,53.9016],[-2.32345,53.90235],[-2.32835,53.90165],[-2.33135,53.90095],[-2.3384,53.89835],[-2.34295,53.89575],[-2.34655,53.8915],[-2.34395,53.8912],[-2.3427,53.89],[-2.3408,53.88985],[-2.3406,53.88895],[-2.33885,53.88895],[-2.33725,53.8877],[-2.3359,53.88595],[-2.33495,53.88375],[-2.33545,53.8815],[-2.3367,53.8808],[-2.33595,53.87975],[-2.33795,53.87845],[-2.34005,53.87855],[-2.34295,53.87795],[-2.3423,53.8764],[-2.3433,53.8759],[-2.34505,53.872],[-2.34985,53.86685],[-2.3515,53.8654],[-2.3513,53.8646],[-2.35285,53.8626],[-2.3559,53.8615],[-2.35775,53.8604],[-2.36105,53.8579],[-2.3635,53.85485],[-2.36635,53.8525],[-2.3699,53.8516],[-2.37,53.8508]]]]},"properties":{"kind":"aonb","name":"Forest Of Bowland"}},{"type":"Feature","geometry":{"type":"Polygon","coordinates":[[[0.81695,51.9489],[0.82175,51.949],[0.82595,51.94935],[0.8299,51.94895],[0.83455,51.94905],[0.83695,51.9499],[0.84145,51.9501],[0.84725,51.9493],[0.851,51.9485],[0.8533,51.94765],[0.85455,51.9476],[0.85455,51.9458],[0.8581,51.94535],[0.85835,51.9467],[0.86115,51.9457],[0.8631,51.94725],[0.8632,51.94965],[0.86615,51.94975],[0.8666,51.95105],[0.8648,51.95165],[0.86585,51.9532],[0.86825,51.95485],[0.8715,51.9556],[0.87135,51.9533],[0.8721,51.95185],[0.87465,51.94995],[0.87535,51.94745],[0.8769,51.9486],[0.8825,51.95165],[0.8836,51.95275],[0.8874,51.95495],[0.88975,51.95255],[0.8939,51.9521],[0.89575,51.95805],[0.8984,51.9584],[0.90525,51.96015],[0.909,51.9613],[0.9116,51.9616],[0.91245,51.9609],[0.9156,51.9598],[0.91745,51.9601],[0.9184,51.95845],[0.9193,51.95815],[0.9222,51.956],[0.9235,51.95645],[0.92755,51.9564],[0.9327,51.95535],[0.9312,51.95365],[0.93435,51.9537],[0.9401,51.95325],[0.9413,51.9535],[0.9422,51.9551],[0.9416,51.9559],[0.9448,51.959],[0.95075,51.95705],[0.9524,51.959],[0.9535,51.96215],[0.95835,51.96155],[0.96195,51.96135],[0.965,51.96],[0.96425,51.95915],[0.962,51.95495],[0.96195,51.9537],[0.9603,51.95],[0.9584,51.9466],[0.95635,51.944],[0.95855,51.9436],[0.96335,51.94335],[0.96555,51.9437],[0.9723,51.94405],[0.9725,51.9437],[0.98965,51.9434],[1.0063,51.9432],[1.0089,51.94385],[1.00945,51.9422],[1.0105,51.94095],[1.0106,51.93935],[1.01165,51.9378],[1.01305,51.9368],[1.01955,51.93715],[1.0242,51.93795],[1.03155,51.94005],[1.03495,51.94005],[1.03995,51.9386],[1.0434,51.93825],[1.04525,51.93875],[1.04595,51.94175],[1.04745,51.94425],[1.04755,51.94655],[1.04925,51.9514],[1.05,51.95225],[1.0529,51.9529],[1.05485,51.95395],[1.0562,51.95535],[1.0566,51.9565],[1.0576,51.9624],[1.05835,51.9641],[1.05755,51.966],[1.05925,51.9667],[1.0586,51.9674],[1.0482,51.96915],[1.0453,51.97025],[1.04345,51.972],[1.04525,51.9723],[1.04405,51.974],[1.0335,51.9722],[1.02905,51.9718],[1.0271,51.97135],[1.02585,51.97255],[1.02595,51.9735],[1.02385,51.97505],[1.0218,51.976],[1.0169,51.97635],[1.0152,51.97535],[1.0123,51.97235],[1.0113,51.9733],[1.00995,51.97555],[1.0098,51.97725],[1.00885,51.9784],[1.00695,51.9796],[1.00505,51.98005],[1.00205,51.98],[1.0001,51.98095],[0.99845,51.9827],[0.99385,51.98295],[0.99055,51.9853],[0.9875,51.9859],[0.9855,51.9858],[0.9794,51.98725],[0.9765,51.9872],[0.9766,51.98855],[0.97795,51.99075],[0.9795,51.99095],[0.98185,51.99225],[0.9807,51.9932],[0.9832,51.99515],[0.9788,51.9983],[0.97415,52.0007],[0.97155,52.0026],[0.9738,52.0043],[0.9757,52.0041],[0.9765,52.0056],[0.97985,52.0059],[0.9816,52.0076],[0.98015,52.0085],[0.9808,52.01],[0.9827,52.01055],[0.9835,52.0115],[0.9816,52.01285],[0.9732,52.0114],[0.96745,52.00985],[0.96695,52.01105],[0.96565,52.0114],[0.95825,52.01075],[0.95705,52.0098],[0.95115,52.009],[0.9477,52.00875],[0.93965,52.0094],[0.9396,52.00805],[0.93455,52.0077],[0.93325,52.0081],[0.9288,52.0084],[0.9272,52.00755],[0.92455,52.00725],[0.9194,52.00815],[0.9177,52.00795],[0.91605,52.0092],[0.9158,52.01155],[0.91405,52.01175],[0.91265,52.01255],[0.91335,52.0134],[0.91285,52.0146],[0.91005,52.0131],[0.9048,52.0135],[0.90225,52.0135],[0.9016,52.01505],[0.90195,52.01605],[0.89895,52.01655],[0.89945,52.01805],[0.8985,52.0184],[0.8967,52.0178],[0.89725,52.0166],[0.89425,52.01605],[0.89375,52.01335],[0.89245,52.01135],[0.8912,52.0115],[0.8881,52.0137],[0.8844,52.0154],[0.88195,52.0159],[0.8819,52.0159],[0.87935,52.0167],[0.8778,52.0187],[0.8783,52.02075],[0.8753,52.02255],[0.8732,52.02095],[0.8721,52.02085],[0.8708,52.01965],[0.86825,52.0199],[0.86665,52.0188],[0.86515,52.0199],[0.862,52.01915],[0.86075,52.0197],[0.85695,52.01705],[0.85615,52.01525],[0.8534,52.0111],[0.8548,52.0087],[0.85635,52.00675],[0.8564,52.0052],[0.8633,52.0025],[0.8648,52.0021],[0.8629,51.99785],[0.86425,51.9962],[0.8641,51.99495],[0.8544,51.99335],[0.85575,51.9913],[0.8569,51.9877],[0.8542,51.98815],[0.8539,51.9867],[0.8524,51.98605],[0.8467,51.98635],[0.8462,51.98535],[0.84735,51.98425],[0.8516,51.9825],[0.851,51.98175],[0.8432,51.98135],[0.84035,51.98085],[0.8378,51.98095],[0.83225,51.9805],[0.8318,51.9809],[0.8266,51.9809],[0.8241,51.98065],[0.8205,51.9798],[0.8133,51.9792],[0.80955,51.97955],[0.8093,51.98185],[0.811,51.98195],[0.8124,51.98125],[0.81365,51.98165],[0.81415,51.98285],[0.8183,51.98365],[0.8173,51.985],[0.8179,51.9862],[0.8181,51.98895],[0.8196,51.9885],[0.81975,51.99025],[0.8211,51.9925],[0.8196,51.9936],[0.81755,51.99375],[0.81645,51.9916],[0.8161,51.98995],[0.81055,51.9908],[0.80935,51.9888],[0.80495,51.988],[0.80355,51.9871],[0.8033,51.9828],[0.7999,51.9825],[0.7951,51.98055],[0.79505,51.9787],[0.79755,51.9745],[0.79715,51.9744],[0.7962,51.97115],[0.79895,51.96825],[0.79925,51.9668],[0.801,51.96455],[0.79905,51.96355],[0.79975,51.9624],[0.8035,51.96215],[0.8031,51.9612],[0.80035,51.9613],[0.7996,51.9593],[0.7978,51.9567],[0.79795,51.95465],[0.80275,51.95225],[0.80305,51.95155],[0.80935,51.9513],[0.8096,51.95105],[0.81485,51.9505],[0.8152,51.95205],[0.81745,51.95065],[0.81695,51.9489]]]},"properties":{"kind":"aonb","name":"Dedham Vale"}},{"type":"Feature","geometry":{"type":"Polygon","coordinates":[[[-1.9607,52.76785],[-1.9599,52.76825],[-1.96515,52.77055],[-1.96495,52.7713],[-1.96625,52.7735],[-1.96535,52.77435],[-1.9651,52.7761],[-1.96715,52.77745],[-1.9669,52.77905],[-1.97065,52.78],[-1.97185,52.7823],[-1.9731,52.78195],[-1.97605,52.7821],[-1.9787,52.78325],[-1.9803,52.7856],[-1.98195,52.7863],[-1.98715,52.7872],[-1.9884,52.78775],[-1.9953,52.78915],[-1.9942,52.79105],[-1.99575,52.79135],[-1.99895,52.79285],[-2.00035,52.79405],[-2.00105,52.79595],[-2.0054,52.80125],[-2.0076,52.8018],[-2.00905,52.8039],[-2.01095,52.80415],[-2.0181,52.80465],[-2.0182,52.8062],[-2.0203,52.807],[-2.0238,52.8065],[-2.0274,52.8041],[-2.0297,52.8035],[-2.0312,52.8045],[-2.03225,52.8062],[-2.03585,52.80525],[-2.0344,52.80395],[-2.0383,52.80295],[-2.0415,52.8026],[-2.04125,52.8008],[-2.03935,52.80115],[-2.03895,52.79865],[-2.0379,52.7985],[-2.0378,52.7969],[-2.03895,52.7898],[-2.0453,52.7891],[-2.0505,52.78945],[-2.05365,52.7901],[-2.05395,52.78885],[-2.05755,52.78945],[-2.05735,52.7879],[-2.0581,52.7865],[-2.055,52.78545],[-2.05585,52.7847],[-2.059,52.7798],[-2.0582,52.77825],[-2.05915,52.77695],[-2.0593,52.77545],[-2.05725,52.77525],[-2.05485,52.7733],[-2.05455,52.77235],[-2.0526,52.7717],[-2.05555,52.768],[-2.0532,52.76595],[-2.05245,52.7643],[-2.052,52.76005],[-2.0525,52.7548],[-2.05165,52.7511],[-2.0521,52.74745],[-2.05175,52.74325],[-2.0493,52.7329],[-2.04635,52.7309],[-2.04335,52.7271],[-2.03965,52.7244],[-2.03895,52.72355],[-2.0323,52.72225],[-2.033,52.72015],[-2.0325,52.71925],[-2.03555,52.71835],[-2.03485,52.71665],[-2.0346,52.71405],[-2.03395,52.7141],[-2.0337,52.7109],[-2.0351,52.71085],[-2.03525,52.7094],[-2.03415,52.7074],[-2.04045,52.70595],[-2.04145,52.70855],[-2.04275,52.7101],[-2.0439,52.70985],[-2.04435,52.7079],[-2.0466,52.70795],[-2.04675,52.70905],[-2.0486,52.7086],[-2.0499,52.70745],[-2.05325,52.70795],[-2.05465,52.70595],[-2.05735,52.7037],[-2.06225,52.69885],[-2.06525,52.69565],[-2.06295,52.69415],[-2.0614,52.6937],[-2.0618,52.6911],[-2.06015,52.6914],[-2.0562,52.69115],[-2.0544,52.6903],[-2.052,52.6913],[-2.0478,52.69405],[-2.0458,52.69665],[-2.0451,52.69805],[-2.041,52.70155],[-2.03645,52.7037],[-2.0311,52.70515],[-2.03075,52.70705],[-2.03095,52.7095],[-2.0306,52.71245],[-2.02925,52.7154],[-2.02825,52.71935],[-2.02625,52.7249],[-2.0268,52.7259],[-2.01845,52.7256],[-2.01735,52.7281],[-2.0152,52.72625],[-2.0063,52.72175],[-2.0012,52.7195],[-1.9977,52.71855],[-1.99495,52.72145],[-1.993,52.72095],[-1.9918,52.72235],[-1.99305,52.7251],[-1.99205,52.72645],[-1.99285,52.7291],[-1.99135,52.7296],[-1.9879,52.7274],[-1.9867,52.72745],[-1.98025,52.72995],[-1.97735,52.72705],[-1.9881,52.7224],[-1.9918,52.7203],[-1.9917,52.71895],[-1.9928,52.7169],[-1.989,52.7171],[-1.9858,52.7168],[-1.9834,52.71615],[-1.97645,52.71275],[-1.97355,52.7121],[-1.96785,52.71135],[-1.96485,52.70995],[-1.9636,52.70975],[-1.95855,52.71195],[-1.9574,52.71205],[-1.9556,52.7133],[-1.95295,52.7128],[-1.95095,52.71205],[-1.94615,52.71145],[-1.9479,52.70925],[-1.9512,52.7074],[-1.9515,52.70525],[-1.946,52.703],[-1.94445,52.70135],[-1.9446,52.6981],[-1.94115,52.6967],[-1.93635,52.6958],[-1.9337,52.6961],[-1.93305,52.6972],[-1.93,52.69505],[-1.92545,52.69415],[-1.92335,52.69335],[-1.91945,52.6939],[-1.91715,52.6939],[-1.9133,52.6945],[-1.9118,52.6952],[-1.91345,52.69695],[-1.91455,52.69935],[-1.91635,52.70165],[-1.9165,52.7028],[-1.9153,52.7052],[-1.9192,52.7063],[-1.92095,52.70785],[-1.91745,52.70915],[-1.9152,52.71085],[-1.91095,52.71095],[-1.90245,52.71415],[-1.9016,52.71645],[-1.90255,52.7196],[-1.9036,52.72075],[-1.9099,52.72095],[-1.91005,52.722],[-1.9088,52.7243],[-1.9077,52.72515],[-1.90695,52.7268],[-1.9067,52.72865],[-1.90855,52.7304],[-1.9112,52.7299],[-1.9132,52.7291],[-1.9168,52.7291],[-1.91675,52.7283],[-1.91895,52.7284],[-1.91955,52.73],[-1.91935,52.73105],[-1.92065,52.73215],[-1.9243,52.73075],[-1.9265,52.7334],[-1.92715,52.73485],[-1.9255,52.73565],[-1.92575,52.7368],[-1.92795,52.7376],[-1.9305,52.7422],[-1.9327,52.744],[-1.9343,52.7445],[-1.93345,52.7458],[-1.9341,52.74715],[-1.9432,52.74565],[-1.9455,52.74565],[-1.9482,52.747],[-1.95055,52.7485],[-1.9527,52.7492],[-1.95515,52.75095],[-1.9572,52.75135],[-1.9585,52.75285],[-1.9577,52.7554],[-1.95495,52.75795],[-1.95065,52.75985],[-1.95665,52.76065],[-1.95695,52.76295],[-1.9585,52.7632],[-1.9589,52.7667],[-1.9607,52.76785]]]},"properties":{"kind":"aonb","name":"Cannock Chase"}},{"type":"Feature","geometry":{"type":"Polygon","coordinates":[[[-0.089,53.4572],[-0.09525,53.4614],[-0.09915,53.46335],[-0.10315,53.4657],[-0.10645,53.46865],[-0.11195,53.4731],[-0.11835,53.47705],[-0.12065,53.47885],[-0.12215,53.4809],[-0.12685,53.4849],[-0.12755,53.48575],[-0.1314,53.48905],[-0.1368,53.49205],[-0.1391,53.49475],[-0.141,53.4985],[-0.14705,53.5041],[-0.1477,53.50505],[-0.15005,53.50635],[-0.15485,53.50985],[-0.1582,53.5134],[-0.16195,53.51855],[-0.162,53.52035],[-0.1631,53.5233],[-0.1649,53.52515],[-0.1676,53.5263],[-0.1699,53.528],[-0.17175,53.52845],[-0.17415,53.5279],[-0.1758,53.52965],[-0.1787,53.5298],[-0.18245,53.532],[-0.18445,53.53195],[-0.1868,53.53325],[-0.18815,53.53265],[-0.18935,53.53095],[-0.19385,53.5296],[-0.19495,53.5286],[-0.1983,53.52745],[-0.1984,53.5266],[-0.19685,53.5246],[-0.20205,53.52355],[-0.20965,53.52135],[-0.2159,53.5186],[-0.2236,53.512],[-0.228,53.5106],[-0.236,53.51015],[-0.24845,53.5058],[-0.25325,53.5052],[-0.27565,53.50085],[-0.2773,53.50075],[-0.2816,53.5016],[-0.28575,53.50025],[-0.3038,53.4979],[-0.30485,53.4971],[-0.30515,53.4952],[-0.3047,53.4927],[-0.30395,53.49095],[-0.30365,53.48835],[-0.30275,53.48665],[-0.30825,53.4858],[-0.31595,53.48575],[-0.3215,53.48665],[-0.3242,53.4868],[-0.3255,53.48595],[-0.3278,53.4867],[-0.3295,53.4866],[-0.3311,53.48565],[-0.33385,53.4849],[-0.3366,53.4838],[-0.33985,53.4808],[-0.3465,53.47535],[-0.34805,53.46575],[-0.3501,53.45745],[-0.35355,53.45685],[-0.3505,53.44975],[-0.34965,53.44835],[-0.34775,53.4479],[-0.34445,53.4463],[-0.3384,53.4457],[-0.3364,53.44505],[-0.33275,53.44265],[-0.3308,53.44025],[-0.3289,53.43855],[-0.3282,53.43635],[-0.32805,53.43385],[-0.32585,53.4325],[-0.3311,53.4292],[-0.333,53.4264],[-0.331,53.42585],[-0.32875,53.4246],[-0.3283,53.42365],[-0.3237,53.4217],[-0.32065,53.421],[-0.31115,53.4198],[-0.30855,53.41935],[-0.30425,53.42015],[-0.3017,53.41825],[-0.3014,53.41655],[-0.29875,53.41655],[-0.2955,53.416],[-0.2956,53.41555],[-0.2986,53.41455],[-0.2973,53.41325],[-0.29255,53.4121],[-0.2879,53.4104],[-0.28405,53.4097],[-0.28275,53.4079],[-0.2788,53.4055],[-0.27825,53.4038],[-0.27555,53.4021],[-0.2744,53.3991],[-0.2763,53.39835],[-0.2735,53.3953],[-0.2719,53.3944],[-0.27065,53.39295],[-0.27175,53.3923],[-0.27235,53.3893],[-0.2715,53.38695],[-0.27005,53.38045],[-0.26535,53.3802],[-0.2592,53.3802],[-0.25595,53.3798],[-0.25425,53.37885],[-0.2535,53.37625],[-0.25375,53.3741],[-0.25075,53.369],[-0.24755,53.3685],[-0.2449,53.36755],[-0.24325,53.3675],[-0.2405,53.36605],[-0.24115,53.36395],[-0.23985,53.36235],[-0.23805,53.35855],[-0.2373,53.35645],[-0.2334,53.3535],[-0.2319,53.35145],[-0.2408,53.3491],[-0.24755,53.3461],[-0.25075,53.34545],[-0.25115,53.3447],[-0.2559,53.3441],[-0.25565,53.34045],[-0.2539,53.33785],[-0.2498,53.3336],[-0.25115,53.33285],[-0.248,53.3313],[-0.2451,53.3295],[-0.24205,53.32685],[-0.24105,53.32685],[-0.2361,53.3283],[-0.2341,53.3294],[-0.2336,53.3303],[-0.22865,53.33285],[-0.2236,53.33525],[-0.2203,53.3375],[-0.2191,53.3387],[-0.21705,53.33985],[-0.21535,53.33905],[-0.209,53.3355],[-0.20035,53.3291],[-0.1983,53.32715],[-0.19515,53.32545],[-0.1927,53.3237],[-0.18945,53.32015],[-0.18535,53.3171],[-0.18395,53.31745],[-0.18085,53.31615],[-0.1775,53.3142],[-0.1735,53.3144],[-0.1723,53.31135],[-0.1695,53.30705],[-0.16855,53.3047],[-0.167,53.30325],[-0.1659,53.29975],[-0.1622,53.2943],[-0.16305,53.29205],[-0.16385,53.28875],[-0.16275,53.2864],[-0.16245,53.28305],[-0.1636,53.2802],[-0.1568,53.2788],[-0.15235,53.27825],[-0.14775,53.27745],[-0.1441,53.2761],[-0.1341,53.27475],[-0.12315,53.27245],[-0.11685,53.27125],[-0.11155,53.2705],[-0.10395,53.26885],[-0.0999,53.2682],[-0.0973,53.2675],[-0.09315,53.26695],[-0.09145,53.2653],[-0.09065,53.26385],[-0.0904,53.2602],[-0.08995,53.2588],[-0.09015,53.2568],[-0.0917,53.252],[-0.09525,53.24685],[-0.084,53.24415],[-0.08615,53.24265],[-0.0836,53.2411],[-0.08135,53.23815],[-0.0809,53.23675],[-0.08175,53.2356],[-0.0799,53.2342],[-0.08305,53.2319],[-0.0797,53.23155],[-0.0756,53.2317],[-0.07505,53.23075],[-0.07235,53.22865],[-0.0734,53.22705],[-0.0701,53.2272],[-0.06965,53.22645],[-0.0671,53.2265],[-0.06395,53.2231],[-0.06115,53.2187],[-0.0594,53.21515],[-0.05705,53.21555],[-0.0538,53.2168],[-0.052,53.21855],[-0.04895,53.2205],[-0.04395,53.22145],[-0.0429,53.2199],[-0.0418,53.21695],[-0.04265,53.2163],[-0.0413,53.21385],[-0.0404,53.20995],[-0.04035,53.2077],[-0.03605,53.2071],[-0.0324,53.20715],[-0.02775,53.20765],[-0.018,53.2091],[-0.0146,53.20895],[-0.01045,53.20775],[-0.00575,53.20685],[-0.00115,53.2062],[0.00365,53.2064],[0.00525,53.207],[0.01025,53.2068],[0.01705,53.20615],[0.02885,53.20175],[0.031,53.2017],[0.0358,53.2026],[0.04055,53.20245],[0.04315,53.20205],[0.04495,53.20235],[0.04815,53.2035],[0.05195,53.20445],[0.0538,53.2046],[0.05955,53.20415],[0.0644,53.2028],[0.06745,53.20175],[0.07295,53.1989],[0.08,53.19705],[0.08225,53.19625],[0.08575,53.1957],[0.0874,53.1978],[0.0896,53.1987],[0.0921,53.20095],[0.0972,53.2062],[0.0995,53.2051],[0.10125,53.2017],[0.1058,53.19905],[0.10855,53.19665],[0.10935,53.1953],[0.1154,53.19515],[0.1182,53.19585],[0.1203,53.1945],[0.1239,53.19405],[0.12845,53.19455],[0.1309,53.19435],[0.1309,53.1928],[0.1299,53.19065],[0.1338,53.19015],[0.13755,53.18895],[0.14265,53.18875],[0.1459,53.18765],[0.14905,53.18615],[0.1565,53.1848],[0.16195,53.18455],[0.1642,53.18485],[0.1669,53.18415],[0.1722,53.18405],[0.17575,53.18455],[0.17865,53.1837],[0.1925,53.18295],[0.19415,53.1837],[0.19515,53.1872],[0.1978,53.1914],[0.1995,53.19325],[0.1991,53.1949],[0.20015,53.19535],[0.20425,53.19515],[0.2054,53.1967],[0.2042,53.19915],[0.203,53.19945],[0.20365,53.2023],[0.20355,53.2042],[0.2013,53.2079],[0.2011,53.20965],[0.1994,53.2115],[0.19975,53.21315],[0.20115,53.21375],[0.2015,53.21485],[0.19695,53.2213],[0.1912,53.2204],[0.18995,53.2225],[0.18835,53.22215],[0.1877,53.22345],[0.18315,53.2229],[0.1801,53.2262],[0.17925,53.2276],[0.178,53.22835],[0.17315,53.22815],[0.17245,53.22885],[0.1723,53.2306],[0.16965,53.23295],[0.16655,53.23435],[0.16485,53.23595],[0.16245,53.2376],[0.1576,53.2437],[0.1543,53.24675],[0.1474,53.25185],[0.1438,53.25545],[0.13575,53.25935],[0.12725,53.26305],[0.12475,53.2627],[0.1204,53.26325],[0.11895,53.2638],[0.1145,53.2668],[0.11275,53.2685],[0.11085,53.26915],[0.10855,53.2705],[0.10525,53.2718],[0.10375,53.27265],[0.10465,53.2746],[0.1073,53.27595],[0.10705,53.27645],[0.10365,53.2781],[0.0994,53.27915],[0.09805,53.2812],[0.09615,53.2848],[0.0954,53.2857],[0.09195,53.2879],[0.0862,53.2893],[0.08775,53.29205],[0.08555,53.29335],[0.08275,53.29575],[0.08055,53.29805],[0.0779,53.29965],[0.0755,53.30195],[0.0706,53.3054],[0.06725,53.30695],[0.0643,53.31085],[0.0617,53.31175],[0.06035,53.313],[0.0566,53.31285],[0.05525,53.3134],[0.05415,53.3159],[0.0505,53.31955],[0.04845,53.31955],[0.04655,53.3219],[0.04515,53.32295],[0.04415,53.32495],[0.0414,53.32725],[0.0396,53.3304],[0.0366,53.3323],[0.03595,53.33325],[0.03285,53.33505],[0.0366,53.3372],[0.03565,53.3385],[0.02915,53.3447],[0.02875,53.3459],[0.02555,53.3483],[0.0247,53.3484],[0.01885,53.3464],[0.01415,53.34515],[0.01065,53.3446],[0.00725,53.3417],[0.00325,53.34465],[0.00125,53.34585],[0.0002,53.3509],[-0.00185,53.35295],[-0.0024,53.35415],[-0.00235,53.35625],[-0.0055,53.35615],[-0.0078,53.35905],[-0.0127,53.35785],[-0.0144,53.3596],[-0.01315,53.3605],[-0.0138,53.3622],[-0.0151,53.364],[-0.01865,53.3626],[-0.0207,53.36285],[-0.022,53.3641],[-0.0234,53.36475],[-0.01845,53.36635],[-0.0193,53.36805],[-0.01905,53.3707],[-0.0221,53.37485],[-0.0246,53.3747],[-0.025,53.3758],[-0.0294,53.37575],[-0.02895,53.3809],[-0.02555,53.3847],[-0.02365,53.3847],[-0.02415,53.3868],[-0.0184,53.38815],[-0.0194,53.38935],[-0.0203,53.39155],[-0.02075,53.3949],[-0.022,53.39755],[-0.022,53.4001],[-0.02265,53.4022],[-0.0218,53.40525],[-0.02185,53.4069],[-0.02315,53.40885],[-0.025,53.40985],[-0.02655,53.41165],[-0.02675,53.41365],[-0.02765,53.416],[-0.03115,53.41995],[-0.03175,53.421],[-0.03425,53.42015],[-0.0451,53.41755],[-0.0463,53.4192],[-0.0484,53.42045],[-0.05235,53.42345],[-0.05425,53.42545],[-0.05715,53.428],[-0.05875,53.42985],[-0.0613,53.43195],[-0.065,53.4341],[-0.06765,53.43395],[-0.07035,53.4366],[-0.07055,53.4373],[-0.07275,53.43945],[-0.07385,53.4412],[-0.0788,53.4468],[-0.0797,53.44745],[-0.082,53.4503],[-0.08285,53.4523],[-0.08445,53.4543],[-0.08645,53.4558],[-0.089,53.4572]]]},"properties":{"kind":"aonb","name":"Lincolnshire Wolds"}},{"type":"Feature","geometry":{"type":"MultiPolygon","coordinates":[[[[-1.1342,51.56505],[-1.1348,51.5645],[-1.13855,51.56345],[-1.14085,51.5617],[-1.1423,51.5596],[-1.14275,51.5575],[-1.145,51.5558],[-1.14615,51.5544],[-1.147,51.5518],[-1.14625,51.5497],[-1.14525,51.5486],[-1.14155,51.5436],[-1.1365,51.5402],[-1.13445,51.53575],[-1.1346,51.533],[-1.13735,51.52945],[-1.138,51.5276],[-1.14005,51.5258],[-1.14355,51.5234],[-1.14375,51.52085],[-1.14315,51.52],[-1.14225,51.51665],[-1.14095,51.51515],[-1.1389,51.5143],[-1.1341,51.51135],[-1.12765,51.51185],[-1.12285,51.51195],[-1.11775,51.51155],[-1.115,51.51055],[-1.1131,51.5095],[-1.1116,51.50815],[-1.1094,51.50535],[-1.107,51.50105],[-1.10735,51.49975],[-1.1064,51.4968],[-1.1035,51.49105],[-1.10125,51.48925],[-1.091,51.4864],[-1.08975,51.4858],[-1.0879,51.4858],[-1.08235,51.4872],[-1.0776,51.4878],[-1.0725,51.4897],[-1.06855,51.49],[-1.06715,51.4905],[-1.06005,51.49175],[-1.05735,51.49205],[-1.05165,51.49195],[-1.0487,51.49085],[-1.0455,51.49],[-1.0426,51.4889],[-1.03975,51.48655],[-1.03965,51.48605],[-1.0395,51.4851],[-1.03185,51.4807],[-1.0298,51.48015],[-1.0281,51.4782],[-1.02575,51.47945],[-1.02275,51.47785],[-1.0221,51.4781],[-1.00685,51.47355],[-1.0038,51.47335],[-1.00245,51.47425],[-1.00005,51.475],[-0.99815,51.4776],[-0.9987,51.4803],[-0.99995,51.48145],[-0.998,51.4817],[-0.99755,51.48345],[-0.99925,51.4853],[-1.0007,51.48865],[-1.00195,51.4928],[-0.99545,51.49335],[-0.9942,51.4948],[-0.99265,51.4955],[-0.9914,51.4939],[-0.9883,51.49475],[-0.9839,51.4939],[-0.98425,51.49795],[-0.9826,51.49885],[-0.98115,51.49745],[-0.97905,51.49725],[-0.97755,51.4981],[-0.97685,51.49945],[-0.97735,51.50135],[-0.9774,51.5035],[-0.97955,51.50585],[-0.9824,51.51035],[-0.9835,51.5112],[-0.9867,51.51265],[-0.9879,51.5126],[-0.99065,51.51155],[-0.9933,51.51345],[-0.99285,51.51405],[-0.9888,51.5144],[-0.98945,51.5153],[-0.98795,51.51655],[-0.9899,51.5174],[-0.98645,51.51945],[-0.98835,51.52105],[-0.9875,51.52215],[-0.9853,51.52295],[-0.9877,51.52455],[-0.99095,51.52495],[-0.9927,51.52555],[-0.9907,51.527],[-0.9887,51.5278],[-0.98545,51.5255],[-0.9785,51.5234],[-0.97995,51.52185],[-0.97805,51.5215],[-0.9737,51.51995],[-0.9759,51.51935],[-0.97605,51.51805],[-0.97475,51.5166],[-0.97595,51.51595],[-0.97475,51.515],[-0.9757,51.5143],[-0.97525,51.51325],[-0.9709,51.50815],[-0.9693,51.507],[-0.9657,51.50545],[-0.96325,51.5039],[-0.96145,51.5034],[-0.9557,51.5027],[-0.95335,51.50135],[-0.95015,51.5003],[-0.9458,51.4999],[-0.94385,51.4992],[-0.9403,51.5013],[-0.9351,51.5037],[-0.9332,51.50495],[-0.9319,51.50405],[-0.9276,51.5019],[-0.9247,51.5024],[-0.92315,51.50305],[-0.9189,51.50295],[-0.91445,51.50355],[-0.912,51.5029],[-0.90855,51.50325],[-0.9089,51.5053],[-0.9061,51.505],[-0.9049,51.50535],[-0.90425,51.507],[-0.9027,51.5085],[-0.90355,51.51235],[-0.90055,51.5131],[-0.90155,51.51785],[-0.9032,51.51985],[-0.9002,51.52085],[-0.8989,51.52165],[-0.89995,51.52245],[-0.9025,51.52165],[-0.90715,51.5212],[-0.91155,51.52175],[-0.9179,51.5208],[-0.9196,51.5211],[-0.9185,51.5231],[-0.9219,51.5241],[-0.92335,51.52565],[-0.92385,51.5269],[-0.9291,51.5286],[-0.92815,51.53165],[-0.92685,51.5322],[-0.92325,51.5309],[-0.91675,51.53265],[-0.9156,51.53385],[-0.9173,51.534],[-0.9221,51.53645],[-0.91755,51.5361],[-0.9147,51.5386],[-0.91635,51.539],[-0.9188,51.5404],[-0.9179,51.54115],[-0.9151,51.54235],[-0.91775,51.5452],[-0.9191,51.5459],[-0.9219,51.5464],[-0.92525,51.5479],[-0.92385,51.54905],[-0.9227,51.5484],[-0.91995,51.54815],[-0.91795,51.5489],[-0.91165,51.54465],[-0.90825,51.5432],[-0.9076,51.54425],[-0.9044,51.5433],[-0.89855,51.54285],[-0.8974,51.5441],[-0.89395,51.54885],[-0.8918,51.5527],[-0.88955,51.556],[-0.8882,51.5585],[-0.8854,51.56065],[-0.8823,51.5618],[-0.8804,51.5621],[-0.8768,51.56195],[-0.87485,51.5614],[-0.87095,51.55855],[-0.86995,51.5571],[-0.86755,51.5559],[-0.86475,51.55285],[-0.8632,51.5494],[-0.8598,51.54835],[-0.85555,51.54825],[-0.8509,51.5465],[-0.84645,51.5451],[-0.84275,51.54475],[-0.8407,51.54525],[-0.83835,51.54685],[-0.83555,51.54665],[-0.83435,51.54545],[-0.83195,51.54495],[-0.82875,51.5457],[-0.8276,51.5468],[-0.8266,51.5489],[-0.82355,51.55105],[-0.8267,51.55135],[-0.82865,51.55205],[-0.8279,51.5534],[-0.8246,51.55645],[-0.8253,51.5588],[-0.82515,51.5602],[-0.8215,51.56135],[-0.8205,51.5608],[-0.8177,51.5611],[-0.81585,51.5582],[-0.816,51.55695],[-0.8152,51.55455],[-0.8133,51.5521],[-0.8106,51.55285],[-0.804,51.5556],[-0.7992,51.5585],[-0.79665,51.5598],[-0.79455,51.56145],[-0.79325,51.5631],[-0.79655,51.5646],[-0.79415,51.5662],[-0.79285,51.5658],[-0.79115,51.5665],[-0.79295,51.568],[-0.79155,51.56855],[-0.7951,51.5706],[-0.7984,51.57395],[-0.8012,51.57485],[-0.8011,51.57645],[-0.79945,51.57685],[-0.79735,51.5759],[-0.7913,51.5761],[-0.7877,51.57475],[-0.7861,51.5746],[-0.78475,51.5761],[-0.78535,51.57665],[-0.7834,51.5777],[-0.78505,51.57885],[-0.7824,51.57975],[-0.78355,51.58165],[-0.77975,51.5829],[-0.77895,51.5814],[-0.7745,51.58265],[-0.7696,51.5844],[-0.76745,51.58395],[-0.7655,51.58295],[-0.76405,51.58455],[-0.7613,51.58375],[-0.7579,51.5816],[-0.7555,51.5816],[-0.75235,51.58255],[-0.748,51.5843],[-0.74525,51.5852],[-0.74025,51.58605],[-0.73705,51.58605],[-0.7332,51.5867],[-0.73055,51.5867],[-0.7263,51.58615],[-0.72375,51.5853],[-0.71985,51.5848],[-0.718,51.5886],[-0.71555,51.5882],[-0.71465,51.59065],[-0.7125,51.5903],[-0.71005,51.59295],[-0.70835,51.5935],[-0.70595,51.5959],[-0.70805,51.5969],[-0.71025,51.5959],[-0.71275,51.59715],[-0.7153,51.59915],[-0.7142,51.60085],[-0.71295,51.60175],[-0.7167,51.604],[-0.7198,51.6054],[-0.72695,51.6069],[-0.73165,51.60855],[-0.73965,51.61015],[-0.74375,51.61155],[-0.7479,51.6141],[-0.7519,51.6143],[-0.75465,51.61415],[-0.7578,51.6135],[-0.76105,51.61315],[-0.7651,51.6124],[-0.7672,51.6116],[-0.77005,51.61155],[-0.7811,51.61005],[-0.7864,51.60955],[-0.7892,51.6098],[-0.79345,51.61085],[-0.79665,51.61195],[-0.79735,51.60965],[-0.79535,51.6093],[-0.7962,51.6074],[-0.80055,51.6071],[-0.80375,51.6064],[-0.8056,51.60465],[-0.80855,51.60605],[-0.81575,51.60855],[-0.8176,51.6106],[-0.8165,51.61185],[-0.81635,51.615],[-0.81095,51.6142],[-0.8024,51.6138],[-0.79995,51.61405],[-0.7998,51.6148],[-0.7977,51.61555],[-0.7955,51.61565],[-0.79575,51.61675],[-0.79225,51.6196],[-0.7917,51.6235],[-0.7939,51.62355],[-0.79255,51.628],[-0.795,51.62815],[-0.7955,51.6295],[-0.79915,51.6298],[-0.79845,51.6326],[-0.79285,51.63205],[-0.7905,51.63255],[-0.79075,51.6334],[-0.793,51.6331],[-0.79385,51.6346],[-0.7899,51.63465],[-0.7872,51.63545],[-0.7845,51.63665],[-0.78355,51.6393],[-0.78875,51.64115],[-0.79055,51.6415],[-0.7967,51.64465],[-0.7937,51.64565],[-0.792,51.64425],[-0.789,51.64295],[-0.78495,51.6417],[-0.78415,51.6426],[-0.7851,51.6448],[-0.78725,51.64415],[-0.78835,51.64485],[-0.78195,51.6462],[-0.78135,51.6475],[-0.7791,51.6474],[-0.77855,51.6481],[-0.77515,51.6495],[-0.7724,51.64905],[-0.769,51.649],[-0.76715,51.64925],[-0.76745,51.648],[-0.7697,51.6454],[-0.7691,51.64425],[-0.76465,51.6412],[-0.76275,51.64025],[-0.7601,51.63995],[-0.75945,51.64055],[-0.76125,51.64255],[-0.7611,51.6437],[-0.75825,51.64455],[-0.7567,51.64235],[-0.75325,51.64185],[-0.7459,51.64245],[-0.74475,51.6422],[-0.74215,51.6427],[-0.7414,51.6449],[-0.74,51.6468],[-0.73745,51.64905],[-0.7339,51.64835],[-0.73135,51.64915],[-0.72935,51.6502],[-0.7256,51.65085],[-0.7205,51.65125],[-0.71785,51.6527],[-0.7169,51.65385],[-0.7166,51.65635],[-0.71865,51.66035],[-0.72355,51.6605],[-0.72385,51.6613],[-0.722,51.66285],[-0.72135,51.6646],[-0.71835,51.6669],[-0.7147,51.6707],[-0.71325,51.67],[-0.70095,51.66835],[-0.70055,51.66905],[-0.6952,51.6682],[-0.6921,51.66885],[-0.6884,51.66885],[-0.6861,51.6695],[-0.6849,51.66765],[-0.6854,51.6663],[-0.6887,51.6663],[-0.689,51.66475],[-0.6909,51.66405],[-0.6882,51.66305],[-0.6908,51.66145],[-0.68875,51.6589],[-0.69745,51.65695],[-0.70035,51.65605],[-0.70215,51.65595],[-0.70535,51.6542],[-0.7092,51.6529],[-0.70635,51.65085],[-0.69985,51.64825],[-0.69935,51.6487],[-0.6969,51.64765],[-0.6953,51.6453],[-0.6939,51.64415],[-0.6941,51.64335],[-0.69275,51.6411],[-0.69135,51.6399],[-0.69275,51.6395],[-0.6918,51.6378],[-0.6909,51.63795],[-0.68965,51.63485],[-0.6886,51.6345],[-0.6882,51.63325],[-0.68905,51.6321],[-0.6907,51.6331],[-0.692,51.63465],[-0.6955,51.6343],[-0.69615,51.63075],[-0.6975,51.62895],[-0.6993,51.6277],[-0.70175,51.62465],[-0.70265,51.6211],[-0.7047,51.6197],[-0.70155,51.61855],[-0.70065,51.61745],[-0.7009,51.61555],[-0.6982,51.61465],[-0.7002,51.61245],[-0.69845,51.6114],[-0.69685,51.6119],[-0.696,51.6111],[-0.6927,51.61405],[-0.6901,51.61285],[-0.692,51.60885],[-0.68725,51.60765],[-0.68445,51.6073],[-0.67735,51.60765],[-0.6758,51.60825],[-0.67405,51.6063],[-0.6658,51.6087],[-0.66335,51.61035],[-0.66085,51.6108],[-0.659,51.6126],[-0.6592,51.61375],[-0.66095,51.6141],[-0.65945,51.61765],[-0.66215,51.61745],[-0.6653,51.61675],[-0.6661,51.6171],[-0.6654,51.6186],[-0.66265,51.6187],[-0.6598,51.6198],[-0.65905,51.6206],[-0.6611,51.62525],[-0.6604,51.6261],[-0.6587,51.62635],[-0.65875,51.62795],[-0.66075,51.62785],[-0.66085,51.62895],[-0.6584,51.6294],[-0.65445,51.62965],[-0.6532,51.62855],[-0.65265,51.6267],[-0.6513,51.6266],[-0.6524,51.62505],[-0.6506,51.6238],[-0.64635,51.62615],[-0.6453,51.6254],[-0.645,51.6242],[-0.6453,51.62205],[-0.64215,51.6219],[-0.64125,51.6215],[-0.63995,51.6192],[-0.6402,51.6174],[-0.6379,51.61735],[-0.6381,51.6158],[-0.63245,51.6165],[-0.63075,51.6168],[-0.6285,51.61635],[-0.62575,51.6148],[-0.6241,51.6142],[-0.6207,51.6144],[-0.61645,51.6141],[-0.61675,51.61605],[-0.61525,51.6168],[-0.6118,51.6205],[-0.61155,51.6221],[-0.61275,51.6237],[-0.61285,51.62525],[-0.61165,51.6269],[-0.60685,51.62995],[-0.6039,51.62935],[-0.60135,51.6281],[-0.60025,51.6291],[-0.59835,51.62865],[-0.59415,51.63195],[-0.59285,51.63415],[-0.59135,51.6359],[-0.59215,51.63645],[-0.59185,51.6379],[-0.59035,51.6406],[-0.58795,51.639],[-0.5854,51.63805],[-0.58275,51.63765],[-0.5816,51.63625],[-0.57955,51.63475],[-0.5732,51.6326],[-0.56915,51.63385],[-0.5686,51.63345],[-0.5647,51.63505],[-0.55935,51.63845],[-0.55625,51.64025],[-0.55425,51.63745],[-0.55525,51.6356],[-0.5521,51.63365],[-0.5466,51.6324],[-0.54495,51.6318],[-0.54345,51.6303],[-0.5398,51.62925],[-0.5364,51.6299],[-0.53465,51.63055],[-0.5357,51.63485],[-0.5356,51.6359],[-0.5344,51.6373],[-0.53925,51.638],[-0.539,51.6401],[-0.5379,51.6424],[-0.5349,51.64565],[-0.53245,51.6473],[-0.53065,51.64905],[-0.53675,51.6524],[-0.53455,51.6529],[-0.53595,51.65445],[-0.5322,51.6559],[-0.53285,51.6565],[-0.5268,51.65755],[-0.5308,51.6603],[-0.52955,51.66155],[-0.5241,51.65805],[-0.52285,51.6584],[-0.52225,51.66],[-0.5176,51.6578],[-0.5149,51.66045],[-0.5151,51.66265],[-0.51475,51.6653],[-0.51225,51.66385],[-0.5122,51.66225],[-0.50845,51.6625],[-0.5092,51.66015],[-0.5068,51.6596],[-0.5042,51.65975],[-0.5016,51.65885],[-0.50085,51.659],[-0.49935,51.66075],[-0.4985,51.6606],[-0.4967,51.6627],[-0.4937,51.6632],[-0.4923,51.66105],[-0.4922,51.6601],[-0.48995,51.65955],[-0.48685,51.6612],[-0.4821,51.66285],[-0.4848,51.6643],[-0.4862,51.66605],[-0.4848,51.667],[-0.48595,51.66845],[-0.48795,51.6697],[-0.49135,51.6724],[-0.49105,51.67305],[-0.49365,51.6743],[-0.49615,51.67495],[-0.4955,51.67615],[-0.4974,51.6766],[-0.4963,51.67825],[-0.4983,51.67965],[-0.4999,51.6814],[-0.5001,51.6834],[-0.50175,51.6848],[-0.50015,51.68565],[-0.5019,51.68685],[-0.50305,51.68645],[-0.50635,51.68885],[-0.5082,51.68975],[-0.50885,51.68905],[-0.5133,51.68965],[-0.519,51.68975],[-0.5194,51.6889],[-0.521,51.68895],[-0.52145,51.688],[-0.52605,51.68845],[-0.5271,51.68765],[-0.5304,51.68645],[-0.53435,51.6858],[-0.5416,51.68605],[-0.54535,51.685],[-0.54345,51.68935],[-0.5416,51.69065],[-0.5405,51.69365],[-0.5412,51.6956],[-0.54295,51.69505],[-0.54415,51.697],[-0.54695,51.69875],[-0.5467,51.7007],[-0.5478,51.7033],[-0.5526,51.7041],[-0.55605,51.706],[-0.55835,51.7084],[-0.56105,51.7063],[-0.5614,51.7053],[-0.5641,51.7035],[-0.56615,51.70265],[-0.56455,51.70075],[-0.56535,51.69885],[-0.5705,51.69675],[-0.5708,51.69865],[-0.5744,51.7001],[-0.57535,51.70245],[-0.5752,51.70325],[-0.57295,51.70395],[-0.57365,51.70635],[-0.57485,51.7067],[-0.57605,51.70835],[-0.57765,51.70805],[-0.58015,51.70635],[-0.58185,51.7061],[-0.58325,51.70735],[-0.58535,51.70725],[-0.58675,51.70935],[-0.5907,51.7095],[-0.59285,51.70715],[-0.5954,51.7076],[-0.59605,51.7068],[-0.59825,51.70715],[-0.6005,51.70655],[-0.60195,51.7067],[-0.6036,51.7084],[-0.6048,51.70855],[-0.608,51.70785],[-0.6097,51.7057],[-0.61085,51.7048],[-0.61095,51.7035],[-0.60935,51.70195],[-0.60735,51.70145],[-0.60445,51.7013],[-0.6051,51.70025],[-0.6042,51.6994],[-0.6026,51.6997],[-0.60095,51.69915],[-0.60005,51.70205],[-0.59705,51.70125],[-0.597,51.699],[-0.5989,51.6988],[-0.60075,51.69595],[-0.5992,51.69535],[-0.5925,51.6937],[-0.59125,51.6924],[-0.5884,51.69135],[-0.5875,51.6905],[-0.5883,51.6892],[-0.5907,51.6897],[-0.59275,51.6886],[-0.59085,51.68685],[-0.59005,51.685],[-0.59075,51.6827],[-0.59195,51.6816],[-0.5877,51.6792],[-0.5861,51.6791],[-0.5848,51.6773],[-0.58365,51.6783],[-0.58135,51.6767],[-0.5775,51.6776],[-0.57485,51.6783],[-0.5709,51.67745],[-0.5683,51.6772],[-0.56795,51.67515],[-0.56675,51.6745],[-0.5655,51.6749],[-0.56175,51.67405],[-0.55975,51.67325],[-0.56085,51.6716],[-0.5587,51.67135],[-0.55225,51.67165],[-0.5479,51.67125],[-0.54765,51.67055],[-0.5489,51.66885],[-0.54835,51.666],[-0.5476,51.66495],[-0.54715,51.6625],[-0.55205,51.66055],[-0.55595,51.65945],[-0.5559,51.65855],[-0.5545,51.65715],[-0.5561,51.65645],[-0.55785,51.65815],[-0.55975,51.6583],[-0.5631,51.66035],[-0.56535,51.6594],[-0.56425,51.65855],[-0.56825,51.65635],[-0.5706,51.6564],[-0.5733,51.65805],[-0.5733,51.65925],[-0.5743,51.66],[-0.57545,51.6635],[-0.57745,51.66505],[-0.5798,51.6631],[-0.58295,51.66135],[-0.5848,51.6597],[-0.5882,51.6579],[-0.5952,51.6607],[-0.59925,51.66285],[-0.60235,51.6637],[-0.60665,51.66415],[-0.60775,51.66315],[-0.6101,51.6642],[-0.61255,51.66435],[-0.61425,51.6635],[-0.61605,51.66425],[-0.61905,51.66355],[-0.62175,51.66135],[-0.62365,51.6613],[-0.6244,51.662],[-0.6225,51.6641],[-0.6202,51.6647],[-0.61955,51.6654],[-0.6241,51.66685],[-0.62435,51.66775],[-0.62735,51.6688],[-0.62655,51.66975],[-0.62415,51.6691],[-0.62295,51.67045],[-0.6208,51.6702],[-0.6181,51.6693],[-0.61385,51.66725],[-0.6123,51.6671],[-0.6091,51.666],[-0.60825,51.66725],[-0.6087,51.6704],[-0.6081,51.6723],[-0.60965,51.6741],[-0.61605,51.6755],[-0.62305,51.6783],[-0.626,51.6797],[-0.62875,51.68025],[-0.6254,51.6841],[-0.6228,51.68355],[-0.62195,51.6846],[-0.6248,51.6866],[-0.62435,51.68765],[-0.62205,51.6861],[-0.6215,51.6868],[-0.6192,51.6863],[-0.61875,51.68765],[-0.6198,51.68805],[-0.61735,51.6899],[-0.6174,51.69055],[-0.6153,51.6931],[-0.6126,51.6925],[-0.61305,51.69135],[-0.6096,51.6912],[-0.60775,51.6907],[-0.6084,51.68905],[-0.6111,51.68695],[-0.6095,51.6861],[-0.6054,51.68725],[-0.60275,51.68935],[-0.60165,51.69135],[-0.60295,51.6919],[-0.60795,51.6953],[-0.6093,51.69735],[-0.6114,51.69935],[-0.61415,51.69815],[-0.6205,51.70045],[-0.62135,51.6996],[-0.62285,51.7006],[-0.6204,51.7021],[-0.62305,51.7039],[-0.62195,51.7044],[-0.6191,51.70345],[-0.61885,51.7053],[-0.62265,51.70685],[-0.62545,51.70775],[-0.62365,51.70935],[-0.62625,51.71095],[-0.62765,51.7102],[-0.6337,51.7156],[-0.63415,51.7172],[-0.63695,51.7186],[-0.6385,51.719],[-0.63755,51.72005],[-0.6443,51.72205],[-0.6433,51.7232],[-0.6373,51.72135],[-0.63325,51.7199],[-0.632,51.71855],[-0.62955,51.7182],[-0.62765,51.7174],[-0.6267,51.716],[-0.6207,51.7195],[-0.61985,51.72105],[-0.6237,51.7221],[-0.62615,51.72385],[-0.62605,51.72605],[-0.62645,51.72915],[-0.62865,51.73025],[-0.6263,51.731],[-0.624,51.7312],[-0.6235,51.72735],[-0.6227,51.72555],[-0.6194,51.7266],[-0.61835,51.7245],[-0.61535,51.72185],[-0.6131,51.72205],[-0.61105,51.7216],[-0.60765,51.72195],[-0.608,51.72075],[-0.60755,51.7191],[-0.6061,51.71695],[-0.60105,51.71835],[-0.59895,51.7204],[-0.60065,51.72105],[-0.5999,51.7224],[-0.60405,51.72225],[-0.603,51.7263],[-0.60045,51.72545],[-0.59885,51.72865],[-0.59695,51.7281],[-0.5949,51.73055],[-0.596,51.73095],[-0.5943,51.73275],[-0.5962,51.73385],[-0.59435,51.73575],[-0.59605,51.73665],[-0.5964,51.7375],[-0.60005,51.7397],[-0.59855,51.74125],[-0.60365,51.7432],[-0.6053,51.74445],[-0.60615,51.7462],[-0.60625,51.74975],[-0.60085,51.7514],[-0.60435,51.75525],[-0.60305,51.7571],[-0.6045,51.75765],[-0.60355,51.75935],[-0.6014,51.76075],[-0.6013,51.7622],[-0.59925,51.76365],[-0.59845,51.76345],[-0.5967,51.765],[-0.5964,51.76645],[-0.59495,51.7681],[-0.5986,51.7709],[-0.60195,51.77315],[-0.60525,51.77415],[-0.60175,51.77795],[-0.6049,51.77995],[-0.6047,51.7813],[-0.6021,51.7799],[-0.594,51.77635],[-0.58875,51.77355],[-0.586,51.7725],[-0.58275,51.7746],[-0.5807,51.77415],[-0.576,51.7722],[-0.5653,51.76935],[-0.5637,51.76875],[-0.5631,51.7677],[-0.55965,51.76625],[-0.56125,51.76355],[-0.5599,51.76295],[-0.55665,51.76225],[-0.55425,51.763],[-0.55255,51.76585],[-0.5519,51.76815],[-0.54845,51.77005],[-0.545,51.771],[-0.54535,51.7662],[-0.5433,51.76615],[-0.545,51.7633],[-0.5478,51.7599],[-0.55065,51.75835],[-0.54825,51.75725],[-0.5409,51.75455],[-0.52825,51.7512],[-0.52655,51.75285],[-0.52685,51.75435],[-0.5257,51.7573],[-0.5244,51.7595],[-0.5278,51.76045],[-0.5261,51.76335],[-0.52505,51.7659],[-0.52585,51.76685],[-0.5289,51.76725],[-0.53005,51.76945],[-0.53345,51.7704],[-0.5328,51.77185],[-0.53575,51.7728],[-0.5311,51.77425],[-0.5288,51.7733],[-0.52315,51.77215],[-0.5209,51.77415],[-0.5175,51.7753],[-0.51615,51.77385],[-0.5134,51.7746],[-0.51255,51.77425],[-0.50955,51.7753],[-0.50845,51.7743],[-0.5034,51.7764],[-0.4991,51.77875],[-0.4942,51.7821],[-0.49235,51.78145],[-0.4911,51.78035],[-0.48405,51.78195],[-0.4817,51.78335],[-0.4787,51.7842],[-0.4777,51.78505],[-0.47385,51.78595],[-0.47185,51.78675],[-0.4689,51.78725],[-0.46625,51.78815],[-0.46175,51.79005],[-0.45695,51.79275],[-0.45395,51.7948],[-0.45115,51.7956],[-0.4474,51.79495],[-0.44395,51.7955],[-0.4416,51.7951],[-0.44085,51.7962],[-0.44095,51.80045],[-0.44,51.80235],[-0.44005,51.8048],[-0.43685,51.8057],[-0.43585,51.80635],[-0.43915,51.8085],[-0.43955,51.8103],[-0.44035,51.81185],[-0.43975,51.81245],[-0.4428,51.81455],[-0.44215,51.81545],[-0.44035,51.81465],[-0.43935,51.816],[-0.4396,51.818],[-0.442,51.82075],[-0.44205,51.82235],[-0.444,51.8232],[-0.4455,51.8244],[-0.4486,51.8261],[-0.44955,51.8257],[-0.45455,51.8286],[-0.45675,51.83025],[-0.46035,51.83385],[-0.4624,51.83345],[-0.4633,51.83405],[-0.46745,51.8318],[-0.46935,51.8301],[-0.472,51.8315],[-0.46915,51.8325],[-0.46835,51.8335],[-0.4676,51.83585],[-0.46825,51.83595],[-0.4684,51.8384],[-0.47045,51.8406],[-0.4691,51.84165],[-0.46625,51.83925],[-0.46365,51.83975],[-0.4547,51.84425],[-0.45995,51.8482],[-0.4612,51.84945],[-0.4626,51.8493],[-0.46595,51.8508],[-0.46815,51.853],[-0.47035,51.8576],[-0.4721,51.86015],[-0.47405,51.86145],[-0.4698,51.86275],[-0.46715,51.86305],[-0.4636,51.86405],[-0.4684,51.8662],[-0.4696,51.86795],[-0.46745,51.86885],[-0.4653,51.8688],[-0.46355,51.86825],[-0.46125,51.86945],[-0.4624,51.87015],[-0.46115,51.8711],[-0.46305,51.87275],[-0.46325,51.8742],[-0.46495,51.8761],[-0.46615,51.8768],[-0.46725,51.8784],[-0.4679,51.88135],[-0.46765,51.8826],[-0.47065,51.88315],[-0.47105,51.8851],[-0.47085,51.8866],[-0.4729,51.8876],[-0.4812,51.8883],[-0.48245,51.888],[-0.48855,51.888],[-0.49265,51.88745],[-0.5001,51.88485],[-0.50515,51.8827],[-0.5038,51.88165],[-0.4973,51.8781],[-0.49745,51.8775],[-0.49535,51.8758],[-0.49665,51.87505],[-0.49005,51.87],[-0.49345,51.86885],[-0.5003,51.8725],[-0.50175,51.87315],[-0.5046,51.87055],[-0.5097,51.87265],[-0.5145,51.87085],[-0.5171,51.87325],[-0.51955,51.8735],[-0.52155,51.8763],[-0.52605,51.87435],[-0.52905,51.87495],[-0.5317,51.87765],[-0.53325,51.8775],[-0.53535,51.87645],[-0.53715,51.8766],[-0.537,51.879],[-0.5387,51.87905],[-0.5393,51.88025],[-0.5412,51.8788],[-0.54155,51.8764],[-0.54545,51.87725],[-0.5488,51.87365],[-0.55165,51.8718],[-0.554,51.8685],[-0.55605,51.8663],[-0.55745,51.8637],[-0.55845,51.8625],[-0.5619,51.8598],[-0.5652,51.8587],[-0.56765,51.85685],[-0.57195,51.8541],[-0.5774,51.85135],[-0.586,51.8482],[-0.5928,51.84605],[-0.5958,51.84495],[-0.597,51.84725],[-0.5991,51.8486],[-0.6003,51.85075],[-0.60285,51.85335],[-0.60245,51.8541],[-0.6034,51.85545],[-0.6133,51.85135],[-0.61505,51.8488],[-0.6191,51.8468],[-0.624,51.84395],[-0.62545,51.84205],[-0.62745,51.84065],[-0.62895,51.8386],[-0.6261,51.83765],[-0.62775,51.8364],[-0.62595,51.8343],[-0.62645,51.8324],[-0.62245,51.8296],[-0.6254,51.82745],[-0.6264,51.82605],[-0.6296,51.8232],[-0.6313,51.82135],[-0.6344,51.81905],[-0.641,51.81635],[-0.64295,51.8161],[-0.6455,51.81515],[-0.6477,51.8136],[-0.64495,51.81175],[-0.6427,51.8107],[-0.6395,51.8068],[-0.63495,51.8022],[-0.63335,51.80115],[-0.6298,51.7999],[-0.63185,51.79935],[-0.6431,51.7986],[-0.6462,51.79825],[-0.64255,51.7972],[-0.64125,51.79625],[-0.63885,51.7918],[-0.64935,51.79115],[-0.6525,51.79305],[-0.6554,51.79385],[-0.6582,51.79375],[-0.65975,51.79335],[-0.65795,51.79075],[-0.663,51.79035],[-0.66885,51.7901],[-0.66945,51.78835],[-0.67185,51.7876],[-0.67285,51.7899],[-0.6779,51.7897],[-0.68215,51.7906],[-0.6818,51.79335],[-0.6822,51.7946],[-0.684,51.79625],[-0.6826,51.7972],[-0.68585,51.8006],[-0.68605,51.80145],[-0.68215,51.80275],[-0.6796,51.8016],[-0.6747,51.80625],[-0.67285,51.80635],[-0.6702,51.80765],[-0.6645,51.80685],[-0.66255,51.80685],[-0.65765,51.80925],[-0.6554,51.8091],[-0.6507,51.81135],[-0.6478,51.8136],[-0.6513,51.81545],[-0.65735,51.81605],[-0.6591,51.81555],[-0.66095,51.81665],[-0.66335,51.8168],[-0.6656,51.81605],[-0.66675,51.81645],[-0.667,51.8185],[-0.6734,51.8152],[-0.67635,51.8139],[-0.67915,51.8117],[-0.68,51.8097],[-0.68195,51.80875],[-0.68645,51.80575],[-0.6907,51.8063],[-0.6934,51.80715],[-0.694,51.8058],[-0.69725,51.8038],[-0.69565,51.8027],[-0.695,51.80155],[-0.69215,51.7999],[-0.6914,51.799],[-0.6932,51.7979],[-0.6953,51.7976],[-0.70195,51.79575],[-0.70305,51.79455],[-0.70635,51.79415],[-0.70945,51.7951],[-0.7125,51.7949],[-0.716,51.79385],[-0.7234,51.7897],[-0.7246,51.78855],[-0.7236,51.7871],[-0.72225,51.7871],[-0.72115,51.7853],[-0.7189,51.7851],[-0.7201,51.78335],[-0.7239,51.78],[-0.7213,51.7792],[-0.71805,51.77885],[-0.7178,51.777],[-0.71705,51.77625],[-0.7205,51.77425],[-0.72185,51.77235],[-0.72365,51.7705],[-0.72125,51.7696],[-0.7234,51.7669],[-0.72425,51.76635],[-0.73235,51.7653],[-0.7318,51.7637],[-0.7388,51.7622],[-0.73775,51.761],[-0.7373,51.75945],[-0.73535,51.7573],[-0.73505,51.75625],[-0.73615,51.75325],[-0.73685,51.75345],[-0.73905,51.756],[-0.74315,51.75845],[-0.7444,51.7597],[-0.7489,51.76215],[-0.75345,51.76435],[-0.75375,51.7656],[-0.7532,51.76735],[-0.7514,51.769],[-0.7478,51.77095],[-0.7519,51.77355],[-0.75485,51.7745],[-0.757,51.77445],[-0.7578,51.77325],[-0.75945,51.77285],[-0.7652,51.7729],[-0.77015,51.77095],[-0.7707,51.7704],[-0.7739,51.7705],[-0.7796,51.76875],[-0.7816,51.76735],[-0.787,51.765],[-0.78925,51.76305],[-0.7951,51.7611],[-0.80285,51.7578],[-0.80645,51.7568],[-0.8083,51.75535],[-0.808,51.75195],[-0.8095,51.7496],[-0.81225,51.7468],[-0.8151,51.745],[-0.82305,51.74115],[-0.827,51.7383],[-0.825,51.737],[-0.82825,51.7359],[-0.82885,51.7351],[-0.82625,51.7343],[-0.82545,51.73515],[-0.82065,51.7331],[-0.82355,51.73075],[-0.8224,51.7302],[-0.8235,51.7293],[-0.82315,51.72845],[-0.8239,51.7273],[-0.8201,51.72525],[-0.8218,51.7237],[-0.8234,51.72285],[-0.8221,51.7219],[-0.8249,51.721],[-0.82565,51.72005],[-0.8272,51.71945],[-0.83,51.7175],[-0.8329,51.7196],[-0.83575,51.71835],[-0.83295,51.7162],[-0.8362,51.7152],[-0.8368,51.71585],[-0.8387,51.71515],[-0.83985,51.71605],[-0.84125,51.7159],[-0.8444,51.714],[-0.8469,51.7093],[-0.8472,51.70735],[-0.8466,51.7054],[-0.862,51.7037],[-0.86685,51.70365],[-0.86745,51.7065],[-0.8693,51.7088],[-0.87015,51.71155],[-0.8724,51.71105],[-0.87375,51.7126],[-0.87715,51.7116],[-0.8776,51.7098],[-0.87985,51.70945],[-0.8835,51.7074],[-0.886,51.70545],[-0.89015,51.70365],[-0.8935,51.7009],[-0.90115,51.69585],[-0.91085,51.68905],[-0.91215,51.6882],[-0.9153,51.6871],[-0.92065,51.68435],[-0.93135,51.6809],[-0.9348,51.6789],[-0.94235,51.67555],[-0.94655,51.6742],[-0.95005,51.67255],[-0.95325,51.67195],[-0.95735,51.6678],[-0.9601,51.6704],[-0.9626,51.67095],[-0.96405,51.67025],[-0.9655,51.6705],[-0.97095,51.66975],[-0.97355,51.6689],[-0.9764,51.66715],[-0.97845,51.6664],[-0.98355,51.66335],[-0.98535,51.66275],[-0.9874,51.66145],[-0.9888,51.6595],[-0.99075,51.65745],[-0.9947,51.65435],[-0.9986,51.65075],[-1.00135,51.6477],[-0.99695,51.6462],[-0.9998,51.64335],[-0.998,51.6426],[-0.99995,51.6408],[-1.0036,51.6388],[-1.0052,51.6407],[-1.0072,51.6417],[-1.01025,51.64025],[-1.0117,51.6419],[-1.01175,51.6434],[-1.01425,51.64325],[-1.016,51.64195],[-1.0189,51.6405],[-1.02125,51.63845],[-1.02375,51.6373],[-1.0263,51.6356],[-1.0322,51.6339],[-1.03555,51.6315],[-1.04035,51.63055],[-1.04805,51.627],[-1.0538,51.62745],[-1.0606,51.62925],[-1.0674,51.6305],[-1.06945,51.6303],[-1.0732,51.62615],[-1.0773,51.6239],[-1.0782,51.6232],[-1.0789,51.6215],[-1.08125,51.6183],[-1.077,51.61665],[-1.0783,51.6151],[-1.0756,51.6128],[-1.0788,51.60965],[-1.0766,51.6091],[-1.0779,51.6072],[-1.07465,51.6062],[-1.07645,51.60465],[-1.07815,51.6046],[-1.091,51.60255],[-1.10025,51.60175],[-1.1032,51.5991],[-1.10705,51.597],[-1.10985,51.5972],[-1.1116,51.59685],[-1.11405,51.5973],[-1.11645,51.597],[-1.1172,51.5992],[-1.11675,51.5998],[-1.12,51.6005],[-1.1222,51.5965],[-1.12245,51.5948],[-1.1241,51.5915],[-1.12415,51.59045],[-1.124,51.5877],[-1.1251,51.5859],[-1.12645,51.5816],[-1.1261,51.5798],[-1.1263,51.5765],[-1.1258,51.5707],[-1.1284,51.56925],[-1.1294,51.5676],[-1.1342,51.56505]]],[[[-0.44755,51.93045],[-0.4447,51.93085],[-0.4398,51.93205],[-0.4398,51.9336],[-0.43385,51.93475],[-0.43095,51.93295],[-0.42715,51.93015],[-0.4243,51.92635],[-0.42355,51.92435],[-0.42215,51.9225],[-0.4221,51.91985],[-0.4213,51.91785],[-0.41995,51.9161],[-0.4171,51.91445],[-0.41445,51.91345],[-0.4093,51.91265],[-0.4069,51.91265],[-0.4079,51.90995],[-0.4072,51.9056],[-0.40595,51.9057],[-0.4053,51.9072],[-0.40245,51.90955],[-0.40145,51.9124],[-0.39655,51.9113],[-0.3964,51.912],[-0.3944,51.91375],[-0.3944,51.9149],[-0.39805,51.91775],[-0.39305,51.91865],[-0.38725,51.92095],[-0.38445,51.91955],[-0.3836,51.91825],[-0.38435,51.9174],[-0.3857,51.9142],[-0.3849,51.9118],[-0.3822,51.91395],[-0.37865,51.91735],[-0.3755,51.9192],[-0.37235,51.91995],[-0.36895,51.922],[-0.36705,51.9226],[-0.3644,51.9242],[-0.3608,51.92595],[-0.3548,51.92935],[-0.34675,51.93255],[-0.34335,51.9337],[-0.34045,51.93435],[-0.33415,51.93485],[-0.3276,51.93505],[-0.32195,51.93615],[-0.31765,51.93755],[-0.31125,51.9403],[-0.30655,51.9421],[-0.30785,51.94415],[-0.3084,51.94625],[-0.3099,51.9483],[-0.3116,51.9514],[-0.3159,51.9551],[-0.31795,51.9572],[-0.3309,51.96815],[-0.33435,51.9697],[-0.33635,51.9709],[-0.339,51.97185],[-0.3408,51.9734],[-0.34335,51.974],[-0.3479,51.97445],[-0.35075,51.9743],[-0.35605,51.9749],[-0.35895,51.97465],[-0.3589,51.97385],[-0.3608,51.96925],[-0.3647,51.96895],[-0.365,51.9685],[-0.36935,51.96855],[-0.36995,51.9675],[-0.3706,51.96405],[-0.37295,51.96505],[-0.37485,51.9638],[-0.37735,51.9655],[-0.3772,51.9666],[-0.3793,51.9666],[-0.38485,51.96735],[-0.3862,51.967],[-0.38805,51.96745],[-0.38915,51.967],[-0.39155,51.96685],[-0.39195,51.96515],[-0.3951,51.9647],[-0.3956,51.96325],[-0.3969,51.96195],[-0.3964,51.9607],[-0.40085,51.96155],[-0.405,51.9612],[-0.4114,51.9622],[-0.4171,51.9626],[-0.4185,51.9609],[-0.4219,51.9607],[-0.42195,51.95935],[-0.423,51.9592],[-0.42675,51.9599],[-0.4297,51.96105],[-0.4307,51.9603],[-0.4347,51.962],[-0.4352,51.9631],[-0.43515,51.96505],[-0.4376,51.965],[-0.44205,51.96385],[-0.44615,51.96505],[-0.4492,51.9639],[-0.4517,51.96745],[-0.45325,51.96785],[-0.4562,51.96745],[-0.4584,51.9657],[-0.46115,51.96835],[-0.4681,51.9705],[-0.47005,51.97075],[-0.4716,51.97005],[-0.47225,51.968],[-0.47425,51.9664],[-0.47655,51.96685],[-0.4795,51.96675],[-0.4828,51.9652],[-0.48585,51.9643],[-0.48805,51.96295],[-0.48675,51.9622],[-0.49,51.96115],[-0.48755,51.95835],[-0.48465,51.9567],[-0.4802,51.9546],[-0.4842,51.9523],[-0.48665,51.9495],[-0.4891,51.94825],[-0.48775,51.94715],[-0.48865,51.94645],[-0.48835,51.94525],[-0.48635,51.9442],[-0.48145,51.93965],[-0.47815,51.9414],[-0.47725,51.94045],[-0.47505,51.9392],[-0.47325,51.9375],[-0.4686,51.93865],[-0.4644,51.93865],[-0.4668,51.93735],[-0.47015,51.9336],[-0.4726,51.93235],[-0.4711,51.93125],[-0.4672,51.93005],[-0.4652,51.93045],[-0.46345,51.9319],[-0.46095,51.9301],[-0.45535,51.93015],[-0.45225,51.93055],[-0.4515,51.92965],[-0.44755,51.93045]]]]},"properties":{"kind":"aonb","name":"Chilterns"}},{"type":"Feature","geometry":{"type":"Polygon","coordinates":[[[-2.9478,50.7183],[-2.94485,50.7185],[-2.9408,50.7196],[-2.93895,50.71955],[-2.9377,50.72015],[-2.93715,50.7222],[-2.93385,50.7239],[-2.9301,50.72475],[-2.92945,50.7235],[-2.92775,50.7239],[-2.92745,50.7248],[-2.92875,50.726],[-2.9278,50.72725],[-2.928,50.7283],[-2.92645,50.7292],[-2.92375,50.72985],[-2.9206,50.7314],[-2.9132,50.73225],[-2.91265,50.733],[-2.91,50.73315],[-2.9038,50.73305],[-2.90235,50.7326],[-2.8969,50.73245],[-2.8897,50.7318],[-2.8806,50.73055],[-2.8748,50.7295],[-2.87255,50.72875],[-2.8697,50.72855],[-2.8616,50.7272],[-2.8572,50.72605],[-2.85175,50.72485],[-2.8475,50.72365],[-2.84625,50.72295],[-2.8441,50.7228],[-2.84155,50.7219],[-2.8371,50.72335],[-2.83085,50.72285],[-2.8253,50.7221],[-2.8198,50.7207],[-2.81655,50.71955],[-2.8147,50.7185],[-2.8114,50.7174],[-2.8074,50.7184],[-2.80415,50.7184],[-2.8005,50.7174],[-2.7954,50.71775],[-2.79345,50.71765],[-2.78365,50.7157],[-2.77925,50.71465],[-2.76955,50.71145],[-2.76395,50.71005],[-2.76315,50.70925],[-2.7448,50.704],[-2.7398,50.70235],[-2.7347,50.6999],[-2.73015,50.69815],[-2.7232,50.6959],[-2.70525,50.6895],[-2.70175,50.6884],[-2.6892,50.68395],[-2.67845,50.68005],[-2.67045,50.67695],[-2.64175,50.66555],[-2.6248,50.65835],[-2.6213,50.65665],[-2.61475,50.65385],[-2.6021,50.64805],[-2.5897,50.6421],[-2.5694,50.63195],[-2.55225,50.62305],[-2.54525,50.6195],[-2.52775,50.61005],[-2.5175,50.6042],[-2.5085,50.61125],[-2.50685,50.61275],[-2.50595,50.61445],[-2.50515,50.61755],[-2.5095,50.62285],[-2.51035,50.62535],[-2.5209,50.63165],[-2.5224,50.63255],[-2.5287,50.63535],[-2.53175,50.6388],[-2.53285,50.6405],[-2.535,50.64715],[-2.53895,50.652],[-2.5351,50.6562],[-2.5329,50.65775],[-2.53235,50.6602],[-2.52715,50.66095],[-2.52245,50.6602],[-2.4974,50.65775],[-2.48895,50.6565],[-2.4863,50.6564],[-2.47945,50.6531],[-2.47395,50.65195],[-2.4751,50.65395],[-2.4745,50.6564],[-2.4732,50.6577],[-2.47365,50.6585],[-2.47475,50.66065],[-2.47485,50.6619],[-2.4727,50.6621],[-2.4696,50.6629],[-2.468,50.6629],[-2.46595,50.66415],[-2.4644,50.66345],[-2.46525,50.65925],[-2.46645,50.65565],[-2.46635,50.6518],[-2.4607,50.6516],[-2.46015,50.65055],[-2.453,50.6484],[-2.4531,50.64775],[-2.44765,50.6461],[-2.42985,50.6441],[-2.4228,50.64625],[-2.41825,50.6467],[-2.41575,50.64625],[-2.41405,50.64635],[-2.40925,50.6475],[-2.4063,50.6473],[-2.4066,50.643],[-2.4088,50.6394],[-2.41,50.6356],[-2.41135,50.63375],[-2.41015,50.63285],[-2.40765,50.6327],[-2.40715,50.6341],[-2.4034,50.6351],[-2.39565,50.63655],[-2.3929,50.63645],[-2.38435,50.63535],[-2.38085,50.6355],[-2.3781,50.63495],[-2.3783,50.63415],[-2.3757,50.63325],[-2.37395,50.6335],[-2.37325,50.6329],[-2.36405,50.6307],[-2.3634,50.63105],[-2.3599,50.6314],[-2.35755,50.6313],[-2.35485,50.6308],[-2.35255,50.6311],[-2.34915,50.63075],[-2.3435,50.632],[-2.34,50.632],[-2.33485,50.63105],[-2.33455,50.63005],[-2.329,50.6263],[-2.32785,50.62645],[-2.32335,50.6247],[-2.3201,50.6255],[-2.31725,50.6251],[-2.3111,50.62565],[-2.3025,50.62485],[-2.2914,50.62265],[-2.28865,50.62275],[-2.28475,50.62235],[-2.27835,50.622],[-2.2762,50.62105],[-2.2741,50.62185],[-2.26995,50.6215],[-2.26545,50.6205],[-2.26005,50.6181],[-2.25865,50.6183],[-2.2551,50.61785],[-2.25185,50.6176],[-2.2499,50.617],[-2.2449,50.61635],[-2.23715,50.61595],[-2.2286,50.61605],[-2.22685,50.617],[-2.22425,50.61655],[-2.22285,50.6187],[-2.22035,50.62005],[-2.21585,50.62065],[-2.21325,50.6206],[-2.2099,50.62105],[-2.2087,50.62185],[-2.2068,50.62225],[-2.20395,50.62155],[-2.19925,50.62275],[-2.19595,50.6224],[-2.1896,50.6206],[-2.1871,50.61965],[-2.1851,50.61835],[-2.1847,50.61715],[-2.1865,50.61625],[-2.18705,50.61475],[-2.18275,50.61535],[-2.1792,50.61455],[-2.17535,50.6147],[-2.1702,50.61365],[-2.16585,50.6147],[-2.1627,50.61455],[-2.1582,50.61515],[-2.1561,50.61465],[-2.1543,50.6137],[-2.1515,50.61095],[-2.1491,50.6111],[-2.1473,50.61045],[-2.1468,50.60785],[-2.1444,50.6093],[-2.1434,50.61065],[-2.1421,50.6101],[-2.13915,50.60995],[-2.1378,50.61175],[-2.1345,50.61245],[-2.133,50.61205],[-2.12995,50.6105],[-2.12945,50.60955],[-2.1319,50.6081],[-2.1293,50.60515],[-2.1276,50.6039],[-2.12405,50.6034],[-2.1215,50.6026],[-2.11915,50.6014],[-2.11785,50.6003],[-2.11475,50.59895],[-2.11215,50.59855],[-2.10965,50.5982],[-2.1086,50.59745],[-2.1069,50.5967],[-2.10405,50.5969],[-2.09935,50.5981],[-2.091,50.59685],[-2.08865,50.596],[-2.0869,50.5958],[-2.0839,50.59485],[-2.08355,50.5941],[-2.0837,50.59475],[-2.08065,50.5948],[-2.07735,50.5954],[-2.0757,50.5947],[-2.07595,50.59345],[-2.07285,50.59165],[-2.07095,50.5927],[-2.06775,50.59225],[-2.0647,50.5937],[-2.0631,50.5926],[-2.0636,50.5913],[-2.0648,50.59065],[-2.06465,50.5885],[-2.064,50.58625],[-2.0624,50.5847],[-2.0618,50.58275],[-2.06215,50.5816],[-2.0586,50.5777],[-2.05715,50.5768],[-2.05435,50.57655],[-2.05325,50.57735],[-2.04715,50.5786],[-2.0461,50.57855],[-2.0421,50.57925],[-2.03935,50.58025],[-2.03495,50.58315],[-2.0328,50.584],[-2.031,50.58525],[-2.0283,50.58795],[-2.0264,50.58895],[-2.0251,50.58865],[-2.02095,50.589],[-2.016,50.5901],[-2.01055,50.59095],[-2.00915,50.5908],[-2.0055,50.59165],[-2.001,50.5913],[-1.99135,50.59095],[-1.991,50.5905],[-1.98705,50.59105],[-1.9845,50.5905],[-1.9805,50.59065],[-1.979,50.591],[-1.97715,50.59075],[-1.97445,50.59105],[-1.97035,50.5911],[-1.9661,50.59145],[-1.9615,50.59095],[-1.9596,50.5911],[-1.9571,50.59225],[-1.9536,50.59415],[-1.9516,50.59425],[-1.95085,50.5955],[-1.95095,50.5957],[-1.95175,50.59615],[-1.95315,50.5995],[-1.9525,50.60105],[-1.94965,50.60495],[-1.94395,50.60695],[-1.9443,50.6077],[-1.94625,50.6075],[-1.94825,50.60785],[-1.95005,50.6076],[-1.951,50.6081],[-1.9525,50.6075],[-1.95505,50.60835],[-1.95685,50.61125],[-1.9573,50.6144],[-1.9567,50.61645],[-1.95405,50.62095],[-1.95165,50.62425],[-1.9488,50.62655],[-1.94465,50.6289],[-1.9387,50.62985],[-1.93535,50.6307],[-1.93315,50.63095],[-1.93095,50.63445],[-1.9292,50.6366],[-1.9277,50.6374],[-1.92605,50.63915],[-1.9244,50.64205],[-1.92595,50.6425],[-1.9277,50.6419],[-1.9297,50.6424],[-1.93155,50.6423],[-1.93625,50.6416],[-1.94075,50.6413],[-1.9432,50.64235],[-1.946,50.64475],[-1.9494,50.64645],[-1.95005,50.6486],[-1.9521,50.65155],[-1.95265,50.6538],[-1.9514,50.6581],[-1.9493,50.6609],[-1.9474,50.66395],[-1.94525,50.6668],[-1.94135,50.6709],[-1.94065,50.67385],[-1.94435,50.67485],[-1.94725,50.67605],[-1.94825,50.6785],[-1.94985,50.68025],[-1.95165,50.6808],[-1.9526,50.6821],[-1.956,50.6841],[-1.95735,50.68685],[-1.957,50.6885],[-1.9548,50.6922],[-1.95325,50.6972],[-1.95415,50.69925],[-1.9585,50.7],[-1.96825,50.7016],[-1.9717,50.70225],[-1.9762,50.7034],[-1.98005,50.70385],[-1.9815,50.7044],[-1.98725,50.7052],[-1.99865,50.70385],[-2.00365,50.7027],[-2.0065,50.70235],[-2.01195,50.70285],[-2.01365,50.7034],[-2.0156,50.70485],[-2.01645,50.7062],[-2.0194,50.709],[-2.02255,50.71085],[-2.02615,50.7115],[-2.02925,50.7113],[-2.02925,50.71335],[-2.03595,50.71395],[-2.04115,50.7159],[-2.04315,50.7174],[-2.04265,50.7195],[-2.0482,50.7182],[-2.05665,50.7178],[-2.0605,50.7174],[-2.0662,50.71635],[-2.0709,50.71485],[-2.0955,50.70245],[-2.10485,50.69765],[-2.1025,50.6952],[-2.10335,50.6935],[-2.1046,50.6924],[-2.10735,50.69235],[-2.10815,50.69085],[-2.1066,50.68995],[-2.10525,50.68675],[-2.1024,50.6868],[-2.1002,50.68715],[-2.0991,50.6854],[-2.10445,50.68445],[-2.104,50.6832],[-2.1104,50.68395],[-2.11235,50.6827],[-2.1131,50.68315],[-2.11575,50.6813],[-2.12125,50.67955],[-2.12385,50.6819],[-2.1247,50.6833],[-2.1265,50.68325],[-2.13545,50.6826],[-2.1428,50.6819],[-2.15395,50.6825],[-2.1706,50.68315],[-2.18005,50.683],[-2.1819,50.6832],[-2.18245,50.68235],[-2.18805,50.68235],[-2.2102,50.68195],[-2.20975,50.67955],[-2.20805,50.67835],[-2.20475,50.67775],[-2.206,50.6727],[-2.20765,50.67135],[-2.21015,50.6711],[-2.2157,50.66975],[-2.22115,50.6693],[-2.22405,50.66935],[-2.2283,50.66995],[-2.2334,50.66975],[-2.23545,50.6705],[-2.2384,50.6707],[-2.24305,50.6706],[-2.2431,50.66865],[-2.2441,50.66595],[-2.2437,50.66265],[-2.2456,50.66235],[-2.24935,50.66225],[-2.2548,50.66275],[-2.26,50.66465],[-2.26325,50.6673],[-2.2645,50.6694],[-2.2693,50.66955],[-2.2724,50.66905],[-2.2804,50.66635],[-2.28475,50.6653],[-2.28905,50.6636],[-2.29735,50.66315],[-2.2998,50.6632],[-2.3046,50.66295],[-2.30805,50.66315],[-2.31475,50.66325],[-2.31775,50.66355],[-2.32095,50.6653],[-2.32445,50.6656],[-2.33385,50.664],[-2.33745,50.66395],[-2.3402,50.6643],[-2.3475,50.6618],[-2.3513,50.6609],[-2.35675,50.6614],[-2.36235,50.66325],[-2.3649,50.6635],[-2.36865,50.66315],[-2.3704,50.66245],[-2.37285,50.66405],[-2.37365,50.66625],[-2.37605,50.66825],[-2.3779,50.6721],[-2.37925,50.6736],[-2.38355,50.67455],[-2.38965,50.6749],[-2.3904,50.676],[-2.3932,50.67755],[-2.3974,50.6822],[-2.39575,50.68305],[-2.39675,50.68395],[-2.39935,50.68845],[-2.4021,50.69215],[-2.40335,50.69315],[-2.4032,50.6962],[-2.40415,50.69705],[-2.409,50.69805],[-2.4116,50.6998],[-2.4137,50.70245],[-2.41975,50.701],[-2.4233,50.6998],[-2.42615,50.69935],[-2.4306,50.6993],[-2.4358,50.6986],[-2.4548,50.6997],[-2.46145,50.7021],[-2.46325,50.709],[-2.4631,50.71225],[-2.46335,50.7151],[-2.46275,50.71725],[-2.46045,50.7213],[-2.46105,50.7233],[-2.46435,50.72625],[-2.4701,50.72965],[-2.47725,50.7328],[-2.48145,50.73575],[-2.48335,50.73765],[-2.4867,50.74025],[-2.4895,50.74185],[-2.4791,50.7457],[-2.47775,50.7467],[-2.47515,50.7473],[-2.47045,50.74905],[-2.4598,50.7532],[-2.4578,50.75465],[-2.4563,50.75855],[-2.4543,50.7609],[-2.4507,50.7629],[-2.44745,50.76295],[-2.44385,50.7642],[-2.4217,50.77005],[-2.41855,50.77055],[-2.4143,50.77095],[-2.40975,50.772],[-2.4052,50.7737],[-2.3955,50.77815],[-2.3867,50.7801],[-2.3734,50.78155],[-2.3713,50.78355],[-2.37105,50.78475],[-2.36725,50.7857],[-2.3642,50.78545],[-2.3619,50.78355],[-2.35845,50.78135],[-2.3541,50.77915],[-2.34925,50.77785],[-2.3469,50.77765],[-2.3423,50.77645],[-2.3369,50.77355],[-2.3337,50.7736],[-2.3281,50.7725],[-2.32645,50.7705],[-2.32195,50.77085],[-2.31725,50.77025],[-2.31685,50.76805],[-2.3133,50.7701],[-2.31085,50.77255],[-2.30985,50.7739],[-2.3102,50.77495],[-2.30795,50.7777],[-2.3074,50.7795],[-2.30585,50.78125],[-2.3052,50.7836],[-2.3028,50.7858],[-2.3003,50.7875],[-2.2995,50.7887],[-2.30055,50.7892],[-2.30265,50.79205],[-2.3055,50.7943],[-2.3065,50.79465],[-2.30835,50.79625],[-2.3108,50.7996],[-2.30635,50.80225],[-2.2981,50.80755],[-2.2936,50.8056],[-2.28845,50.80455],[-2.2862,50.8033],[-2.28335,50.8007],[-2.2819,50.80015],[-2.27745,50.80065],[-2.27785,50.8023],[-2.27585,50.80195],[-2.27395,50.80225],[-2.2617,50.80305],[-2.2613,50.80265],[-2.25805,50.80265],[-2.25455,50.80425],[-2.2516,50.80365],[-2.2498,50.8024],[-2.24675,50.8011],[-2.24185,50.8002],[-2.2374,50.8002],[-2.23325,50.8007],[-2.2339,50.80135],[-2.2275,50.8037],[-2.22545,50.80565],[-2.21965,50.8121],[-2.2174,50.8137],[-2.21535,50.81455],[-2.21075,50.81585],[-2.2049,50.8192],[-2.2066,50.8219],[-2.20865,50.82275],[-2.20845,50.82375],[-2.20635,50.82825],[-2.19955,50.8295],[-2.19755,50.82965],[-2.1954,50.8309],[-2.19345,50.83265],[-2.1916,50.83805],[-2.1884,50.84275],[-2.1834,50.84475],[-2.18185,50.84745],[-2.17805,50.84775],[-2.17385,50.8486],[-2.16995,50.8497],[-2.1668,50.8515],[-2.1668,50.853],[-2.16965,50.85335],[-2.173,50.85415],[-2.17405,50.85475],[-2.1755,50.85825],[-2.17615,50.86155],[-2.17525,50.8638],[-2.17175,50.867],[-2.17095,50.86875],[-2.17115,50.86985],[-2.1739,50.8715],[-2.1769,50.8719],[-2.17765,50.8723],[-2.17985,50.8724],[-2.18435,50.87345],[-2.18875,50.87365],[-2.19175,50.87415],[-2.19365,50.87535],[-2.1951,50.87705],[-2.19565,50.8799],[-2.19695,50.88145],[-2.19775,50.8836],[-2.19795,50.88505],[-2.19755,50.88585],[-2.1976,50.8876],[-2.1949,50.8905],[-2.1945,50.8917],[-2.19345,50.89335],[-2.1936,50.8953],[-2.1932,50.8963],[-2.1932,50.89725],[-2.1934,50.89745],[-2.19455,50.8973],[-2.19665,50.89765],[-2.2,50.89935],[-2.2002,50.90105],[-2.19875,50.90145],[-2.19805,50.90335],[-2.19765,50.9035],[-2.19245,50.9042],[-2.1921,50.9044],[-2.19435,50.9087],[-2.1949,50.91065],[-2.1972,50.91015],[-2.19985,50.9105],[-2.20035,50.9118],[-2.20135,50.91195],[-2.2023,50.9132],[-2.20605,50.9135],[-2.21305,50.91525],[-2.2153,50.9164],[-2.21745,50.9183],[-2.2192,50.9189],[-2.2225,50.92145],[-2.227,50.92345],[-2.2273,50.9214],[-2.23015,50.91925],[-2.23005,50.91745],[-2.2327,50.9156],[-2.23555,50.9148],[-2.2368,50.91335],[-2.23585,50.9112],[-2.23725,50.91055],[-2.23655,50.90915],[-2.2348,50.90765],[-2.2339,50.90565],[-2.23185,50.90365],[-2.23245,50.90285],[-2.2313,50.90115],[-2.2291,50.90015],[-2.22955,50.89665],[-2.23115,50.8946],[-2.2335,50.8949],[-2.23675,50.8943],[-2.2401,50.8943],[-2.23805,50.8927],[-2.2388,50.8923],[-2.24225,50.8925],[-2.2436,50.8921],[-2.24785,50.89425],[-2.25155,50.89485],[-2.255,50.89565],[-2.26005,50.89595],[-2.26435,50.8957],[-2.2678,50.895],[-2.27435,50.8961],[-2.27505,50.89685],[-2.27705,50.89725],[-2.2777,50.89635],[-2.28015,50.8915],[-2.28415,50.88915],[-2.28545,50.8872],[-2.28815,50.8848],[-2.28875,50.88355],[-2.29205,50.8808],[-2.29415,50.87995],[-2.2956,50.87875],[-2.29785,50.8786],[-2.30095,50.87715],[-2.30285,50.87385],[-2.3028,50.8722],[-2.3037,50.87015],[-2.30325,50.86905],[-2.3068,50.86885],[-2.30895,50.8673],[-2.31175,50.86665],[-2.31665,50.86465],[-2.31935,50.86735],[-2.3212,50.86795],[-2.32315,50.8675],[-2.32805,50.8681],[-2.33,50.86785],[-2.33435,50.8667],[-2.33765,50.8667],[-2.339,50.8664],[-2.3404,50.8675],[-2.3421,50.86955],[-2.3448,50.87125],[-2.34625,50.87135],[-2.3503,50.8707],[-2.35025,50.87],[-2.35625,50.86625],[-2.3617,50.86375],[-2.3659,50.8624],[-2.3648,50.86025],[-2.3647,50.85885],[-2.3618,50.8563],[-2.361,50.8553],[-2.36145,50.8544],[-2.3612,50.85255],[-2.36465,50.8523],[-2.36735,50.85005],[-2.3675,50.84785],[-2.3681,50.84685],[-2.3744,50.84505],[-2.37715,50.84745],[-2.37945,50.8474],[-2.3827,50.84635],[-2.38555,50.8447],[-2.3877,50.8445],[-2.39165,50.84335],[-2.3957,50.84255],[-2.40105,50.84235],[-2.4035,50.8426],[-2.40875,50.845],[-2.41125,50.8452],[-2.4133,50.8461],[-2.41515,50.84465],[-2.41625,50.84515],[-2.4133,50.8481],[-2.4225,50.85105],[-2.42395,50.8506],[-2.42505,50.8517],[-2.42325,50.8548],[-2.4247,50.8562],[-2.4234,50.8572],[-2.4236,50.8602],[-2.42435,50.86225],[-2.4256,50.86285],[-2.4235,50.86375],[-2.42375,50.8668],[-2.4279,50.8692],[-2.4307,50.8685],[-2.43265,50.8675],[-2.4347,50.867],[-2.43575,50.86755],[-2.43575,50.86915],[-2.43845,50.86855],[-2.44035,50.8673],[-2.44585,50.8658],[-2.4464,50.86355],[-2.4519,50.86145],[-2.45445,50.8615],[-2.4553,50.8623],[-2.4621,50.8614],[-2.46375,50.8629],[-2.4638,50.8637],[-2.46725,50.8634],[-2.4685,50.86295],[-2.4722,50.86555],[-2.47535,50.86655],[-2.47725,50.8677],[-2.48105,50.86765],[-2.4855,50.8651],[-2.4871,50.86445],[-2.4873,50.86345],[-2.49195,50.8636],[-2.4997,50.86125],[-2.50255,50.85985],[-2.50355,50.85815],[-2.50545,50.85805],[-2.5102,50.85655],[-2.5127,50.859],[-2.5189,50.85845],[-2.5226,50.858],[-2.5268,50.85665],[-2.52765,50.85595],[-2.53205,50.85375],[-2.5321,50.85215],[-2.5334,50.85025],[-2.53555,50.8499],[-2.53655,50.84855],[-2.53985,50.84735],[-2.54355,50.8464],[-2.54655,50.8453],[-2.5515,50.84495],[-2.55335,50.8457],[-2.5569,50.84775],[-2.55835,50.8497],[-2.55875,50.85245],[-2.5581,50.8536],[-2.55775,50.8564],[-2.55705,50.85815],[-2.55875,50.86065],[-2.56025,50.8608],[-2.5604,50.862],[-2.5633,50.8629],[-2.56345,50.86395],[-2.56695,50.86335],[-2.5675,50.86295],[-2.5706,50.86335],[-2.5745,50.8626],[-2.5759,50.86185],[-2.5782,50.86255],[-2.57945,50.8635],[-2.5813,50.8634],[-2.5825,50.86465],[-2.58555,50.86565],[-2.5896,50.86515],[-2.59195,50.8674],[-2.5959,50.86835],[-2.59655,50.8711],[-2.59765,50.87265],[-2.60055,50.8728],[-2.60245,50.87375],[-2.60425,50.8732],[-2.6065,50.87405],[-2.6101,50.8748],[-2.61135,50.8766],[-2.61305,50.8773],[-2.61305,50.8783],[-2.6112,50.88125],[-2.6122,50.8832],[-2.6115,50.8846],[-2.61485,50.8839],[-2.61555,50.8819],[-2.61755,50.88105],[-2.6205,50.88125],[-2.62455,50.87945],[-2.6272,50.8799],[-2.628,50.88425],[-2.6279,50.8863],[-2.6309,50.8858],[-2.63755,50.8869],[-2.6424,50.88675],[-2.64305,50.8873],[-2.64615,50.88745],[-2.64735,50.88555],[-2.64725,50.88475],[-2.65035,50.88335],[-2.65855,50.8867],[-2.66065,50.88715],[-2.6612,50.88655],[-2.6648,50.8849],[-2.6661,50.8837],[-2.66855,50.88265],[-2.6719,50.88055],[-2.67475,50.8792],[-2.6789,50.8775],[-2.6824,50.87695],[-2.68625,50.8769],[-2.6955,50.876],[-2.69565,50.8747],[-2.69675,50.87375],[-2.69955,50.8728],[-2.7029,50.8732],[-2.7066,50.8705],[-2.7071,50.86975],[-2.71115,50.87005],[-2.7117,50.8708],[-2.7144,50.87115],[-2.71425,50.8682],[-2.7138,50.86695],[-2.7145,50.86395],[-2.71825,50.8641],[-2.72135,50.86495],[-2.72295,50.8662],[-2.72535,50.8653],[-2.73,50.8647],[-2.73245,50.86495],[-2.73745,50.8642],[-2.73945,50.86465],[-2.75025,50.8638],[-2.7535,50.86415],[-2.75445,50.8648],[-2.7552,50.86645],[-2.7544,50.8679],[-2.75515,50.8689],[-2.7554,50.8711],[-2.75505,50.87295],[-2.75525,50.87445],[-2.75675,50.8746],[-2.75815,50.8731],[-2.75955,50.8707],[-2.7608,50.8699],[-2.75985,50.86605],[-2.76085,50.86335],[-2.7609,50.8615],[-2.7628,50.8606],[-2.7675,50.86075],[-2.76975,50.86035],[-2.77415,50.86065],[-2.77865,50.8605],[-2.78235,50.8597],[-2.78415,50.8568],[-2.7862,50.8545],[-2.7878,50.8537],[-2.7924,50.85285],[-2.79365,50.85335],[-2.7954,50.8548],[-2.79905,50.85545],[-2.80705,50.85895],[-2.8057,50.8612],[-2.8084,50.8633],[-2.81145,50.86195],[-2.81315,50.86045],[-2.8151,50.8578],[-2.8178,50.8556],[-2.82055,50.8539],[-2.82225,50.85345],[-2.8245,50.8521],[-2.8258,50.8509],[-2.8272,50.85065],[-2.82835,50.8518],[-2.83145,50.8532],[-2.83335,50.853],[-2.83645,50.8532],[-2.8381,50.854],[-2.8403,50.8538],[-2.8448,50.8524],[-2.84495,50.85065],[-2.8435,50.8496],[-2.84205,50.84655],[-2.8419,50.84515],[-2.84085,50.84315],[-2.8397,50.8422],[-2.8391,50.83945],[-2.83845,50.8384],[-2.8396,50.83685],[-2.84,50.83505],[-2.843,50.83375],[-2.84595,50.8343],[-2.8479,50.8335],[-2.852,50.8329],[-2.85445,50.8328],[-2.8558,50.8322],[-2.86025,50.83335],[-2.86485,50.833],[-2.8671,50.83375],[-2.87065,50.8331],[-2.8731,50.83385],[-2.874,50.8348],[-2.8729,50.83775],[-2.8711,50.8384],[-2.8694,50.8384],[-2.8688,50.83955],[-2.869,50.8409],[-2.87025,50.8409],[-2.87,50.84365],[-2.87285,50.84845],[-2.8765,50.84915],[-2.8785,50.8488],[-2.87925,50.8464],[-2.88055,50.84665],[-2.88125,50.848],[-2.8829,50.84825],[-2.8826,50.8492],[-2.8848,50.8496],[-2.8861,50.85055],[-2.88935,50.85],[-2.89025,50.84905],[-2.8925,50.84835],[-2.8937,50.84675],[-2.89495,50.84665],[-2.89735,50.84755],[-2.89865,50.8468],[-2.90085,50.84665],[-2.90315,50.84375],[-2.90655,50.8437],[-2.9104,50.8447],[-2.912,50.84415],[-2.9126,50.84305],[-2.91415,50.84205],[-2.92,50.84155],[-2.92155,50.84015],[-2.9252,50.83945],[-2.9273,50.8397],[-2.9283,50.84075],[-2.93005,50.84095],[-2.93265,50.8407],[-2.93645,50.83835],[-2.93715,50.8374],[-2.9392,50.8371],[-2.9418,50.83575],[-2.94425,50.83325],[-2.9438,50.83265],[-2.9445,50.8312],[-2.94415,50.82925],[-2.946,50.82885],[-2.94605,50.82635],[-2.94775,50.8253],[-2.94725,50.82385],[-2.9493,50.82265],[-2.9515,50.82285],[-2.95315,50.82215],[-2.95545,50.8202],[-2.958,50.8201],[-2.95875,50.8188],[-2.95805,50.818],[-2.95955,50.8168],[-2.95905,50.81605],[-2.95665,50.81585],[-2.9526,50.81505],[-2.94985,50.815],[-2.9479,50.8154],[-2.94715,50.81425],[-2.94415,50.8134],[-2.9426,50.8119],[-2.9383,50.8098],[-2.9368,50.8101],[-2.93445,50.8092],[-2.9296,50.809],[-2.9286,50.80835],[-2.9245,50.8082],[-2.9219,50.8069],[-2.92105,50.80695],[-2.9185,50.80565],[-2.91765,50.8059],[-2.91535,50.8053],[-2.91215,50.80525],[-2.9105,50.80475],[-2.9075,50.80465],[-2.90555,50.80525],[-2.90295,50.80475],[-2.9001,50.8051],[-2.8972,50.8045],[-2.89565,50.80495],[-2.8927,50.80465],[-2.89135,50.8059],[-2.8877,50.8077],[-2.8853,50.8083],[-2.88275,50.8084],[-2.8814,50.8103],[-2.88005,50.80985],[-2.87815,50.81075],[-2.87375,50.80875],[-2.8713,50.8065],[-2.86865,50.8058],[-2.8679,50.8032],[-2.8705,50.8035],[-2.871,50.80405],[-2.8753,50.8023],[-2.87735,50.80035],[-2.87955,50.80135],[-2.88435,50.8013],[-2.8855,50.7991],[-2.88505,50.79765],[-2.8837,50.7966],[-2.88285,50.79365],[-2.88555,50.79335],[-2.88635,50.7907],[-2.88895,50.79055],[-2.8891,50.78785],[-2.89065,50.78485],[-2.8896,50.783],[-2.8913,50.78265],[-2.89315,50.78075],[-2.8946,50.78035],[-2.8959,50.7814],[-2.89825,50.78235],[-2.90155,50.78285],[-2.90475,50.7822],[-2.9066,50.77985],[-2.91015,50.7765],[-2.914,50.77625],[-2.91525,50.77685],[-2.9165,50.77885],[-2.91625,50.7803],[-2.9179,50.78285],[-2.9209,50.7822],[-2.9236,50.78255],[-2.92535,50.78155],[-2.92905,50.78105],[-2.9349,50.77935],[-2.94075,50.77725],[-2.9414,50.7781],[-2.9457,50.7746],[-2.95215,50.76965],[-2.95435,50.7678],[-2.9561,50.76485],[-2.9563,50.76345],[-2.9575,50.7619],[-2.9578,50.7608],[-2.95295,50.7614],[-2.95015,50.76105],[-2.93855,50.7567],[-2.93505,50.75425],[-2.9364,50.75305],[-2.93995,50.7516],[-2.94065,50.74865],[-2.93825,50.74595],[-2.9382,50.7441],[-2.9407,50.7426],[-2.94475,50.73895],[-2.9466,50.7368],[-2.9465,50.7356],[-2.9478,50.73375],[-2.9497,50.73225],[-2.95295,50.72875],[-2.95265,50.7246],[-2.9487,50.72125],[-2.9488,50.7199],[-2.9478,50.7183]]]},"properties":{"kind":"aonb","name":"Dorset"}},{"type":"Feature","geometry":{"type":"Polygon","coordinates":[[[-1.1342,51.56505],[-1.1358,51.5661],[-1.13885,51.5675],[-1.14325,51.56865],[-1.15695,51.5707],[-1.15755,51.5694],[-1.1622,51.57295],[-1.1599,51.57595],[-1.1556,51.5792],[-1.1507,51.58405],[-1.15175,51.5866],[-1.15135,51.59045],[-1.1495,51.5924],[-1.14955,51.59415],[-1.15235,51.5951],[-1.15615,51.59525],[-1.1602,51.5948],[-1.16325,51.59425],[-1.16945,51.5925],[-1.17005,51.59335],[-1.17365,51.59435],[-1.1774,51.59735],[-1.17905,51.60195],[-1.1819,51.604],[-1.18185,51.60735],[-1.1874,51.60785],[-1.1868,51.6101],[-1.18465,51.6119],[-1.18265,51.61295],[-1.17865,51.6146],[-1.17505,51.61435],[-1.174,51.61585],[-1.17165,51.6158],[-1.1703,51.61865],[-1.16415,51.61725],[-1.15725,51.61615],[-1.15365,51.61535],[-1.1488,51.61245],[-1.1452,51.611],[-1.1442,51.6116],[-1.1407,51.61225],[-1.13825,51.61305],[-1.13835,51.6136],[-1.1344,51.61465],[-1.1336,51.6141],[-1.1296,51.61535],[-1.1276,51.6133],[-1.1255,51.60915],[-1.1232,51.6058],[-1.12,51.6058],[-1.1179,51.6076],[-1.1153,51.60725],[-1.114,51.61155],[-1.11435,51.6136],[-1.11415,51.61535],[-1.11535,51.6169],[-1.11525,51.61905],[-1.11625,51.61985],[-1.1197,51.62105],[-1.1255,51.62225],[-1.12845,51.62205],[-1.12975,51.6227],[-1.13935,51.62415],[-1.14135,51.62425],[-1.144,51.62525],[-1.14325,51.62695],[-1.14415,51.6279],[-1.1466,51.6276],[-1.14855,51.62875],[-1.14865,51.6307],[-1.1476,51.6323],[-1.14905,51.634],[-1.15265,51.63465],[-1.15545,51.6361],[-1.1587,51.63605],[-1.16085,51.63525],[-1.1643,51.6347],[-1.1721,51.6342],[-1.17565,51.63465],[-1.1809,51.63565],[-1.1815,51.63695],[-1.1785,51.63985],[-1.1775,51.6436],[-1.1777,51.64495],[-1.17705,51.6468],[-1.1797,51.6468],[-1.1885,51.64635],[-1.19315,51.64665],[-1.19355,51.6436],[-1.1933,51.64205],[-1.1917,51.63835],[-1.1892,51.63545],[-1.1954,51.6331],[-1.19395,51.63185],[-1.19635,51.63075],[-1.202,51.62965],[-1.20155,51.6268],[-1.1994,51.62395],[-1.2025,51.6224],[-1.20505,51.6215],[-1.20745,51.6201],[-1.21065,51.61945],[-1.21455,51.61925],[-1.21755,51.6184],[-1.21605,51.61335],[-1.2144,51.6099],[-1.21215,51.60755],[-1.21625,51.6067],[-1.2185,51.60595],[-1.22075,51.6023],[-1.2227,51.5998],[-1.22335,51.5963],[-1.2218,51.5962],[-1.222,51.59315],[-1.22125,51.5926],[-1.21845,51.59215],[-1.21625,51.5922],[-1.21105,51.59285],[-1.2081,51.5926],[-1.206,51.5919],[-1.20875,51.5912],[-1.20875,51.58965],[-1.2134,51.58875],[-1.21705,51.5875],[-1.21985,51.5857],[-1.2212,51.5844],[-1.2231,51.5835],[-1.22485,51.58135],[-1.2269,51.5814],[-1.2291,51.5805],[-1.2312,51.5789],[-1.2367,51.57805],[-1.24485,51.5775],[-1.24715,51.57585],[-1.24985,51.57685],[-1.25145,51.578],[-1.25615,51.57555],[-1.25845,51.57395],[-1.2603,51.57545],[-1.2633,51.57715],[-1.26665,51.58215],[-1.2663,51.58465],[-1.27085,51.5849],[-1.27165,51.5846],[-1.2745,51.5862],[-1.278,51.59015],[-1.27905,51.591],[-1.2837,51.59315],[-1.28865,51.5945],[-1.2936,51.595],[-1.29505,51.59535],[-1.30155,51.59815],[-1.3068,51.5988],[-1.3128,51.59975],[-1.31485,51.59965],[-1.32265,51.60005],[-1.32475,51.59995],[-1.32725,51.6005],[-1.3338,51.60085],[-1.3361,51.60065],[-1.3408,51.6008],[-1.34675,51.5999],[-1.35075,51.60015],[-1.3594,51.5983],[-1.3633,51.5982],[-1.3674,51.59755],[-1.3722,51.59705],[-1.3749,51.59705],[-1.381,51.59655],[-1.387,51.59535],[-1.3933,51.5945],[-1.3962,51.59375],[-1.4012,51.5931],[-1.4075,51.59085],[-1.4103,51.59025],[-1.40945,51.58665],[-1.41525,51.58575],[-1.42145,51.58455],[-1.41825,51.5823],[-1.42075,51.58105],[-1.42385,51.58065],[-1.42825,51.58105],[-1.42735,51.5834],[-1.426,51.58475],[-1.42615,51.58625],[-1.4318,51.5862],[-1.43665,51.587],[-1.442,51.58635],[-1.4465,51.5863],[-1.4499,51.58595],[-1.4533,51.5851],[-1.4638,51.58375],[-1.4677,51.58295],[-1.47175,51.5829],[-1.4751,51.582],[-1.4767,51.58105],[-1.4789,51.58045],[-1.4817,51.5806],[-1.4859,51.58035],[-1.49155,51.58125],[-1.49455,51.5812],[-1.4995,51.5819],[-1.50325,51.58165],[-1.51245,51.5819],[-1.517,51.58265],[-1.52115,51.5826],[-1.53095,51.582],[-1.53425,51.58245],[-1.53705,51.58205],[-1.5422,51.5824],[-1.54535,51.5831],[-1.54795,51.58225],[-1.5489,51.58375],[-1.5528,51.58455],[-1.55405,51.58365],[-1.55645,51.583],[-1.5601,51.58245],[-1.5639,51.583],[-1.57025,51.5829],[-1.5739,51.58175],[-1.5755,51.5827],[-1.5811,51.58295],[-1.58325,51.58265],[-1.58875,51.5811],[-1.5937,51.5794],[-1.5975,51.5771],[-1.6006,51.5757],[-1.60205,51.57465],[-1.60745,51.57195],[-1.61075,51.56975],[-1.61305,51.5679],[-1.61475,51.5671],[-1.61575,51.56505],[-1.6198,51.56365],[-1.6208,51.5637],[-1.62435,51.56025],[-1.6276,51.558],[-1.6288,51.55645],[-1.63175,51.5561],[-1.635,51.55405],[-1.6376,51.55305],[-1.6415,51.55245],[-1.64445,51.55075],[-1.6467,51.55135],[-1.65065,51.55035],[-1.6515,51.55045],[-1.6583,51.5498],[-1.66215,51.5499],[-1.66345,51.5472],[-1.6668,51.54655],[-1.6703,51.54745],[-1.6724,51.54755],[-1.6771,51.547],[-1.68045,51.5462],[-1.6839,51.5467],[-1.68945,51.5463],[-1.6971,51.54355],[-1.69815,51.5426],[-1.7009,51.54215],[-1.7027,51.54295],[-1.7055,51.5424],[-1.7161,51.5439],[-1.7186,51.54375],[-1.7243,51.5423],[-1.725,51.541],[-1.7221,51.53945],[-1.72315,51.5354],[-1.7241,51.52875],[-1.72385,51.5263],[-1.7254,51.526],[-1.7267,51.52655],[-1.73675,51.5283],[-1.7503,51.52855],[-1.75635,51.52955],[-1.75965,51.5307],[-1.7642,51.5315],[-1.7657,51.5308],[-1.7697,51.5302],[-1.7689,51.5271],[-1.7687,51.52475],[-1.7676,51.52185],[-1.7715,51.521],[-1.77625,51.5207],[-1.78115,51.52145],[-1.78275,51.52045],[-1.78625,51.51955],[-1.78925,51.52005],[-1.78995,51.5211],[-1.796,51.5206],[-1.80095,51.5184],[-1.8024,51.52005],[-1.80585,51.51875],[-1.80755,51.51775],[-1.8094,51.5174],[-1.81255,51.51755],[-1.81315,51.5209],[-1.81385,51.5215],[-1.82115,51.5205],[-1.8242,51.52125],[-1.825,51.522],[-1.8288,51.52275],[-1.8329,51.52305],[-1.8362,51.523],[-1.83845,51.52155],[-1.8402,51.51895],[-1.84285,51.5182],[-1.84425,51.5173],[-1.8459,51.51735],[-1.84775,51.51645],[-1.8495,51.5169],[-1.8523,51.51595],[-1.8539,51.51495],[-1.85585,51.51245],[-1.8584,51.51095],[-1.8618,51.5096],[-1.8645,51.5064],[-1.8646,51.50435],[-1.8659,51.50325],[-1.86805,51.50055],[-1.86865,51.49905],[-1.87225,51.49765],[-1.8726,51.4981],[-1.8762,51.49825],[-1.87955,51.499],[-1.88145,51.4977],[-1.88975,51.49575],[-1.89245,51.49635],[-1.89645,51.4959],[-1.90085,51.4944],[-1.9026,51.4947],[-1.9091,51.49315],[-1.91005,51.4925],[-1.9127,51.4924],[-1.91495,51.4934],[-1.91685,51.49265],[-1.9154,51.49085],[-1.91715,51.48975],[-1.919,51.48775],[-1.92125,51.48665],[-1.92205,51.48505],[-1.92365,51.48335],[-1.9273,51.4813],[-1.92725,51.47905],[-1.92935,51.4767],[-1.9316,51.4757],[-1.9324,51.47475],[-1.936,51.4723],[-1.9372,51.472],[-1.93885,51.4699],[-1.9423,51.46735],[-1.9427,51.4664],[-1.9449,51.46615],[-1.94785,51.4647],[-1.9499,51.4633],[-1.9514,51.4633],[-1.9525,51.4614],[-1.9529,51.45965],[-1.9523,51.4568],[-1.95035,51.4538],[-1.9495,51.45105],[-1.9473,51.44845],[-1.94745,51.44725],[-1.9517,51.44545],[-1.95375,51.4451],[-1.95605,51.44415],[-1.9587,51.4448],[-1.96095,51.4447],[-1.9667,51.44665],[-1.9679,51.4424],[-1.96725,51.44105],[-1.9666,51.43595],[-1.96475,51.4343],[-1.96105,51.43205],[-1.95995,51.4319],[-1.9577,51.4301],[-1.95645,51.43015],[-1.95545,51.4284],[-1.9632,51.4281],[-1.96915,51.42725],[-1.96865,51.4265],[-1.96985,51.42565],[-1.9695,51.4243],[-1.96975,51.4224],[-1.96955,51.41985],[-1.97005,51.41825],[-1.96995,51.4161],[-1.9727,51.4167],[-1.9776,51.4169],[-1.98395,51.41625],[-1.9866,51.4165],[-1.9935,51.4179],[-1.9942,51.4185],[-1.99585,51.41705],[-1.99605,51.4159],[-1.998,51.4123],[-1.99855,51.4098],[-1.99855,51.4068],[-1.99755,51.4065],[-1.9971,51.4034],[-1.99775,51.40255],[-1.9978,51.401],[-1.99995,51.39825],[-1.99985,51.397],[-2.0031,51.39575],[-2.0038,51.3949],[-2.0055,51.39485],[-2.0082,51.3959],[-2.01055,51.39535],[-2.0123,51.39305],[-2.0128,51.38975],[-2.01325,51.3889],[-2.013,51.3873],[-2.01055,51.38515],[-2.0072,51.38425],[-2.0078,51.38245],[-2.00655,51.3797],[-2.0043,51.378],[-2.0017,51.3772],[-1.99735,51.373],[-1.995,51.37165],[-1.99235,51.3697],[-1.98675,51.36845],[-1.98205,51.36995],[-1.97935,51.37015],[-1.97675,51.3679],[-1.9733,51.3681],[-1.9711,51.36925],[-1.9712,51.37015],[-1.97105,51.37195],[-1.9639,51.37175],[-1.9619,51.37275],[-1.9599,51.3753],[-1.95765,51.3719],[-1.9561,51.36735],[-1.95455,51.3674],[-1.9539,51.36545],[-1.95205,51.3654],[-1.9527,51.36275],[-1.95565,51.3582],[-1.95845,51.3575],[-1.9665,51.3575],[-1.9634,51.3538],[-1.96075,51.34925],[-1.96025,51.34695],[-1.959,51.34285],[-1.9572,51.3411],[-1.9558,51.3391],[-1.9547,51.33855],[-1.9591,51.3375],[-1.9471,51.3335],[-1.9451,51.33335],[-1.941,51.3312],[-1.9358,51.3281],[-1.93245,51.325],[-1.92755,51.32205],[-1.9243,51.3193],[-1.92235,51.3183],[-1.9195,51.3176],[-1.91545,51.31545],[-1.9123,51.31455],[-1.90785,51.3121],[-1.9039,51.31215],[-1.9007,51.31185],[-1.89615,51.31225],[-1.89115,51.31085],[-1.8862,51.31015],[-1.88315,51.30905],[-1.8816,51.30885],[-1.8766,51.30915],[-1.8719,51.3088],[-1.86665,51.30745],[-1.8606,51.307],[-1.85695,51.30635],[-1.8507,51.3041],[-1.8418,51.3026],[-1.83765,51.30155],[-1.83225,51.301],[-1.82805,51.2999],[-1.82485,51.2997],[-1.8222,51.3002],[-1.82015,51.29835],[-1.8122,51.29875],[-1.8103,51.2992],[-1.8106,51.3021],[-1.8096,51.3065],[-1.80615,51.3086],[-1.80595,51.30945],[-1.8027,51.3091],[-1.79655,51.3068],[-1.79285,51.3049],[-1.7923,51.30425],[-1.7877,51.30145],[-1.78585,51.30065],[-1.7829,51.30005],[-1.7747,51.29905],[-1.76945,51.29785],[-1.75945,51.29625],[-1.75165,51.2945],[-1.7518,51.2971],[-1.75135,51.29835],[-1.74995,51.3001],[-1.7455,51.30165],[-1.73675,51.30405],[-1.7318,51.3048],[-1.7297,51.30555],[-1.72735,51.30755],[-1.72095,51.3047],[-1.71385,51.30025],[-1.7112,51.29925],[-1.70885,51.29905],[-1.7019,51.2975],[-1.70145,51.29605],[-1.69985,51.29585],[-1.68445,51.29785],[-1.6816,51.29865],[-1.6669,51.3012],[-1.663,51.30075],[-1.65865,51.30145],[-1.6565,51.30255],[-1.65605,51.29735],[-1.65475,51.29495],[-1.6529,51.2932],[-1.6515,51.29125],[-1.6496,51.2854],[-1.64985,51.28145],[-1.64935,51.27885],[-1.64735,51.2748],[-1.6395,51.26535],[-1.63785,51.26375],[-1.63525,51.26205],[-1.6331,51.26225],[-1.62925,51.2622],[-1.62645,51.263],[-1.62165,51.2638],[-1.61945,51.2634],[-1.61625,51.26215],[-1.61315,51.2616],[-1.6093,51.26165],[-1.60555,51.2603],[-1.60125,51.25465],[-1.5996,51.25435],[-1.5987,51.25345],[-1.59325,51.253],[-1.5879,51.25315],[-1.5843,51.2547],[-1.58195,51.2547],[-1.5776,51.2556],[-1.57385,51.2546],[-1.5725,51.25485],[-1.5665,51.25285],[-1.56385,51.25235],[-1.5568,51.2492],[-1.55235,51.249],[-1.54885,51.248],[-1.546,51.2453],[-1.5442,51.2451],[-1.5428,51.24555],[-1.53965,51.2474],[-1.53525,51.2487],[-1.52935,51.2495],[-1.5292,51.25025],[-1.5249,51.24985],[-1.51765,51.24965],[-1.5167,51.2504],[-1.5136,51.25165],[-1.5142,51.253],[-1.5114,51.2543],[-1.5079,51.2514],[-1.50675,51.25385],[-1.50515,51.25595],[-1.5038,51.2566],[-1.49585,51.25705],[-1.4958,51.2554],[-1.49495,51.25465],[-1.4905,51.2548],[-1.4902,51.2543],[-1.48545,51.255],[-1.4732,51.25275],[-1.47075,51.2505],[-1.46695,51.2479],[-1.4641,51.24665],[-1.4595,51.24575],[-1.4594,51.24385],[-1.45805,51.2405],[-1.456,51.23835],[-1.452,51.2364],[-1.4477,51.2336],[-1.44625,51.2324],[-1.43335,51.23655],[-1.42985,51.2352],[-1.4278,51.2336],[-1.42705,51.23185],[-1.427,51.23015],[-1.42805,51.2253],[-1.42405,51.22645],[-1.4198,51.22795],[-1.41725,51.2284],[-1.41125,51.2299],[-1.40765,51.231],[-1.39925,51.233],[-1.39525,51.2293],[-1.3918,51.2267],[-1.3902,51.22485],[-1.38945,51.22275],[-1.3862,51.21825],[-1.38475,51.21705],[-1.38355,51.21505],[-1.3766,51.2159],[-1.37085,51.2147],[-1.3672,51.2152],[-1.3663,51.21595],[-1.3644,51.21875],[-1.35975,51.2222],[-1.3553,51.22345],[-1.352,51.22395],[-1.3492,51.22395],[-1.3483,51.22475],[-1.34735,51.2266],[-1.34485,51.22705],[-1.3432,51.231],[-1.3448,51.23165],[-1.34765,51.2338],[-1.34955,51.23725],[-1.35065,51.2387],[-1.3356,51.2376],[-1.33075,51.2377],[-1.32595,51.2387],[-1.323,51.2389],[-1.30955,51.2412],[-1.30655,51.2419],[-1.28785,51.2475],[-1.27795,51.2503],[-1.2718,51.25155],[-1.26885,51.25245],[-1.26565,51.25295],[-1.2617,51.25395],[-1.2559,51.2552],[-1.2513,51.25595],[-1.2467,51.25625],[-1.2407,51.25595],[-1.23435,51.25505],[-1.2309,51.25485],[-1.2258,51.25395],[-1.2207,51.25355],[-1.2144,51.25395],[-1.20865,51.25525],[-1.2018,51.2561],[-1.1989,51.25615],[-1.19335,51.2557],[-1.1941,51.2583],[-1.19555,51.2606],[-1.19385,51.26125],[-1.1963,51.26255],[-1.19685,51.2634],[-1.1975,51.26815],[-1.20185,51.27425],[-1.2002,51.27605],[-1.19805,51.2772],[-1.1925,51.27615],[-1.1884,51.2744],[-1.1839,51.27815],[-1.18205,51.2806],[-1.1783,51.282],[-1.17645,51.2815],[-1.17375,51.28135],[-1.1683,51.2807],[-1.164,51.2806],[-1.1589,51.2812],[-1.15695,51.2818],[-1.1487,51.28265],[-1.1448,51.28155],[-1.14125,51.28475],[-1.1402,51.2868],[-1.1446,51.28895],[-1.14985,51.2937],[-1.15295,51.29745],[-1.1526,51.30175],[-1.1541,51.3023],[-1.1535,51.3032],[-1.1536,51.30475],[-1.1522,51.3066],[-1.154,51.3098],[-1.15385,51.31105],[-1.15485,51.3121],[-1.16235,51.3171],[-1.16535,51.31795],[-1.16805,51.31835],[-1.16935,51.31935],[-1.1702,51.32125],[-1.1721,51.3226],[-1.1747,51.3259],[-1.17575,51.3262],[-1.1799,51.32815],[-1.18275,51.3289],[-1.1852,51.32755],[-1.18725,51.3256],[-1.18845,51.3252],[-1.1934,51.3254],[-1.1951,51.3244],[-1.19735,51.322],[-1.2019,51.31995],[-1.20495,51.3206],[-1.2107,51.3202],[-1.2122,51.32065],[-1.21895,51.32135],[-1.22445,51.3226],[-1.22915,51.323],[-1.2343,51.32365],[-1.2344,51.32265],[-1.23545,51.32175],[-1.2364,51.31945],[-1.23895,51.31995],[-1.24515,51.3201],[-1.249,51.3204],[-1.25075,51.321],[-1.25125,51.3201],[-1.25315,51.3201],[-1.25485,51.32105],[-1.25305,51.322],[-1.2518,51.3244],[-1.25535,51.32485],[-1.25925,51.3266],[-1.2628,51.32785],[-1.2666,51.32765],[-1.27255,51.32815],[-1.27505,51.3289],[-1.2801,51.3297],[-1.2831,51.3314],[-1.28625,51.3315],[-1.28705,51.33085],[-1.28925,51.33135],[-1.293,51.3312],[-1.29495,51.33075],[-1.30305,51.331],[-1.30485,51.33165],[-1.31205,51.3317],[-1.3169,51.3309],[-1.3223,51.33055],[-1.32345,51.33265],[-1.32895,51.33785],[-1.33185,51.34095],[-1.33645,51.3452],[-1.3377,51.3474],[-1.3387,51.3475],[-1.33955,51.35165],[-1.34015,51.35185],[-1.3415,51.3543],[-1.3447,51.35735],[-1.34805,51.3589],[-1.35375,51.36115],[-1.359,51.36345],[-1.362,51.3652],[-1.3641,51.36705],[-1.3649,51.3685],[-1.3685,51.36795],[-1.37125,51.36845],[-1.37365,51.36785],[-1.37605,51.3683],[-1.3781,51.3678],[-1.3808,51.3686],[-1.38795,51.3703],[-1.391,51.3706],[-1.3936,51.37045],[-1.3965,51.37125],[-1.4001,51.37155],[-1.4003,51.3753],[-1.4015,51.37605],[-1.4013,51.37925],[-1.3983,51.3821],[-1.39695,51.38625],[-1.39725,51.38735],[-1.4,51.39055],[-1.4013,51.39145],[-1.4017,51.39275],[-1.4013,51.3956],[-1.40235,51.3976],[-1.39925,51.3981],[-1.3974,51.39875],[-1.3963,51.4002],[-1.3929,51.40015],[-1.3912,51.4016],[-1.38975,51.4042],[-1.3887,51.4054],[-1.385,51.4051],[-1.38025,51.40535],[-1.38065,51.4111],[-1.37815,51.4127],[-1.3779,51.41395],[-1.376,51.4136],[-1.37485,51.4146],[-1.37185,51.41455],[-1.3694,51.4153],[-1.368,51.4164],[-1.3676,51.4179],[-1.36455,51.41975],[-1.362,51.41995],[-1.3592,51.419],[-1.3556,51.41735],[-1.3543,51.416],[-1.3502,51.4155],[-1.34855,51.4149],[-1.3489,51.41985],[-1.3478,51.4203],[-1.3465,51.42195],[-1.3464,51.42285],[-1.34885,51.42415],[-1.35065,51.42805],[-1.3498,51.4291],[-1.351,51.4305],[-1.3483,51.43135],[-1.3448,51.43125],[-1.34415,51.43225],[-1.3421,51.43295],[-1.3383,51.4321],[-1.33665,51.4354],[-1.33435,51.4354],[-1.33335,51.4317],[-1.3324,51.4316],[-1.32255,51.43245],[-1.3214,51.43305],[-1.31845,51.43375],[-1.31505,51.434],[-1.31415,51.4337],[-1.3128,51.43615],[-1.31095,51.4357],[-1.30535,51.43505],[-1.30345,51.43655],[-1.3013,51.4359],[-1.2952,51.43275],[-1.2919,51.4323],[-1.28965,51.43125],[-1.28875,51.43215],[-1.28595,51.4338],[-1.2851,51.43545],[-1.28385,51.43635],[-1.2819,51.4409],[-1.2829,51.4411],[-1.2811,51.4433],[-1.27945,51.44605],[-1.2775,51.44605],[-1.2745,51.44455],[-1.2721,51.4418],[-1.2703,51.43905],[-1.2705,51.4366],[-1.26895,51.4354],[-1.2698,51.43445],[-1.26905,51.4332],[-1.2663,51.4313],[-1.2667,51.43005],[-1.26515,51.42835],[-1.26245,51.42625],[-1.2599,51.42525],[-1.25675,51.4235],[-1.25345,51.4225],[-1.25055,51.4222],[-1.24715,51.4233],[-1.2432,51.4223],[-1.2392,51.4197],[-1.2314,51.4162],[-1.2307,51.4149],[-1.2332,51.4133],[-1.2325,51.41215],[-1.2302,51.4122],[-1.227,51.41055],[-1.22425,51.41025],[-1.22075,51.41055],[-1.2153,51.41135],[-1.212,51.4114],[-1.20555,51.4104],[-1.19995,51.40845],[-1.1953,51.4083],[-1.19145,51.40875],[-1.1888,51.4095],[-1.1902,51.4105],[-1.19,51.41175],[-1.18545,51.41265],[-1.1807,51.41295],[-1.1776,51.41285],[-1.1733,51.41335],[-1.17145,51.41235],[-1.17,51.4108],[-1.1697,51.40895],[-1.17095,51.40795],[-1.1693,51.407],[-1.1706,51.4059],[-1.17055,51.40485],[-1.16645,51.4011],[-1.16365,51.4003],[-1.16285,51.39965],[-1.16055,51.39985],[-1.15705,51.4011],[-1.15385,51.3993],[-1.15135,51.39975],[-1.14735,51.39995],[-1.1446,51.4007],[-1.1384,51.4028],[-1.13185,51.40535],[-1.12935,51.4068],[-1.12405,51.41145],[-1.11895,51.4163],[-1.11695,51.4176],[-1.11225,51.4198],[-1.10905,51.42095],[-1.10465,51.42285],[-1.1015,51.4251],[-1.0998,51.427],[-1.09705,51.42935],[-1.09215,51.43145],[-1.0923,51.4324],[-1.0921,51.44805],[-1.0911,51.45325],[-1.0907,51.4577],[-1.0847,51.45565],[-1.0798,51.45325],[-1.0766,51.4509],[-1.0742,51.44805],[-1.0716,51.4442],[-1.0729,51.4432],[-1.07075,51.4419],[-1.06915,51.43995],[-1.06635,51.4416],[-1.06595,51.44365],[-1.06395,51.4445],[-1.06315,51.446],[-1.06135,51.4465],[-1.0612,51.4474],[-1.05875,51.44865],[-1.06045,51.45225],[-1.0592,51.4555],[-1.0567,51.45855],[-1.054,51.46015],[-1.0573,51.46375],[-1.0592,51.4643],[-1.0587,51.46625],[-1.0564,51.4666],[-1.0547,51.4674],[-1.0581,51.46845],[-1.0583,51.47095],[-1.05695,51.47185],[-1.05815,51.47445],[-1.0584,51.4773],[-1.056,51.47825],[-1.05615,51.4801],[-1.05945,51.48025],[-1.0614,51.4797],[-1.0623,51.48075],[-1.06455,51.4802],[-1.0651,51.4818],[-1.0616,51.4829],[-1.0617,51.48395],[-1.0533,51.4826],[-1.05095,51.48295],[-1.05045,51.48385],[-1.04715,51.48295],[-1.0449,51.48205],[-1.0407,51.4857],[-1.03965,51.48605],[-1.03975,51.48655],[-1.0426,51.4889],[-1.0455,51.49],[-1.0487,51.49085],[-1.05165,51.49195],[-1.05735,51.49205],[-1.06005,51.49175],[-1.06715,51.4905],[-1.06855,51.49],[-1.0725,51.4897],[-1.0776,51.4878],[-1.08235,51.4872],[-1.0879,51.4858],[-1.08975,51.4858],[-1.091,51.4864],[-1.10125,51.48925],[-1.1035,51.49105],[-1.1064,51.4968],[-1.10735,51.49975],[-1.107,51.50105],[-1.1094,51.50535],[-1.1116,51.50815],[-1.1131,51.5095],[-1.115,51.51055],[-1.11775,51.51155],[-1.12285,51.51195],[-1.12765,51.51185],[-1.1341,51.51135],[-1.1389,51.5143],[-1.14095,51.51515],[-1.14225,51.51665],[-1.14315,51.52],[-1.14375,51.52085],[-1.14355,51.5234],[-1.14005,51.5258],[-1.138,51.5276],[-1.13735,51.52945],[-1.1346,51.533],[-1.13445,51.53575],[-1.1365,51.5402],[-1.14155,51.5436],[-1.14525,51.5486],[-1.14625,51.5497],[-1.147,51.5518],[-1.14615,51.5544],[-1.145,51.5558],[-1.14275,51.5575],[-1.1423,51.5596],[-1.14085,51.5617],[-1.13855,51.56345],[-1.1348,51.5645],[-1.1342,51.56505]]]},"properties":{"kind":"aonb","name":"North Wessex Downs"}},{"type":"Feature","geometry":{"type":"Polygon","coordinates":[[[-1.63065,54.04215],[-1.6342,54.04305],[-1.63455,54.045],[-1.6353,54.04605],[-1.6375,54.0468],[-1.64255,54.0479],[-1.64235,54.049],[-1.6402,54.0518],[-1.6381,54.0537],[-1.6356,54.05515],[-1.63365,54.05555],[-1.63305,54.05675],[-1.63085,54.0581],[-1.6301,54.06015],[-1.631,54.0632],[-1.6316,54.0638],[-1.63215,54.0662],[-1.63915,54.06575],[-1.6415,54.06595],[-1.64335,54.06745],[-1.6436,54.06905],[-1.6432,54.07095],[-1.6392,54.0716],[-1.6384,54.07255],[-1.6386,54.0748],[-1.638,54.07645],[-1.63645,54.0787],[-1.63715,54.07945],[-1.6334,54.0803],[-1.6263,54.081],[-1.6232,54.08055],[-1.62275,54.08135],[-1.62035,54.08245],[-1.61955,54.08335],[-1.6152,54.0839],[-1.613,54.0829],[-1.60955,54.0827],[-1.60845,54.08305],[-1.6044,54.08205],[-1.60225,54.08105],[-1.59755,54.0828],[-1.5947,54.0829],[-1.59815,54.0857],[-1.5977,54.0867],[-1.59905,54.0881],[-1.5956,54.0888],[-1.5942,54.08985],[-1.59185,54.0927],[-1.5915,54.0958],[-1.58925,54.0964],[-1.58445,54.09835],[-1.58405,54.09705],[-1.582,54.09665],[-1.5812,54.09525],[-1.5761,54.09545],[-1.5765,54.09795],[-1.57395,54.0987],[-1.57235,54.09965],[-1.5684,54.101],[-1.56775,54.1038],[-1.5627,54.1061],[-1.5593,54.1082],[-1.5586,54.1091],[-1.55405,54.11005],[-1.5548,54.1112],[-1.55455,54.11315],[-1.55555,54.115],[-1.55405,54.11575],[-1.5573,54.1168],[-1.55815,54.11925],[-1.5595,54.1204],[-1.55965,54.12315],[-1.55675,54.1236],[-1.557,54.1253],[-1.55855,54.12595],[-1.5615,54.12545],[-1.5646,54.1274],[-1.56475,54.12845],[-1.56645,54.1307],[-1.5682,54.13045],[-1.57425,54.12885],[-1.576,54.128],[-1.5792,54.1259],[-1.58095,54.1251],[-1.57965,54.124],[-1.5797,54.12195],[-1.58125,54.12045],[-1.5821,54.1175],[-1.5842,54.1145],[-1.58605,54.1137],[-1.59035,54.11015],[-1.592,54.1093],[-1.5966,54.1092],[-1.5993,54.10835],[-1.60025,54.1098],[-1.60225,54.11125],[-1.6005,54.11285],[-1.6042,54.1159],[-1.6067,54.11715],[-1.61035,54.11725],[-1.61205,54.1168],[-1.61505,54.11825],[-1.6177,54.1208],[-1.62085,54.12065],[-1.62185,54.12315],[-1.6204,54.1238],[-1.62165,54.1268],[-1.61805,54.12825],[-1.61575,54.1275],[-1.6111,54.1274],[-1.6056,54.12875],[-1.6037,54.1295],[-1.5998,54.1296],[-1.5985,54.12865],[-1.596,54.1299],[-1.59665,54.13085],[-1.59415,54.13175],[-1.595,54.13295],[-1.5946,54.1373],[-1.5949,54.1391],[-1.5878,54.1438],[-1.5834,54.14285],[-1.58365,54.14475],[-1.58555,54.14555],[-1.58405,54.14725],[-1.58235,54.1476],[-1.5798,54.14705],[-1.5785,54.1499],[-1.57415,54.15055],[-1.57105,54.15025],[-1.57085,54.15195],[-1.5749,54.15165],[-1.5754,54.15275],[-1.5777,54.15225],[-1.5814,54.1523],[-1.58655,54.15375],[-1.5862,54.15455],[-1.58095,54.15825],[-1.5794,54.1591],[-1.57635,54.15945],[-1.5752,54.16025],[-1.57285,54.1604],[-1.5782,54.16235],[-1.5791,54.1651],[-1.58385,54.1676],[-1.582,54.16885],[-1.5821,54.17065],[-1.5829,54.1728],[-1.584,54.1744],[-1.58765,54.17615],[-1.5898,54.17895],[-1.59215,54.1795],[-1.59495,54.1818],[-1.5957,54.1833],[-1.5938,54.1834],[-1.59335,54.1845],[-1.59115,54.1864],[-1.59115,54.18805],[-1.59385,54.18825],[-1.59625,54.18795],[-1.59655,54.1895],[-1.5984,54.1905],[-1.601,54.191],[-1.60345,54.1907],[-1.6062,54.1924],[-1.6037,54.19235],[-1.6035,54.19425],[-1.60235,54.19495],[-1.604,54.196],[-1.6054,54.1957],[-1.6073,54.1944],[-1.6083,54.19305],[-1.61065,54.192],[-1.61235,54.19245],[-1.6137,54.1937],[-1.6158,54.1906],[-1.61745,54.1901],[-1.6197,54.18875],[-1.62155,54.1882],[-1.6272,54.18985],[-1.62855,54.18995],[-1.6334,54.191],[-1.6386,54.19115],[-1.6386,54.1922],[-1.63535,54.1933],[-1.6328,54.1971],[-1.6348,54.19755],[-1.6388,54.1978],[-1.6391,54.19995],[-1.6399,54.20155],[-1.64035,54.20385],[-1.63785,54.2048],[-1.63935,54.2072],[-1.64345,54.20665],[-1.64555,54.20875],[-1.6512,54.20605],[-1.6542,54.20555],[-1.65615,54.2081],[-1.65755,54.20775],[-1.6583,54.20895],[-1.65965,54.20885],[-1.66255,54.20975],[-1.6662,54.21055],[-1.6679,54.21],[-1.6708,54.21075],[-1.67095,54.21185],[-1.67215,54.21275],[-1.67035,54.21555],[-1.6716,54.2157],[-1.67245,54.21685],[-1.6741,54.21675],[-1.6773,54.2176],[-1.67875,54.21755],[-1.6831,54.21895],[-1.6839,54.2199],[-1.68365,54.2222],[-1.68175,54.22235],[-1.68235,54.22455],[-1.6844,54.2274],[-1.68865,54.23005],[-1.68555,54.2312],[-1.6852,54.2321],[-1.68685,54.23695],[-1.68815,54.23775],[-1.68815,54.2387],[-1.6913,54.2394],[-1.697,54.2421],[-1.6949,54.24385],[-1.7,54.2452],[-1.7025,54.2465],[-1.703,54.24915],[-1.7048,54.2503],[-1.70415,54.25115],[-1.70565,54.25365],[-1.70905,54.2554],[-1.7134,54.25645],[-1.7149,54.25635],[-1.71665,54.257],[-1.71915,54.25725],[-1.72495,54.2589],[-1.72645,54.26225],[-1.72305,54.2619],[-1.7192,54.26315],[-1.71895,54.26495],[-1.7211,54.26675],[-1.7234,54.26655],[-1.72485,54.2683],[-1.72685,54.2681],[-1.73015,54.26715],[-1.7333,54.26705],[-1.7333,54.26805],[-1.73495,54.2686],[-1.7376,54.26805],[-1.7405,54.26845],[-1.7421,54.26825],[-1.74215,54.26725],[-1.74505,54.26795],[-1.74525,54.2663],[-1.74795,54.26575],[-1.7509,54.2641],[-1.75505,54.26365],[-1.75675,54.26385],[-1.76375,54.263],[-1.76405,54.2611],[-1.7676,54.2607],[-1.76875,54.25965],[-1.7731,54.2583],[-1.77485,54.25865],[-1.7759,54.2565],[-1.77745,54.2558],[-1.7787,54.2542],[-1.7799,54.25405],[-1.78245,54.25465],[-1.7838,54.25405],[-1.7875,54.2536],[-1.7902,54.2545],[-1.794,54.2547],[-1.7958,54.2554],[-1.8004,54.2561],[-1.8037,54.25595],[-1.80695,54.25495],[-1.80785,54.25415],[-1.8101,54.2533],[-1.813,54.2528],[-1.817,54.2527],[-1.81995,54.25155],[-1.82275,54.25085],[-1.8233,54.24745],[-1.82085,54.24495],[-1.8164,54.24085],[-1.8186,54.23915],[-1.8221,54.2358],[-1.82805,54.23165],[-1.8374,54.23145],[-1.8427,54.2288],[-1.84705,54.2273],[-1.8534,54.22555],[-1.86225,54.2228],[-1.87945,54.22025],[-1.8816,54.2186],[-1.8832,54.2155],[-1.8864,54.21],[-1.8887,54.2102],[-1.8957,54.2103],[-1.90845,54.206],[-1.92365,54.2006],[-1.92435,54.20015],[-1.9284,54.2003],[-1.9391,54.19965],[-1.9425,54.19905],[-1.94945,54.19715],[-1.9555,54.1953],[-1.96205,54.19365],[-1.96705,54.19225],[-1.9747,54.18945],[-1.97885,54.18825],[-1.9844,54.1857],[-1.9937,54.18065],[-2.00185,54.1764],[-2.0038,54.17445],[-2.00445,54.1729],[-1.9994,54.16775],[-1.9978,54.16515],[-1.99805,54.16205],[-1.99745,54.16045],[-1.99325,54.1559],[-1.9922,54.15505],[-1.98845,54.1553],[-1.98695,54.1566],[-1.9725,54.15805],[-1.97005,54.15585],[-1.9665,54.1531],[-1.96365,54.15215],[-1.962,54.15035],[-1.95995,54.14875],[-1.9542,54.143],[-1.9552,54.1392],[-1.9553,54.1367],[-1.9574,54.1356],[-1.95715,54.1326],[-1.94885,54.12585],[-1.9477,54.12515],[-1.9416,54.12395],[-1.9384,54.12355],[-1.9348,54.1223],[-1.9322,54.12245],[-1.9253,54.121],[-1.9208,54.1203],[-1.91685,54.1206],[-1.91325,54.12135],[-1.9055,54.1225],[-1.901,54.1172],[-1.90045,54.11635],[-1.89585,54.1144],[-1.8948,54.11315],[-1.89425,54.1108],[-1.8932,54.10965],[-1.891,54.1044],[-1.88755,54.1025],[-1.8798,54.1022],[-1.87705,54.10055],[-1.87505,54.09985],[-1.8717,54.0996],[-1.8671,54.09765],[-1.86165,54.08055],[-1.84595,54.0736],[-1.8429,54.07165],[-1.84055,54.07055],[-1.8418,54.06825],[-1.846,54.0645],[-1.8491,54.0631],[-1.85275,54.05775],[-1.85365,54.05325],[-1.85415,54.053],[-1.85985,54.0521],[-1.864,54.05025],[-1.86675,54.04965],[-1.8673,54.049],[-1.8711,54.04735],[-1.8725,54.04605],[-1.87015,54.04425],[-1.86865,54.0421],[-1.87135,54.03755],[-1.87225,54.0354],[-1.85355,54.0288],[-1.8489,54.0156],[-1.84805,54.01365],[-1.8374,54.0149],[-1.835,54.0136],[-1.83355,54.01135],[-1.8317,54.00985],[-1.8312,54.00795],[-1.831,54.00365],[-1.8275,54.0014],[-1.82675,54.0004],[-1.823,53.99805],[-1.8195,53.99645],[-1.8193,53.99365],[-1.81875,53.9926],[-1.8195,53.99165],[-1.82165,53.99095],[-1.82165,53.98995],[-1.8232,53.98905],[-1.8233,53.9878],[-1.8249,53.98635],[-1.82675,53.98565],[-1.8255,53.98485],[-1.82235,53.98365],[-1.8188,53.98075],[-1.81775,53.98015],[-1.81675,53.97805],[-1.8249,53.9762],[-1.84845,53.9663],[-1.85025,53.96555],[-1.86175,53.9619],[-1.8625,53.9603],[-1.8612,53.9597],[-1.8613,53.9586],[-1.86345,53.95745],[-1.8647,53.95615],[-1.87045,53.9544],[-1.8731,53.955],[-1.87685,53.9549],[-1.87855,53.9544],[-1.8758,53.9509],[-1.8761,53.9496],[-1.87445,53.94555],[-1.87245,53.9442],[-1.86535,53.9423],[-1.86365,53.9412],[-1.86195,53.94075],[-1.86135,53.9393],[-1.86195,53.93805],[-1.85885,53.9372],[-1.8519,53.93615],[-1.85155,53.9374],[-1.84815,53.93775],[-1.84775,53.9408],[-1.8442,53.9397],[-1.8421,53.93935],[-1.83855,53.9397],[-1.8354,53.9395],[-1.83005,53.9404],[-1.83015,53.93805],[-1.82345,53.93835],[-1.82045,53.93805],[-1.8172,53.9386],[-1.81505,53.93835],[-1.8109,53.93885],[-1.8061,53.9387],[-1.80505,53.93905],[-1.80355,53.938],[-1.80285,53.93595],[-1.799,53.93675],[-1.79775,53.93665],[-1.79735,53.9342],[-1.7962,53.9336],[-1.79635,53.9309],[-1.7972,53.92965],[-1.7936,53.92935],[-1.78465,53.92985],[-1.7818,53.9293],[-1.7807,53.9281],[-1.7796,53.9253],[-1.77645,53.9219],[-1.77245,53.921],[-1.76965,53.92145],[-1.7687,53.92335],[-1.76725,53.92455],[-1.76535,53.9249],[-1.7625,53.92435],[-1.7609,53.92335],[-1.7565,53.9214],[-1.75405,53.9214],[-1.7498,53.9228],[-1.74525,53.92305],[-1.7448,53.92205],[-1.7458,53.921],[-1.74575,53.91845],[-1.7441,53.9166],[-1.742,53.91485],[-1.7376,53.9129],[-1.7328,53.9118],[-1.7289,53.9104],[-1.7263,53.9105],[-1.7231,53.912],[-1.72135,53.91165],[-1.72065,53.91035],[-1.71865,53.9104],[-1.7175,53.91185],[-1.7177,53.9155],[-1.7183,53.9168],[-1.7162,53.91655],[-1.7151,53.9178],[-1.71235,53.91755],[-1.709,53.91805],[-1.708,53.91705],[-1.7061,53.91705],[-1.70695,53.91915],[-1.70465,53.9182],[-1.70235,53.91845],[-1.7008,53.91735],[-1.698,53.9167],[-1.69695,53.9177],[-1.6952,53.91735],[-1.69025,53.9174],[-1.6902,53.9167],[-1.68715,53.9164],[-1.6858,53.9159],[-1.6835,53.9159],[-1.68195,53.9167],[-1.68065,53.9162],[-1.6805,53.9148],[-1.67725,53.9149],[-1.6758,53.91615],[-1.67565,53.91745],[-1.67355,53.9178],[-1.6735,53.91895],[-1.6691,53.91925],[-1.6688,53.9202],[-1.66365,53.9186],[-1.6625,53.91955],[-1.6656,53.9216],[-1.66435,53.92225],[-1.6617,53.922],[-1.6579,53.9221],[-1.65385,53.92255],[-1.652,53.9222],[-1.65265,53.92375],[-1.6499,53.9243],[-1.651,53.9264],[-1.65125,53.9279],[-1.65285,53.92895],[-1.652,53.9307],[-1.653,53.9319],[-1.6531,53.93345],[-1.65565,53.9341],[-1.6564,53.936],[-1.65945,53.9362],[-1.66055,53.93755],[-1.66165,53.93765],[-1.6622,53.9397],[-1.6619,53.9405],[-1.65825,53.9433],[-1.65795,53.94475],[-1.6596,53.9483],[-1.6583,53.95125],[-1.6621,53.95155],[-1.66695,53.95105],[-1.669,53.95],[-1.67085,53.94995],[-1.6719,53.9507],[-1.67395,53.95115],[-1.6794,53.9533],[-1.6812,53.9536],[-1.6817,53.9552],[-1.68355,53.9573],[-1.6839,53.95925],[-1.6822,53.96105],[-1.6821,53.962],[-1.68425,53.965],[-1.68565,53.96825],[-1.68615,53.97035],[-1.6856,53.97345],[-1.6803,53.97285],[-1.66785,53.9732],[-1.6689,53.97775],[-1.66655,53.97755],[-1.6673,53.9815],[-1.6648,53.98215],[-1.6671,53.9855],[-1.66285,53.98725],[-1.66435,53.98875],[-1.6668,53.9891],[-1.6712,53.98815],[-1.6728,53.9888],[-1.67375,53.9922],[-1.69025,53.99035],[-1.69245,53.99905],[-1.69445,54.006],[-1.7002,54.01505],[-1.7,54.0152],[-1.68125,54.01695],[-1.67975,54.01495],[-1.6726,54.00275],[-1.6654,54.0008],[-1.6616,54.00095],[-1.645,54.0033],[-1.64135,54.0035],[-1.63785,54.00405],[-1.6221,54.0048],[-1.61835,54.00505],[-1.6176,54.0063],[-1.6182,54.0073],[-1.6189,54.01215],[-1.6173,54.01505],[-1.61395,54.01965],[-1.61495,54.02015],[-1.6177,54.01945],[-1.61875,54.0216],[-1.61665,54.0234],[-1.61665,54.0251],[-1.6194,54.0248],[-1.61995,54.0257],[-1.6249,54.0239],[-1.6261,54.0245],[-1.62745,54.024],[-1.62855,54.02565],[-1.62975,54.02625],[-1.63325,54.0265],[-1.63345,54.02755],[-1.6325,54.02925],[-1.63295,54.03015],[-1.6347,54.03125],[-1.6312,54.0321],[-1.62715,54.0336],[-1.62935,54.03445],[-1.6339,54.0373],[-1.6331,54.0392],[-1.631,54.0413],[-1.63065,54.04215]]]},"properties":{"kind":"aonb","name":"Nidderdale"}},{"type":"Feature","geometry":{"type":"MultiPolygon","coordinates":[[[[-4.54605,50.92835],[-4.5429,50.92855],[-4.54155,50.9289],[-4.53725,50.9278],[-4.5347,50.92685],[-4.53285,50.92705],[-4.52995,50.9267],[-4.5281,50.9273],[-4.51975,50.92725],[-4.5176,50.9269],[-4.5155,50.9277],[-4.51205,50.92795],[-4.509,50.92755],[-4.50445,50.92765],[-4.50185,50.92735],[-4.4993,50.92745],[-4.4981,50.9284],[-4.4922,50.9292],[-4.49,50.92905],[-4.4868,50.92935],[-4.48105,50.9303],[-4.4716,50.93125],[-4.4709,50.93335],[-4.47095,50.936],[-4.4643,50.938],[-4.4641,50.941],[-4.4628,50.94385],[-4.46375,50.9472],[-4.46575,50.94905],[-4.4647,50.9508],[-4.46075,50.95455],[-4.4597,50.95595],[-4.4579,50.95705],[-4.45605,50.9592],[-4.45355,50.96525],[-4.4521,50.9659],[-4.451,50.9679],[-4.44585,50.975],[-4.444,50.97425],[-4.44355,50.9735],[-4.43705,50.97365],[-4.42665,50.9747],[-4.42165,50.975],[-4.42015,50.97755],[-4.4187,50.9777],[-4.4174,50.9795],[-4.41305,50.9814],[-4.41165,50.98415],[-4.4101,50.9844],[-4.40645,50.98445],[-4.40495,50.9848],[-4.4001,50.98445],[-4.3951,50.98375],[-4.3861,50.98295],[-4.3846,50.98245],[-4.3827,50.9826],[-4.37785,50.9843],[-4.37235,50.9848],[-4.3704,50.9843],[-4.3678,50.9843],[-4.3633,50.9837],[-4.36215,50.9821],[-4.36085,50.9817],[-4.35465,50.98175],[-4.3503,50.9808],[-4.3458,50.98025],[-4.3422,50.9802],[-4.3365,50.9814],[-4.33255,50.9813],[-4.32965,50.98165],[-4.3271,50.9815],[-4.3249,50.98265],[-4.3229,50.98315],[-4.31885,50.9836],[-4.3171,50.9845],[-4.31275,50.9849],[-4.30585,50.98455],[-4.3039,50.98475],[-4.29945,50.98615],[-4.2942,50.98805],[-4.28925,50.9892],[-4.28465,50.98955],[-4.2828,50.99025],[-4.28015,50.99295],[-4.27335,50.9974],[-4.26955,50.9989],[-4.2685,51.00105],[-4.26645,51.0027],[-4.26405,51.0042],[-4.25925,51.0062],[-4.2526,51.0082],[-4.2517,51.0088],[-4.25245,51.0128],[-4.2516,51.0137],[-4.25135,51.01975],[-4.2505,51.0213],[-4.25125,51.02215],[-4.25305,51.02635],[-4.2532,51.02925],[-4.2529,51.03085],[-4.2516,51.03215],[-4.2492,51.03305],[-4.24805,51.03585],[-4.2483,51.0377],[-4.24525,51.0377],[-4.24485,51.04035],[-4.2412,51.0406],[-4.2381,51.0413],[-4.2363,51.04345],[-4.23025,51.04405],[-4.2266,51.0448],[-4.22335,51.04625],[-4.2207,51.047],[-4.2142,51.048],[-4.2106,51.05135],[-4.20825,51.0556],[-4.2074,51.05615],[-4.20555,51.05605],[-4.20305,51.0581],[-4.2071,51.0597],[-4.2081,51.06075],[-4.2083,51.06215],[-4.21205,51.065],[-4.2122,51.06545],[-4.2155,51.0681],[-4.2188,51.06945],[-4.22075,51.07055],[-4.21975,51.07225],[-4.2216,51.07355],[-4.2243,51.0745],[-4.2282,51.07505],[-4.23335,51.07735],[-4.23805,51.0788],[-4.24005,51.0785],[-4.23795,51.0743],[-4.2348,51.07365],[-4.23605,51.0723],[-4.2349,51.06695],[-4.23415,51.0658],[-4.23095,51.066],[-4.2265,51.06805],[-4.2257,51.0673],[-4.2308,51.0658],[-4.2345,51.06565],[-4.2363,51.0616],[-4.23635,51.0595],[-4.23765,51.05415],[-4.23985,51.04785],[-4.24175,51.04305],[-4.24325,51.04095],[-4.251,51.0397],[-4.25445,51.0393],[-4.25825,51.0376],[-4.2602,51.0358],[-4.26305,51.03395],[-4.2664,51.0302],[-4.269,51.0269],[-4.27335,51.0231],[-4.2741,51.0216],[-4.2788,51.01635],[-4.2815,51.01575],[-4.2846,51.01375],[-4.28665,51.011],[-4.2892,51.0086],[-4.29055,51.00685],[-4.29425,51.00435],[-4.2966,51.00195],[-4.3029,50.9978],[-4.30645,50.99595],[-4.30925,50.9949],[-4.31305,50.9946],[-4.3184,50.99265],[-4.3201,50.99255],[-4.3255,50.9916],[-4.33125,50.9915],[-4.3346,50.99085],[-4.33895,50.9896],[-4.343,50.98895],[-4.34575,50.98885],[-4.34905,50.98915],[-4.35535,50.99015],[-4.3634,50.99025],[-4.36675,50.9898],[-4.3708,50.99015],[-4.3739,50.99],[-4.3769,50.9906],[-4.38275,50.9928],[-4.38765,50.99415],[-4.3896,50.9943],[-4.3929,50.99565],[-4.39575,50.9969],[-4.39885,50.9998],[-4.39995,51.00135],[-4.40215,51.0026],[-4.4042,51.0045],[-4.4106,51.0068],[-4.413,51.00865],[-4.41525,51.0094],[-4.418,51.01105],[-4.4209,51.01115],[-4.42255,51.0116],[-4.42525,51.0136],[-4.4266,51.01375],[-4.4282,51.0132],[-4.43165,51.0127],[-4.43545,51.0128],[-4.4367,51.01375],[-4.43905,51.0138],[-4.4432,51.0148],[-4.44675,51.01435],[-4.45185,51.01515],[-4.4562,51.01685],[-4.45735,51.01825],[-4.4597,51.01845],[-4.4606,51.01945],[-4.46945,51.0216],[-4.4728,51.02125],[-4.47865,51.0213],[-4.4808,51.0217],[-4.4845,51.0214],[-4.4885,51.02135],[-4.4909,51.02085],[-4.4944,51.02075],[-4.4974,51.0213],[-4.49875,51.0213],[-4.4994,51.0191],[-4.5018,51.0188],[-4.5056,51.0195],[-4.5067,51.0204],[-4.5134,51.0223],[-4.51575,51.02235],[-4.51665,51.02105],[-4.51895,51.02065],[-4.5222,51.0213],[-4.5237,51.02225],[-4.526,51.02225],[-4.5244,51.02045],[-4.52775,51.01805],[-4.52765,51.01605],[-4.5263,51.0154],[-4.5269,51.01185],[-4.52875,51.01115],[-4.533,51.0103],[-4.5327,51.0092],[-4.53375,51.00845],[-4.5313,51.00705],[-4.5301,51.00485],[-4.53075,51.00305],[-4.5331,51.00245],[-4.53215,51.0015],[-4.5312,50.99815],[-4.53015,50.99745],[-4.53125,50.9955],[-4.5323,50.9956],[-4.53455,50.99475],[-4.53445,50.9939],[-4.53305,50.99335],[-4.53295,50.99205],[-4.5338,50.9909],[-4.53135,50.9907],[-4.53125,50.9885],[-4.52995,50.9878],[-4.52935,50.9862],[-4.53075,50.98435],[-4.5309,50.9818],[-4.53255,50.98045],[-4.53495,50.97905],[-4.53295,50.97755],[-4.5331,50.97635],[-4.53445,50.9756],[-4.5327,50.9739],[-4.53395,50.9722],[-4.5332,50.9717],[-4.5333,50.9694],[-4.53285,50.967],[-4.53315,50.96525],[-4.53495,50.96365],[-4.538,50.9598],[-4.5382,50.9585],[-4.5407,50.95605],[-4.54245,50.955],[-4.5435,50.9538],[-4.543,50.95055],[-4.54115,50.9493],[-4.5428,50.9457],[-4.54275,50.9444],[-4.5444,50.94285],[-4.5463,50.942],[-4.5468,50.9413],[-4.54935,50.9408],[-4.5485,50.94045],[-4.54855,50.93855],[-4.54685,50.937],[-4.547,50.9354],[-4.54555,50.93405],[-4.54505,50.93285],[-4.54625,50.9312],[-4.5454,50.92965],[-4.54605,50.92835]]],[[[-4.2252,51.1859],[-4.2225,51.18615],[-4.221,51.185],[-4.21875,51.18435],[-4.2159,51.18255],[-4.2139,51.182],[-4.21405,51.1802],[-4.21625,51.17975],[-4.2159,51.17775],[-4.21585,51.1742],[-4.2154,51.17115],[-4.2162,51.16895],[-4.217,51.16445],[-4.217,51.1632],[-4.21775,51.15955],[-4.2187,51.1571],[-4.22085,51.1525],[-4.2254,51.14755],[-4.2276,51.1457],[-4.23235,51.14495],[-4.23705,51.14565],[-4.23915,51.14535],[-4.241,51.14555],[-4.2471,51.1455],[-4.25025,51.1463],[-4.25595,51.14685],[-4.2572,51.14675],[-4.25735,51.14545],[-4.25875,51.1441],[-4.26195,51.14285],[-4.26005,51.1421],[-4.25645,51.1396],[-4.2548,51.1396],[-4.2533,51.1389],[-4.24965,51.138],[-4.24945,51.13725],[-4.24555,51.1349],[-4.24545,51.13055],[-4.2444,51.1285],[-4.2451,51.1273],[-4.2447,51.1263],[-4.24335,51.12605],[-4.24245,51.1249],[-4.2432,51.1228],[-4.2408,51.12195],[-4.2393,51.12025],[-4.2346,51.11915],[-4.23275,51.1189],[-4.23025,51.11775],[-4.22925,51.11515],[-4.229,51.1134],[-4.2293,51.10975],[-4.2299,51.10845],[-4.2305,51.1055],[-4.2309,51.10185],[-4.23085,51.0998],[-4.2317,51.0946],[-4.23275,51.09025],[-4.23415,51.088],[-4.23585,51.0865],[-4.2388,51.08655],[-4.238,51.0855],[-4.23525,51.0845],[-4.23305,51.0844],[-4.23255,51.08285],[-4.23105,51.0819],[-4.22785,51.08055],[-4.22245,51.077],[-4.22,51.07615],[-4.2181,51.0749],[-4.2142,51.07405],[-4.21125,51.0741],[-4.20455,51.07095],[-4.19775,51.0695],[-4.19545,51.0677],[-4.19285,51.06655],[-4.19055,51.06595],[-4.1895,51.06685],[-4.19175,51.06715],[-4.19415,51.06845],[-4.1937,51.07],[-4.18955,51.0717],[-4.18695,51.07385],[-4.1858,51.07585],[-4.1862,51.07735],[-4.18965,51.07805],[-4.1907,51.07585],[-4.1919,51.0767],[-4.19195,51.08105],[-4.19115,51.083],[-4.1939,51.08405],[-4.19145,51.0878],[-4.19215,51.08925],[-4.1938,51.0906],[-4.19815,51.09295],[-4.1992,51.095],[-4.1993,51.0969],[-4.19825,51.0993],[-4.19735,51.1049],[-4.1971,51.10845],[-4.19655,51.11015],[-4.1974,51.1123],[-4.20245,51.115],[-4.20215,51.1163],[-4.2028,51.1174],[-4.19725,51.1176],[-4.19555,51.11785],[-4.19355,51.1175],[-4.18845,51.11515],[-4.1873,51.11725],[-4.18565,51.1184],[-4.18415,51.11885],[-4.1826,51.11765],[-4.17875,51.11715],[-4.1741,51.1176],[-4.1768,51.12085],[-4.17725,51.12215],[-4.17695,51.12375],[-4.17725,51.1258],[-4.1762,51.12825],[-4.1781,51.1331],[-4.1796,51.1351],[-4.1811,51.13625],[-4.1822,51.13835],[-4.18485,51.14125],[-4.1888,51.1447],[-4.19105,51.1474],[-4.19165,51.15075],[-4.1914,51.15345],[-4.19215,51.15545],[-4.19495,51.1573],[-4.1943,51.15975],[-4.19195,51.16105],[-4.18635,51.163],[-4.18265,51.1639],[-4.18145,51.1653],[-4.17545,51.1667],[-4.17105,51.16715],[-4.171,51.16865],[-4.1719,51.1693],[-4.17575,51.1697],[-4.176,51.1714],[-4.17445,51.1725],[-4.17055,51.1737],[-4.17005,51.17485],[-4.16815,51.17675],[-4.16095,51.17995],[-4.1583,51.1806],[-4.15665,51.1831],[-4.1542,51.1846],[-4.15075,51.18565],[-4.1464,51.1881],[-4.1463,51.189],[-4.14735,51.192],[-4.1471,51.19235],[-4.1402,51.193],[-4.14,51.1944],[-4.13745,51.1946],[-4.13395,51.1929],[-4.1313,51.19285],[-4.13015,51.1935],[-4.13255,51.19845],[-4.1323,51.20185],[-4.13365,51.2034],[-4.13275,51.2056],[-4.12905,51.20795],[-4.12965,51.20915],[-4.1319,51.20845],[-4.13515,51.2093],[-4.13635,51.20765],[-4.13835,51.20745],[-4.1432,51.20605],[-4.14615,51.20405],[-4.14765,51.2039],[-4.15025,51.2044],[-4.15265,51.2041],[-4.15615,51.2043],[-4.15785,51.20225],[-4.16055,51.20205],[-4.1626,51.20255],[-4.16665,51.2026],[-4.16715,51.20205],[-4.16765,51.20135],[-4.1711,51.20105],[-4.1714,51.1994],[-4.17605,51.1983],[-4.17785,51.1973],[-4.1819,51.19875],[-4.1832,51.19975],[-4.1889,51.1994],[-4.19075,51.19995],[-4.1923,51.1993],[-4.1968,51.19965],[-4.20115,51.20065],[-4.2028,51.19925],[-4.20455,51.1962],[-4.2077,51.19485],[-4.2069,51.19415],[-4.20735,51.1925],[-4.2092,51.1921],[-4.21065,51.19055],[-4.2121,51.19055],[-4.21565,51.18985],[-4.21695,51.19015],[-4.2227,51.1897],[-4.22355,51.18915],[-4.22795,51.1889],[-4.2301,51.1881],[-4.2298,51.18735],[-4.2272,51.18695],[-4.2252,51.1859]]],[[[-4.09645,51.21215],[-4.0982,51.21165],[-4.1013,51.2132],[-4.1041,51.21145],[-4.1057,51.21095],[-4.10585,51.21015],[-4.1077,51.2097],[-4.1099,51.2099],[-4.11305,51.20875],[-4.1102,51.2077],[-4.10855,51.20765],[-4.1046,51.20685],[-4.10245,51.20675],[-4.1002,51.20805],[-4.09975,51.20575],[-4.10155,51.2038],[-4.1048,51.2031],[-4.10595,51.2023],[-4.10425,51.201],[-4.1051,51.20025],[-4.10425,51.1993],[-4.1017,51.1986],[-4.10035,51.1968],[-4.09965,51.1951],[-4.1013,51.19465],[-4.10015,51.19195],[-4.1003,51.19005],[-4.09905,51.1868],[-4.10025,51.1843],[-4.1012,51.1832],[-4.1028,51.1826],[-4.10225,51.18155],[-4.097,51.1811],[-4.0932,51.1799],[-4.09295,51.17825],[-4.09475,51.1761],[-4.0939,51.17475],[-4.09145,51.17395],[-4.0844,51.1739],[-4.08015,51.17455],[-4.0772,51.1745],[-4.06745,51.1753],[-4.06405,51.1759],[-4.04475,51.17535],[-4.0421,51.1786],[-4.0354,51.17855],[-4.0291,51.17725],[-4.0231,51.1773],[-4.02035,51.177],[-4.01525,51.17685],[-4.0105,51.1774],[-4.00675,51.1784],[-4.0016,51.1793],[-3.99915,51.1802],[-3.99465,51.1814],[-3.994,51.1826],[-3.9926,51.1837],[-3.9905,51.18395],[-3.9846,51.18365],[-3.9828,51.18405],[-3.98015,51.18385],[-3.9758,51.1842],[-3.97575,51.18515],[-3.97375,51.18765],[-3.97625,51.19335],[-3.9784,51.1955],[-3.98055,51.19625],[-3.9834,51.1982],[-3.9927,51.20235],[-3.9956,51.20265],[-3.9986,51.2034],[-4.0013,51.20305],[-4.00615,51.20325],[-4.0083,51.2041],[-4.01165,51.20475],[-4.01585,51.204],[-4.0196,51.2043],[-4.02145,51.20525],[-4.02555,51.20585],[-4.0306,51.20575],[-4.0306,51.2069],[-4.0329,51.2069],[-4.0351,51.20785],[-4.03755,51.2078],[-4.03835,51.20655],[-4.0406,51.20705],[-4.0452,51.2074],[-4.0469,51.20795],[-4.04945,51.20765],[-4.05075,51.20745],[-4.05305,51.2092],[-4.05455,51.20975],[-4.0562,51.21195],[-4.0582,51.2124],[-4.059,51.2117],[-4.061,51.2127],[-4.0634,51.21325],[-4.0642,51.2145],[-4.066,51.21535],[-4.06895,51.21575],[-4.07235,51.2174],[-4.0739,51.2167],[-4.06975,51.21515],[-4.07105,51.2142],[-4.074,51.21555],[-4.07645,51.21575],[-4.0796,51.21785],[-4.0817,51.21735],[-4.0843,51.2162],[-4.086,51.2172],[-4.08785,51.2173],[-4.0884,51.2156],[-4.0906,51.21405],[-4.0924,51.214],[-4.09645,51.21215]]]]},"properties":{"kind":"aonb","name":"North Devon"}},{"type":"Feature","geometry":{"type":"Polygon","coordinates":[[[-3.04185,50.78195],[-3.0408,50.7828],[-3.03895,50.783],[-3.0385,50.7845],[-3.0389,50.78575],[-3.0375,50.78675],[-3.03695,50.79015],[-3.03915,50.79235],[-3.0345,50.7927],[-3.0323,50.792],[-3.0299,50.79375],[-3.02905,50.79435],[-3.02675,50.79405],[-3.02615,50.79245],[-3.02495,50.79165],[-3.0211,50.7906],[-3.01655,50.7904],[-3.01505,50.7914],[-3.01305,50.79205],[-3.0117,50.79185],[-3.0119,50.7903],[-3.00955,50.7902],[-3.0042,50.79155],[-3.0022,50.7907],[-3.00125,50.7913],[-2.9968,50.7921],[-2.9932,50.79565],[-2.989,50.79775],[-2.99195,50.7983],[-2.99205,50.80105],[-2.99095,50.80175],[-2.9915,50.8036],[-2.98925,50.8038],[-2.98755,50.8055],[-2.98645,50.80545],[-2.98175,50.80645],[-2.98275,50.8096],[-2.98525,50.8129],[-2.9859,50.8138],[-2.9855,50.81665],[-2.9866,50.817],[-2.9848,50.819],[-2.9844,50.8215],[-2.9821,50.8228],[-2.9795,50.82295],[-2.9777,50.82545],[-2.97615,50.82675],[-2.97675,50.82785],[-2.9762,50.8291],[-2.97505,50.8298],[-2.9762,50.83065],[-2.9774,50.83245],[-2.979,50.8334],[-2.97885,50.83415],[-2.9746,50.8372],[-2.97465,50.83835],[-2.97185,50.8385],[-2.9721,50.84155],[-2.9707,50.84255],[-2.9725,50.8445],[-2.97255,50.84615],[-2.97105,50.84765],[-2.97025,50.8494],[-2.96805,50.8513],[-2.9709,50.85155],[-2.9682,50.85485],[-2.96615,50.8569],[-2.96685,50.85815],[-2.9739,50.8617],[-2.97925,50.8629],[-2.9814,50.8647],[-2.98265,50.8663],[-2.98535,50.8664],[-2.98575,50.8678],[-2.9876,50.8697],[-2.99035,50.87175],[-2.99095,50.8736],[-2.9922,50.8754],[-2.99285,50.87765],[-2.99505,50.88015],[-3.0024,50.8822],[-3.01015,50.8849],[-3.0102,50.88645],[-3.00895,50.88835],[-3.0084,50.8904],[-3.0081,50.89325],[-3.0081,50.8999],[-3.00705,50.90175],[-3.0053,50.9032],[-3.00305,50.90405],[-3.00265,50.9048],[-3.0046,50.90625],[-3.00285,50.908],[-3.0024,50.9096],[-3.00445,50.91375],[-3.00655,50.9157],[-3.00655,50.91655],[-3.0048,50.91795],[-3.0054,50.91895],[-3.00555,50.9212],[-3.00725,50.92265],[-3.00715,50.9238],[-3.00875,50.9257],[-3.00735,50.9275],[-3.005,50.92855],[-3.00515,50.934],[-3.00715,50.9367],[-3.00985,50.9387],[-3.0105,50.93975],[-3.01365,50.9418],[-3.01645,50.9428],[-3.01805,50.94455],[-3.01485,50.94525],[-3.0162,50.94865],[-3.01765,50.9502],[-3.0211,50.94995],[-3.0219,50.9505],[-3.0241,50.94895],[-3.0261,50.94985],[-3.0294,50.94985],[-3.03415,50.9519],[-3.0339,50.95235],[-3.04265,50.95115],[-3.0431,50.95345],[-3.04455,50.9545],[-3.04815,50.95785],[-3.0492,50.96105],[-3.05045,50.9606],[-3.0516,50.96195],[-3.05185,50.9637],[-3.05355,50.96645],[-3.05315,50.9704],[-3.0523,50.97115],[-3.05375,50.9726],[-3.05545,50.97485],[-3.0561,50.9783],[-3.055,50.97985],[-3.0561,50.98095],[-3.0597,50.98265],[-3.0643,50.97985],[-3.0659,50.98195],[-3.068,50.9815],[-3.0715,50.98145],[-3.0739,50.98105],[-3.0737,50.9801],[-3.07615,50.97855],[-3.0767,50.97685],[-3.0779,50.97535],[-3.08085,50.9746],[-3.08365,50.9743],[-3.08545,50.97525],[-3.0874,50.9735],[-3.08815,50.97165],[-3.09355,50.97185],[-3.0964,50.9716],[-3.09605,50.97005],[-3.09485,50.96905],[-3.0997,50.96795],[-3.10385,50.96745],[-3.10675,50.96805],[-3.11315,50.96725],[-3.113,50.96605],[-3.1161,50.96485],[-3.11595,50.9634],[-3.1172,50.9605],[-3.11735,50.9588],[-3.11555,50.95785],[-3.1155,50.9569],[-3.11775,50.95635],[-3.12235,50.9569],[-3.1251,50.9559],[-3.12465,50.9594],[-3.1253,50.96105],[-3.1249,50.96325],[-3.1278,50.9632],[-3.13,50.9622],[-3.13245,50.9618],[-3.1339,50.96055],[-3.13895,50.9585],[-3.1432,50.95845],[-3.1461,50.959],[-3.1481,50.95985],[-3.153,50.95945],[-3.156,50.95965],[-3.1548,50.9621],[-3.1549,50.96275],[-3.1615,50.96235],[-3.16375,50.9619],[-3.1658,50.96195],[-3.16895,50.96055],[-3.17095,50.96105],[-3.17405,50.96325],[-3.1773,50.9647],[-3.1804,50.9603],[-3.1852,50.9595],[-3.18695,50.961],[-3.18755,50.962],[-3.1901,50.96125],[-3.19085,50.9604],[-3.1923,50.96045],[-3.1946,50.9612],[-3.19735,50.96075],[-3.2004,50.9575],[-3.2024,50.9572],[-3.20305,50.95775],[-3.20595,50.9585],[-3.2074,50.9569],[-3.20915,50.956],[-3.2139,50.9556],[-3.22015,50.9557],[-3.22055,50.9561],[-3.22415,50.9567],[-3.22595,50.9567],[-3.2294,50.95775],[-3.23175,50.959],[-3.24155,50.9575],[-3.24865,50.95625],[-3.2581,50.9541],[-3.2681,50.9512],[-3.2753,50.9483],[-3.2753,50.94695],[-3.27625,50.94545],[-3.27565,50.9438],[-3.27765,50.94045],[-3.27805,50.9387],[-3.27985,50.9363],[-3.2798,50.93355],[-3.2791,50.9302],[-3.2777,50.92905],[-3.2784,50.9267],[-3.2794,50.92495],[-3.2794,50.92265],[-3.2767,50.92325],[-3.27345,50.9229],[-3.27145,50.9231],[-3.26585,50.9215],[-3.2642,50.9215],[-3.2637,50.9186],[-3.26425,50.91625],[-3.26345,50.916],[-3.2632,50.9118],[-3.2643,50.9119],[-3.2681,50.91105],[-3.26805,50.90975],[-3.2718,50.90875],[-3.2736,50.90785],[-3.2784,50.90665],[-3.27915,50.90375],[-3.2788,50.9018],[-3.278,50.9008],[-3.27815,50.8995],[-3.2769,50.89685],[-3.2769,50.89585],[-3.27885,50.89375],[-3.2802,50.8933],[-3.28375,50.88985],[-3.2824,50.88795],[-3.28405,50.8864],[-3.28465,50.8835],[-3.2869,50.8834],[-3.28865,50.88395],[-3.29155,50.88405],[-3.2937,50.8852],[-3.2972,50.8827],[-3.30055,50.8818],[-3.30045,50.8805],[-3.30555,50.88],[-3.3067,50.8783],[-3.3065,50.8761],[-3.30715,50.87405],[-3.3065,50.8717],[-3.3052,50.8693],[-3.30395,50.86825],[-3.30315,50.8678],[-3.3021,50.86495],[-3.30225,50.86225],[-3.30345,50.86015],[-3.30575,50.85795],[-3.3046,50.8569],[-3.3049,50.85465],[-3.30175,50.85285],[-3.298,50.8491],[-3.29765,50.8476],[-3.29135,50.84225],[-3.28835,50.8405],[-3.2883,50.8365],[-3.28705,50.83565],[-3.2838,50.83555],[-3.28275,50.8361],[-3.2812,50.83465],[-3.27885,50.835],[-3.27655,50.83385],[-3.27505,50.83415],[-3.27355,50.83305],[-3.2717,50.83015],[-3.27215,50.82855],[-3.27085,50.8258],[-3.26805,50.82165],[-3.26625,50.8196],[-3.26455,50.819],[-3.2616,50.81795],[-3.2593,50.8181],[-3.2566,50.81685],[-3.25135,50.8159],[-3.2475,50.81475],[-3.24315,50.8129],[-3.23735,50.8133],[-3.23555,50.8125],[-3.2354,50.8114],[-3.2334,50.8102],[-3.23185,50.81115],[-3.23065,50.8101],[-3.2286,50.8094],[-3.2267,50.80735],[-3.22475,50.80615],[-3.22285,50.80605],[-3.22025,50.8049],[-3.21575,50.80435],[-3.21275,50.80325],[-3.2081,50.8032],[-3.2045,50.80375],[-3.20275,50.8035],[-3.19905,50.80225],[-3.1955,50.80305],[-3.1883,50.80375],[-3.1823,50.80415],[-3.18105,50.80535],[-3.1796,50.8055],[-3.1783,50.80485],[-3.1745,50.80695],[-3.171,50.81025],[-3.1725,50.8113],[-3.17165,50.8121],[-3.1692,50.81195],[-3.17065,50.8104],[-3.16835,50.8094],[-3.16195,50.80725],[-3.1605,50.8058],[-3.16195,50.8047],[-3.16175,50.80405],[-3.1648,50.8037],[-3.16465,50.80235],[-3.1671,50.8006],[-3.1681,50.8006],[-3.17055,50.79925],[-3.1713,50.79815],[-3.1752,50.79705],[-3.17685,50.7973],[-3.1789,50.7951],[-3.1799,50.79505],[-3.18135,50.7939],[-3.18515,50.7931],[-3.1859,50.79265],[-3.18755,50.79025],[-3.18755,50.78925],[-3.18575,50.78955],[-3.1837,50.788],[-3.1799,50.78815],[-3.1785,50.7879],[-3.17765,50.7896],[-3.17385,50.79265],[-3.17255,50.7943],[-3.17375,50.7958],[-3.17055,50.7963],[-3.16175,50.8009],[-3.1608,50.8008],[-3.1551,50.79735],[-3.15175,50.7966],[-3.1476,50.7964],[-3.13845,50.7956],[-3.1326,50.79525],[-3.12825,50.7938],[-3.1196,50.79335],[-3.1154,50.7941],[-3.11315,50.79425],[-3.1091,50.7936],[-3.09635,50.78785],[-3.0941,50.7864],[-3.08935,50.7817],[-3.0869,50.78075],[-3.08325,50.78085],[-3.08,50.7799],[-3.07585,50.77935],[-3.07435,50.77965],[-3.0689,50.7816],[-3.0663,50.78315],[-3.0629,50.7848],[-3.06185,50.7859],[-3.0593,50.78685],[-3.0569,50.78655],[-3.0456,50.78355],[-3.04185,50.78195]]]},"properties":{"kind":"aonb","name":"Blackdown Hills"}},{"type":"Feature","geometry":{"type":"MultiPolygon","coordinates":[[[[-1.28345,50.6536],[-1.28385,50.65505],[-1.2917,50.65895],[-1.294,50.65945],[-1.29805,50.65895],[-1.3008,50.659],[-1.30065,50.66],[-1.2988,50.6633],[-1.29955,50.665],[-1.3013,50.66715],[-1.30285,50.6696],[-1.3026,50.67185],[-1.3011,50.6735],[-1.29555,50.67445],[-1.2927,50.674],[-1.28935,50.67485],[-1.28965,50.6758],[-1.2938,50.6803],[-1.29505,50.68195],[-1.29665,50.68285],[-1.2989,50.68315],[-1.30115,50.68475],[-1.3045,50.68605],[-1.3076,50.6855],[-1.30865,50.68655],[-1.30835,50.69065],[-1.31065,50.69145],[-1.31575,50.69175],[-1.31825,50.69125],[-1.3233,50.69125],[-1.3294,50.69195],[-1.33225,50.6921],[-1.335,50.6919],[-1.3377,50.6905],[-1.34295,50.6891],[-1.3466,50.6888],[-1.34955,50.68785],[-1.356,50.6867],[-1.3663,50.6859],[-1.3702,50.686],[-1.3786,50.68525],[-1.38385,50.6839],[-1.38555,50.68315],[-1.39445,50.68095],[-1.39615,50.6807],[-1.4003,50.67955],[-1.4032,50.6795],[-1.40705,50.6803],[-1.41285,50.67885],[-1.41525,50.67885],[-1.41575,50.67785],[-1.41965,50.6767],[-1.4246,50.6747],[-1.42775,50.67435],[-1.43105,50.6731],[-1.4369,50.6716],[-1.44525,50.6708],[-1.44715,50.67105],[-1.44965,50.6719],[-1.45415,50.6723],[-1.4605,50.6737],[-1.47125,50.6749],[-1.4773,50.67595],[-1.48545,50.6755],[-1.49105,50.6758],[-1.4962,50.67705],[-1.4964,50.67875],[-1.49595,50.68165],[-1.49425,50.6839],[-1.4936,50.68405],[-1.4924,50.6868],[-1.49065,50.6893],[-1.48645,50.69195],[-1.4855,50.69225],[-1.48285,50.6955],[-1.4818,50.6998],[-1.4828,50.70105],[-1.4852,50.70245],[-1.48495,50.7039],[-1.4872,50.70645],[-1.4827,50.70735],[-1.48015,50.70745],[-1.4775,50.70645],[-1.4717,50.70525],[-1.468,50.7042],[-1.4645,50.70415],[-1.45965,50.70445],[-1.4543,50.70445],[-1.44885,50.7035],[-1.44035,50.70145],[-1.4361,50.70085],[-1.4314,50.7004],[-1.42435,50.70165],[-1.41635,50.70175],[-1.4128,50.7015],[-1.4103,50.70095],[-1.40855,50.70465],[-1.40605,50.7061],[-1.40395,50.708],[-1.40045,50.70805],[-1.39665,50.70735],[-1.395,50.7077],[-1.3918,50.70735],[-1.3867,50.70885],[-1.38485,50.70975],[-1.3797,50.7107],[-1.37645,50.71095],[-1.37315,50.7125],[-1.3726,50.7154],[-1.3697,50.71635],[-1.3694,50.71885],[-1.3673,50.7194],[-1.36505,50.721],[-1.3638,50.72135],[-1.36155,50.72375],[-1.36015,50.72695],[-1.356,50.73075],[-1.3556,50.7327],[-1.3549,50.7328],[-1.3495,50.7349],[-1.3465,50.7368],[-1.3435,50.73945],[-1.34255,50.7412],[-1.34235,50.7446],[-1.34065,50.7454],[-1.34075,50.7462],[-1.33715,50.74865],[-1.3378,50.75035],[-1.33645,50.7505],[-1.33675,50.75175],[-1.33485,50.75195],[-1.3354,50.7542],[-1.3338,50.7548],[-1.33425,50.75575],[-1.3378,50.75525],[-1.33925,50.7541],[-1.34205,50.7527],[-1.3448,50.75095],[-1.3453,50.75025],[-1.3454,50.7476],[-1.34755,50.7431],[-1.34985,50.74105],[-1.35135,50.74065],[-1.35295,50.7393],[-1.35535,50.7386],[-1.3592,50.7381],[-1.36405,50.7379],[-1.3657,50.73715],[-1.3698,50.73615],[-1.37925,50.7341],[-1.3813,50.7328],[-1.3896,50.73165],[-1.3917,50.73065],[-1.3982,50.72875],[-1.40235,50.7282],[-1.4057,50.7267],[-1.40985,50.7256],[-1.4098,50.7248],[-1.41205,50.7245],[-1.41605,50.72505],[-1.4242,50.7267],[-1.42565,50.72675],[-1.4296,50.72595],[-1.43595,50.72365],[-1.4414,50.7224],[-1.4448,50.72035],[-1.4469,50.7196],[-1.4493,50.71925],[-1.4529,50.71745],[-1.45735,50.71595],[-1.4596,50.7144],[-1.46475,50.7123],[-1.46975,50.70975],[-1.4718,50.7099],[-1.47555,50.70885],[-1.4796,50.70845],[-1.4866,50.7067],[-1.4928,50.7066],[-1.4949,50.7068],[-1.505,50.70675],[-1.50665,50.70585],[-1.5097,50.706],[-1.51,50.7052],[-1.51205,50.70335],[-1.50935,50.7031],[-1.50935,50.7013],[-1.50875,50.70015],[-1.5091,50.6965],[-1.51015,50.69445],[-1.50855,50.69115],[-1.5103,50.6893],[-1.5106,50.6846],[-1.51375,50.6837],[-1.5162,50.6821],[-1.5138,50.68065],[-1.5123,50.6781],[-1.50975,50.67665],[-1.5108,50.67585],[-1.51455,50.6746],[-1.5171,50.6731],[-1.5201,50.67505],[-1.52195,50.6757],[-1.52715,50.67595],[-1.52965,50.6754],[-1.53115,50.67345],[-1.5352,50.6727],[-1.54065,50.67245],[-1.54255,50.67185],[-1.5453,50.6717],[-1.5496,50.6704],[-1.552,50.66995],[-1.5528,50.67045],[-1.5492,50.67315],[-1.54955,50.6755],[-1.5482,50.67645],[-1.54805,50.6784],[-1.5503,50.6774],[-1.55355,50.67735],[-1.5574,50.67625],[-1.5607,50.67615],[-1.5635,50.67555],[-1.5676,50.67395],[-1.5691,50.67375],[-1.5704,50.6727],[-1.56905,50.6672],[-1.56925,50.66575],[-1.57285,50.6645],[-1.5856,50.6632],[-1.5852,50.6628],[-1.5791,50.66115],[-1.5792,50.66055],[-1.5793,50.66015],[-1.5739,50.6605],[-1.56755,50.66145],[-1.56395,50.6627],[-1.56065,50.6632],[-1.55425,50.6632],[-1.5494,50.66355],[-1.5452,50.6646],[-1.53745,50.66615],[-1.5236,50.66795],[-1.5194,50.66795],[-1.5135,50.66825],[-1.51295,50.66925],[-1.51135,50.67],[-1.5092,50.66985],[-1.506,50.6684],[-1.4972,50.66855],[-1.4937,50.6684],[-1.4898,50.66785],[-1.484,50.6666],[-1.4806,50.6648],[-1.47675,50.66245],[-1.47265,50.6595],[-1.46745,50.6554],[-1.46465,50.6524],[-1.46265,50.65235],[-1.45975,50.6516],[-1.45675,50.65005],[-1.4544,50.6477],[-1.45265,50.6464],[-1.44715,50.64345],[-1.44265,50.64225],[-1.4327,50.6403],[-1.4293,50.63895],[-1.42555,50.6378],[-1.42295,50.6374],[-1.4198,50.63655],[-1.4101,50.6349],[-1.40685,50.63365],[-1.39675,50.62915],[-1.39055,50.62765],[-1.38305,50.6239],[-1.3801,50.62195],[-1.3717,50.61715],[-1.36815,50.61495],[-1.36525,50.6128],[-1.36355,50.61085],[-1.36175,50.60975],[-1.3562,50.60895],[-1.3535,50.6082],[-1.3487,50.60605],[-1.34345,50.60405],[-1.33905,50.6017],[-1.33425,50.59895],[-1.3324,50.59755],[-1.3278,50.595],[-1.3226,50.59165],[-1.31865,50.58995],[-1.3142,50.5857],[-1.3085,50.5805],[-1.3086,50.5786],[-1.30775,50.5773],[-1.30445,50.577],[-1.3041,50.5762],[-1.30195,50.57545],[-1.2991,50.57505],[-1.29515,50.57495],[-1.29165,50.5755],[-1.28815,50.57655],[-1.28675,50.57755],[-1.2854,50.5777],[-1.28095,50.57715],[-1.27945,50.57755],[-1.27775,50.57875],[-1.2708,50.5798],[-1.26835,50.57955],[-1.2634,50.58015],[-1.25985,50.5794],[-1.25525,50.57995],[-1.2519,50.58115],[-1.2501,50.5809],[-1.2469,50.58235],[-1.2449,50.58225],[-1.2417,50.583],[-1.2402,50.58425],[-1.2363,50.5855],[-1.23515,50.58625],[-1.2334,50.5861],[-1.2318,50.58695],[-1.23,50.5869],[-1.2264,50.5883],[-1.2238,50.5888],[-1.2226,50.58865],[-1.221,50.59015],[-1.2224,50.59065],[-1.22515,50.59045],[-1.2282,50.5898],[-1.2309,50.58965],[-1.2383,50.5878],[-1.2439,50.5859],[-1.25,50.5849],[-1.25215,50.5854],[-1.2516,50.58615],[-1.2422,50.58915],[-1.2414,50.58965],[-1.2359,50.59145],[-1.2306,50.59225],[-1.2301,50.5933],[-1.2275,50.5934],[-1.22535,50.59395],[-1.2213,50.5943],[-1.21805,50.59515],[-1.2155,50.5961],[-1.21745,50.5966],[-1.21975,50.599],[-1.2221,50.6006],[-1.2203,50.60355],[-1.2166,50.60195],[-1.2145,50.59905],[-1.21295,50.59825],[-1.2112,50.5963],[-1.2085,50.59905],[-1.2072,50.5988],[-1.2067,50.5976],[-1.2003,50.59815],[-1.19815,50.59855],[-1.1964,50.60015],[-1.19285,50.60085],[-1.1922,50.6014],[-1.19,50.6015],[-1.1845,50.6033],[-1.1815,50.60525],[-1.18115,50.60675],[-1.1752,50.6069],[-1.1753,50.60785],[-1.17695,50.6101],[-1.177,50.6109],[-1.1757,50.6124],[-1.17295,50.6146],[-1.17245,50.6154],[-1.17325,50.6187],[-1.17595,50.61945],[-1.18495,50.6225],[-1.1864,50.625],[-1.188,50.626],[-1.1909,50.62595],[-1.19315,50.62555],[-1.1958,50.62595],[-1.1951,50.62755],[-1.1965,50.62795],[-1.19705,50.6295],[-1.20065,50.6293],[-1.20815,50.6297],[-1.21415,50.6292],[-1.2166,50.6285],[-1.2214,50.6258],[-1.223,50.62435],[-1.22415,50.62215],[-1.2242,50.6206],[-1.22345,50.61825],[-1.22165,50.61545],[-1.21905,50.61365],[-1.22155,50.61235],[-1.2238,50.6121],[-1.2244,50.6109],[-1.22585,50.6112],[-1.22545,50.61225],[-1.22745,50.61245],[-1.23025,50.61135],[-1.23145,50.6117],[-1.2321,50.6136],[-1.2323,50.6166],[-1.2328,50.61845],[-1.23075,50.619],[-1.2282,50.61905],[-1.2285,50.62185],[-1.23,50.62275],[-1.2308,50.62415],[-1.2335,50.6265],[-1.2357,50.62955],[-1.23585,50.6333],[-1.2391,50.63415],[-1.24555,50.6325],[-1.24815,50.63265],[-1.2521,50.6323],[-1.25465,50.63295],[-1.2556,50.63455],[-1.25675,50.63475],[-1.25685,50.6317],[-1.2579,50.62885],[-1.2574,50.6241],[-1.25795,50.6227],[-1.25775,50.6211],[-1.2586,50.62045],[-1.2597,50.61755],[-1.26265,50.61715],[-1.26465,50.6173],[-1.26475,50.61475],[-1.2654,50.6129],[-1.2671,50.6119],[-1.2685,50.6099],[-1.26495,50.6038],[-1.2613,50.59935],[-1.2605,50.5974],[-1.2617,50.5974],[-1.26735,50.59535],[-1.27055,50.59315],[-1.27175,50.5913],[-1.2757,50.58935],[-1.2778,50.58905],[-1.28085,50.5878],[-1.28205,50.58685],[-1.28355,50.5845],[-1.2858,50.5831],[-1.287,50.5832],[-1.2866,50.5848],[-1.285,50.58675],[-1.2851,50.5877],[-1.2892,50.58945],[-1.2872,50.5911],[-1.28795,50.5922],[-1.2858,50.594],[-1.288,50.59445],[-1.28795,50.59575],[-1.2843,50.59575],[-1.282,50.59695],[-1.27975,50.5966],[-1.27895,50.5994],[-1.28025,50.60055],[-1.27915,50.60215],[-1.27955,50.6044],[-1.27875,50.60825],[-1.27935,50.6105],[-1.2808,50.61095],[-1.28205,50.6125],[-1.2826,50.61395],[-1.28165,50.61645],[-1.28225,50.61795],[-1.28265,50.6216],[-1.28325,50.6236],[-1.2795,50.62675],[-1.2782,50.62865],[-1.27965,50.63365],[-1.27945,50.63485],[-1.2798,50.63785],[-1.2788,50.64085],[-1.2789,50.64405],[-1.2795,50.64585],[-1.2816,50.64895],[-1.28125,50.64995],[-1.28235,50.6513],[-1.28345,50.6536]]],[[[-1.25435,50.69185],[-1.25675,50.69195],[-1.26255,50.6902],[-1.266,50.6883],[-1.2697,50.68835],[-1.27035,50.68865],[-1.2751,50.68895],[-1.28445,50.6884],[-1.28435,50.687],[-1.28225,50.68585],[-1.27945,50.68345],[-1.27905,50.68195],[-1.27955,50.6811],[-1.2783,50.6792],[-1.27005,50.67645],[-1.2604,50.6765],[-1.2578,50.67715],[-1.255,50.67695],[-1.2539,50.67765],[-1.25005,50.67705],[-1.24525,50.6771],[-1.244,50.67655],[-1.23855,50.67575],[-1.2329,50.6742],[-1.2274,50.6739],[-1.2273,50.67335],[-1.2235,50.67335],[-1.22045,50.6739],[-1.21765,50.674],[-1.2152,50.6745],[-1.21195,50.6759],[-1.20675,50.66995],[-1.2038,50.6696],[-1.2031,50.66885],[-1.2004,50.6646],[-1.1986,50.66305],[-1.1976,50.6613],[-1.19525,50.65915],[-1.19795,50.65785],[-1.1988,50.6564],[-1.19735,50.65355],[-1.1931,50.65295],[-1.19175,50.6575],[-1.1883,50.65735],[-1.1825,50.65815],[-1.176,50.66],[-1.17365,50.6612],[-1.1733,50.662],[-1.1697,50.66185],[-1.1679,50.66065],[-1.1659,50.66115],[-1.16615,50.6623],[-1.1679,50.66405],[-1.1595,50.6677],[-1.1568,50.6682],[-1.15395,50.668],[-1.1502,50.66685],[-1.14205,50.6684],[-1.14055,50.66845],[-1.13755,50.66735],[-1.1363,50.6657],[-1.136,50.6613],[-1.1248,50.66395],[-1.11415,50.66565],[-1.1109,50.66575],[-1.1068,50.6652],[-1.09995,50.66495],[-1.098,50.6652],[-1.09535,50.6673],[-1.09725,50.6682],[-1.09645,50.6706],[-1.0935,50.67265],[-1.09075,50.67375],[-1.08765,50.67455],[-1.08575,50.67675],[-1.07905,50.6798],[-1.0757,50.68105],[-1.0738,50.68135],[-1.07045,50.6834],[-1.0698,50.68525],[-1.07065,50.68575],[-1.0738,50.6846],[-1.078,50.6836],[-1.081,50.68245],[-1.0865,50.6798],[-1.08785,50.67995],[-1.08895,50.6792],[-1.091,50.67875],[-1.09325,50.67755],[-1.0959,50.6771],[-1.09815,50.676],[-1.1007,50.67575],[-1.1027,50.6741],[-1.10585,50.67565],[-1.10925,50.6758],[-1.1143,50.67655],[-1.11685,50.67555],[-1.12005,50.67675],[-1.1255,50.6766],[-1.1316,50.67395],[-1.1372,50.67515],[-1.14105,50.67625],[-1.14295,50.67465],[-1.1428,50.67355],[-1.1461,50.67395],[-1.1453,50.6756],[-1.14735,50.6762],[-1.152,50.67965],[-1.14915,50.68355],[-1.1499,50.6849],[-1.15345,50.6872],[-1.15425,50.68825],[-1.15995,50.69055],[-1.162,50.69115],[-1.16505,50.6916],[-1.1674,50.6913],[-1.1731,50.69245],[-1.17645,50.69205],[-1.17795,50.69225],[-1.1802,50.6945],[-1.18425,50.6965],[-1.18705,50.6968],[-1.1913,50.69805],[-1.19535,50.69985],[-1.20015,50.7012],[-1.2064,50.70265],[-1.21055,50.7039],[-1.21265,50.70625],[-1.21435,50.70695],[-1.21525,50.7088],[-1.2169,50.70945],[-1.2169,50.7114],[-1.2152,50.7117],[-1.2103,50.7133],[-1.209,50.71325],[-1.2082,50.71535],[-1.21075,50.7167],[-1.2116,50.7178],[-1.21125,50.71955],[-1.2143,50.72045],[-1.2158,50.72045],[-1.21875,50.722],[-1.2229,50.72515],[-1.2244,50.7245],[-1.2272,50.7248],[-1.2284,50.72385],[-1.22975,50.72115],[-1.23065,50.7204],[-1.2293,50.718],[-1.23195,50.7147],[-1.2307,50.71415],[-1.2311,50.7126],[-1.23075,50.71085],[-1.23215,50.71065],[-1.2327,50.70955],[-1.2317,50.7087],[-1.23225,50.70745],[-1.2353,50.70695],[-1.23885,50.7056],[-1.2436,50.7051],[-1.24255,50.7018],[-1.2408,50.6979],[-1.2506,50.69045],[-1.25435,50.69185]]],[[[-1.2412,50.742],[-1.23935,50.7434],[-1.2404,50.7442],[-1.2421,50.7463],[-1.24625,50.74955],[-1.2471,50.75125],[-1.2483,50.75215],[-1.2553,50.7541],[-1.25675,50.7552],[-1.26015,50.7598],[-1.26495,50.76205],[-1.26695,50.76345],[-1.2697,50.76485],[-1.2724,50.76585],[-1.2773,50.7663],[-1.277,50.76395],[-1.2772,50.7589],[-1.27665,50.75755],[-1.2737,50.75715],[-1.2776,50.75435],[-1.2761,50.75005],[-1.2753,50.7469],[-1.27395,50.745],[-1.27245,50.74405],[-1.2674,50.74665],[-1.2657,50.74715],[-1.2646,50.7457],[-1.2619,50.74485],[-1.26185,50.74295],[-1.2604,50.7406],[-1.2578,50.74095],[-1.2548,50.74055],[-1.25115,50.73965],[-1.2476,50.73855],[-1.24405,50.73855],[-1.2404,50.73905],[-1.23405,50.7408],[-1.2311,50.7406],[-1.22875,50.73885],[-1.22565,50.7375],[-1.22265,50.73675],[-1.21725,50.737],[-1.21425,50.73655],[-1.2139,50.7381],[-1.2159,50.73865],[-1.22085,50.73915],[-1.2265,50.7414],[-1.2311,50.743],[-1.23755,50.7435],[-1.23815,50.74315],[-1.2391,50.74205],[-1.2412,50.742]]],[[[-1.2018,50.7276],[-1.19635,50.7275],[-1.1958,50.7309],[-1.18715,50.7312],[-1.18305,50.7309],[-1.1826,50.73325],[-1.18375,50.733],[-1.186,50.73345],[-1.1901,50.73285],[-1.19485,50.7329],[-1.1974,50.7337],[-1.2071,50.73485],[-1.2109,50.735],[-1.21175,50.73405],[-1.20765,50.73195],[-1.20765,50.73045],[-1.2037,50.7298],[-1.20425,50.72785],[-1.2018,50.7276]]]]},"properties":{"kind":"aonb","name":"Isle Of Wight"}},{"type":"Feature","geometry":{"type":"MultiPolygon","coordinates":[[[[-3.1031,54.93165],[-3.1067,54.93125],[-3.10825,54.9314],[-3.1132,54.93105],[-3.1193,54.93105],[-3.1277,54.9316],[-3.1329,54.9316],[-3.14565,54.93285],[-3.14885,54.93295],[-3.15025,54.93385],[-3.15405,54.93535],[-3.157,54.93775],[-3.15965,54.93825],[-3.1691,54.9406],[-3.17255,54.941],[-3.1769,54.9419],[-3.1797,54.94315],[-3.18265,54.9453],[-3.18425,54.94705],[-3.18595,54.9499],[-3.19025,54.95105],[-3.19705,54.95195],[-3.20185,54.9534],[-3.20445,54.9539],[-3.2112,54.95445],[-3.2159,54.9538],[-3.22025,54.9528],[-3.23085,54.95235],[-3.23415,54.95],[-3.2377,54.94805],[-3.2409,54.94715],[-3.2479,54.9444],[-3.25005,54.94405],[-3.25375,54.94395],[-3.25605,54.9435],[-3.2611,54.94315],[-3.2648,54.94315],[-3.272,54.94215],[-3.2758,54.94215],[-3.2803,54.9425],[-3.2839,54.94195],[-3.28575,54.94125],[-3.2903,54.93825],[-3.29365,54.93515],[-3.2974,54.93075],[-3.29895,54.92925],[-3.3029,54.92775],[-3.30735,54.92385],[-3.3108,54.92155],[-3.31345,54.9189],[-3.31425,54.91605],[-3.3138,54.915],[-3.3085,54.91165],[-3.3032,54.9092],[-3.3017,54.90925],[-3.297,54.90725],[-3.2926,54.9066],[-3.29135,54.9061],[-3.28835,54.9059],[-3.2864,54.905],[-3.2801,54.903],[-3.27465,54.9031],[-3.2691,54.90415],[-3.2663,54.90525],[-3.2643,54.9069],[-3.26095,54.9103],[-3.257,54.91195],[-3.2515,54.913],[-3.25065,54.91175],[-3.2549,54.91055],[-3.25545,54.90845],[-3.25475,54.9051],[-3.2526,54.90485],[-3.2509,54.9041],[-3.2507,54.9031],[-3.2525,54.90255],[-3.25545,54.90105],[-3.2559,54.8993],[-3.25695,54.89785],[-3.26085,54.89545],[-3.2646,54.8921],[-3.2675,54.89185],[-3.26965,54.8907],[-3.2723,54.89115],[-3.27445,54.8905],[-3.27545,54.89195],[-3.2787,54.8921],[-3.28245,54.8929],[-3.28635,54.89315],[-3.28795,54.89265],[-3.2888,54.891],[-3.28705,54.8892],[-3.2861,54.88705],[-3.28585,54.8843],[-3.2844,54.8829],[-3.2836,54.8804],[-3.28115,54.8784],[-3.2802,54.8768],[-3.28025,54.87355],[-3.28435,54.8681],[-3.2843,54.86575],[-3.2834,54.86435],[-3.2811,54.8639],[-3.28055,54.86285],[-3.2825,54.8626],[-3.28505,54.86475],[-3.2858,54.86815],[-3.2849,54.87025],[-3.28175,54.8738],[-3.2823,54.87625],[-3.2861,54.8785],[-3.2895,54.8802],[-3.29085,54.87935],[-3.2952,54.87865],[-3.2961,54.8798],[-3.29675,54.88175],[-3.2994,54.8838],[-3.3027,54.88535],[-3.30785,54.88645],[-3.30925,54.8876],[-3.31215,54.8883],[-3.3208,54.88965],[-3.3225,54.8897],[-3.3283,54.8916],[-3.33255,54.8915],[-3.3355,54.89245],[-3.3373,54.89345],[-3.33965,54.89615],[-3.34115,54.8961],[-3.3432,54.8951],[-3.34525,54.8947],[-3.3461,54.89525],[-3.3419,54.89695],[-3.3352,54.8986],[-3.33605,54.89965],[-3.33865,54.9002],[-3.34335,54.899],[-3.3452,54.89895],[-3.34895,54.89815],[-3.35485,54.896],[-3.35805,54.89465],[-3.36155,54.8937],[-3.3645,54.8921],[-3.36115,54.8898],[-3.3598,54.8878],[-3.3607,54.885],[-3.3622,54.88435],[-3.35285,54.8801],[-3.35145,54.8749],[-3.35,54.8716],[-3.35415,54.8698],[-3.35185,54.8682],[-3.34435,54.8708],[-3.34215,54.871],[-3.3394,54.8719],[-3.3352,54.8717],[-3.3271,54.8649],[-3.32385,54.86105],[-3.31515,54.852],[-3.3051,54.8454],[-3.2929,54.84545],[-3.28755,54.84595],[-3.28385,54.8473],[-3.2817,54.84875],[-3.27305,54.86],[-3.27045,54.8627],[-3.26825,54.8646],[-3.2638,54.8673],[-3.24505,54.8766],[-3.23725,54.8811],[-3.23055,54.8848],[-3.22665,54.8872],[-3.2237,54.88855],[-3.2171,54.89195],[-3.2162,54.8926],[-3.2059,54.8979],[-3.2061,54.89825],[-3.19745,54.90225],[-3.185,54.9087],[-3.1866,54.91045],[-3.18975,54.91085],[-3.19085,54.91155],[-3.1943,54.913],[-3.19655,54.9129],[-3.19935,54.91385],[-3.19805,54.9153],[-3.1989,54.91705],[-3.1981,54.9173],[-3.18955,54.9213],[-3.1871,54.92275],[-3.18405,54.9233],[-3.1808,54.92425],[-3.17825,54.9269],[-3.1698,54.93245],[-3.16685,54.9304],[-3.1657,54.92655],[-3.1646,54.9245],[-3.16155,54.92385],[-3.15745,54.9224],[-3.1467,54.9262],[-3.14365,54.9266],[-3.14345,54.92515],[-3.13435,54.92325],[-3.1319,54.92235],[-3.12925,54.9238],[-3.1247,54.92395],[-3.12145,54.92175],[-3.11845,54.92065],[-3.11375,54.921],[-3.11115,54.9208],[-3.10875,54.92105],[-3.106,54.92005],[-3.10165,54.9206],[-3.09965,54.92145],[-3.09745,54.92135],[-3.093,54.923],[-3.0857,54.92245],[-3.0827,54.92235],[-3.0783,54.9216],[-3.0726,54.92125],[-3.0687,54.92065],[-3.0654,54.9206],[-3.06305,54.92],[-3.0585,54.9201],[-3.05215,54.9214],[-3.0461,54.9215],[-3.0424,54.92075],[-3.03705,54.92125],[-3.03225,54.9211],[-3.02915,54.92195],[-3.0238,54.92135],[-3.01735,54.9191],[-3.01555,54.92105],[-3.01545,54.9224],[-3.01365,54.92315],[-3.01425,54.9242],[-3.01375,54.92615],[-3.0105,54.9285],[-3.0055,54.9315],[-3.0021,54.93435],[-3.00135,54.9362],[-3.00185,54.938],[-3.0031,54.94],[-3.00495,54.94155],[-3.0059,54.94295],[-3.00705,54.9457],[-3.0084,54.94655],[-3.0119,54.94725],[-3.0114,54.94915],[-3.01225,54.95],[-3.0157,54.9501],[-3.0229,54.9546],[-3.02745,54.95655],[-3.0279,54.96025],[-3.03145,54.9637],[-3.02455,54.9664],[-3.0233,54.96815],[-3.02075,54.9701],[-3.0181,54.9714],[-3.01405,54.97225],[-3.01545,54.9734],[-3.0201,54.9721],[-3.02805,54.9702],[-3.0301,54.9707],[-3.0323,54.9704],[-3.0363,54.96845],[-3.0401,54.9686],[-3.04155,54.9695],[-3.0407,54.9726],[-3.0387,54.97315],[-3.0389,54.9747],[-3.04145,54.9767],[-3.0439,54.9772],[-3.04345,54.97525],[-3.0448,54.9754],[-3.04835,54.9768],[-3.05045,54.97795],[-3.05365,54.98035],[-3.05575,54.98225],[-3.0572,54.98305],[-3.06005,54.98285],[-3.0648,54.9797],[-3.06755,54.9765],[-3.0684,54.9749],[-3.07215,54.9747],[-3.0761,54.9719],[-3.0791,54.97035],[-3.08185,54.9698],[-3.08445,54.96965],[-3.08945,54.9705],[-3.09185,54.9705],[-3.1028,54.97145],[-3.10395,54.9714],[-3.1064,54.97005],[-3.1087,54.9683],[-3.10865,54.96775],[-3.1056,54.96665],[-3.09985,54.9659],[-3.10405,54.96545],[-3.10825,54.96545],[-3.112,54.9644],[-3.1138,54.96305],[-3.11625,54.96065],[-3.1178,54.95825],[-3.116,54.95695],[-3.11245,54.95605],[-3.1117,54.95545],[-3.1075,54.95575],[-3.1062,54.9553],[-3.11305,54.95345],[-3.11265,54.95225],[-3.11075,54.9513],[-3.1118,54.9506],[-3.1157,54.95235],[-3.1167,54.95025],[-3.11605,54.9485],[-3.1201,54.95165],[-3.12155,54.95195],[-3.12565,54.9507],[-3.12895,54.94915],[-3.1312,54.9475],[-3.13165,54.94615],[-3.12775,54.9418],[-3.1252,54.9396],[-3.12375,54.9393],[-3.1174,54.9396],[-3.11445,54.9391],[-3.1108,54.9374],[-3.10515,54.9378],[-3.101,54.93925],[-3.0953,54.93965],[-3.0938,54.9388],[-3.08915,54.93885],[-3.0821,54.94015],[-3.0776,54.94335],[-3.0754,54.9438],[-3.0738,54.94475],[-3.07125,54.94725],[-3.0691,54.9481],[-3.06845,54.9494],[-3.0669,54.9487],[-3.06225,54.95],[-3.0612,54.9506],[-3.0574,54.9511],[-3.05565,54.9504],[-3.0477,54.95075],[-3.04675,54.9497],[-3.04215,54.94685],[-3.0412,54.9466],[-3.0419,54.94485],[-3.04585,54.9456],[-3.0514,54.94595],[-3.0579,54.9453],[-3.0644,54.94585],[-3.06545,54.9433],[-3.06835,54.9405],[-3.07005,54.93925],[-3.07375,54.93765],[-3.0783,54.93635],[-3.0862,54.9347],[-3.09315,54.933],[-3.09845,54.932],[-3.10165,54.93165],[-3.1031,54.93165]]],[[[-3.4959,54.72085],[-3.49355,54.71975],[-3.4913,54.72125],[-3.48585,54.719],[-3.48275,54.7198],[-3.48165,54.72065],[-3.479,54.72385],[-3.4778,54.72595],[-3.4749,54.7252],[-3.4678,54.7272],[-3.45985,54.72915],[-3.45855,54.73015],[-3.45645,54.73035],[-3.44395,54.7329],[-3.4458,54.7348],[-3.44615,54.7366],[-3.44175,54.7382],[-3.43635,54.7406],[-3.436,54.74125],[-3.4327,54.74325],[-3.42845,54.7451],[-3.42695,54.74625],[-3.42275,54.74815],[-3.42395,54.74975],[-3.42115,54.75165],[-3.41905,54.7518],[-3.4237,54.75475],[-3.4235,54.7557],[-3.4188,54.7582],[-3.41935,54.7588],[-3.4161,54.76],[-3.41305,54.7597],[-3.4126,54.76135],[-3.40875,54.764],[-3.40825,54.7654],[-3.41055,54.7687],[-3.41335,54.76855],[-3.4182,54.77105],[-3.4163,54.7727],[-3.41495,54.7727],[-3.4078,54.77995],[-3.40885,54.7808],[-3.41075,54.7806],[-3.40965,54.78245],[-3.40955,54.78415],[-3.41595,54.7854],[-3.4153,54.78695],[-3.41805,54.7874],[-3.4216,54.7875],[-3.4203,54.7894],[-3.41255,54.79215],[-3.41605,54.79415],[-3.419,54.79315],[-3.4208,54.79405],[-3.41725,54.7966],[-3.42105,54.79965],[-3.4162,54.80325],[-3.41025,54.8042],[-3.40425,54.80655],[-3.4021,54.80765],[-3.3994,54.8079],[-3.3971,54.8094],[-3.3982,54.8106],[-3.40095,54.8112],[-3.403,54.81115],[-3.40535,54.81285],[-3.4074,54.8136],[-3.41155,54.81735],[-3.41015,54.8202],[-3.411,54.821],[-3.4119,54.8235],[-3.41175,54.82525],[-3.41045,54.82695],[-3.4079,54.82855],[-3.4081,54.82925],[-3.40335,54.8299],[-3.40225,54.8308],[-3.40455,54.83465],[-3.40685,54.8355],[-3.4056,54.8385],[-3.4064,54.83925],[-3.40325,54.842],[-3.40265,54.843],[-3.39915,54.84515],[-3.3943,54.84605],[-3.3927,54.84665],[-3.39285,54.8484],[-3.39235,54.84955],[-3.39745,54.8504],[-3.4057,54.8514],[-3.408,54.84575],[-3.4096,54.84115],[-3.41055,54.83925],[-3.41495,54.8337],[-3.41815,54.83025],[-3.4197,54.828],[-3.42305,54.8237],[-3.4251,54.82045],[-3.4278,54.8169],[-3.431,54.8106],[-3.4327,54.8082],[-3.43595,54.8046],[-3.438,54.8011],[-3.4383,54.7989],[-3.4376,54.7956],[-3.43505,54.79015],[-3.43335,54.78725],[-3.4314,54.7813],[-3.43135,54.77935],[-3.4319,54.7729],[-3.4331,54.7669],[-3.4339,54.7645],[-3.43475,54.7633],[-3.43625,54.75995],[-3.43895,54.75635],[-3.4411,54.7547],[-3.4483,54.7505],[-3.45195,54.7479],[-3.4563,54.74405],[-3.45905,54.7419],[-3.46315,54.7393],[-3.4668,54.73785],[-3.472,54.7361],[-3.48125,54.73135],[-3.4836,54.73065],[-3.48515,54.72965],[-3.49035,54.7278],[-3.49575,54.72425],[-3.49695,54.7224],[-3.49525,54.72195],[-3.4959,54.72085]]]]},"properties":{"kind":"aonb","name":"Solway Coast"}},{"type":"Feature","geometry":{"type":"MultiPolygon","coordinates":[[[[1.40245,51.169],[1.4045,51.17305],[1.4046,51.1764],[1.40515,51.1797],[1.40375,51.18],[1.40105,51.1785],[1.39915,51.17695],[1.39735,51.17755],[1.39355,51.17945],[1.39515,51.1808],[1.396,51.1824],[1.3944,51.18455],[1.39145,51.185],[1.38635,51.18415],[1.37925,51.18485],[1.37725,51.18485],[1.37395,51.18295],[1.3723,51.18155],[1.3662,51.1738],[1.36275,51.1721],[1.3592,51.16925],[1.3563,51.1658],[1.35365,51.1617],[1.35205,51.15955],[1.34875,51.15655],[1.3453,51.15405],[1.3428,51.15175],[1.339,51.1489],[1.33395,51.1459],[1.32895,51.1421],[1.32735,51.1402],[1.3272,51.1389],[1.3246,51.13515],[1.32235,51.13315],[1.31875,51.1322],[1.3192,51.13015],[1.3184,51.12905],[1.3196,51.1278],[1.3202,51.12605],[1.32265,51.1258],[1.323,51.12505],[1.32685,51.1258],[1.3297,51.1274],[1.33685,51.1293],[1.34105,51.13005],[1.3426,51.12945],[1.34315,51.12195],[1.34345,51.1219],[1.34255,51.13035],[1.34285,51.131],[1.3486,51.13315],[1.3532,51.1337],[1.35525,51.1344],[1.3591,51.13475],[1.3618,51.13565],[1.3643,51.136],[1.3706,51.1382],[1.3748,51.1401],[1.3766,51.1406],[1.37945,51.14205],[1.3806,51.1436],[1.38235,51.1444],[1.38445,51.1485],[1.3827,51.1496],[1.38065,51.14755],[1.37915,51.14705],[1.376,51.1445],[1.3755,51.14535],[1.37215,51.1478],[1.3708,51.1483],[1.3695,51.14985],[1.3677,51.14865],[1.36415,51.1507],[1.36665,51.1526],[1.36915,51.15185],[1.37045,51.15275],[1.36855,51.1546],[1.3717,51.156],[1.3724,51.1567],[1.3746,51.1561],[1.3732,51.1548],[1.37825,51.1522],[1.3811,51.15315],[1.38355,51.1555],[1.3861,51.15405],[1.3897,51.15565],[1.39085,51.1556],[1.3914,51.1542],[1.3947,51.1564],[1.39545,51.15795],[1.3973,51.1597],[1.40215,51.16705],[1.40245,51.169]]],[[[0.4503,51.3633],[0.4507,51.35935],[0.452,51.3582],[0.45525,51.3563],[0.4569,51.35335],[0.45845,51.35345],[0.4589,51.35225],[0.47125,51.35155],[0.4698,51.3484],[0.4681,51.3464],[0.4676,51.3446],[0.468,51.3435],[0.47045,51.33995],[0.47525,51.33575],[0.47785,51.3339],[0.4797,51.33175],[0.4824,51.33035],[0.48545,51.3275],[0.4858,51.3262],[0.4853,51.32445],[0.4875,51.32325],[0.48885,51.32165],[0.4936,51.32045],[0.49825,51.31905],[0.5029,51.3174],[0.50045,51.31575],[0.50405,51.3145],[0.5057,51.31245],[0.50675,51.31215],[0.5054,51.30965],[0.50645,51.3088],[0.51115,51.3073],[0.5143,51.3061],[0.51425,51.30525],[0.51755,51.30405],[0.51805,51.3033],[0.52135,51.3013],[0.5192,51.29975],[0.5242,51.29795],[0.52895,51.29515],[0.53555,51.2918],[0.5375,51.29115],[0.5425,51.28995],[0.5463,51.2885],[0.55035,51.28795],[0.55465,51.28825],[0.55945,51.2884],[0.56585,51.2878],[0.57215,51.28655],[0.57685,51.2851],[0.58265,51.28245],[0.598,51.27365],[0.6058,51.26935],[0.6146,51.2678],[0.62115,51.26715],[0.62455,51.2666],[0.6279,51.2657],[0.63255,51.264],[0.6411,51.25945],[0.64285,51.2583],[0.6445,51.25785],[0.64845,51.2552],[0.6567,51.2507],[0.66215,51.2484],[0.665,51.2477],[0.67205,51.2455],[0.67525,51.2444],[0.6784,51.2471],[0.6815,51.2457],[0.6853,51.24495],[0.69185,51.24405],[0.6926,51.24445],[0.6961,51.24845],[0.7011,51.248],[0.7115,51.2463],[0.71185,51.24585],[0.7077,51.2412],[0.7076,51.24065],[0.7112,51.24],[0.7174,51.23955],[0.721,51.2389],[0.73555,51.2355],[0.74685,51.23145],[0.75215,51.2301],[0.7551,51.229],[0.7575,51.22765],[0.7615,51.22645],[0.76535,51.2249],[0.7715,51.22045],[0.77415,51.21905],[0.78065,51.21655],[0.78545,51.2146],[0.78965,51.2134],[0.8018,51.21475],[0.8048,51.21345],[0.80355,51.21225],[0.80245,51.2128],[0.79925,51.2104],[0.8039,51.20775],[0.803,51.2066],[0.7995,51.2039],[0.80225,51.2019],[0.80485,51.1968],[0.80885,51.1948],[0.84965,51.1714],[0.85135,51.172],[0.8539,51.17535],[0.85435,51.17725],[0.85695,51.1817],[0.8613,51.1841],[0.86265,51.18655],[0.8648,51.187],[0.86825,51.1852],[0.8719,51.18455],[0.87175,51.1825],[0.8742,51.1815],[0.8754,51.1804],[0.87495,51.17925],[0.87895,51.17695],[0.88125,51.1773],[0.8844,51.17855],[0.8864,51.18155],[0.89095,51.18775],[0.8913,51.19055],[0.8938,51.18985],[0.89565,51.19105],[0.89655,51.1904],[0.9004,51.19125],[0.90455,51.1908],[0.908,51.1921],[0.9104,51.19335],[0.9133,51.19345],[0.91605,51.19225],[0.9186,51.19495],[0.91935,51.1942],[0.91995,51.1915],[0.9218,51.19065],[0.92245,51.18955],[0.92455,51.189],[0.9292,51.18585],[0.92905,51.1846],[0.9155,51.17225],[0.91865,51.1713],[0.9194,51.17245],[0.92075,51.17275],[0.92155,51.17135],[0.92375,51.16985],[0.92785,51.1697],[0.93,51.16935],[0.9327,51.16845],[0.93135,51.16615],[0.9311,51.16375],[0.93355,51.1601],[0.9383,51.1565],[0.9395,51.1539],[0.94125,51.15295],[0.94115,51.15235],[0.943,51.15115],[0.945,51.15065],[0.94935,51.1489],[0.9537,51.1479],[0.9544,51.1485],[0.9575,51.147],[0.9608,51.14895],[0.96475,51.14995],[0.9664,51.15155],[0.9667,51.15285],[0.9689,51.1541],[0.971,51.151],[0.97045,51.1487],[0.97415,51.1465],[0.97775,51.1484],[0.9798,51.14885],[0.9831,51.1504],[0.98825,51.14685],[0.9925,51.14445],[0.9974,51.1407],[1.00145,51.13795],[1.0072,51.13535],[1.0082,51.1337],[1.0081,51.1311],[1.0098,51.129],[1.0107,51.12605],[1.01245,51.12385],[1.0136,51.12335],[1.0163,51.12305],[1.02065,51.1208],[1.02465,51.1165],[1.02825,51.11495],[1.03075,51.11335],[1.0295,51.11275],[1.02615,51.1121],[1.02895,51.11105],[1.03235,51.10885],[1.03345,51.10725],[1.03805,51.1076],[1.04155,51.1077],[1.0455,51.10715],[1.04815,51.1059],[1.04975,51.10475],[1.0512,51.1043],[1.05535,51.1038],[1.0621,51.10125],[1.06685,51.09885],[1.0651,51.09705],[1.06195,51.0955],[1.06,51.09375],[1.05735,51.0929],[1.0535,51.093],[1.0506,51.0922],[1.05025,51.0917],[1.047,51.0908],[1.04235,51.0891],[1.0392,51.0869],[1.03755,51.0865],[1.0345,51.0835],[1.0323,51.08235],[1.0301,51.07955],[1.0257,51.0755],[1.02525,51.07485],[1.01765,51.0752],[1.01515,51.0755],[1.01075,51.0768],[1.0069,51.0783],[1.00205,51.07785],[0.9898,51.07885],[0.98395,51.0798],[0.98155,51.0799],[0.97495,51.08075],[0.9735,51.0812],[0.9698,51.0812],[0.96405,51.0822],[0.96255,51.0829],[0.95885,51.08345],[0.9577,51.08395],[0.95605,51.0864],[0.9546,51.0875],[0.951,51.08825],[0.95115,51.0864],[0.94815,51.08575],[0.9461,51.0849],[0.94455,51.08495],[0.9396,51.0814],[0.9364,51.08065],[0.9337,51.07925],[0.9345,51.07655],[0.9358,51.0757],[0.9383,51.07255],[0.9344,51.0716],[0.9357,51.06935],[0.93245,51.0685],[0.9333,51.0669],[0.9358,51.0644],[0.9366,51.06285],[0.93555,51.06125],[0.93685,51.0595],[0.93695,51.05805],[0.9396,51.0571],[0.9439,51.0559],[0.9442,51.05485],[0.9471,51.05555],[0.9487,51.0568],[0.9534,51.05725],[0.95465,51.05885],[0.95605,51.05955],[0.95895,51.06025],[0.96115,51.0602],[0.9644,51.061],[0.9658,51.06215],[0.97035,51.0631],[0.97305,51.0625],[0.97735,51.06295],[0.9791,51.0634],[0.9802,51.06445],[0.98245,51.0651],[0.98475,51.0646],[0.9875,51.0646],[0.9909,51.06595],[0.99315,51.06595],[0.99795,51.0641],[1.00115,51.06425],[1.00555,51.06295],[1.00825,51.06065],[1.0133,51.05895],[1.01575,51.0585],[1.0181,51.05885],[1.01975,51.06025],[1.02105,51.06075],[1.02365,51.06065],[1.02525,51.0614],[1.0222,51.06425],[1.0225,51.0673],[1.0271,51.06845],[1.03135,51.0688],[1.03195,51.0693],[1.0352,51.06815],[1.03835,51.06795],[1.04035,51.06725],[1.0426,51.0674],[1.0464,51.067],[1.048,51.0664],[1.05045,51.06615],[1.05575,51.0663],[1.06005,51.068],[1.0612,51.06815],[1.0665,51.0701],[1.06765,51.07125],[1.06645,51.0716],[1.064,51.0734],[1.06125,51.074],[1.0603,51.07655],[1.0619,51.0773],[1.0641,51.0773],[1.06525,51.07775],[1.06785,51.07745],[1.07135,51.0765],[1.0729,51.07765],[1.07485,51.08045],[1.07315,51.0809],[1.0709,51.08225],[1.07235,51.08315],[1.07575,51.0828],[1.07565,51.0822],[1.07895,51.08185],[1.0826,51.082],[1.08255,51.07855],[1.0852,51.0785],[1.09015,51.07725],[1.0944,51.0776],[1.0958,51.07595],[1.0979,51.0754],[1.0992,51.07445],[1.1039,51.07445],[1.10395,51.074],[1.10925,51.0737],[1.1113,51.0749],[1.11325,51.0754],[1.11345,51.07715],[1.111,51.078],[1.1098,51.07935],[1.10785,51.07935],[1.1088,51.0819],[1.106,51.0831],[1.10455,51.0828],[1.104,51.08585],[1.1058,51.0878],[1.10915,51.0885],[1.11245,51.0885],[1.1141,51.0907],[1.1196,51.09],[1.1217,51.0929],[1.12485,51.09645],[1.12615,51.0988],[1.13005,51.0987],[1.13395,51.09905],[1.14035,51.09905],[1.14945,51.0973],[1.15575,51.0963],[1.1616,51.09585],[1.16625,51.0972],[1.16845,51.09725],[1.1741,51.09525],[1.17945,51.0949],[1.18115,51.0951],[1.1799,51.09645],[1.18045,51.09765],[1.18405,51.0975],[1.1858,51.09715],[1.1869,51.0963],[1.189,51.0957],[1.18945,51.09445],[1.1917,51.09475],[1.1924,51.09405],[1.1955,51.0923],[1.19695,51.09405],[1.19815,51.0934],[1.19655,51.09175],[1.1981,51.0904],[1.19795,51.0882],[1.196,51.08375],[1.1977,51.08295],[1.2005,51.08405],[1.2011,51.085],[1.20105,51.0879],[1.20175,51.0893],[1.2057,51.0927],[1.20845,51.09415],[1.2089,51.0937],[1.2156,51.09715],[1.22135,51.09805],[1.22595,51.09925],[1.2263,51.09955],[1.2351,51.10045],[1.2404,51.1005],[1.2472,51.1009],[1.25005,51.0998],[1.25135,51.10095],[1.253,51.10145],[1.26165,51.10265],[1.2624,51.10175],[1.26765,51.10175],[1.2816,51.1058],[1.2812,51.1075],[1.2822,51.10795],[1.2865,51.1084],[1.29475,51.1097],[1.2959,51.1114],[1.294,51.1129],[1.2917,51.1123],[1.28955,51.11115],[1.28705,51.11045],[1.28555,51.1112],[1.28875,51.11295],[1.29205,51.11415],[1.2893,51.11545],[1.28665,51.11805],[1.28805,51.1196],[1.28815,51.12095],[1.28585,51.12305],[1.2831,51.12335],[1.27985,51.1247],[1.27655,51.12555],[1.27655,51.12665],[1.28145,51.12785],[1.28195,51.1323],[1.2839,51.1331],[1.28585,51.133],[1.28945,51.13435],[1.289,51.13475],[1.29215,51.1359],[1.28995,51.13665],[1.28825,51.1378],[1.28645,51.1378],[1.28405,51.136],[1.2807,51.138],[1.27865,51.13655],[1.27555,51.13485],[1.27445,51.13555],[1.27675,51.1377],[1.2745,51.13865],[1.272,51.1391],[1.26915,51.1418],[1.26645,51.1434],[1.26435,51.1441],[1.2631,51.1464],[1.2631,51.1477],[1.2667,51.14845],[1.26645,51.1512],[1.26485,51.15175],[1.25715,51.156],[1.2563,51.1568],[1.2526,51.15875],[1.24755,51.16215],[1.2402,51.16295],[1.2323,51.1633],[1.22835,51.1654],[1.2247,51.16855],[1.2189,51.17105],[1.21635,51.1747],[1.21435,51.1755],[1.2086,51.1785],[1.1993,51.1827],[1.2017,51.18465],[1.20755,51.18755],[1.21285,51.18805],[1.21355,51.1887],[1.21665,51.19025],[1.2111,51.1928],[1.2076,51.19515],[1.2049,51.1958],[1.2018,51.1972],[1.2008,51.19865],[1.2028,51.20095],[1.2015,51.20325],[1.2,51.2041],[1.19715,51.2069],[1.19755,51.2082],[1.18845,51.21125],[1.19075,51.21345],[1.18915,51.2153],[1.18555,51.2179],[1.18385,51.21865],[1.1813,51.22285],[1.18025,51.22685],[1.18095,51.2295],[1.17785,51.2299],[1.17535,51.22985],[1.1739,51.2305],[1.17155,51.2325],[1.1686,51.23435],[1.16165,51.23795],[1.1589,51.24015],[1.154,51.24455],[1.15105,51.24585],[1.1462,51.2488],[1.1427,51.25025],[1.13965,51.25205],[1.13535,51.2556],[1.1315,51.2571],[1.1285,51.25715],[1.1251,51.255],[1.1235,51.25335],[1.1212,51.2517],[1.12085,51.25015],[1.11805,51.24915],[1.1142,51.247],[1.1085,51.2461],[1.1043,51.24515],[1.0951,51.2446],[1.09175,51.2437],[1.08835,51.2432],[1.08295,51.244],[1.08015,51.24485],[1.07785,51.2427],[1.07215,51.23875],[1.06955,51.23885],[1.06415,51.2379],[1.0575,51.2378],[1.05285,51.239],[1.0507,51.2392],[1.0449,51.2389],[1.0426,51.2395],[1.0333,51.24345],[1.0317,51.2447],[1.02765,51.24605],[1.02015,51.24805],[1.0157,51.24685],[1.00965,51.2457],[1.00495,51.24585],[1.0005,51.2468],[0.99685,51.24565],[0.99455,51.24655],[0.99265,51.2458],[0.99135,51.24625],[0.9868,51.2468],[0.9837,51.2469],[0.9756,51.24405],[0.97355,51.24285],[0.9719,51.2442],[0.97365,51.2473],[0.97365,51.2497],[0.9703,51.25275],[0.9673,51.25625],[0.96425,51.2586],[0.9636,51.2597],[0.9634,51.2631],[0.962,51.2646],[0.96045,51.2655],[0.9569,51.26625],[0.95415,51.26655],[0.9501,51.2674],[0.94675,51.26875],[0.9436,51.2706],[0.9393,51.27275],[0.9413,51.2749],[0.9401,51.27635],[0.93965,51.2782],[0.9314,51.2841],[0.9274,51.2865],[0.92605,51.2879],[0.92175,51.2909],[0.91915,51.29365],[0.91825,51.2955],[0.91555,51.2957],[0.9126,51.29395],[0.9123,51.28935],[0.9111,51.2891],[0.9088,51.28665],[0.90715,51.28435],[0.9044,51.28155],[0.90265,51.27915],[0.89875,51.2777],[0.89605,51.27855],[0.8891,51.27715],[0.88675,51.2771],[0.88265,51.2775],[0.87945,51.2787],[0.8777,51.28065],[0.87225,51.28375],[0.87275,51.28555],[0.8736,51.2862],[0.8741,51.2886],[0.87865,51.29425],[0.87175,51.296],[0.86845,51.2989],[0.8696,51.30195],[0.86275,51.30155],[0.85685,51.30185],[0.84995,51.30285],[0.84495,51.303],[0.83985,51.302],[0.81875,51.2955],[0.81375,51.2947],[0.81035,51.2948],[0.7879,51.29695],[0.78165,51.2972],[0.7477,51.2971],[0.74355,51.29735],[0.739,51.2981],[0.73505,51.29925],[0.7258,51.30295],[0.7153,51.30725],[0.71065,51.3095],[0.70725,51.31135],[0.69885,51.3164],[0.6953,51.31815],[0.69195,51.31935],[0.6841,51.32155],[0.64345,51.33685],[0.63735,51.33915],[0.63325,51.34035],[0.63005,51.34105],[0.62565,51.3417],[0.6179,51.3421],[0.6116,51.3417],[0.6071,51.341],[0.59065,51.3374],[0.58575,51.33615],[0.5793,51.3347],[0.5755,51.33335],[0.5721,51.3317],[0.5635,51.32695],[0.55945,51.3256],[0.55725,51.32515],[0.5527,51.3247],[0.5495,51.32475],[0.5236,51.3269],[0.5204,51.3275],[0.5181,51.3282],[0.515,51.32985],[0.51255,51.332],[0.5104,51.3349],[0.50625,51.33925],[0.50355,51.34515],[0.50195,51.34725],[0.49625,51.3541],[0.49395,51.35775],[0.49195,51.3596],[0.49055,51.3615],[0.4888,51.366],[0.48725,51.36785],[0.4845,51.36975],[0.48,51.37185],[0.4768,51.37475],[0.47135,51.3738],[0.4677,51.3734],[0.46395,51.37085],[0.45785,51.3683],[0.4518,51.3662],[0.4505,51.365],[0.4503,51.3633]]],[[[0.0469,51.28805],[0.0482,51.2856],[0.04625,51.27935],[0.04535,51.27795],[0.04645,51.27355],[0.04785,51.2705],[0.04955,51.26815],[0.04965,51.2659],[0.0515,51.26335],[0.0527,51.2609],[0.05295,51.25885],[0.05425,51.25665],[0.05395,51.2539],[0.05535,51.2522],[0.0571,51.2513],[0.05825,51.2478],[0.0574,51.24405],[0.05605,51.24265],[0.0553,51.2405],[0.0536,51.23945],[0.05385,51.2379],[0.0523,51.23595],[0.048,51.23375],[0.046,51.2333],[0.0441,51.2312],[0.04415,51.22865],[0.04645,51.2294],[0.05225,51.2282],[0.05635,51.2271],[0.0606,51.2274],[0.0598,51.22525],[0.0622,51.22485],[0.0662,51.22495],[0.0701,51.227],[0.0714,51.2269],[0.07385,51.22825],[0.07225,51.23065],[0.0764,51.2308],[0.07905,51.22995],[0.08135,51.22965],[0.0841,51.2295],[0.08485,51.2301],[0.08975,51.23065],[0.0917,51.22755],[0.09165,51.2268],[0.0962,51.2268],[0.09795,51.22755],[0.10215,51.22735],[0.10635,51.2282],[0.1081,51.2281],[0.1097,51.22595],[0.11135,51.225],[0.11135,51.22285],[0.1131,51.2229],[0.11905,51.22395],[0.1206,51.2232],[0.123,51.22355],[0.1283,51.22295],[0.12915,51.22305],[0.1311,51.21945],[0.1328,51.21945],[0.13745,51.21775],[0.13985,51.21785],[0.14475,51.2174],[0.14635,51.21635],[0.14965,51.2158],[0.1552,51.21535],[0.15815,51.21555],[0.16045,51.2182],[0.1648,51.218],[0.16575,51.2202],[0.1669,51.2214],[0.1692,51.2212],[0.1706,51.2203],[0.1767,51.22],[0.18165,51.22265],[0.1833,51.22285],[0.185,51.22535],[0.1871,51.225],[0.1884,51.22365],[0.1906,51.22285],[0.1947,51.2248],[0.19505,51.226],[0.1953,51.22925],[0.19825,51.2281],[0.201,51.2264],[0.20335,51.2272],[0.20785,51.22755],[0.20975,51.22725],[0.21095,51.2298],[0.21385,51.23165],[0.2164,51.23265],[0.21975,51.2354],[0.2195,51.2373],[0.22085,51.238],[0.2206,51.2394],[0.22435,51.24115],[0.2269,51.24165],[0.23145,51.24145],[0.2344,51.2385],[0.2376,51.2375],[0.23995,51.23855],[0.242,51.242],[0.24545,51.24195],[0.2498,51.2426],[0.2564,51.2445],[0.2629,51.2441],[0.26565,51.2432],[0.2688,51.2428],[0.27365,51.24275],[0.2754,51.24335],[0.2777,51.2436],[0.284,51.2419],[0.28755,51.24235],[0.2894,51.24295],[0.29075,51.24385],[0.2929,51.2441],[0.2966,51.242],[0.3016,51.24125],[0.30515,51.24125],[0.30915,51.24285],[0.3146,51.2434],[0.31645,51.24265],[0.31645,51.24425],[0.31705,51.2454],[0.31745,51.24785],[0.31485,51.2486],[0.31355,51.24935],[0.31385,51.2505],[0.3128,51.25085],[0.3118,51.2524],[0.3095,51.25685],[0.31025,51.25795],[0.3107,51.26005],[0.30965,51.26095],[0.3087,51.26495],[0.3075,51.26645],[0.3049,51.26815],[0.3039,51.2693],[0.30155,51.2702],[0.30155,51.272],[0.2993,51.2748],[0.30015,51.276],[0.3016,51.2765],[0.3031,51.27815],[0.3033,51.2794],[0.3024,51.2818],[0.30455,51.2833],[0.30145,51.28505],[0.29855,51.286],[0.30025,51.2869],[0.29945,51.28765],[0.30135,51.2884],[0.3002,51.28975],[0.3001,51.2925],[0.2986,51.29245],[0.29865,51.2939],[0.29695,51.2947],[0.2969,51.29585],[0.29845,51.29635],[0.29945,51.2976],[0.2995,51.29905],[0.30215,51.29925],[0.3055,51.29875],[0.30795,51.29885],[0.3101,51.29825],[0.3102,51.2973],[0.3132,51.2978],[0.31815,51.30135],[0.3175,51.30375],[0.32195,51.30575],[0.32445,51.3075],[0.33,51.30615],[0.33405,51.303],[0.33545,51.3026],[0.3395,51.30325],[0.34585,51.3046],[0.34705,51.30465],[0.35955,51.30735],[0.3613,51.3079],[0.36795,51.3088],[0.37275,51.309],[0.38665,51.3091],[0.3912,51.30935],[0.396,51.30995],[0.4021,51.31115],[0.4076,51.3115],[0.4136,51.3114],[0.41745,51.311],[0.4224,51.31],[0.42535,51.3091],[0.4267,51.31095],[0.4282,51.3138],[0.43,51.3155],[0.433,51.31735],[0.43035,51.31895],[0.42915,51.32125],[0.4269,51.32165],[0.42735,51.32385],[0.426,51.3256],[0.4241,51.3271],[0.42235,51.32795],[0.4223,51.32965],[0.41935,51.33175],[0.41875,51.33305],[0.4173,51.3342],[0.41665,51.33595],[0.4181,51.3394],[0.4209,51.34265],[0.4226,51.3437],[0.42385,51.3464],[0.42635,51.3499],[0.4276,51.3509],[0.4279,51.3526],[0.429,51.3544],[0.43415,51.35875],[0.4356,51.3597],[0.439,51.36125],[0.4414,51.3629],[0.4456,51.36655],[0.44955,51.3681],[0.4554,51.3714],[0.45345,51.3725],[0.45235,51.37385],[0.44675,51.3763],[0.44605,51.3756],[0.44345,51.37655],[0.4446,51.37755],[0.4422,51.3783],[0.4472,51.37855],[0.4532,51.3784],[0.45485,51.3781],[0.4598,51.3782],[0.46345,51.3787],[0.4662,51.37935],[0.4681,51.3808],[0.46925,51.38265],[0.46275,51.38965],[0.46035,51.39155],[0.4568,51.3935],[0.45355,51.3967],[0.45085,51.39835],[0.4496,51.39835],[0.447,51.3993],[0.44455,51.39945],[0.44285,51.4019],[0.4415,51.40305],[0.4387,51.40455],[0.4355,51.4058],[0.4352,51.40665],[0.433,51.4065],[0.4303,51.4057],[0.4288,51.4068],[0.4281,51.4087],[0.4249,51.4102],[0.42205,51.40945],[0.4193,51.4093],[0.41585,51.4099],[0.41695,51.4118],[0.4142,51.4126],[0.41085,51.413],[0.409,51.4126],[0.40835,51.40865],[0.4076,51.4074],[0.4056,51.4075],[0.4052,51.4022],[0.40255,51.39955],[0.3986,51.39835],[0.3936,51.3955],[0.3898,51.39165],[0.38555,51.38875],[0.3817,51.38575],[0.37965,51.3835],[0.3781,51.38165],[0.37475,51.38075],[0.36935,51.379],[0.3683,51.378],[0.37015,51.3758],[0.37,51.37325],[0.3718,51.37105],[0.3719,51.3699],[0.3751,51.36955],[0.37465,51.36845],[0.3722,51.3687],[0.37045,51.3677],[0.3638,51.36575],[0.363,51.36365],[0.36325,51.36265],[0.36615,51.36005],[0.36565,51.35765],[0.36675,51.35605],[0.3701,51.35575],[0.3746,51.355],[0.3754,51.3546],[0.3754,51.3529],[0.37655,51.3496],[0.37645,51.34805],[0.37345,51.34675],[0.3706,51.34365],[0.37175,51.3421],[0.37115,51.3389],[0.37205,51.3375],[0.3683,51.33595],[0.36635,51.33405],[0.3632,51.334],[0.36065,51.3327],[0.3585,51.33245],[0.3569,51.3316],[0.355,51.3312],[0.3494,51.33085],[0.3481,51.3302],[0.3464,51.3282],[0.342,51.3264],[0.3396,51.3257],[0.3378,51.3243],[0.3339,51.3229],[0.3305,51.32095],[0.3269,51.3217],[0.31965,51.32175],[0.3127,51.32105],[0.3122,51.3214],[0.30865,51.3218],[0.3065,51.32235],[0.3034,51.3219],[0.3021,51.32215],[0.3031,51.31945],[0.298,51.3206],[0.29585,51.32085],[0.29225,51.3219],[0.28905,51.32335],[0.28365,51.32965],[0.28095,51.33165],[0.2695,51.3391],[0.26685,51.33965],[0.26335,51.3393],[0.259,51.34085],[0.2573,51.33875],[0.25615,51.33875],[0.25555,51.3421],[0.2542,51.3441],[0.25225,51.34595],[0.25005,51.3473],[0.24945,51.3481],[0.25,51.3493],[0.24915,51.35115],[0.24945,51.3519],[0.25245,51.35275],[0.2521,51.35975],[0.25145,51.36115],[0.2483,51.36515],[0.2418,51.36995],[0.2383,51.3721],[0.23345,51.3757],[0.2316,51.37655],[0.22725,51.3779],[0.2263,51.3785],[0.22595,51.38035],[0.2243,51.3823],[0.22265,51.38305],[0.22045,51.3834],[0.21545,51.3833],[0.21335,51.3836],[0.20685,51.38505],[0.1963,51.3879],[0.1913,51.389],[0.19085,51.38825],[0.1891,51.38785],[0.1871,51.3863],[0.18705,51.38125],[0.18785,51.3799],[0.18205,51.3729],[0.17975,51.3716],[0.17785,51.3714],[0.1757,51.3718],[0.17275,51.37145],[0.1703,51.3704],[0.16465,51.37155],[0.15805,51.3737],[0.1575,51.37215],[0.1559,51.37125],[0.15585,51.36905],[0.1523,51.36425],[0.1509,51.3632],[0.15045,51.36105],[0.14835,51.35985],[0.1485,51.3576],[0.14515,51.3548],[0.14095,51.3546],[0.14005,51.3537],[0.13875,51.3506],[0.13725,51.34955],[0.1368,51.34735],[0.1376,51.34595],[0.14235,51.34245],[0.1453,51.33955],[0.14735,51.33405],[0.1483,51.3325],[0.157,51.3224],[0.15295,51.32235],[0.1492,51.32],[0.1444,51.3183],[0.1413,51.3177],[0.1373,51.31605],[0.13295,51.31485],[0.13,51.31495],[0.1273,51.3155],[0.1258,51.3148],[0.1237,51.31575],[0.118,51.3144],[0.112,51.31265],[0.10805,51.312],[0.10605,51.311],[0.1075,51.31005],[0.10475,51.30805],[0.10245,51.30775],[0.10055,51.3058],[0.09925,51.30685],[0.0969,51.30615],[0.09415,51.3043],[0.091,51.30365],[0.0895,51.3026],[0.08415,51.30395],[0.0753,51.3037],[0.07255,51.30465],[0.07085,51.3042],[0.0645,51.3035],[0.06355,51.30175],[0.0612,51.3001],[0.06055,51.29885],[0.05895,51.29765],[0.05785,51.29475],[0.05615,51.2925],[0.0544,51.2921],[0.05075,51.294],[0.04875,51.2937],[0.0458,51.294],[0.0447,51.29305],[0.0424,51.29265],[0.04445,51.291],[0.0469,51.28805]]]]},"properties":{"kind":"aonb","name":"Kent Downs"}},{"type":"Feature","geometry":{"type":"Polygon","coordinates":[[[-2.0467,54.8814],[-2.05015,54.88315],[-2.0533,54.88395],[-2.05475,54.8848],[-2.05685,54.88485],[-2.06835,54.8857],[-2.07365,54.8866],[-2.087,54.8802],[-2.09505,54.88815],[-2.0961,54.8882],[-2.0979,54.88945],[-2.1014,54.8929],[-2.1007,54.8947],[-2.10315,54.8961],[-2.10685,54.8978],[-2.10845,54.8977],[-2.11075,54.899],[-2.1112,54.89975],[-2.11405,54.8994],[-2.1153,54.9002],[-2.1183,54.90005],[-2.11995,54.90055],[-2.1171,54.9033],[-2.1158,54.90695],[-2.11615,54.91145],[-2.11445,54.91385],[-2.11535,54.9147],[-2.1215,54.91455],[-2.1245,54.9167],[-2.1267,54.9172],[-2.1271,54.91955],[-2.1263,54.92055],[-2.1252,54.9241],[-2.12505,54.9284],[-2.1253,54.92985],[-2.12305,54.93065],[-2.12335,54.9323],[-2.1257,54.93695],[-2.12955,54.94395],[-2.1308,54.9451],[-2.13275,54.94505],[-2.1367,54.9462],[-2.1418,54.94735],[-2.1428,54.94675],[-2.1447,54.9475],[-2.1458,54.94855],[-2.15025,54.94855],[-2.15365,54.94825],[-2.15855,54.94865],[-2.1627,54.94795],[-2.16565,54.94825],[-2.17045,54.9477],[-2.1724,54.94835],[-2.17595,54.94845],[-2.17745,54.94805],[-2.17875,54.94915],[-2.17985,54.9486],[-2.18175,54.9519],[-2.1901,54.9507],[-2.19775,54.95025],[-2.21305,54.9495],[-2.2314,54.94665],[-2.24355,54.946],[-2.2502,54.94535],[-2.2612,54.94255],[-2.2668,54.9421],[-2.2681,54.94385],[-2.2713,54.9471],[-2.276,54.9466],[-2.27745,54.9467],[-2.28725,54.949],[-2.29965,54.9529],[-2.30375,54.9546],[-2.30385,54.9591],[-2.2936,54.96265],[-2.2944,54.96335],[-2.30045,54.96615],[-2.30425,54.9671],[-2.3057,54.9688],[-2.3056,54.97005],[-2.30455,54.97095],[-2.3049,54.972],[-2.32055,54.97335],[-2.3211,54.9722],[-2.3247,54.97],[-2.32405,54.9682],[-2.3251,54.966],[-2.32745,54.9645],[-2.3282,54.9611],[-2.33145,54.9566],[-2.33645,54.9558],[-2.341,54.95535],[-2.3459,54.95445],[-2.351,54.9538],[-2.3582,54.9526],[-2.3612,54.9519],[-2.36435,54.95035],[-2.3689,54.94965],[-2.3755,54.94775],[-2.3853,54.94575],[-2.3861,54.9451],[-2.38725,54.9411],[-2.388,54.94005],[-2.3907,54.9391],[-2.3962,54.9394],[-2.4014,54.9391],[-2.4044,54.93965],[-2.407,54.93935],[-2.41235,54.9366],[-2.41415,54.93545],[-2.41405,54.93375],[-2.4089,54.92505],[-2.4081,54.9235],[-2.4118,54.9238],[-2.4144,54.92335],[-2.4223,54.92255],[-2.42505,54.92295],[-2.42705,54.92235],[-2.43175,54.9225],[-2.43465,54.9223],[-2.43925,54.92125],[-2.4429,54.92095],[-2.447,54.9213],[-2.448,54.9225],[-2.45405,54.92405],[-2.45405,54.92325],[-2.4556,54.92235],[-2.45955,54.9218],[-2.46325,54.92225],[-2.4675,54.92155],[-2.4685,54.92235],[-2.4706,54.9223],[-2.47085,54.9213],[-2.47395,54.91975],[-2.47885,54.91845],[-2.48605,54.91875],[-2.49205,54.91775],[-2.49555,54.91855],[-2.50015,54.91925],[-2.5026,54.92025],[-2.5044,54.92155],[-2.50635,54.92215],[-2.5118,54.9225],[-2.5119,54.92095],[-2.5131,54.9196],[-2.51705,54.92025],[-2.51955,54.92035],[-2.52585,54.92115],[-2.53295,54.9201],[-2.53705,54.91985],[-2.5422,54.91985],[-2.5586,54.9218],[-2.55915,54.923],[-2.56575,54.9242],[-2.5703,54.92425],[-2.57165,54.92535],[-2.57845,54.92735],[-2.58025,54.9271],[-2.5855,54.92695],[-2.5892,54.9279],[-2.59145,54.92785],[-2.59295,54.93015],[-2.59475,54.9305],[-2.6,54.9308],[-2.60445,54.9306],[-2.607,54.9317],[-2.60765,54.93285],[-2.60925,54.9339],[-2.61215,54.93465],[-2.6212,54.93315],[-2.62695,54.93345],[-2.63065,54.933],[-2.63525,54.93305],[-2.6429,54.93175],[-2.64915,54.93005],[-2.6554,54.9292],[-2.65725,54.92945],[-2.65865,54.9285],[-2.661,54.9278],[-2.6668,54.92695],[-2.66985,54.9252],[-2.67835,54.92105],[-2.6804,54.91935],[-2.6822,54.91915],[-2.6892,54.9157],[-2.6925,54.91485],[-2.69415,54.9139],[-2.69605,54.9138],[-2.6993,54.9128],[-2.7011,54.9114],[-2.702,54.91015],[-2.7035,54.9093],[-2.70855,54.90795],[-2.71305,54.9073],[-2.7146,54.9057],[-2.71735,54.9038],[-2.71925,54.9032],[-2.71775,54.90015],[-2.71635,54.89845],[-2.71645,54.89765],[-2.7152,54.89355],[-2.71795,54.8932],[-2.7193,54.8889],[-2.7181,54.88505],[-2.71855,54.88165],[-2.71945,54.8794],[-2.7213,54.87325],[-2.72095,54.87155],[-2.7177,54.86815],[-2.71765,54.86655],[-2.7168,54.8647],[-2.7165,54.85915],[-2.71705,54.8572],[-2.7148,54.8556],[-2.7136,54.85415],[-2.7127,54.85195],[-2.7096,54.84985],[-2.7095,54.84855],[-2.7071,54.84645],[-2.7013,54.84435],[-2.70005,54.84355],[-2.69595,54.84175],[-2.6956,54.8407],[-2.6892,54.83345],[-2.68445,54.8305],[-2.68205,54.8295],[-2.6764,54.82455],[-2.67605,54.82285],[-2.67315,54.8207],[-2.6706,54.81965],[-2.66865,54.8183],[-2.66735,54.8181],[-2.6651,54.81645],[-2.6639,54.8169],[-2.661,54.81515],[-2.6609,54.81345],[-2.65955,54.8106],[-2.6593,54.80885],[-2.6561,54.80565],[-2.6516,54.80325],[-2.651,54.8019],[-2.649,54.7992],[-2.64705,54.79775],[-2.6432,54.7958],[-2.64195,54.79335],[-2.63865,54.79175],[-2.6364,54.79015],[-2.6345,54.78995],[-2.63145,54.78895],[-2.62895,54.7863],[-2.63075,54.785],[-2.63055,54.7827],[-2.6292,54.783],[-2.62515,54.78115],[-2.62225,54.7809],[-2.62005,54.78115],[-2.61955,54.7794],[-2.61835,54.77805],[-2.61885,54.7774],[-2.6184,54.77425],[-2.61675,54.7717],[-2.6144,54.7694],[-2.613,54.7674],[-2.61325,54.7653],[-2.6121,54.76355],[-2.6073,54.75905],[-2.60635,54.75765],[-2.60525,54.7572],[-2.603,54.75525],[-2.6031,54.75425],[-2.60865,54.7526],[-2.6088,54.75155],[-2.6103,54.7514],[-2.61055,54.7503],[-2.6129,54.74855],[-2.6148,54.7448],[-2.6115,54.7448],[-2.609,54.7428],[-2.6077,54.7425],[-2.6053,54.74285],[-2.6043,54.7395],[-2.60465,54.73835],[-2.6044,54.73535],[-2.60355,54.7344],[-2.60445,54.7336],[-2.6064,54.7335],[-2.60855,54.73105],[-2.60615,54.7284],[-2.6022,54.727],[-2.6021,54.72595],[-2.60035,54.7251],[-2.59745,54.7245],[-2.5965,54.7248],[-2.59435,54.723],[-2.5923,54.71845],[-2.5932,54.7165],[-2.592,54.71455],[-2.5918,54.7129],[-2.58755,54.711],[-2.58295,54.7085],[-2.5825,54.70775],[-2.5783,54.70485],[-2.57495,54.70375],[-2.5735,54.70255],[-2.56895,54.7002],[-2.5676,54.69765],[-2.5635,54.69415],[-2.56205,54.69195],[-2.5584,54.69105],[-2.5564,54.6901],[-2.5572,54.6872],[-2.5543,54.6871],[-2.55135,54.68655],[-2.553,54.68555],[-2.55455,54.6833],[-2.559,54.6803],[-2.56085,54.6795],[-2.56295,54.67725],[-2.5655,54.67645],[-2.56775,54.677],[-2.56815,54.67605],[-2.56275,54.67425],[-2.5587,54.67135],[-2.55765,54.6703],[-2.552,54.66855],[-2.5507,54.66675],[-2.54875,54.666],[-2.54165,54.6612],[-2.53945,54.65845],[-2.53955,54.65775],[-2.53715,54.65525],[-2.53615,54.65245],[-2.53385,54.64965],[-2.5295,54.64135],[-2.52625,54.6419],[-2.52195,54.64385],[-2.5167,54.6453],[-2.51225,54.64525],[-2.51105,54.6458],[-2.5058,54.64215],[-2.5037,54.64155],[-2.50245,54.63985],[-2.4992,54.638],[-2.5015,54.6357],[-2.49935,54.63395],[-2.49405,54.63065],[-2.4926,54.6309],[-2.4902,54.6273],[-2.49065,54.62645],[-2.48865,54.6231],[-2.4888,54.62175],[-2.4903,54.6208],[-2.48935,54.6198],[-2.4851,54.61835],[-2.48345,54.61735],[-2.48095,54.61685],[-2.4791,54.6178],[-2.4773,54.61625],[-2.47605,54.61455],[-2.47165,54.61595],[-2.46965,54.61475],[-2.4671,54.61375],[-2.4652,54.6136],[-2.46425,54.6126],[-2.4589,54.6114],[-2.45545,54.6092],[-2.45325,54.6082],[-2.449,54.60755],[-2.44265,54.6074],[-2.4401,54.6063],[-2.4393,54.60455],[-2.4338,54.5995],[-2.4314,54.5978],[-2.42855,54.5968],[-2.4264,54.59315],[-2.4233,54.59025],[-2.4256,54.5899],[-2.42525,54.5891],[-2.42275,54.58945],[-2.4214,54.58835],[-2.41925,54.5858],[-2.41575,54.58315],[-2.4149,54.58195],[-2.41635,54.5815],[-2.41295,54.5769],[-2.4119,54.576],[-2.41315,54.5747],[-2.4115,54.57165],[-2.4112,54.5701],[-2.4082,54.56835],[-2.40485,54.5657],[-2.40535,54.5633],[-2.40445,54.56145],[-2.4044,54.5582],[-2.40165,54.554],[-2.4014,54.55205],[-2.3995,54.55015],[-2.39855,54.5464],[-2.3975,54.54415],[-2.394,54.54385],[-2.38995,54.54245],[-2.387,54.53985],[-2.37565,54.53515],[-2.3725,54.534],[-2.3688,54.533],[-2.3631,54.5322],[-2.3546,54.532],[-2.34805,54.5322],[-2.34215,54.5318],[-2.33555,54.5311],[-2.33265,54.5303],[-2.33015,54.529],[-2.3257,54.5284],[-2.32055,54.52885],[-2.3207,54.52975],[-2.31555,54.53005],[-2.31475,54.52895],[-2.31065,54.52915],[-2.31015,54.52825],[-2.30835,54.52785],[-2.3064,54.52885],[-2.3049,54.52855],[-2.30105,54.52895],[-2.29665,54.5279],[-2.2946,54.5279],[-2.2888,54.52625],[-2.2836,54.5259],[-2.2807,54.52635],[-2.27235,54.5283],[-2.2687,54.5294],[-2.26465,54.531],[-2.26315,54.5309],[-2.2597,54.5296],[-2.25675,54.52895],[-2.2483,54.52895],[-2.2412,54.52865],[-2.23795,54.5277],[-2.23195,54.5265],[-2.217,54.5196],[-2.20595,54.51555],[-2.20665,54.51445],[-2.2045,54.5122],[-2.2081,54.51055],[-2.21415,54.5102],[-2.2198,54.50815],[-2.22375,54.5076],[-2.2269,54.50745],[-2.23255,54.5083],[-2.23335,54.5071],[-2.2362,54.5067],[-2.23675,54.50535],[-2.2393,54.50525],[-2.243,54.50385],[-2.25955,54.5041],[-2.2661,54.5041],[-2.26755,54.50435],[-2.2691,54.50345],[-2.27135,54.50285],[-2.27445,54.50255],[-2.2764,54.5027],[-2.27935,54.5017],[-2.28605,54.4998],[-2.29405,54.49735],[-2.29585,54.49745],[-2.3044,54.49645],[-2.30535,54.49575],[-2.3084,54.4947],[-2.3078,54.49335],[-2.3142,54.49285],[-2.3154,54.49215],[-2.3204,54.49075],[-2.3158,54.48905],[-2.314,54.4879],[-2.3139,54.4858],[-2.31605,54.48555],[-2.31835,54.48485],[-2.32095,54.48275],[-2.32315,54.479],[-2.32535,54.477],[-2.32925,54.4751],[-2.33205,54.4732],[-2.33455,54.4697],[-2.33985,54.46465],[-2.3418,54.46335],[-2.344,54.46245],[-2.3472,54.46175],[-2.3519,54.46175],[-2.35125,54.46],[-2.35005,54.4584],[-2.3494,54.4566],[-2.345,54.4554],[-2.342,54.4548],[-2.3405,54.4534],[-2.3386,54.45275],[-2.3333,54.45245],[-2.3298,54.45085],[-2.32705,54.44805],[-2.3262,54.44645],[-2.32415,54.4452],[-2.31625,54.44175],[-2.3131,54.44095],[-2.30555,54.43845],[-2.30375,54.4357],[-2.3016,54.4352],[-2.2978,54.43375],[-2.2928,54.43245],[-2.29235,54.43275],[-2.29155,54.43615],[-2.2926,54.43755],[-2.2921,54.4385],[-2.28995,54.43885],[-2.287,54.43885],[-2.2846,54.43845],[-2.2804,54.43895],[-2.275,54.44065],[-2.2711,54.441],[-2.2704,54.44185],[-2.2654,54.44285],[-2.26815,54.44715],[-2.2672,54.44715],[-2.26285,54.4486],[-2.25975,54.4485],[-2.2569,54.4501],[-2.25355,54.4505],[-2.2514,54.4515],[-2.24875,54.45165],[-2.24525,54.45135],[-2.244,54.45],[-2.23865,54.4499],[-2.2355,54.44825],[-2.2189,54.4484],[-2.1924,54.4486],[-2.18935,54.44895],[-2.18605,54.45215],[-2.18365,54.45575],[-2.1822,54.4573],[-2.1799,54.45845],[-2.1775,54.46165],[-2.17055,54.46115],[-2.17135,54.4599],[-2.1736,54.4586],[-2.16725,54.4577],[-2.16465,54.45655],[-2.1601,54.45535],[-2.1571,54.4539],[-2.1546,54.44985],[-2.1549,54.4486],[-2.1529,54.44735],[-2.1501,54.4474],[-2.1483,54.4466],[-2.1458,54.44615],[-2.14285,54.4447],[-2.1372,54.44615],[-2.1368,54.4469],[-2.1383,54.4488],[-2.13625,54.45],[-2.1352,54.45195],[-2.13135,54.45325],[-2.1329,54.4551],[-2.1294,54.4551],[-2.12735,54.45595],[-2.12525,54.45865],[-2.12065,54.4614],[-2.11675,54.4621],[-2.1143,54.4642],[-2.10905,54.46435],[-2.10135,54.46545],[-2.09865,54.4664],[-2.09475,54.4673],[-2.08645,54.4684],[-2.08155,54.4699],[-2.07965,54.4712],[-2.07585,54.47305],[-2.0712,54.47425],[-2.07,54.47565],[-2.0679,54.47695],[-2.0632,54.4789],[-2.06305,54.47965],[-2.05915,54.48105],[-2.053,54.48065],[-2.05055,54.48135],[-2.04865,54.4825],[-2.0432,54.48365],[-2.0447,54.4752],[-2.03705,54.47435],[-2.02945,54.47295],[-2.0148,54.4716],[-1.99685,54.4669],[-1.9953,54.4673],[-1.993,54.46885],[-1.9873,54.47345],[-1.9867,54.4765],[-1.98455,54.47925],[-1.98035,54.47995],[-1.97335,54.48165],[-1.96865,54.4818],[-1.96575,54.48155],[-1.96485,54.48205],[-1.9606,54.482],[-1.95955,54.48285],[-1.9599,54.48605],[-1.95925,54.48735],[-1.9522,54.49165],[-1.94725,54.4962],[-1.9465,54.49785],[-1.9477,54.49885],[-1.951,54.49975],[-1.95065,54.5013],[-1.9561,54.50145],[-1.9727,54.50535],[-1.97925,54.50545],[-1.97985,54.50625],[-1.9831,54.50575],[-1.9872,54.50435],[-1.9954,54.50565],[-2.0001,54.50725],[-2.00385,54.50795],[-2.0075,54.50975],[-2.0095,54.51],[-2.0097,54.51255],[-2.0127,54.51175],[-2.01545,54.51145],[-2.0195,54.5113],[-2.0232,54.5107],[-2.02535,54.5111],[-2.02665,54.51195],[-2.02555,54.513],[-2.0224,54.51375],[-2.0207,54.51515],[-2.022,54.5169],[-2.0266,54.516],[-2.02795,54.51765],[-2.0261,54.51845],[-2.0271,54.52065],[-2.0289,54.523],[-2.03115,54.52245],[-2.0364,54.5227],[-2.0383,54.52235],[-2.04265,54.5229],[-2.0471,54.5232],[-2.0452,54.52485],[-2.04455,54.52725],[-2.03845,54.5282],[-2.03665,54.52785],[-2.035,54.52845],[-2.036,54.5304],[-2.0375,54.532],[-2.03705,54.5334],[-2.0385,54.5352],[-2.0359,54.5366],[-2.03185,54.5379],[-2.0263,54.5394],[-2.024,54.5395],[-2.01315,54.5395],[-2.0124,54.5418],[-2.0085,54.54855],[-2.00735,54.54935],[-2.00715,54.55165],[-2.0075,54.55305],[-2.00675,54.55375],[-2.00665,54.55545],[-2.0036,54.55705],[-2.0026,54.55835],[-1.99655,54.55825],[-1.99635,54.5595],[-1.994,54.5621],[-1.9926,54.5644],[-1.98965,54.5653],[-1.99,54.56605],[-1.99305,54.566],[-1.99815,54.56535],[-1.9982,54.56635],[-2.0008,54.56625],[-2.0029,54.56455],[-2.0048,54.56525],[-2.0075,54.56505],[-2.01085,54.56525],[-2.01055,54.56615],[-2.0139,54.5658],[-2.01835,54.56465],[-2.0222,54.56525],[-2.02685,54.56675],[-2.0257,54.568],[-2.02855,54.56845],[-2.0309,54.56825],[-2.0321,54.56995],[-2.03135,54.57125],[-2.035,54.5705],[-2.03955,54.5702],[-2.04115,54.57045],[-2.0449,54.57005],[-2.04385,54.57195],[-2.04235,54.57335],[-2.03945,54.57355],[-2.04105,54.5768],[-2.04335,54.57805],[-2.04685,54.57815],[-2.04745,54.57935],[-2.03925,54.58315],[-2.034,54.5841],[-2.0334,54.58485],[-2.03845,54.58735],[-2.0391,54.58795],[-2.03515,54.58865],[-2.0289,54.58945],[-2.0256,54.5894],[-2.0235,54.59055],[-2.02215,54.5925],[-2.0192,54.5924],[-2.0141,54.59325],[-2.0144,54.5944],[-2.01775,54.59735],[-2.01995,54.59845],[-2.02475,54.59925],[-2.02855,54.60025],[-2.03515,54.6013],[-2.04105,54.6032],[-2.047,54.6042],[-2.04985,54.6049],[-2.0627,54.6098],[-2.06795,54.6133],[-2.06975,54.614],[-2.0764,54.6158],[-2.08,54.6162],[-2.0853,54.61825],[-2.0849,54.62235],[-2.0856,54.62335],[-2.08565,54.62495],[-2.09,54.6258],[-2.08995,54.62665],[-2.0872,54.6269],[-2.0866,54.6277],[-2.08245,54.62815],[-2.0811,54.6259],[-2.0814,54.6249],[-2.07945,54.6249],[-2.07545,54.62405],[-2.0719,54.6241],[-2.0694,54.6238],[-2.06595,54.62425],[-2.05455,54.62535],[-2.05215,54.6247],[-2.04755,54.6244],[-2.04305,54.6223],[-2.04005,54.62035],[-2.03565,54.6171],[-2.03095,54.61565],[-2.027,54.61565],[-2.02505,54.6165],[-2.02135,54.6173],[-2.01945,54.6166],[-2.01835,54.61475],[-2.0167,54.6152],[-2.01745,54.61605],[-2.01535,54.61665],[-2.01235,54.61865],[-2.0108,54.61895],[-2.0108,54.61715],[-2.01005,54.6162],[-2.00275,54.6112],[-2.0005,54.6093],[-1.997,54.6085],[-1.9928,54.60605],[-1.9901,54.6049],[-1.98755,54.6043],[-1.98425,54.60285],[-1.9827,54.6009],[-1.9804,54.6002],[-1.97625,54.59825],[-1.96955,54.5959],[-1.9669,54.59525],[-1.9608,54.59525],[-1.95545,54.59575],[-1.95065,54.59445],[-1.9518,54.59735],[-1.9507,54.59915],[-1.9517,54.6013],[-1.95,54.6019],[-1.9464,54.60205],[-1.9471,54.6053],[-1.9439,54.60575],[-1.93325,54.60695],[-1.93,54.6067],[-1.92695,54.60725],[-1.92315,54.607],[-1.9167,54.60845],[-1.91655,54.6097],[-1.91285,54.6109],[-1.90535,54.61195],[-1.9063,54.61315],[-1.912,54.61705],[-1.91315,54.61805],[-1.9191,54.61755],[-1.92245,54.61825],[-1.92015,54.61965],[-1.91665,54.62255],[-1.9139,54.6242],[-1.92005,54.6323],[-1.92255,54.63185],[-1.92435,54.6348],[-1.9253,54.6358],[-1.9249,54.63675],[-1.93055,54.63695],[-1.93185,54.6373],[-1.93715,54.63615],[-1.94145,54.6356],[-1.95005,54.6396],[-1.95055,54.64065],[-1.95315,54.64125],[-1.9636,54.6429],[-1.9656,54.64265],[-1.9701,54.64435],[-1.97165,54.6455],[-1.97555,54.65005],[-1.97835,54.6552],[-1.9806,54.65765],[-1.9791,54.66485],[-1.97775,54.67045],[-1.97705,54.67255],[-1.96905,54.6736],[-1.9664,54.67295],[-1.96455,54.6721],[-1.95475,54.6713],[-1.9483,54.6706],[-1.9372,54.66865],[-1.9312,54.6674],[-1.92965,54.668],[-1.9247,54.66815],[-1.9217,54.6648],[-1.91505,54.66605],[-1.908,54.6668],[-1.9051,54.6673],[-1.9003,54.66745],[-1.90085,54.6683],[-1.899,54.6748],[-1.9026,54.67585],[-1.90305,54.67715],[-1.9015,54.6779],[-1.9045,54.68],[-1.90055,54.67985],[-1.89505,54.6808],[-1.8931,54.68075],[-1.89095,54.67875],[-1.89005,54.67845],[-1.88155,54.67705],[-1.8792,54.6772],[-1.88385,54.6828],[-1.87875,54.6834],[-1.8767,54.6848],[-1.873,54.6838],[-1.87175,54.6861],[-1.8733,54.6892],[-1.8722,54.692],[-1.8724,54.6959],[-1.87415,54.698],[-1.87225,54.69915],[-1.8696,54.6997],[-1.86595,54.701],[-1.87075,54.70345],[-1.8738,54.7088],[-1.87445,54.7126],[-1.88165,54.7143],[-1.8849,54.71615],[-1.88665,54.71665],[-1.8893,54.7165],[-1.8907,54.71815],[-1.8887,54.72225],[-1.88985,54.72325],[-1.894,54.72155],[-1.8962,54.72155],[-1.8963,54.7203],[-1.9019,54.7192],[-1.908,54.71915],[-1.9067,54.72085],[-1.9089,54.72095],[-1.91015,54.71985],[-1.9132,54.71965],[-1.91445,54.72],[-1.9148,54.7215],[-1.9164,54.72285],[-1.918,54.72175],[-1.91965,54.7226],[-1.9226,54.72125],[-1.9253,54.7206],[-1.9266,54.72205],[-1.9298,54.7198],[-1.93005,54.71895],[-1.93335,54.71815],[-1.93395,54.7189],[-1.93435,54.72175],[-1.93605,54.7218],[-1.94095,54.72065],[-1.94245,54.72105],[-1.9472,54.7194],[-1.94925,54.71895],[-1.9546,54.7188],[-1.95475,54.71965],[-1.9591,54.72],[-1.9607,54.7188],[-1.96495,54.719],[-1.967,54.7205],[-1.96675,54.72095],[-1.96805,54.7232],[-1.968,54.7245],[-1.967,54.7255],[-1.97605,54.72695],[-1.9813,54.72825],[-1.9839,54.72795],[-1.9851,54.7291],[-1.98775,54.7262],[-1.9877,54.7238],[-1.99285,54.72375],[-1.9961,54.7248],[-1.99845,54.72495],[-1.9998,54.72755],[-1.9992,54.7285],[-2.00285,54.72955],[-2.0062,54.73125],[-2.0049,54.7324],[-2.0053,54.73395],[-2.0072,54.73605],[-2.0125,54.7384],[-2.02085,54.7404],[-2.02175,54.73955],[-2.0217,54.7377],[-2.02055,54.73695],[-2.01945,54.73315],[-2.0243,54.7319],[-2.02855,54.7314],[-2.03075,54.7314],[-2.0328,54.7354],[-2.0367,54.7354],[-2.03825,54.73615],[-2.039,54.73855],[-2.0379,54.7402],[-2.0408,54.7402],[-2.0425,54.73975],[-2.044,54.7384],[-2.0472,54.7363],[-2.0517,54.7351],[-2.05415,54.7341],[-2.0603,54.7308],[-2.06265,54.72995],[-2.0651,54.72975],[-2.0684,54.73015],[-2.06935,54.73075],[-2.0712,54.7297],[-2.0758,54.72805],[-2.07435,54.7262],[-2.0746,54.72545],[-2.08045,54.72455],[-2.0854,54.7245],[-2.0855,54.7253],[-2.08935,54.72515],[-2.09305,54.72335],[-2.09545,54.72395],[-2.0958,54.7231],[-2.09815,54.72095],[-2.09925,54.719],[-2.10025,54.71835],[-2.10315,54.71835],[-2.10455,54.71945],[-2.10005,54.72325],[-2.1001,54.72435],[-2.09905,54.72655],[-2.0952,54.72875],[-2.0953,54.73015],[-2.09705,54.7367],[-2.09575,54.737],[-2.09635,54.7406],[-2.0949,54.74145],[-2.0898,54.7415],[-2.08245,54.74225],[-2.07705,54.743],[-2.0749,54.74375],[-2.07185,54.7435],[-2.06445,54.744],[-2.05965,54.74475],[-2.05605,54.7457],[-2.05275,54.7458],[-2.0487,54.74525],[-2.03695,54.7457],[-2.0345,54.74615],[-2.031,54.74745],[-2.0278,54.74935],[-2.0238,54.74965],[-2.0206,54.7489],[-2.0169,54.7489],[-2.0167,54.75365],[-2.01845,54.75415],[-2.01895,54.7555],[-2.01665,54.75535],[-2.01235,54.7564],[-2.0053,54.753],[-2.00505,54.7514],[-2.0032,54.75055],[-1.99865,54.7475],[-1.99515,54.74585],[-1.99475,54.74465],[-1.99205,54.74385],[-1.9915,54.7443],[-1.9884,54.7439],[-1.9882,54.74265],[-1.98675,54.73965],[-1.98485,54.7384],[-1.979,54.7356],[-1.9749,54.7342],[-1.9705,54.73195],[-1.9646,54.73045],[-1.9565,54.72995],[-1.9515,54.7299],[-1.9506,54.72915],[-1.95125,54.7278],[-1.94835,54.7275],[-1.9415,54.72725],[-1.93535,54.72805],[-1.9294,54.7276],[-1.929,54.7297],[-1.92945,54.7309],[-1.92525,54.7315],[-1.92255,54.7314],[-1.91415,54.73285],[-1.91185,54.73245],[-1.89985,54.73315],[-1.9001,54.7349],[-1.897,54.73485],[-1.8939,54.73515],[-1.89295,54.7357],[-1.89015,54.7362],[-1.88965,54.73765],[-1.89045,54.73915],[-1.89195,54.74025],[-1.8918,54.74275],[-1.88655,54.7406],[-1.8853,54.7419],[-1.8817,54.7425],[-1.8796,54.74185],[-1.8765,54.7389],[-1.8743,54.7375],[-1.8721,54.7377],[-1.87035,54.73835],[-1.8666,54.73845],[-1.8639,54.73795],[-1.8613,54.7383],[-1.8584,54.7377],[-1.8527,54.7371],[-1.85075,54.73735],[-1.8458,54.7388],[-1.84325,54.74015],[-1.84275,54.7414],[-1.84495,54.7428],[-1.84635,54.74505],[-1.84435,54.74605],[-1.84395,54.7472],[-1.84405,54.75005],[-1.8438,54.752],[-1.84135,54.75545],[-1.8418,54.75755],[-1.8486,54.7632],[-1.84925,54.7643],[-1.85225,54.7731],[-1.85295,54.7761],[-1.85515,54.7801],[-1.8565,54.7853],[-1.8557,54.7888],[-1.8557,54.7953],[-1.8586,54.8002],[-1.8573,54.80215],[-1.861,54.80825],[-1.86345,54.81405],[-1.8631,54.82145],[-1.864,54.8244],[-1.8668,54.8284],[-1.8713,54.8302],[-1.87455,54.8306],[-1.8766,54.83025],[-1.8802,54.83045],[-1.88215,54.8301],[-1.88245,54.83175],[-1.88365,54.83235],[-1.88385,54.83345],[-1.88635,54.83555],[-1.8835,54.83565],[-1.88465,54.8384],[-1.8841,54.8402],[-1.882,54.84115],[-1.8825,54.8438],[-1.8811,54.84555],[-1.8832,54.8482],[-1.88465,54.84895],[-1.8941,54.8503],[-1.8974,54.8498],[-1.9059,54.84805],[-1.90835,54.8464],[-1.9127,54.84505],[-1.91135,54.8468],[-1.9117,54.84935],[-1.91385,54.85055],[-1.9178,54.8552],[-1.92085,54.85675],[-1.92275,54.85875],[-1.92445,54.86],[-1.9325,54.8638],[-1.93475,54.865],[-1.9364,54.86635],[-1.93995,54.87015],[-1.943,54.87305],[-1.9494,54.8771],[-1.9564,54.88315],[-1.9613,54.8888],[-1.96715,54.88895],[-1.977,54.89],[-1.9889,54.88965],[-1.9926,54.88935],[-1.99845,54.88945],[-2.0065,54.88845],[-2.01375,54.8878],[-2.01915,54.88685],[-2.02195,54.8857],[-2.02545,54.8828],[-2.0275,54.88075],[-2.03115,54.87625],[-2.0333,54.8781],[-2.03755,54.8791],[-2.03945,54.88035],[-2.041,54.8804],[-2.0436,54.88125],[-2.0467,54.8814]]]},"properties":{"kind":"aonb","name":"North Pennines"}},{"type":"Feature","geometry":{"type":"Polygon","coordinates":[[[-4.07425,50.31525],[-4.0718,50.3149],[-4.06945,50.31305],[-4.06945,50.31245],[-4.0725,50.30865],[-4.0737,50.3065],[-4.07355,50.30555],[-4.0749,50.30505],[-4.0744,50.3031],[-4.0715,50.3038],[-4.06765,50.3021],[-4.0657,50.30255],[-4.06305,50.3007],[-4.06195,50.30075],[-4.0591,50.29985],[-4.05815,50.2982],[-4.0564,50.2975],[-4.0527,50.29775],[-4.0506,50.2946],[-4.0479,50.29545],[-4.0459,50.2948],[-4.0456,50.29395],[-4.0429,50.29375],[-4.04115,50.2945],[-4.0387,50.29285],[-4.0361,50.2929],[-4.03255,50.2936],[-4.02845,50.2955],[-4.0246,50.29615],[-4.02185,50.2943],[-4.01915,50.29525],[-4.01825,50.29665],[-4.01895,50.2977],[-4.01835,50.29915],[-4.01715,50.30045],[-4.0166,50.3012],[-4.01395,50.3024],[-4.0114,50.30315],[-4.0095,50.3029],[-4.0065,50.30155],[-4.0027,50.30195],[-4.00125,50.30315],[-3.99935,50.30355],[-3.99775,50.30425],[-3.99725,50.3052],[-3.9942,50.30625],[-3.9939,50.30705],[-3.99165,50.30755],[-3.9889,50.30765],[-3.98655,50.30655],[-3.98155,50.3071],[-3.97895,50.3069],[-3.9769,50.3074],[-3.97315,50.3071],[-3.97095,50.30595],[-3.97015,50.3065],[-3.96825,50.30445],[-3.9666,50.30515],[-3.96395,50.30455],[-3.96465,50.30395],[-3.9639,50.3038],[-3.96055,50.3045],[-3.9598,50.3056],[-3.95845,50.3056],[-3.9554,50.30685],[-3.95435,50.30815],[-3.95285,50.30825],[-3.9474,50.3073],[-3.94795,50.30565],[-3.94715,50.304],[-3.9471,50.30205],[-3.9436,50.30105],[-3.9438,50.2997],[-3.94505,50.2974],[-3.9429,50.2968],[-3.94285,50.29635],[-3.93865,50.2975],[-3.93705,50.29625],[-3.93315,50.2952],[-3.9309,50.2962],[-3.9287,50.29565],[-3.92635,50.2966],[-3.92335,50.29705],[-3.92015,50.2963],[-3.9173,50.29595],[-3.9152,50.29475],[-3.91,50.29435],[-3.90895,50.2924],[-3.9072,50.2921],[-3.90695,50.2907],[-3.90335,50.2899],[-3.90105,50.2878],[-3.89985,50.28865],[-3.898,50.28805],[-3.8967,50.2862],[-3.89875,50.285],[-3.89695,50.2839],[-3.8964,50.28295],[-3.89515,50.2818],[-3.8929,50.2823],[-3.88985,50.28185],[-3.88775,50.2821],[-3.88565,50.2836],[-3.88255,50.2842],[-3.88,50.28345],[-3.8787,50.2781],[-3.8795,50.2769],[-3.8813,50.2761],[-3.88035,50.27455],[-3.881,50.27355],[-3.87915,50.27335],[-3.87815,50.27215],[-3.87485,50.2701],[-3.87475,50.26935],[-3.87035,50.2683],[-3.86815,50.26655],[-3.86785,50.2651],[-3.8688,50.26415],[-3.86775,50.2636],[-3.8651,50.2639],[-3.86335,50.2645],[-3.8621,50.2642],[-3.85975,50.2626],[-3.85805,50.26055],[-3.8579,50.2566],[-3.86045,50.2544],[-3.85965,50.25175],[-3.86015,50.251],[-3.859,50.24625],[-3.86065,50.24575],[-3.85925,50.2448],[-3.85935,50.24225],[-3.8625,50.24275],[-3.86435,50.24235],[-3.86605,50.2433],[-3.87065,50.2425],[-3.8699,50.2411],[-3.868,50.24075],[-3.8681,50.2389],[-3.86595,50.2384],[-3.8645,50.2373],[-3.8633,50.23735],[-3.86165,50.2354],[-3.86005,50.2342],[-3.85705,50.23405],[-3.855,50.2345],[-3.8527,50.2343],[-3.8521,50.23265],[-3.85065,50.2322],[-3.8478,50.23035],[-3.8439,50.2301],[-3.83905,50.2291],[-3.8376,50.2278],[-3.83555,50.22755],[-3.8338,50.2258],[-3.83105,50.22385],[-3.8285,50.2231],[-3.82345,50.21875],[-3.82285,50.21725],[-3.82075,50.2173],[-3.8197,50.2165],[-3.81645,50.21645],[-3.81575,50.215],[-3.81305,50.21495],[-3.81195,50.21435],[-3.80685,50.21475],[-3.80345,50.2146],[-3.8001,50.21485],[-3.7989,50.21425],[-3.7984,50.2124],[-3.79645,50.2112],[-3.7944,50.2115],[-3.79125,50.21105],[-3.78965,50.21005],[-3.78685,50.2098],[-3.7848,50.21065],[-3.7851,50.21175],[-3.78685,50.2131],[-3.7871,50.21395],[-3.78505,50.21545],[-3.78135,50.21565],[-3.78075,50.2178],[-3.7811,50.2197],[-3.78215,50.2213],[-3.78135,50.22305],[-3.77165,50.2232],[-3.77005,50.22165],[-3.7672,50.22105],[-3.76595,50.2204],[-3.76235,50.2201],[-3.76095,50.2206],[-3.75805,50.2194],[-3.7557,50.219],[-3.7546,50.21865],[-3.7509,50.2188],[-3.74805,50.2185],[-3.7467,50.2177],[-3.74645,50.2165],[-3.7449,50.2163],[-3.74355,50.2153],[-3.7413,50.2152],[-3.7399,50.21455],[-3.73645,50.21425],[-3.73585,50.21355],[-3.7367,50.2125],[-3.7351,50.2118],[-3.73505,50.21055],[-3.7332,50.21015],[-3.7327,50.20905],[-3.73185,50.2071],[-3.73005,50.20725],[-3.73,50.20865],[-3.7259,50.2082],[-3.7265,50.2059],[-3.7227,50.20245],[-3.7202,50.2022],[-3.71915,50.203],[-3.7145,50.20595],[-3.7099,50.2064],[-3.70845,50.20535],[-3.70675,50.20615],[-3.70665,50.2069],[-3.70375,50.20825],[-3.7031,50.2096],[-3.70365,50.21095],[-3.6979,50.2131],[-3.6946,50.21395],[-3.6931,50.21535],[-3.6891,50.2162],[-3.6891,50.218],[-3.68815,50.219],[-3.6862,50.2197],[-3.68455,50.21975],[-3.68405,50.22075],[-3.68175,50.2219],[-3.6801,50.22215],[-3.679,50.2218],[-3.6737,50.2213],[-3.6689,50.22035],[-3.66655,50.22085],[-3.6646,50.2202],[-3.66305,50.2206],[-3.6604,50.22065],[-3.65805,50.21925],[-3.65715,50.21785],[-3.65605,50.2178],[-3.65395,50.21885],[-3.6504,50.2209],[-3.6498,50.22185],[-3.64775,50.2218],[-3.64565,50.2222],[-3.6418,50.2217],[-3.642,50.2232],[-3.6466,50.22455],[-3.6484,50.2246],[-3.65095,50.22525],[-3.65165,50.2267],[-3.6529,50.22715],[-3.6547,50.2284],[-3.65595,50.22955],[-3.65595,50.23035],[-3.65725,50.231],[-3.65875,50.23505],[-3.659,50.23845],[-3.6589,50.2423],[-3.6574,50.24515],[-3.6578,50.24615],[-3.65725,50.2487],[-3.65335,50.26205],[-3.6522,50.26345],[-3.65215,50.2656],[-3.6512,50.26995],[-3.64955,50.27475],[-3.647,50.28125],[-3.64375,50.2876],[-3.63995,50.29335],[-3.6365,50.29775],[-3.63375,50.30085],[-3.62915,50.30525],[-3.6267,50.3069],[-3.62325,50.3084],[-3.62185,50.3087],[-3.6217,50.30965],[-3.61965,50.311],[-3.6194,50.3118],[-3.6169,50.3132],[-3.6165,50.3143],[-3.61455,50.31545],[-3.61315,50.3155],[-3.61315,50.3175],[-3.61125,50.31895],[-3.6073,50.32005],[-3.60545,50.32005],[-3.60355,50.31905],[-3.59665,50.31975],[-3.59505,50.32055],[-3.595,50.32215],[-3.5942,50.3228],[-3.5898,50.3249],[-3.58905,50.3256],[-3.5868,50.3261],[-3.58415,50.3262],[-3.5838,50.3247],[-3.58115,50.32535],[-3.5804,50.32605],[-3.57775,50.32595],[-3.5765,50.32505],[-3.5737,50.3263],[-3.5725,50.32605],[-3.57025,50.32705],[-3.5445,50.3357],[-3.53955,50.33625],[-3.5383,50.33715],[-3.53585,50.33655],[-3.53425,50.33715],[-3.53515,50.33845],[-3.53335,50.33855],[-3.53355,50.3404],[-3.5322,50.3415],[-3.53115,50.34325],[-3.53135,50.34415],[-3.52875,50.34385],[-3.52485,50.3442],[-3.52325,50.34475],[-3.5208,50.3449],[-3.5204,50.3456],[-3.51835,50.3464],[-3.5182,50.3486],[-3.51475,50.35155],[-3.5147,50.3539],[-3.5156,50.3552],[-3.51885,50.35615],[-3.52105,50.3571],[-3.52045,50.3605],[-3.5181,50.36415],[-3.516,50.3646],[-3.51575,50.366],[-3.51635,50.36705],[-3.51555,50.3678],[-3.5132,50.36845],[-3.51575,50.36935],[-3.51605,50.37175],[-3.51445,50.374],[-3.5104,50.3765],[-3.50875,50.3766],[-3.50805,50.3788],[-3.5063,50.3799],[-3.5036,50.3799],[-3.50125,50.3805],[-3.4988,50.38065],[-3.4964,50.38125],[-3.4975,50.3823],[-3.4981,50.384],[-3.50205,50.3841],[-3.50305,50.38445],[-3.50375,50.38615],[-3.50335,50.38875],[-3.5021,50.38955],[-3.499,50.3901],[-3.4978,50.39075],[-3.49745,50.3915],[-3.49315,50.3917],[-3.4922,50.3932],[-3.4889,50.39445],[-3.4896,50.39585],[-3.48795,50.39795],[-3.48475,50.39795],[-3.4826,50.3988],[-3.483,50.40015],[-3.48685,50.4009],[-3.4885,50.40035],[-3.4908,50.401],[-3.4939,50.40115],[-3.49645,50.39785],[-3.49795,50.3984],[-3.4994,50.39805],[-3.5025,50.39655],[-3.50505,50.3938],[-3.50315,50.39125],[-3.5059,50.39035],[-3.5059,50.3885],[-3.50705,50.38725],[-3.5091,50.38685],[-3.51135,50.387],[-3.5122,50.38565],[-3.5143,50.38505],[-3.5156,50.38355],[-3.5124,50.3838],[-3.5136,50.38245],[-3.5161,50.3812],[-3.5185,50.3789],[-3.52425,50.37765],[-3.5262,50.3776],[-3.52865,50.37825],[-3.5325,50.37775],[-3.5337,50.37845],[-3.5341,50.37965],[-3.5356,50.3803],[-3.54045,50.38085],[-3.53965,50.3828],[-3.5387,50.38275],[-3.53165,50.3862],[-3.5283,50.38595],[-3.5241,50.38735],[-3.5245,50.38805],[-3.5279,50.38925],[-3.5285,50.39085],[-3.53045,50.39145],[-3.52185,50.39915],[-3.5204,50.40055],[-3.52195,50.4022],[-3.52355,50.40265],[-3.52365,50.40355],[-3.52645,50.40395],[-3.5283,50.40475],[-3.533,50.40485],[-3.53735,50.40385],[-3.54055,50.4034],[-3.5434,50.4023],[-3.5453,50.4023],[-3.54625,50.4029],[-3.54755,50.40565],[-3.54985,50.4064],[-3.5504,50.4064],[-3.5512,50.40645],[-3.5521,50.40465],[-3.54845,50.4029],[-3.54415,50.3994],[-3.5427,50.3975],[-3.54245,50.39645],[-3.54005,50.39535],[-3.5438,50.39265],[-3.5455,50.3906],[-3.54705,50.39145],[-3.54845,50.38935],[-3.55225,50.38785],[-3.55385,50.3865],[-3.5596,50.3836],[-3.5598,50.3847],[-3.56225,50.38785],[-3.5636,50.39115],[-3.5666,50.39445],[-3.56865,50.39525],[-3.57875,50.3981],[-3.5821,50.39875],[-3.5843,50.40055],[-3.5857,50.401],[-3.588,50.40025],[-3.59285,50.4008],[-3.5958,50.40065],[-3.5971,50.4002],[-3.6031,50.39985],[-3.6045,50.4001],[-3.60665,50.40165],[-3.607,50.4046],[-3.60805,50.4058],[-3.61305,50.40945],[-3.61485,50.4103],[-3.6168,50.4118],[-3.6223,50.4144],[-3.62395,50.4159],[-3.6264,50.41735],[-3.63075,50.4188],[-3.63615,50.4199],[-3.64205,50.4179],[-3.64645,50.4178],[-3.64885,50.41735],[-3.6517,50.41745],[-3.65225,50.4182],[-3.6553,50.42155],[-3.65665,50.4225],[-3.65795,50.4254],[-3.66055,50.426],[-3.66485,50.42655],[-3.6651,50.429],[-3.66635,50.42865],[-3.66795,50.42735],[-3.6672,50.42625],[-3.66785,50.42455],[-3.6672,50.4236],[-3.6686,50.4219],[-3.66855,50.42085],[-3.66605,50.4197],[-3.6683,50.4147],[-3.66815,50.41405],[-3.67145,50.4122],[-3.67305,50.4093],[-3.67605,50.4065],[-3.67435,50.40355],[-3.67375,50.39835],[-3.6722,50.3967],[-3.6677,50.39425],[-3.66355,50.394],[-3.6638,50.3924],[-3.66115,50.3911],[-3.659,50.39195],[-3.6541,50.38975],[-3.65355,50.3889],[-3.6487,50.3884],[-3.6442,50.3865],[-3.6396,50.386],[-3.63795,50.3851],[-3.6353,50.38185],[-3.6318,50.38135],[-3.6283,50.3802],[-3.6269,50.37865],[-3.62295,50.37945],[-3.62075,50.37955],[-3.6154,50.3793],[-3.61025,50.37685],[-3.6069,50.376],[-3.6026,50.37455],[-3.6016,50.37295],[-3.5991,50.3704],[-3.59875,50.3689],[-3.5999,50.3674],[-3.6003,50.36595],[-3.6017,50.3651],[-3.6018,50.36365],[-3.6009,50.36185],[-3.5988,50.35935],[-3.59865,50.3565],[-3.598,50.35435],[-3.5964,50.35305],[-3.5931,50.3533],[-3.5918,50.3527],[-3.59465,50.3502],[-3.5951,50.3483],[-3.5945,50.34645],[-3.5914,50.34435],[-3.5896,50.3425],[-3.58965,50.3398],[-3.5917,50.3381],[-3.5951,50.33655],[-3.59955,50.3361],[-3.6039,50.33455],[-3.60475,50.3338],[-3.6071,50.33295],[-3.6084,50.33165],[-3.61305,50.3306],[-3.6167,50.32895],[-3.6187,50.3276],[-3.6195,50.3263],[-3.624,50.32485],[-3.62775,50.32635],[-3.6319,50.3252],[-3.63875,50.3236],[-3.64015,50.3256],[-3.64205,50.3273],[-3.6435,50.32925],[-3.646,50.33075],[-3.64715,50.3319],[-3.6477,50.33415],[-3.6488,50.3354],[-3.6527,50.3383],[-3.6542,50.34055],[-3.6544,50.3431],[-3.65655,50.34545],[-3.65845,50.345],[-3.6624,50.34305],[-3.6653,50.34115],[-3.6665,50.3388],[-3.67045,50.3363],[-3.67555,50.33235],[-3.67725,50.33225],[-3.67945,50.33135],[-3.67815,50.3303],[-3.6806,50.3291],[-3.6827,50.3276],[-3.68245,50.3263],[-3.68595,50.32435],[-3.69245,50.32265],[-3.69695,50.32195],[-3.69455,50.32115],[-3.69085,50.31885],[-3.68765,50.3171],[-3.6855,50.3164],[-3.6821,50.3145],[-3.67805,50.3136],[-3.67565,50.3127],[-3.67315,50.3122],[-3.67165,50.31125],[-3.67015,50.3095],[-3.66485,50.3009],[-3.6644,50.29845],[-3.6625,50.29455],[-3.66065,50.29315],[-3.6634,50.29135],[-3.66535,50.28935],[-3.6678,50.28855],[-3.6708,50.28845],[-3.67265,50.28795],[-3.6759,50.2858],[-3.67975,50.28475],[-3.68195,50.2836],[-3.6828,50.28265],[-3.6835,50.2805],[-3.68285,50.2784],[-3.68575,50.27625],[-3.691,50.27325],[-3.6965,50.2728],[-3.7016,50.2727],[-3.704,50.273],[-3.70565,50.2737],[-3.7086,50.27245],[-3.71405,50.2714],[-3.71885,50.27135],[-3.72015,50.27085],[-3.72245,50.2708],[-3.72845,50.2722],[-3.7313,50.27375],[-3.7332,50.27535],[-3.737,50.2771],[-3.7376,50.2777],[-3.74025,50.278],[-3.74465,50.2795],[-3.74845,50.2796],[-3.7577,50.28345],[-3.7575,50.2847],[-3.7558,50.2857],[-3.7542,50.2883],[-3.75475,50.28935],[-3.7567,50.291],[-3.7589,50.2904],[-3.7612,50.28845],[-3.76705,50.28605],[-3.76825,50.2853],[-3.76825,50.28215],[-3.7721,50.2815],[-3.7734,50.2819],[-3.7748,50.28125],[-3.77705,50.28375],[-3.7796,50.28265],[-3.78165,50.28255],[-3.7847,50.28425],[-3.78405,50.2865],[-3.77955,50.2905],[-3.77725,50.2928],[-3.77675,50.29475],[-3.77695,50.29675],[-3.7786,50.2988],[-3.77675,50.3002],[-3.77625,50.3022],[-3.7735,50.30345],[-3.7721,50.30355],[-3.7721,50.30575],[-3.76885,50.30815],[-3.7684,50.31],[-3.767,50.31235],[-3.7628,50.3162],[-3.7673,50.3179],[-3.77105,50.3187],[-3.77395,50.32055],[-3.7709,50.3222],[-3.76865,50.3242],[-3.7704,50.32445],[-3.77385,50.3258],[-3.77255,50.3282],[-3.77005,50.3298],[-3.7688,50.33115],[-3.76865,50.33265],[-3.76935,50.33515],[-3.7689,50.3379],[-3.76655,50.34045],[-3.76485,50.34145],[-3.7658,50.3436],[-3.7672,50.34445],[-3.76745,50.346],[-3.76695,50.34915],[-3.7682,50.35015],[-3.7662,50.35225],[-3.7644,50.3532],[-3.7639,50.3546],[-3.76545,50.35745],[-3.7666,50.35795],[-3.7695,50.35815],[-3.7715,50.359],[-3.7686,50.35935],[-3.76715,50.36045],[-3.7668,50.36175],[-3.76315,50.3617],[-3.76565,50.36455],[-3.7665,50.36615],[-3.76595,50.3668],[-3.76405,50.36715],[-3.7641,50.37185],[-3.763,50.3733],[-3.7637,50.3744],[-3.7591,50.3773],[-3.7632,50.37965],[-3.76775,50.3838],[-3.76865,50.38525],[-3.76925,50.38825],[-3.77045,50.3898],[-3.77265,50.3916],[-3.77875,50.3961],[-3.7801,50.3975],[-3.7811,50.40005],[-3.78095,50.4014],[-3.7851,50.40415],[-3.7852,50.40695],[-3.7837,50.4094],[-3.7827,50.4126],[-3.78435,50.41315],[-3.789,50.41215],[-3.7933,50.4109],[-3.79565,50.41095],[-3.7969,50.41285],[-3.7996,50.4136],[-3.80095,50.41485],[-3.8024,50.41345],[-3.80645,50.4109],[-3.80965,50.41015],[-3.8122,50.41015],[-3.81725,50.4084],[-3.8219,50.4058],[-3.82315,50.4038],[-3.82485,50.40245],[-3.81915,50.39955],[-3.81865,50.39765],[-3.8179,50.3971],[-3.8187,50.3959],[-3.8198,50.39575],[-3.81945,50.39355],[-3.81965,50.39005],[-3.8215,50.3889],[-3.82435,50.38655],[-3.82615,50.3855],[-3.8219,50.3832],[-3.82015,50.38025],[-3.8236,50.37925],[-3.82055,50.3779],[-3.81905,50.37795],[-3.8169,50.3766],[-3.8168,50.37525],[-3.81415,50.3747],[-3.81225,50.37285],[-3.811,50.3711],[-3.8108,50.3693],[-3.81205,50.36825],[-3.81025,50.3669],[-3.8085,50.36685],[-3.8058,50.36565],[-3.80555,50.3648],[-3.8091,50.3629],[-3.8119,50.36035],[-3.8107,50.3591],[-3.8156,50.3581],[-3.8138,50.3569],[-3.81275,50.3554],[-3.80955,50.3533],[-3.80605,50.3502],[-3.8047,50.3485],[-3.8035,50.34535],[-3.7989,50.3408],[-3.7978,50.33725],[-3.79995,50.3351],[-3.80075,50.33205],[-3.80055,50.3297],[-3.8009,50.32725],[-3.8039,50.3219],[-3.80755,50.3182],[-3.80905,50.316],[-3.8153,50.31185],[-3.82245,50.31325],[-3.82585,50.31255],[-3.8292,50.31245],[-3.8335,50.31275],[-3.83555,50.3141],[-3.8363,50.3151],[-3.8375,50.3151],[-3.838,50.31655],[-3.8413,50.32],[-3.84275,50.3209],[-3.84255,50.32275],[-3.84345,50.32455],[-3.84205,50.3268],[-3.84335,50.329],[-3.8458,50.3307],[-3.84875,50.33315],[-3.85345,50.3352],[-3.85875,50.3391],[-3.85995,50.3396],[-3.86345,50.33915],[-3.8683,50.3403],[-3.8707,50.34015],[-3.8717,50.34075],[-3.87705,50.3419],[-3.87975,50.3434],[-3.88355,50.34475],[-3.88525,50.3449],[-3.889,50.34635],[-3.88815,50.3476],[-3.88665,50.34805],[-3.88625,50.34895],[-3.8896,50.34925],[-3.8917,50.35005],[-3.89255,50.3496],[-3.8958,50.3499],[-3.89975,50.34925],[-3.90515,50.35015],[-3.90875,50.35045],[-3.917,50.34955],[-3.9204,50.34945],[-3.92185,50.3503],[-3.92955,50.35225],[-3.9314,50.35215],[-3.93545,50.35255],[-3.9382,50.3523],[-3.9452,50.351],[-3.94945,50.35045],[-3.95735,50.3511],[-3.96045,50.35105],[-3.96605,50.35135],[-3.9701,50.35185],[-3.97265,50.3518],[-3.9817,50.35065],[-3.9882,50.3509],[-3.9926,50.35015],[-3.9956,50.34895],[-4.0008,50.3484],[-4.0064,50.3472],[-4.0126,50.34625],[-4.016,50.3465],[-4.02105,50.34855],[-4.02335,50.3502],[-4.02495,50.35055],[-4.02905,50.35065],[-4.03445,50.35145],[-4.0404,50.3499],[-4.04285,50.34965],[-4.04305,50.349],[-4.04605,50.34845],[-4.0483,50.3476],[-4.05095,50.34735],[-4.0527,50.34785],[-4.0558,50.34755],[-4.0609,50.3475],[-4.06635,50.3465],[-4.06775,50.3452],[-4.06965,50.34425],[-4.07955,50.34455],[-4.085,50.34335],[-4.08915,50.3429],[-4.09115,50.34195],[-4.0932,50.3433],[-4.094,50.3432],[-4.1,50.34425],[-4.1016,50.34495],[-4.10455,50.3456],[-4.1071,50.3456],[-4.11285,50.3445],[-4.1148,50.3444],[-4.11595,50.3454],[-4.11935,50.34535],[-4.12075,50.34665],[-4.12,50.35015],[-4.1204,50.35185],[-4.12305,50.3533],[-4.1235,50.35475],[-4.12455,50.35535],[-4.1258,50.35395],[-4.125,50.35395],[-4.1232,50.35255],[-4.12165,50.3505],[-4.1219,50.35005],[-4.1217,50.3483],[-4.12395,50.34565],[-4.1266,50.34455],[-4.12775,50.3434],[-4.1286,50.3417],[-4.1287,50.34035],[-4.1273,50.3393],[-4.12725,50.33625],[-4.12555,50.33595],[-4.1226,50.33665],[-4.12,50.33615],[-4.1195,50.3352],[-4.1212,50.33465],[-4.12145,50.33375],[-4.11925,50.33275],[-4.11985,50.33105],[-4.1191,50.3305],[-4.11945,50.32895],[-4.122,50.3282],[-4.12135,50.32625],[-4.1222,50.3255],[-4.12175,50.32415],[-4.11905,50.32325],[-4.12045,50.32145],[-4.1194,50.3212],[-4.11895,50.3195],[-4.11505,50.31935],[-4.1123,50.3189],[-4.1132,50.31685],[-4.11185,50.3161],[-4.10505,50.31495],[-4.10265,50.3167],[-4.09955,50.3173],[-4.09355,50.31695],[-4.0908,50.31695],[-4.09035,50.3168],[-4.09025,50.3164],[-4.0892,50.31635],[-4.08555,50.31785],[-4.0821,50.3165],[-4.07895,50.31595],[-4.07725,50.31625],[-4.07425,50.31525]]]},"properties":{"kind":"aonb","name":"South Devon"}},{"type":"Feature","geometry":{"type":"Polygon","coordinates":[[[-3.2805,51.14845],[-3.2781,51.1459],[-3.2737,51.14295],[-3.2723,51.1426],[-3.2698,51.14075],[-3.2663,51.13965],[-3.2616,51.13865],[-3.2558,51.13585],[-3.2552,51.13505],[-3.25015,51.1332],[-3.2482,51.13125],[-3.2434,51.12815],[-3.24175,51.12655],[-3.23965,51.1252],[-3.23715,51.1227],[-3.2353,51.1217],[-3.23415,51.1204],[-3.234,51.1184],[-3.2323,51.115],[-3.22995,51.11255],[-3.22825,51.1103],[-3.224,51.10765],[-3.2196,51.1043],[-3.21525,51.10175],[-3.2143,51.10025],[-3.2138,51.0966],[-3.21155,51.0919],[-3.2063,51.0926],[-3.20385,51.0922],[-3.2029,51.0914],[-3.19965,51.08995],[-3.1962,51.08895],[-3.1953,51.08825],[-3.19605,51.08715],[-3.19015,51.08655],[-3.18745,51.08605],[-3.1854,51.08625],[-3.18115,51.08585],[-3.17905,51.08345],[-3.18055,51.08045],[-3.18115,51.07805],[-3.18035,51.0764],[-3.1766,51.0752],[-3.17255,51.07645],[-3.169,51.0785],[-3.16475,51.0759],[-3.1622,51.0748],[-3.15865,51.07485],[-3.15725,51.0745],[-3.1552,51.0749],[-3.15105,51.0717],[-3.1478,51.0709],[-3.1475,51.0696],[-3.1477,51.06715],[-3.14685,51.0663],[-3.14675,51.06495],[-3.14445,51.0643],[-3.1433,51.06265],[-3.1394,51.06105],[-3.13165,51.05895],[-3.1282,51.05835],[-3.12525,51.05945],[-3.12445,51.06075],[-3.11675,51.06075],[-3.1132,51.061],[-3.1116,51.06025],[-3.1096,51.06165],[-3.1074,51.0625],[-3.10445,51.06285],[-3.1008,51.06415],[-3.09205,51.06555],[-3.08815,51.0665],[-3.08765,51.0678],[-3.0852,51.06775],[-3.08145,51.0683],[-3.08085,51.0691],[-3.0779,51.07],[-3.07755,51.0724],[-3.07515,51.0722],[-3.07235,51.07345],[-3.07015,51.07485],[-3.06455,51.07545],[-3.0588,51.077],[-3.0565,51.078],[-3.0529,51.07895],[-3.05335,51.0796],[-3.05235,51.08125],[-3.049,51.0817],[-3.0489,51.08305],[-3.0532,51.08575],[-3.05575,51.08645],[-3.0568,51.08735],[-3.06065,51.0867],[-3.06425,51.08645],[-3.06815,51.0877],[-3.0719,51.0885],[-3.07415,51.0882],[-3.0763,51.08855],[-3.0798,51.08965],[-3.08215,51.08955],[-3.0866,51.08835],[-3.0886,51.08835],[-3.09115,51.0894],[-3.09495,51.09015],[-3.0933,51.0918],[-3.09095,51.09225],[-3.08825,51.09625],[-3.0892,51.09705],[-3.08925,51.099],[-3.0899,51.1018],[-3.0906,51.10275],[-3.09065,51.10515],[-3.0912,51.106],[-3.09055,51.10745],[-3.0945,51.1075],[-3.09595,51.1068],[-3.09905,51.1066],[-3.09915,51.10965],[-3.0979,51.11485],[-3.0994,51.11605],[-3.1016,51.1169],[-3.10465,51.11695],[-3.10595,51.11745],[-3.10735,51.11715],[-3.1096,51.11595],[-3.1108,51.11645],[-3.1127,51.11555],[-3.11455,51.11615],[-3.11455,51.11715],[-3.1194,51.11925],[-3.12075,51.1202],[-3.1237,51.11925],[-3.12725,51.1192],[-3.1337,51.11815],[-3.1363,51.11725],[-3.14015,51.11675],[-3.14025,51.11755],[-3.14545,51.11975],[-3.14515,51.12155],[-3.1476,51.12165],[-3.1507,51.12265],[-3.15085,51.12375],[-3.15305,51.1247],[-3.1534,51.1263],[-3.15395,51.1321],[-3.1567,51.1342],[-3.1571,51.13875],[-3.1587,51.14105],[-3.1617,51.1416],[-3.16895,51.1424],[-3.16945,51.14605],[-3.16745,51.14705],[-3.1663,51.14845],[-3.16855,51.14875],[-3.1705,51.1495],[-3.1757,51.15075],[-3.1768,51.15165],[-3.18095,51.15245],[-3.18615,51.1533],[-3.19075,51.1544],[-3.19245,51.15515],[-3.19625,51.15595],[-3.199,51.1573],[-3.20325,51.15775],[-3.2044,51.1582],[-3.2065,51.1599],[-3.2056,51.16235],[-3.20605,51.16515],[-3.2056,51.17005],[-3.20445,51.17165],[-3.2035,51.1738],[-3.20315,51.17575],[-3.20095,51.1783],[-3.2011,51.1833],[-3.2049,51.18505],[-3.20815,51.18685],[-3.2112,51.18775],[-3.213,51.1895],[-3.2151,51.1894],[-3.2176,51.193],[-3.2186,51.19375],[-3.221,51.1974],[-3.22375,51.1967],[-3.2242,51.1958],[-3.2265,51.195],[-3.2293,51.1946],[-3.2334,51.1948],[-3.23585,51.19415],[-3.23795,51.194],[-3.23965,51.193],[-3.2436,51.1924],[-3.2458,51.1916],[-3.2475,51.1917],[-3.2522,51.1905],[-3.2563,51.1903],[-3.25685,51.18965],[-3.25995,51.18875],[-3.26155,51.1892],[-3.2668,51.18765],[-3.2682,51.187],[-3.2699,51.1873],[-3.27235,51.186],[-3.2756,51.1857],[-3.2802,51.18575],[-3.28435,51.18045],[-3.2843,51.1794],[-3.2861,51.17795],[-3.28835,51.17725],[-3.2891,51.1764],[-3.28905,51.17385],[-3.2865,51.17245],[-3.28515,51.17125],[-3.2811,51.1697],[-3.28235,51.16785],[-3.2836,51.16525],[-3.2854,51.1636],[-3.2873,51.1614],[-3.28715,51.1598],[-3.2862,51.15825],[-3.28305,51.1601],[-3.28155,51.1578],[-3.2759,51.15225],[-3.2827,51.15015],[-3.2805,51.14845]]]},"properties":{"kind":"aonb","name":"Quantock Hills"}},{"type":"Feature","geometry":{"type":"Polygon","coordinates":[[[-0.9737,54.2071],[-0.9757,54.20665],[-0.9787,54.208],[-0.97935,54.2071],[-0.9815,54.206],[-0.9851,54.2061],[-0.98615,54.20565],[-0.9901,54.20605],[-0.99335,54.2068],[-0.99535,54.2079],[-0.99525,54.21],[-0.9962,54.2106],[-0.9992,54.2094],[-0.9999,54.2108],[-1.00235,54.2115],[-1.00255,54.21265],[-1.0042,54.21345],[-1.00755,54.21195],[-1.0103,54.21205],[-1.01105,54.2114],[-1.01335,54.2122],[-1.01525,54.21345],[-1.016,54.2166],[-1.019,54.21685],[-1.01975,54.2196],[-1.0222,54.2178],[-1.0255,54.21865],[-1.02725,54.22015],[-1.0288,54.2224],[-1.0281,54.22325],[-1.03015,54.22475],[-1.02815,54.22555],[-1.02755,54.22715],[-1.02935,54.22885],[-1.0287,54.2299],[-1.02985,54.2307],[-1.0314,54.22895],[-1.03255,54.22925],[-1.03175,54.23235],[-1.0321,54.23375],[-1.0332,54.23485],[-1.03555,54.23575],[-1.03695,54.23405],[-1.0429,54.23715],[-1.04935,54.2389],[-1.0524,54.2401],[-1.0555,54.2407],[-1.05475,54.24245],[-1.05665,54.2436],[-1.05915,54.244],[-1.05795,54.2415],[-1.05685,54.23835],[-1.05715,54.23595],[-1.0585,54.23395],[-1.059,54.2309],[-1.06035,54.2277],[-1.0601,54.2263],[-1.0619,54.22495],[-1.0613,54.22315],[-1.0627,54.21905],[-1.0618,54.21615],[-1.0607,54.2146],[-1.0608,54.2123],[-1.05295,54.2079],[-1.047,54.2064],[-1.04475,54.2061],[-1.0413,54.205],[-1.0417,54.2044],[-1.04445,54.20395],[-1.0489,54.20265],[-1.05115,54.20225],[-1.05495,54.20285],[-1.05705,54.20295],[-1.06105,54.2025],[-1.0675,54.20275],[-1.0712,54.2031],[-1.082,54.2026],[-1.0903,54.20245],[-1.0935,54.20275],[-1.0982,54.20245],[-1.1003,54.2016],[-1.10515,54.20135],[-1.10705,54.20105],[-1.1133,54.20065],[-1.1174,54.20145],[-1.1196,54.20135],[-1.12365,54.1998],[-1.12775,54.19755],[-1.134,54.19665],[-1.1404,54.1979],[-1.1428,54.19605],[-1.1486,54.19655],[-1.14955,54.19685],[-1.15555,54.19645],[-1.1585,54.1932],[-1.1611,54.191],[-1.1618,54.18925],[-1.16595,54.18905],[-1.17075,54.1885],[-1.1751,54.18765],[-1.1832,54.185],[-1.1847,54.18345],[-1.18895,54.1823],[-1.1879,54.1793],[-1.1879,54.178],[-1.192,54.1772],[-1.19495,54.17615],[-1.1951,54.1744],[-1.1985,54.17335],[-1.20195,54.1707],[-1.20215,54.16935],[-1.2015,54.1665],[-1.20385,54.16575],[-1.20385,54.16505],[-1.20125,54.16295],[-1.20075,54.1591],[-1.2,54.15785],[-1.20025,54.15655],[-1.19935,54.15545],[-1.19695,54.15515],[-1.1933,54.15545],[-1.19015,54.1546],[-1.18845,54.1536],[-1.187,54.15345],[-1.18435,54.1542],[-1.1806,54.15405],[-1.1761,54.15465],[-1.17565,54.15425],[-1.1645,54.1547],[-1.1641,54.15665],[-1.1617,54.15735],[-1.1612,54.1559],[-1.15905,54.15485],[-1.159,54.1528],[-1.15705,54.1504],[-1.15685,54.1475],[-1.15785,54.1446],[-1.1571,54.14245],[-1.1566,54.1378],[-1.15875,54.13635],[-1.15875,54.13495],[-1.1574,54.13225],[-1.15835,54.13045],[-1.1582,54.1286],[-1.1563,54.1259],[-1.1518,54.1271],[-1.14375,54.12625],[-1.142,54.12665],[-1.13795,54.1291],[-1.13945,54.1297],[-1.1351,54.1333],[-1.13375,54.13525],[-1.1333,54.13685],[-1.1324,54.13755],[-1.1301,54.13795],[-1.12795,54.1395],[-1.12405,54.14165],[-1.12135,54.14265],[-1.11895,54.14405],[-1.11735,54.14385],[-1.1138,54.14225],[-1.1091,54.14165],[-1.10515,54.14225],[-1.1027,54.1429],[-1.09755,54.14145],[-1.0909,54.1414],[-1.0887,54.14105],[-1.0881,54.13905],[-1.0869,54.13855],[-1.08245,54.13865],[-1.0765,54.13685],[-1.0734,54.1349],[-1.06815,54.134],[-1.06605,54.1333],[-1.062,54.13255],[-1.0598,54.1317],[-1.0578,54.1315],[-1.0536,54.1298],[-1.04765,54.1279],[-1.0454,54.12685],[-1.0442,54.12475],[-1.0413,54.1231],[-1.03835,54.1256],[-1.0376,54.12675],[-1.03365,54.12705],[-1.02925,54.1264],[-1.02715,54.125],[-1.02505,54.1242],[-1.0229,54.12615],[-1.0177,54.12665],[-1.0126,54.1269],[-1.0085,54.12375],[-1.00425,54.1225],[-1.0007,54.1212],[-0.99375,54.1196],[-0.9901,54.11855],[-0.9879,54.11845],[-0.9841,54.11735],[-0.98295,54.11655],[-0.98345,54.1146],[-0.9827,54.1131],[-0.97875,54.11085],[-0.97575,54.10975],[-0.9727,54.108],[-0.96645,54.1068],[-0.9637,54.10705],[-0.9628,54.1064],[-0.9651,54.10425],[-0.96845,54.10305],[-0.9708,54.10155],[-0.9692,54.0999],[-0.9709,54.0971],[-0.9692,54.09675],[-0.97045,54.0956],[-0.96955,54.0946],[-0.96605,54.0936],[-0.96665,54.0891],[-0.96175,54.089],[-0.95805,54.0895],[-0.9493,54.0876],[-0.9482,54.08705],[-0.95015,54.086],[-0.94655,54.0845],[-0.9447,54.08565],[-0.9419,54.08625],[-0.93595,54.08655],[-0.9335,54.0874],[-0.9297,54.0869],[-0.9253,54.08475],[-0.923,54.0823],[-0.9238,54.0807],[-0.9229,54.0785],[-0.91835,54.0789],[-0.9174,54.0786],[-0.91335,54.0787],[-0.90905,54.07905],[-0.8994,54.07885],[-0.9053,54.0769],[-0.908,54.0758],[-0.9049,54.0724],[-0.9051,54.0704],[-0.9039,54.06895],[-0.90175,54.06765],[-0.9023,54.06595],[-0.90155,54.06565],[-0.90265,54.0642],[-0.8989,54.06265],[-0.8995,54.0617],[-0.8977,54.06015],[-0.89675,54.05875],[-0.8976,54.05795],[-0.8976,54.05615],[-0.9008,54.05505],[-0.9009,54.0538],[-0.89445,54.0541],[-0.88895,54.053],[-0.88345,54.0533],[-0.8802,54.05415],[-0.87395,54.0542],[-0.87655,54.05735],[-0.8773,54.05775],[-0.8737,54.0593],[-0.871,54.0596],[-0.8683,54.06075],[-0.8661,54.06115],[-0.8638,54.0604],[-0.8607,54.0615],[-0.85585,54.0619],[-0.85665,54.06325],[-0.85655,54.0668],[-0.8587,54.06685],[-0.85915,54.06795],[-0.85775,54.06865],[-0.8593,54.06945],[-0.85805,54.0726],[-0.85645,54.07235],[-0.8572,54.07555],[-0.85695,54.0765],[-0.85845,54.07805],[-0.8505,54.07915],[-0.8509,54.08085],[-0.84915,54.08295],[-0.84855,54.08435],[-0.8412,54.08755],[-0.8356,54.0894],[-0.82845,54.0905],[-0.8271,54.09115],[-0.83245,54.09315],[-0.8305,54.0968],[-0.8305,54.0988],[-0.83275,54.09975],[-0.8322,54.10225],[-0.8298,54.1046],[-0.83375,54.10775],[-0.83385,54.10905],[-0.83045,54.1123],[-0.82995,54.11365],[-0.83045,54.1166],[-0.83,54.1194],[-0.8273,54.12265],[-0.82685,54.125],[-0.8251,54.126],[-0.82155,54.1322],[-0.82225,54.13425],[-0.82085,54.1391],[-0.81895,54.14185],[-0.8178,54.1457],[-0.82285,54.1464],[-0.82615,54.1475],[-0.83555,54.14835],[-0.83835,54.14815],[-0.8404,54.1472],[-0.8415,54.14805],[-0.8458,54.14835],[-0.84755,54.14895],[-0.84885,54.1487],[-0.84965,54.1466],[-0.8515,54.14685],[-0.85085,54.1485],[-0.854,54.14865],[-0.8554,54.14995],[-0.85695,54.15],[-0.8581,54.1476],[-0.8602,54.1478],[-0.85985,54.1499],[-0.864,54.1503],[-0.86885,54.15045],[-0.87145,54.1518],[-0.87275,54.15085],[-0.87535,54.151],[-0.8758,54.15215],[-0.87765,54.15225],[-0.87805,54.1534],[-0.8796,54.1538],[-0.88715,54.15515],[-0.8971,54.1576],[-0.8993,54.1578],[-0.9022,54.1592],[-0.90635,54.16015],[-0.9159,54.16105],[-0.9187,54.16155],[-0.92455,54.16215],[-0.93875,54.162],[-0.946,54.16305],[-0.94925,54.16395],[-0.9574,54.1654],[-0.9615,54.16635],[-0.96315,54.1663],[-0.9679,54.16715],[-0.97,54.168],[-0.9716,54.16925],[-0.97425,54.16985],[-0.9782,54.17],[-0.978,54.1721],[-0.9768,54.1723],[-0.9762,54.175],[-0.97455,54.17565],[-0.9736,54.1775],[-0.97345,54.1789],[-0.9743,54.1806],[-0.97605,54.1875],[-0.96965,54.18805],[-0.9661,54.1876],[-0.9624,54.18765],[-0.9603,54.1873],[-0.95635,54.1882],[-0.95445,54.18925],[-0.95315,54.1912],[-0.9456,54.19205],[-0.93465,54.19465],[-0.9368,54.1963],[-0.93745,54.1976],[-0.93615,54.20035],[-0.94425,54.20235],[-0.94465,54.20425],[-0.9467,54.205],[-0.95085,54.2056],[-0.9557,54.20595],[-0.9567,54.20665],[-0.9601,54.2062],[-0.9639,54.2062],[-0.96755,54.2069],[-0.9688,54.2063],[-0.97065,54.20625],[-0.9737,54.2071]]]},"properties":{"kind":"aonb","name":"Howardian Hills"}},{"type":"Feature","geometry":{"type":"Polygon","coordinates":[[[-2.05695,50.8037],[-2.0555,50.8024],[-2.0485,50.799],[-2.04135,50.7969],[-2.038,50.79685],[-2.0336,50.7976],[-2.02705,50.79895],[-2.028,50.8012],[-2.02995,50.80235],[-2.0316,50.80475],[-2.0317,50.80585],[-2.0272,50.8064],[-2.0257,50.80635],[-2.02415,50.8072],[-2.0203,50.80655],[-2.017,50.8067],[-2.01495,50.80805],[-2.0114,50.8091],[-2.0097,50.809],[-2.00415,50.80695],[-1.9992,50.80565],[-1.99695,50.80535],[-1.99495,50.80805],[-1.99555,50.8092],[-1.9947,50.8103],[-1.9956,50.8112],[-2.00235,50.8139],[-2.00295,50.81605],[-2.0015,50.81755],[-1.99885,50.8192],[-1.99615,50.8197],[-1.99235,50.8212],[-1.99185,50.82265],[-1.993,50.8237],[-1.991,50.82565],[-1.9915,50.8268],[-1.9903,50.82815],[-1.99185,50.8308],[-1.9867,50.83375],[-1.98365,50.8363],[-1.9812,50.83715],[-1.97825,50.8361],[-1.9787,50.8343],[-1.9747,50.8354],[-1.9727,50.83795],[-1.9742,50.83845],[-1.9744,50.83985],[-1.9732,50.8423],[-1.98025,50.8495],[-1.9814,50.85105],[-1.97735,50.85415],[-1.9758,50.85635],[-1.97285,50.85615],[-1.97105,50.85655],[-1.9729,50.86045],[-1.97525,50.862],[-1.97535,50.86275],[-1.9742,50.8644],[-1.9745,50.86685],[-1.9753,50.86865],[-1.9652,50.8763],[-1.9629,50.8764],[-1.9619,50.8774],[-1.96265,50.87825],[-1.9591,50.88085],[-1.9561,50.8793],[-1.95295,50.88175],[-1.9542,50.8829],[-1.95345,50.8837],[-1.9509,50.8837],[-1.94855,50.8845],[-1.9466,50.88455],[-1.94395,50.88405],[-1.9403,50.8843],[-1.93785,50.88405],[-1.9337,50.88215],[-1.93195,50.8843],[-1.9315,50.88585],[-1.9297,50.88835],[-1.926,50.8914],[-1.9217,50.8952],[-1.9183,50.89695],[-1.91735,50.8981],[-1.914,50.8975],[-1.91215,50.8967],[-1.90895,50.9],[-1.90865,50.9013],[-1.90395,50.9075],[-1.9051,50.9084],[-1.905,50.90945],[-1.9032,50.91075],[-1.9082,50.9123],[-1.9099,50.9126],[-1.9145,50.9141],[-1.91795,50.9139],[-1.91635,50.91655],[-1.91555,50.9168],[-1.9129,50.9164],[-1.9089,50.91775],[-1.90935,50.91885],[-1.9093,50.92355],[-1.9033,50.92625],[-1.90025,50.9266],[-1.8959,50.9278],[-1.89165,50.92845],[-1.889,50.93],[-1.88845,50.9295],[-1.88145,50.92625],[-1.88015,50.9248],[-1.8778,50.923],[-1.87615,50.92055],[-1.875,50.9198],[-1.87365,50.91725],[-1.8647,50.91895],[-1.85985,50.92135],[-1.85625,50.92445],[-1.856,50.9265],[-1.85125,50.9288],[-1.8466,50.9296],[-1.84195,50.93165],[-1.8402,50.93185],[-1.8389,50.93085],[-1.836,50.9301],[-1.8346,50.93005],[-1.83355,50.9316],[-1.8331,50.9347],[-1.82755,50.9387],[-1.8232,50.94245],[-1.82535,50.94585],[-1.8292,50.95035],[-1.82915,50.9533],[-1.82755,50.9552],[-1.82525,50.95685],[-1.82265,50.95775],[-1.81925,50.9578],[-1.81525,50.95875],[-1.81015,50.9607],[-1.80715,50.9605],[-1.80535,50.9614],[-1.80085,50.96235],[-1.7972,50.96365],[-1.7943,50.96095],[-1.79185,50.9598],[-1.79085,50.96175],[-1.7891,50.9629],[-1.7893,50.964],[-1.7858,50.9656],[-1.77735,50.96835],[-1.7752,50.97185],[-1.7715,50.9734],[-1.7687,50.97535],[-1.7674,50.97745],[-1.76675,50.97975],[-1.7664,50.9831],[-1.77,50.98375],[-1.7683,50.9866],[-1.76845,50.9879],[-1.77,50.99365],[-1.7695,50.9982],[-1.76815,51.00245],[-1.7662,51.006],[-1.76515,51.01085],[-1.76465,51.01505],[-1.7607,51.0162],[-1.7621,51.0193],[-1.76285,51.02195],[-1.76445,51.0247],[-1.7641,51.02665],[-1.76415,51.0292],[-1.7646,51.0308],[-1.76615,51.03335],[-1.76755,51.0344],[-1.77135,51.03635],[-1.7734,51.0342],[-1.7778,51.0351],[-1.78085,51.03635],[-1.78475,51.03575],[-1.7864,51.0348],[-1.78945,51.0349],[-1.79325,51.0354],[-1.7936,51.037],[-1.79505,51.0388],[-1.79715,51.04045],[-1.7988,51.04015],[-1.80145,51.0403],[-1.8023,51.03905],[-1.80475,51.03725],[-1.80985,51.0359],[-1.8121,51.03645],[-1.8163,51.0349],[-1.8194,51.0342],[-1.82145,51.03565],[-1.8263,51.03465],[-1.82945,51.035],[-1.8313,51.03375],[-1.83335,51.03485],[-1.83575,51.0347],[-1.83795,51.03395],[-1.8389,51.03415],[-1.84145,51.03605],[-1.84335,51.0362],[-1.84515,51.037],[-1.84765,51.0396],[-1.84725,51.042],[-1.84845,51.04935],[-1.85425,51.0533],[-1.87565,51.05675],[-1.88545,51.05785],[-1.88575,51.058],[-1.8797,51.0634],[-1.88485,51.0647],[-1.88475,51.06705],[-1.87885,51.0733],[-1.8786,51.07565],[-1.8818,51.07575],[-1.88275,51.08105],[-1.88005,51.08145],[-1.88055,51.08295],[-1.8836,51.08905],[-1.88475,51.09105],[-1.88165,51.09045],[-1.8831,51.0945],[-1.88615,51.0976],[-1.8821,51.09795],[-1.87765,51.09995],[-1.882,51.1046],[-1.88415,51.1078],[-1.88605,51.1113],[-1.8883,51.1162],[-1.88965,51.11765],[-1.8915,51.11875],[-1.8958,51.1199],[-1.89685,51.12205],[-1.89935,51.12295],[-1.9002,51.12425],[-1.90445,51.12595],[-1.90555,51.1277],[-1.90385,51.1277],[-1.90395,51.1293],[-1.90305,51.1296],[-1.9026,51.13205],[-1.90435,51.13195],[-1.90535,51.1329],[-1.9078,51.134],[-1.9109,51.1362],[-1.91465,51.1383],[-1.91885,51.1402],[-1.91925,51.14105],[-1.92525,51.1447],[-1.93365,51.1437],[-1.95145,51.1503],[-1.95675,51.15255],[-1.9622,51.1539],[-1.9785,51.15655],[-1.98715,51.1581],[-1.9933,51.15865],[-1.99865,51.15895],[-2.007,51.15905],[-2.0158,51.1615],[-2.0264,51.16425],[-2.0286,51.16665],[-2.03205,51.16835],[-2.03565,51.1697],[-2.03525,51.17015],[-2.0445,51.17245],[-2.04645,51.17345],[-2.0511,51.1737],[-2.0558,51.17435],[-2.05435,51.17755],[-2.05515,51.17815],[-2.0547,51.17965],[-2.0607,51.18045],[-2.0663,51.17965],[-2.07115,51.1864],[-2.07515,51.1858],[-2.07815,51.18465],[-2.0818,51.1837],[-2.0872,51.1828],[-2.0912,51.18155],[-2.09495,51.1798],[-2.0972,51.1791],[-2.1004,51.179],[-2.1026,51.1797],[-2.10395,51.1797],[-2.1045,51.18085],[-2.1063,51.1815],[-2.11295,51.18165],[-2.1149,51.1797],[-2.1165,51.17995],[-2.11805,51.17895],[-2.1198,51.18015],[-2.12385,51.1805],[-2.12625,51.18125],[-2.1294,51.1835],[-2.13105,51.1837],[-2.1377,51.18165],[-2.14265,51.17965],[-2.1425,51.1822],[-2.1493,51.1839],[-2.1538,51.18555],[-2.1547,51.18775],[-2.16495,51.18855],[-2.1692,51.18935],[-2.1728,51.1895],[-2.17365,51.18765],[-2.1771,51.18795],[-2.17865,51.18855],[-2.18315,51.18725],[-2.18545,51.18745],[-2.1874,51.18805],[-2.19105,51.18745],[-2.19285,51.1835],[-2.1974,51.18265],[-2.20195,51.18415],[-2.2097,51.1855],[-2.20645,51.18655],[-2.20465,51.18765],[-2.2033,51.18905],[-2.20885,51.1941],[-2.21015,51.1937],[-2.2138,51.191],[-2.215,51.19275],[-2.21675,51.19225],[-2.2203,51.19335],[-2.2237,51.1937],[-2.2238,51.1955],[-2.2216,51.1962],[-2.2179,51.19825],[-2.2167,51.1993],[-2.21695,51.20245],[-2.2192,51.2038],[-2.2215,51.2046],[-2.22125,51.20615],[-2.22385,51.2067],[-2.2281,51.20835],[-2.23235,51.20965],[-2.2348,51.21005],[-2.23725,51.21105],[-2.2407,51.21075],[-2.2442,51.21115],[-2.2463,51.21025],[-2.2492,51.2078],[-2.24965,51.20615],[-2.25165,51.2058],[-2.2562,51.20705],[-2.2596,51.20775],[-2.26425,51.2096],[-2.26735,51.2106],[-2.27025,51.21095],[-2.27165,51.20995],[-2.2751,51.20625],[-2.27735,51.206],[-2.2783,51.205],[-2.28315,51.2049],[-2.28425,51.2034],[-2.28795,51.20095],[-2.2893,51.19935],[-2.29215,51.1983],[-2.2947,51.19835],[-2.29625,51.19735],[-2.3018,51.19625],[-2.30285,51.19755],[-2.30545,51.19645],[-2.305,51.1956],[-2.307,51.19225],[-2.31005,51.1898],[-2.3124,51.1867],[-2.31225,51.18605],[-2.3148,51.1851],[-2.31845,51.18215],[-2.316,51.1799],[-2.31765,51.1793],[-2.31465,51.1786],[-2.31595,51.17585],[-2.3144,51.1719],[-2.31315,51.17065],[-2.3132,51.16955],[-2.31525,51.1677],[-2.3168,51.16705],[-2.3196,51.16655],[-2.3236,51.1643],[-2.3249,51.1645],[-2.3257,51.1657],[-2.3295,51.16795],[-2.33035,51.16745],[-2.334,51.16385],[-2.33675,51.16165],[-2.34135,51.1603],[-2.34325,51.15935],[-2.3456,51.1616],[-2.3492,51.1591],[-2.354,51.1626],[-2.355,51.15995],[-2.35735,51.1587],[-2.36065,51.15765],[-2.3616,51.1564],[-2.36395,51.15525],[-2.3661,51.15335],[-2.36865,51.1546],[-2.3701,51.153],[-2.3681,51.152],[-2.3691,51.14985],[-2.37205,51.1503],[-2.37285,51.1496],[-2.37335,51.1473],[-2.3742,51.1465],[-2.37205,51.14505],[-2.375,51.14375],[-2.3716,51.1435],[-2.3695,51.14275],[-2.3683,51.14065],[-2.3663,51.1398],[-2.36335,51.1372],[-2.35995,51.13635],[-2.35855,51.13485],[-2.3547,51.1331],[-2.35155,51.13285],[-2.35225,51.1318],[-2.3511,51.12975],[-2.3511,51.12865],[-2.35365,51.12735],[-2.35815,51.12565],[-2.36015,51.1263],[-2.36175,51.12545],[-2.3627,51.12375],[-2.3652,51.1252],[-2.36795,51.1245],[-2.37035,51.123],[-2.3697,51.1216],[-2.37115,51.1211],[-2.3724,51.1197],[-2.37095,51.11795],[-2.37065,51.1154],[-2.37125,51.114],[-2.37315,51.1141],[-2.38065,51.1129],[-2.3806,51.1118],[-2.37895,51.10615],[-2.3811,51.10285],[-2.3816,51.1006],[-2.3799,51.0977],[-2.37955,51.09635],[-2.3779,51.09705],[-2.37245,51.09475],[-2.3684,51.094],[-2.37045,51.0894],[-2.37095,51.08695],[-2.36785,51.08705],[-2.3679,51.0858],[-2.3693,51.08505],[-2.37025,51.0833],[-2.36925,51.0815],[-2.3657,51.0826],[-2.3642,51.08115],[-2.36255,51.08155],[-2.36365,51.0765],[-2.36665,51.0765],[-2.367,51.07455],[-2.3636,51.07495],[-2.3636,51.07345],[-2.3594,51.0733],[-2.3594,51.07155],[-2.3585,51.07075],[-2.34965,51.07055],[-2.346,51.07265],[-2.34385,51.0746],[-2.34125,51.075],[-2.34035,51.07555],[-2.34045,51.0776],[-2.337,51.07885],[-2.3351,51.08035],[-2.3338,51.0808],[-2.3268,51.0812],[-2.32415,51.08025],[-2.31995,51.0809],[-2.31735,51.0824],[-2.31485,51.0834],[-2.31235,51.0856],[-2.3087,51.0873],[-2.30535,51.08765],[-2.29995,51.08895],[-2.2892,51.0921],[-2.2809,51.09395],[-2.27215,51.0949],[-2.2682,51.09505],[-2.25705,51.0949],[-2.24805,51.0954],[-2.2414,51.0943],[-2.23845,51.0936],[-2.23575,51.0936],[-2.23325,51.09425],[-2.23,51.0957],[-2.22695,51.0966],[-2.2283,51.095],[-2.2262,51.0934],[-2.22705,51.0911],[-2.2268,51.08875],[-2.22535,51.08655],[-2.2225,51.0868],[-2.21595,51.0848],[-2.21445,51.0837],[-2.2182,51.08155],[-2.21665,51.07925],[-2.2169,51.07575],[-2.2062,51.07395],[-2.1998,51.07405],[-2.1985,51.0742],[-2.195,51.0739],[-2.19475,51.0731],[-2.19235,51.0723],[-2.191,51.07135],[-2.18985,51.0674],[-2.1882,51.06595],[-2.1858,51.0663],[-2.18055,51.06525],[-2.17805,51.0653],[-2.1742,51.0643],[-2.17605,51.0613],[-2.1766,51.05845],[-2.17845,51.05595],[-2.18135,51.0546],[-2.18265,51.0536],[-2.18325,51.05235],[-2.18355,51.04885],[-2.18425,51.04795],[-2.1837,51.0463],[-2.18575,51.04055],[-2.1847,51.0377],[-2.18485,51.0364],[-2.1868,51.0342],[-2.191,51.03145],[-2.1944,51.03165],[-2.1968,51.03045],[-2.1969,51.02875],[-2.1949,51.02755],[-2.19265,51.0271],[-2.1919,51.0234],[-2.19485,51.02055],[-2.1961,51.01875],[-2.19845,51.01705],[-2.1983,51.01555],[-2.19735,51.0152],[-2.19535,51.01285],[-2.19375,51.01255],[-2.19195,51.0141],[-2.1908,51.01415],[-2.18945,51.01855],[-2.18865,51.01915],[-2.1888,51.02135],[-2.18145,51.0226],[-2.178,51.0229],[-2.17675,51.02025],[-2.17815,51.0199],[-2.1784,51.01895],[-2.18005,51.0178],[-2.17775,51.01685],[-2.17945,51.0154],[-2.1792,51.01435],[-2.1741,51.0144],[-2.1724,51.0147],[-2.163,51.0127],[-2.161,51.01125],[-2.15995,51.01005],[-2.16415,51.009],[-2.1676,51.0095],[-2.17025,51.00885],[-2.17445,51.0066],[-2.17195,51.00465],[-2.1711,51.00295],[-2.1724,51.0011],[-2.16935,51.00075],[-2.1681,50.999],[-2.16355,50.9951],[-2.1685,50.99415],[-2.1725,50.99315],[-2.16955,50.98835],[-2.171,50.9876],[-2.17165,50.98635],[-2.1734,50.9852],[-2.175,50.98495],[-2.17585,50.9839],[-2.1795,50.98425],[-2.1811,50.9839],[-2.18535,50.98125],[-2.1883,50.9797],[-2.18935,50.9784],[-2.1888,50.97685],[-2.1856,50.97565],[-2.1856,50.9744],[-2.1875,50.97165],[-2.1868,50.9693],[-2.1874,50.9664],[-2.18965,50.96455],[-2.1894,50.9636],[-2.1899,50.95925],[-2.19105,50.9585],[-2.1927,50.95645],[-2.1892,50.95405],[-2.18565,50.9524],[-2.18505,50.95085],[-2.1861,50.9492],[-2.191,50.9478],[-2.19245,50.94765],[-2.195,50.9444],[-2.19495,50.9434],[-2.19335,50.94165],[-2.19295,50.9404],[-2.19385,50.9371],[-2.19315,50.9349],[-2.1933,50.93285],[-2.19285,50.9303],[-2.1943,50.92935],[-2.1927,50.9289],[-2.19305,50.92685],[-2.1937,50.9264],[-2.19335,50.9247],[-2.1925,50.9239],[-2.19455,50.92225],[-2.1953,50.9199],[-2.1949,50.9161],[-2.1955,50.91405],[-2.19425,50.90865],[-2.19225,50.9047],[-2.19185,50.90435],[-2.1922,50.90415],[-2.19785,50.9034],[-2.1986,50.90145],[-2.2,50.90105],[-2.1998,50.89925],[-2.19635,50.8977],[-2.19445,50.89735],[-2.19335,50.89755],[-2.1931,50.8974],[-2.1931,50.89635],[-2.19355,50.8951],[-2.19335,50.8934],[-2.19415,50.8921],[-2.19475,50.89055],[-2.19755,50.8875],[-2.1974,50.88575],[-2.19775,50.884],[-2.1969,50.8815],[-2.1956,50.88015],[-2.1949,50.8771],[-2.19355,50.8754],[-2.19175,50.87425],[-2.1888,50.87375],[-2.1841,50.8735],[-2.18085,50.8727],[-2.17855,50.8724],[-2.17735,50.87245],[-2.1771,50.872],[-2.17455,50.8717],[-2.1734,50.87135],[-2.17105,50.8698],[-2.17085,50.86915],[-2.1712,50.8659],[-2.1704,50.86515],[-2.167,50.86625],[-2.1653,50.8673],[-2.1631,50.8694],[-2.1595,50.872],[-2.15585,50.86905],[-2.1543,50.86725],[-2.1524,50.8677],[-2.1495,50.8706],[-2.14685,50.87265],[-2.1453,50.87185],[-2.14335,50.8734],[-2.1389,50.87305],[-2.1389,50.87155],[-2.13815,50.8704],[-2.13885,50.86905],[-2.1383,50.86735],[-2.14085,50.86465],[-2.14575,50.8623],[-2.14625,50.8617],[-2.1501,50.86055],[-2.1555,50.85745],[-2.15405,50.8571],[-2.1502,50.85705],[-2.1535,50.85595],[-2.15485,50.8544],[-2.14995,50.85195],[-2.14865,50.85085],[-2.1481,50.84965],[-2.14665,50.85015],[-2.14295,50.84875],[-2.1421,50.8472],[-2.14225,50.84485],[-2.1409,50.8447],[-2.13905,50.8434],[-2.1309,50.84025],[-2.12795,50.8381],[-2.12625,50.83605],[-2.12135,50.83295],[-2.11675,50.82785],[-2.1131,50.82525],[-2.10625,50.8225],[-2.1001,50.8211],[-2.0937,50.81875],[-2.08525,50.819],[-2.0821,50.81785],[-2.0852,50.8163],[-2.0819,50.81435],[-2.08175,50.81255],[-2.079,50.81075],[-2.07495,50.8089],[-2.07055,50.8079],[-2.0653,50.80705],[-2.06045,50.8055],[-2.05695,50.8037]]]},"properties":{"kind":"aonb","name":"Cranborne Chase & West Wiltshire Downs"}},{"type":"Feature","geometry":{"type":"Polygon","coordinates":[[[-2.29365,52.06285],[-2.2911,52.0669],[-2.2913,52.06715],[-2.29715,52.06835],[-2.29875,52.0695],[-2.2993,52.07095],[-2.3008,52.0721],[-2.3077,52.0798],[-2.3112,52.0899],[-2.3112,52.09145],[-2.3118,52.09445],[-2.3109,52.0974],[-2.3119,52.09805],[-2.3152,52.09715],[-2.31865,52.09575],[-2.3231,52.0959],[-2.3222,52.0983],[-2.32095,52.1031],[-2.32305,52.10235],[-2.3229,52.10125],[-2.324,52.0982],[-2.32915,52.0985],[-2.32955,52.10185],[-2.33075,52.10415],[-2.33005,52.10615],[-2.33145,52.1084],[-2.332,52.11205],[-2.32965,52.11555],[-2.32965,52.11725],[-2.3305,52.11945],[-2.3369,52.12095],[-2.3411,52.1235],[-2.34115,52.12525],[-2.3428,52.12555],[-2.34315,52.12685],[-2.34455,52.1282],[-2.34485,52.13115],[-2.34465,52.1326],[-2.3473,52.13585],[-2.3485,52.1367],[-2.3497,52.14015],[-2.35165,52.1421],[-2.35185,52.1439],[-2.35075,52.14415],[-2.35245,52.1457],[-2.3562,52.14825],[-2.3581,52.15055],[-2.3585,52.15215],[-2.35715,52.1538],[-2.3554,52.1552],[-2.35415,52.15875],[-2.353,52.1598],[-2.35525,52.16025],[-2.3569,52.16135],[-2.35755,52.1635],[-2.3593,52.1654],[-2.36245,52.16595],[-2.3658,52.16715],[-2.36945,52.16745],[-2.37295,52.1668],[-2.3751,52.1675],[-2.3771,52.16865],[-2.3801,52.1699],[-2.38245,52.1735],[-2.3779,52.1743],[-2.37355,52.1739],[-2.3733,52.1762],[-2.37475,52.1774],[-2.3749,52.17855],[-2.37685,52.18125],[-2.37845,52.182],[-2.3816,52.18285],[-2.38185,52.1849],[-2.3831,52.1891],[-2.3832,52.19125],[-2.3841,52.19335],[-2.38545,52.194],[-2.3875,52.194],[-2.39055,52.1932],[-2.39195,52.1923],[-2.39465,52.1891],[-2.3985,52.1871],[-2.40335,52.18615],[-2.40325,52.1856],[-2.39955,52.18175],[-2.4005,52.1786],[-2.4,52.17685],[-2.39995,52.17385],[-2.40465,52.17415],[-2.41005,52.17305],[-2.40715,52.16845],[-2.4069,52.1671],[-2.40775,52.16425],[-2.4071,52.16205],[-2.40595,52.16055],[-2.4051,52.1584],[-2.40515,52.157],[-2.40165,52.1552],[-2.3995,52.1533],[-2.3984,52.15155],[-2.3995,52.1507],[-2.4025,52.14975],[-2.40505,52.14965],[-2.4037,52.14855],[-2.39955,52.14355],[-2.39955,52.1421],[-2.39655,52.1422],[-2.394,52.1394],[-2.39175,52.1393],[-2.39005,52.13965],[-2.388,52.13735],[-2.3869,52.1355],[-2.38575,52.13235],[-2.3845,52.13055],[-2.3815,52.12985],[-2.3824,52.12885],[-2.38285,52.12615],[-2.38405,52.1249],[-2.38765,52.12465],[-2.38775,52.12255],[-2.3885,52.1213],[-2.39005,52.12115],[-2.39355,52.11935],[-2.3941,52.1182],[-2.39305,52.11505],[-2.39465,52.112],[-2.3943,52.1107],[-2.397,52.1115],[-2.39905,52.1112],[-2.39885,52.10855],[-2.398,52.1079],[-2.3983,52.10655],[-2.397,52.10455],[-2.3988,52.10235],[-2.39985,52.0989],[-2.4002,52.0969],[-2.4028,52.0927],[-2.4036,52.0891],[-2.40235,52.0882],[-2.40235,52.08715],[-2.4043,52.0846],[-2.4054,52.0824],[-2.40835,52.081],[-2.4093,52.08005],[-2.4135,52.0783],[-2.41195,52.0738],[-2.4121,52.07275],[-2.41105,52.0712],[-2.4118,52.0707],[-2.41495,52.0671],[-2.4156,52.0658],[-2.41735,52.0647],[-2.4216,52.06395],[-2.42485,52.0651],[-2.42495,52.0615],[-2.42615,52.0586],[-2.42605,52.05645],[-2.42415,52.05385],[-2.42435,52.0519],[-2.4274,52.0489],[-2.4265,52.0457],[-2.42195,52.0456],[-2.4201,52.0443],[-2.4172,52.04475],[-2.41355,52.0439],[-2.4158,52.04275],[-2.417,52.0411],[-2.41625,52.0377],[-2.4176,52.03665],[-2.42015,52.0358],[-2.42225,52.0358],[-2.42155,52.03285],[-2.4173,52.0297],[-2.41415,52.02565],[-2.41135,52.02365],[-2.4108,52.02275],[-2.41015,52.02005],[-2.4116,52.0167],[-2.41135,52.01455],[-2.4107,52.0126],[-2.41045,52.0089],[-2.409,52.00745],[-2.40435,52.00495],[-2.40095,52.0042],[-2.3955,52.0045],[-2.3928,52.00505],[-2.39065,52.0047],[-2.38915,52.00355],[-2.38485,52.00105],[-2.3795,51.9982],[-2.37755,51.9976],[-2.3726,51.998],[-2.36975,51.9976],[-2.36085,51.9977],[-2.3598,51.99735],[-2.34625,51.9964],[-2.3446,51.99905],[-2.34325,52.0001],[-2.3394,52.0023],[-2.33575,52.00615],[-2.3331,52.0076],[-2.3315,52.0093],[-2.3292,52.0134],[-2.3278,52.0151],[-2.3273,52.01675],[-2.3243,52.0209],[-2.32255,52.0225],[-2.32325,52.02475],[-2.3228,52.02685],[-2.32065,52.0294],[-2.32075,52.0325],[-2.31745,52.0335],[-2.3143,52.03485],[-2.3131,52.03815],[-2.31245,52.04155],[-2.31165,52.0444],[-2.31265,52.04735],[-2.31085,52.04925],[-2.30635,52.0491],[-2.30375,52.0503],[-2.29865,52.05195],[-2.29645,52.05135],[-2.2944,52.05205],[-2.2951,52.0527],[-2.29865,52.0526],[-2.30365,52.05405],[-2.2982,52.05775],[-2.2956,52.0602],[-2.29365,52.06285]]]},"properties":{"kind":"aonb","name":"Malvern Hills"}},{"type":"Feature","geometry":{"type":"MultiPolygon","coordinates":[[[[0.74845,52.9258],[0.75395,52.9268],[0.762,52.9299],[0.76325,52.9317],[0.76495,52.93255],[0.76845,52.93305],[0.78255,52.92575],[0.78435,52.925],[0.78995,52.92365],[0.79285,52.92255],[0.7948,52.9223],[0.80365,52.9223],[0.8093,52.92075],[0.8137,52.91825],[0.8189,52.91965],[0.8253,52.9192],[0.83125,52.91945],[0.8336,52.91925],[0.84465,52.9193],[0.8558,52.92085],[0.8606,52.921],[0.86745,52.92165],[0.87635,52.92265],[0.8815,52.92305],[0.88205,52.9225],[0.88205,52.9199],[0.8855,52.9201],[0.8902,52.91775],[0.8917,52.9175],[0.8992,52.9182],[0.9024,52.9187],[0.9096,52.9187],[0.91475,52.9195],[0.9227,52.9193],[0.9255,52.9198],[0.93005,52.9219],[0.9348,52.9223],[0.9389,52.9222],[0.9426,52.9219],[0.9444,52.9213],[0.9449,52.92015],[0.9481,52.9186],[0.94945,52.92015],[0.952,52.9201],[0.95555,52.92145],[0.9587,52.92315],[0.96315,52.92635],[0.96775,52.92885],[0.9716,52.9305],[0.9773,52.93245],[0.98065,52.93215],[0.9837,52.93155],[0.98825,52.931],[0.9953,52.92985],[0.99975,52.9295],[1.0047,52.92815],[1.00795,52.92785],[1.00975,52.92715],[1.01365,52.925],[1.01775,52.9234],[1.02035,52.9228],[1.0249,52.92115],[1.02825,52.9177],[1.029,52.91575],[1.03325,52.9141],[1.03485,52.9128],[1.0391,52.91065],[1.04,52.90935],[1.04305,52.90855],[1.051,52.90585],[1.05425,52.9049],[1.0627,52.903],[1.0649,52.90425],[1.0669,52.9069],[1.06875,52.90635],[1.07205,52.906],[1.07465,52.9061],[1.07855,52.90665],[1.08405,52.90645],[1.08375,52.9098],[1.08485,52.91095],[1.08785,52.91065],[1.0887,52.90875],[1.09235,52.90945],[1.0972,52.91085],[1.10215,52.9119],[1.10755,52.91195],[1.1089,52.91075],[1.11855,52.91325],[1.12275,52.91415],[1.13355,52.91535],[1.13575,52.9157],[1.14455,52.91595],[1.14645,52.91575],[1.15275,52.91575],[1.15995,52.91665],[1.164,52.9182],[1.169,52.91865],[1.17195,52.9194],[1.17515,52.9211],[1.17895,52.9228],[1.1833,52.92365],[1.1874,52.9236],[1.19515,52.924],[1.2004,52.9237],[1.20705,52.92305],[1.2078,52.91845],[1.21015,52.91545],[1.2108,52.9138],[1.214,52.9122],[1.21745,52.9115],[1.2199,52.91055],[1.22415,52.90955],[1.2263,52.90845],[1.23155,52.90515],[1.2342,52.904],[1.23725,52.90315],[1.24375,52.9017],[1.24735,52.90125],[1.2489,52.90055],[1.2548,52.894],[1.26365,52.88835],[1.267,52.8896],[1.27435,52.89175],[1.2764,52.8914],[1.2803,52.89225],[1.2839,52.8925],[1.28695,52.89155],[1.28965,52.89135],[1.29065,52.8896],[1.29255,52.88845],[1.29385,52.8862],[1.29535,52.88535],[1.29805,52.88465],[1.2985,52.8833],[1.30405,52.88325],[1.30785,52.8827],[1.31385,52.88095],[1.31805,52.87905],[1.32185,52.87835],[1.32475,52.8774],[1.32725,52.87765],[1.33185,52.87905],[1.33965,52.88035],[1.34325,52.8767],[1.3459,52.8733],[1.3481,52.87285],[1.34945,52.87185],[1.35215,52.87195],[1.35785,52.87285],[1.36005,52.8719],[1.3608,52.8707],[1.35985,52.86885],[1.36155,52.86815],[1.368,52.8673],[1.37045,52.8668],[1.37885,52.8664],[1.38245,52.86495],[1.38925,52.86295],[1.3923,52.8638],[1.39575,52.8644],[1.4028,52.8664],[1.40335,52.8648],[1.403,52.8627],[1.40215,52.8606],[1.40895,52.8595],[1.4143,52.85745],[1.4158,52.8563],[1.41845,52.8555],[1.42295,52.85495],[1.42465,52.85455],[1.4277,52.8545],[1.4299,52.8525],[1.43465,52.84885],[1.43645,52.8488],[1.44195,52.8475],[1.4445,52.8478],[1.4456,52.85125],[1.4495,52.85125],[1.4497,52.85225],[1.45095,52.8533],[1.4546,52.85375],[1.45455,52.85665],[1.45315,52.85685],[1.4583,52.86635],[1.4576,52.8673],[1.45185,52.8703],[1.45065,52.8705],[1.449,52.87185],[1.4468,52.87445],[1.44415,52.87385],[1.44365,52.87245],[1.442,52.8726],[1.44135,52.87095],[1.4403,52.87085],[1.4389,52.8722],[1.43705,52.8721],[1.43385,52.87125],[1.43125,52.8713],[1.4303,52.86995],[1.42865,52.8709],[1.4264,52.8715],[1.4216,52.87095],[1.42335,52.87345],[1.4197,52.87425],[1.41805,52.87385],[1.41605,52.8742],[1.4167,52.87795],[1.41465,52.87815],[1.415,52.87945],[1.41635,52.8792],[1.41625,52.8812],[1.4134,52.88165],[1.41155,52.8829],[1.4127,52.8844],[1.4137,52.88825],[1.4139,52.89115],[1.41065,52.89285],[1.40865,52.89345],[1.40705,52.89455],[1.4025,52.8962],[1.40175,52.8967],[1.39535,52.8985],[1.3883,52.90145],[1.37795,52.90595],[1.3744,52.90725],[1.36535,52.9111],[1.36085,52.91265],[1.35395,52.9155],[1.35135,52.91225],[1.3492,52.9114],[1.3467,52.9127],[1.3439,52.91365],[1.337,52.9147],[1.3329,52.915],[1.3294,52.91625],[1.33,52.9177],[1.33025,52.91985],[1.3327,52.91935],[1.33665,52.9201],[1.33605,52.9231],[1.33435,52.92335],[1.3289,52.92485],[1.3204,52.9277],[1.31415,52.9302],[1.31085,52.93075],[1.31065,52.92915],[1.31135,52.9275],[1.3086,52.92705],[1.30915,52.92565],[1.31315,52.92475],[1.31215,52.92385],[1.3159,52.9236],[1.31815,52.923],[1.3175,52.92195],[1.31555,52.92245],[1.31635,52.9192],[1.3091,52.91775],[1.30985,52.916],[1.30795,52.9147],[1.3024,52.9173],[1.3006,52.91775],[1.293,52.91835],[1.2941,52.9191],[1.29355,52.92225],[1.29425,52.9233],[1.2951,52.9264],[1.2948,52.92795],[1.28955,52.9277],[1.28835,52.9283],[1.2869,52.9268],[1.284,52.92755],[1.28325,52.9297],[1.278,52.93135],[1.2688,52.93305],[1.2643,52.93475],[1.2606,52.9357],[1.25595,52.9361],[1.25365,52.93605],[1.24825,52.93545],[1.2433,52.9359],[1.2401,52.93695],[1.23685,52.9386],[1.23315,52.93875],[1.2327,52.9382],[1.2302,52.9379],[1.2279,52.93705],[1.2278,52.9353],[1.22615,52.93205],[1.2257,52.9299],[1.21845,52.9305],[1.2156,52.93095],[1.2146,52.93175],[1.21625,52.93385],[1.2123,52.934],[1.21205,52.9369],[1.20815,52.9374],[1.2068,52.9356],[1.2057,52.9357],[1.2048,52.933],[1.19885,52.93315],[1.197,52.9327],[1.1928,52.93235],[1.1904,52.93635],[1.1901,52.93765],[1.188,52.9401],[1.18735,52.9436],[1.1925,52.94345],[1.203,52.94235],[1.20335,52.9445],[1.20495,52.94695],[1.1987,52.94685],[1.1944,52.9473],[1.1885,52.94695],[1.1813,52.947],[1.1661,52.94815],[1.1567,52.94855],[1.1474,52.949],[1.1408,52.94955],[1.13215,52.9507],[1.1233,52.9521],[1.11725,52.9533],[1.11075,52.95435],[1.09565,52.957],[1.0866,52.95895],[1.05545,52.965],[1.04335,52.9676],[1.03845,52.9688],[1.017,52.9736],[1.00905,52.97515],[1.00335,52.9765],[0.99285,52.9787],[0.9803,52.98115],[0.97565,52.98255],[0.9725,52.98325],[0.9695,52.98245],[0.9674,52.98155],[0.9647,52.98175],[0.96095,52.9809],[0.9605,52.98275],[0.95935,52.98375],[0.9575,52.98255],[0.9571,52.9814],[0.9541,52.98045],[0.95085,52.9802],[0.9416,52.98075],[0.93965,52.9796],[0.93815,52.9793],[0.93055,52.9793],[0.927,52.97975],[0.9191,52.98],[0.9144,52.98055],[0.9124,52.9811],[0.90775,52.9819],[0.9037,52.98305],[0.897,52.9845],[0.89445,52.9843],[0.8903,52.9853],[0.8896,52.98615],[0.88175,52.9875],[0.87925,52.987],[0.87455,52.98755],[0.8732,52.98865],[0.872,52.98825],[0.8639,52.9897],[0.86365,52.9902],[0.85965,52.9913],[0.8505,52.9924],[0.84525,52.9927],[0.84445,52.9917],[0.84155,52.99105],[0.8378,52.9881],[0.839,52.9873],[0.8387,52.98595],[0.8366,52.98345],[0.8336,52.9821],[0.8309,52.9818],[0.8227,52.98055],[0.81485,52.9797],[0.808,52.97955],[0.7961,52.97955],[0.79335,52.97945],[0.7912,52.9788],[0.78895,52.9793],[0.78635,52.9792],[0.78,52.9804],[0.7769,52.98205],[0.7698,52.98275],[0.7656,52.9811],[0.7628,52.98135],[0.761,52.981],[0.75875,52.9818],[0.75525,52.98165],[0.7505,52.9819],[0.74535,52.98245],[0.74,52.98345],[0.73155,52.98445],[0.72705,52.9847],[0.7114,52.98645],[0.70605,52.98725],[0.70105,52.9883],[0.69635,52.98865],[0.6886,52.9895],[0.6857,52.98945],[0.68305,52.9899],[0.6729,52.9901],[0.66075,52.98925],[0.6536,52.988],[0.64635,52.98625],[0.64265,52.9849],[0.642,52.9841],[0.63765,52.983],[0.6341,52.9812],[0.63525,52.98095],[0.6354,52.9797],[0.63225,52.9787],[0.62905,52.9787],[0.6301,52.9772],[0.62925,52.97645],[0.62685,52.97665],[0.6249,52.9763],[0.61365,52.9767],[0.61115,52.97695],[0.60615,52.97655],[0.6013,52.97675],[0.587,52.9794],[0.5811,52.981],[0.58105,52.98125],[0.57425,52.9831],[0.56675,52.9822],[0.5636,52.9809],[0.5557,52.9797],[0.54995,52.97925],[0.5489,52.9794],[0.5405,52.979],[0.53445,52.97825],[0.5305,52.97725],[0.5276,52.9755],[0.5257,52.97485],[0.51955,52.9719],[0.5154,52.969],[0.51055,52.9652],[0.50605,52.96235],[0.50315,52.96125],[0.50985,52.95705],[0.51055,52.9538],[0.5095,52.95275],[0.5113,52.95035],[0.51155,52.94925],[0.5096,52.9481],[0.5076,52.94615],[0.50775,52.9443],[0.50855,52.9412],[0.5105,52.93775],[0.50745,52.9345],[0.5065,52.93265],[0.50655,52.93165],[0.50795,52.92935],[0.50715,52.92615],[0.50695,52.9234],[0.5073,52.9209],[0.5066,52.91795],[0.50505,52.91665],[0.50415,52.9151],[0.50355,52.9125],[0.50245,52.9106],[0.504,52.90545],[0.504,52.90405],[0.49935,52.8917],[0.4896,52.8932],[0.48115,52.8941],[0.4769,52.8954],[0.47435,52.8937],[0.4696,52.88175],[0.46965,52.87935],[0.47185,52.87635],[0.47365,52.8752],[0.47785,52.87385],[0.4836,52.8731],[0.4851,52.8734],[0.4883,52.8758],[0.49135,52.8777],[0.4984,52.8797],[0.49855,52.8808],[0.5003,52.88405],[0.505,52.8825],[0.5069,52.88705],[0.513,52.88675],[0.51335,52.8879],[0.5172,52.8874],[0.5178,52.888],[0.5229,52.88775],[0.5249,52.88745],[0.5271,52.88965],[0.53705,52.8878],[0.5372,52.89095],[0.54215,52.89085],[0.5485,52.88975],[0.549,52.89085],[0.55275,52.8909],[0.55385,52.8937],[0.5515,52.89475],[0.5499,52.8968],[0.5439,52.89945],[0.5427,52.9146],[0.5423,52.9179],[0.54705,52.9183],[0.5503,52.9189],[0.5514,52.91705],[0.5568,52.9179],[0.5589,52.91735],[0.564,52.9182],[0.56495,52.919],[0.57005,52.92475],[0.5751,52.9297],[0.5772,52.93255],[0.5765,52.93525],[0.57965,52.93565],[0.59955,52.93605],[0.60775,52.9361],[0.609,52.93575],[0.61555,52.93615],[0.62765,52.93625],[0.6333,52.93665],[0.6409,52.9356],[0.64585,52.9354],[0.65255,52.9361],[0.6562,52.93605],[0.65995,52.9367],[0.66625,52.93665],[0.6816,52.9389],[0.68895,52.9389],[0.69305,52.93935],[0.6937,52.93665],[0.6953,52.9323],[0.69995,52.9336],[0.70175,52.93105],[0.7083,52.93015],[0.7088,52.93145],[0.71385,52.93085],[0.72385,52.9301],[0.7232,52.92645],[0.7275,52.92465],[0.73035,52.9242],[0.73575,52.9246],[0.73865,52.9219],[0.7405,52.9231],[0.74255,52.92345],[0.74845,52.9258]]],[[[0.46285,52.8544],[0.46315,52.85605],[0.46105,52.8571],[0.45235,52.85565],[0.4533,52.85305],[0.44415,52.85155],[0.4449,52.8526],[0.4453,52.8575],[0.44505,52.85805],[0.4422,52.858],[0.4401,52.85965],[0.44185,52.86185],[0.44345,52.86325],[0.4417,52.86435],[0.4416,52.86535],[0.43885,52.87025],[0.4366,52.87045],[0.43545,52.87155],[0.4348,52.87385],[0.43295,52.87615],[0.43165,52.87645],[0.4309,52.87825],[0.42985,52.88275],[0.4279,52.8839],[0.42475,52.88375],[0.4131,52.8849],[0.40925,52.8845],[0.40495,52.8832],[0.4025,52.8819],[0.40025,52.8801],[0.39715,52.8781],[0.394,52.8756],[0.39235,52.8733],[0.3912,52.8705],[0.3901,52.86895],[0.38595,52.85965],[0.3846,52.85795],[0.3834,52.85725],[0.38095,52.8541],[0.37965,52.85305],[0.37695,52.8528],[0.3785,52.85435],[0.381,52.85775],[0.38155,52.85955],[0.38015,52.86005],[0.38135,52.8611],[0.3818,52.86295],[0.3805,52.8629],[0.3787,52.8605],[0.3765,52.8557],[0.37345,52.8518],[0.3732,52.85075],[0.376,52.84765],[0.37615,52.8449],[0.3752,52.84375],[0.37225,52.84195],[0.36695,52.8404],[0.3652,52.8396],[0.36145,52.83645],[0.3583,52.8324],[0.3577,52.8299],[0.3562,52.83],[0.35675,52.8332],[0.3574,52.8353],[0.35875,52.8365],[0.35625,52.83665],[0.3567,52.83975],[0.3579,52.8428],[0.35585,52.84325],[0.3543,52.8413],[0.35425,52.83915],[0.353,52.8381],[0.35295,52.83505],[0.3539,52.83445],[0.35445,52.8316],[0.35515,52.8302],[0.35565,52.82675],[0.3568,52.82275],[0.3573,52.81785],[0.35685,52.8153],[0.3569,52.813],[0.35475,52.81585],[0.3544,52.8126],[0.3558,52.8098],[0.35745,52.8081],[0.36135,52.80315],[0.36235,52.8011],[0.36755,52.79445],[0.3698,52.79535],[0.37175,52.7946],[0.37365,52.79505],[0.3872,52.7995],[0.39345,52.79965],[0.39475,52.7993],[0.40755,52.7995],[0.4083,52.79725],[0.40825,52.7932],[0.41235,52.79245],[0.4129,52.79055],[0.4173,52.7884],[0.424,52.7858],[0.42485,52.7883],[0.42805,52.79265],[0.4303,52.79185],[0.43245,52.7925],[0.4362,52.7928],[0.4375,52.7946],[0.43995,52.79415],[0.44035,52.79355],[0.44515,52.79275],[0.4447,52.79175],[0.44285,52.791],[0.441,52.78625],[0.4419,52.7838],[0.44045,52.78355],[0.44175,52.7809],[0.44325,52.7798],[0.44255,52.77775],[0.4459,52.7767],[0.44695,52.77485],[0.46915,52.77855],[0.4714,52.7792],[0.47245,52.781],[0.4734,52.78125],[0.4827,52.7826],[0.4862,52.78365],[0.4917,52.7857],[0.4935,52.78615],[0.5004,52.78725],[0.504,52.7883],[0.5115,52.7909],[0.51845,52.79315],[0.5177,52.79575],[0.51695,52.7969],[0.51485,52.7988],[0.5123,52.80195],[0.51315,52.8051],[0.5161,52.8069],[0.51645,52.8103],[0.51365,52.8167],[0.5178,52.82],[0.5217,52.82095],[0.51885,52.82655],[0.5181,52.8274],[0.5165,52.83125],[0.5152,52.8321],[0.51265,52.83275],[0.5112,52.83665],[0.5063,52.83865],[0.50405,52.8391],[0.50455,52.8401],[0.50215,52.84095],[0.50045,52.84085],[0.5001,52.842],[0.4968,52.842],[0.49295,52.8424],[0.48645,52.84225],[0.48125,52.8415],[0.48125,52.83805],[0.47935,52.83805],[0.48005,52.8395],[0.47735,52.8397],[0.477,52.8414],[0.4732,52.84135],[0.473,52.8445],[0.4691,52.84475],[0.46875,52.849],[0.4671,52.84975],[0.4668,52.8526],[0.46285,52.8544]]],[[[1.63875,52.74205],[1.63935,52.74115],[1.64095,52.7371],[1.642,52.735],[1.6526,52.72515],[1.65455,52.7204],[1.65605,52.7202],[1.65625,52.7191],[1.6583,52.71915],[1.6608,52.7186],[1.66575,52.7185],[1.668,52.71915],[1.6737,52.7186],[1.6749,52.718],[1.6804,52.7175],[1.68245,52.71705],[1.69025,52.71745],[1.6921,52.7184],[1.69325,52.7178],[1.69455,52.7162],[1.6969,52.7169],[1.70095,52.7188],[1.6984,52.72055],[1.69565,52.7233],[1.69175,52.72765],[1.69,52.72995],[1.6892,52.73045],[1.6867,52.73325],[1.6813,52.7382],[1.6736,52.7441],[1.6665,52.75035],[1.6616,52.75415],[1.65475,52.759],[1.65225,52.7605],[1.6488,52.76295],[1.64685,52.7641],[1.6443,52.7661],[1.6405,52.7685],[1.63625,52.77145],[1.63125,52.7738],[1.6258,52.77695],[1.6223,52.77925],[1.62065,52.7807],[1.6173,52.7826],[1.61575,52.784],[1.6136,52.78485],[1.61265,52.78575],[1.61065,52.78645],[1.60815,52.78795],[1.60255,52.78545],[1.6066,52.78465],[1.61085,52.7825],[1.6076,52.78115],[1.6036,52.7788],[1.6031,52.77815],[1.59915,52.77615],[1.5968,52.7752],[1.59525,52.7722],[1.5961,52.77155],[1.60475,52.77065],[1.60735,52.77],[1.61195,52.7662],[1.6134,52.76565],[1.6157,52.7661],[1.6177,52.76575],[1.62305,52.76425],[1.6265,52.7583],[1.62655,52.7541],[1.62815,52.75405],[1.6279,52.74775],[1.63545,52.7442],[1.6367,52.7438],[1.6367,52.74205],[1.63875,52.74205]]]]},"properties":{"kind":"aonb","name":"Norfolk Coast"}},{"type":"Feature","geometry":{"type":"Polygon","coordinates":[[[-2.7722,51.7586],[-2.77675,51.75745],[-2.7799,51.7575],[-2.7827,51.75705],[-2.7849,51.7562],[-2.78195,51.7542],[-2.7845,51.75105],[-2.7851,51.7492],[-2.7853,51.74615],[-2.7864,51.74395],[-2.7838,51.74255],[-2.7816,51.74245],[-2.77765,51.7404],[-2.7768,51.7363],[-2.7779,51.73545],[-2.77675,51.734],[-2.77365,51.73315],[-2.7691,51.73285],[-2.7709,51.73045],[-2.76955,51.72855],[-2.7661,51.72765],[-2.76345,51.7245],[-2.7621,51.724],[-2.7643,51.7222],[-2.766,51.72155],[-2.76825,51.71935],[-2.76785,51.7176],[-2.7699,51.71465],[-2.7695,51.71375],[-2.7659,51.7133],[-2.76415,51.71265],[-2.76115,51.71035],[-2.75995,51.7065],[-2.75835,51.7046],[-2.75705,51.70385],[-2.75575,51.7041],[-2.7543,51.69995],[-2.75195,51.6977],[-2.75125,51.69655],[-2.7481,51.6957],[-2.748,51.695],[-2.74935,51.6909],[-2.75145,51.6906],[-2.753,51.6893],[-2.7557,51.68815],[-2.75135,51.6863],[-2.7484,51.6855],[-2.75025,51.68385],[-2.75205,51.6815],[-2.75265,51.6792],[-2.75565,51.6764],[-2.75615,51.674],[-2.75725,51.6717],[-2.757,51.66935],[-2.75725,51.6667],[-2.757,51.66365],[-2.7548,51.65965],[-2.75595,51.65675],[-2.75425,51.6539],[-2.7562,51.65145],[-2.755,51.64895],[-2.7559,51.6472],[-2.75595,51.64395],[-2.75425,51.6442],[-2.75125,51.646],[-2.74925,51.6464],[-2.74525,51.64405],[-2.7419,51.6455],[-2.7395,51.64535],[-2.73755,51.64475],[-2.7351,51.6447],[-2.73325,51.6453],[-2.7299,51.6437],[-2.7273,51.6435],[-2.7261,51.643],[-2.72475,51.64155],[-2.72455,51.63995],[-2.72095,51.63865],[-2.71825,51.637],[-2.719,51.63615],[-2.72115,51.63565],[-2.72095,51.6346],[-2.7222,51.6329],[-2.72565,51.63315],[-2.73045,51.6339],[-2.73035,51.6326],[-2.7315,51.6312],[-2.72885,51.62955],[-2.7306,51.6281],[-2.73025,51.62595],[-2.72935,51.6252],[-2.7295,51.6241],[-2.72815,51.62355],[-2.72655,51.6239],[-2.7229,51.6256],[-2.7208,51.62555],[-2.7191,51.6272],[-2.7154,51.62755],[-2.71295,51.63005],[-2.71275,51.6313],[-2.7136,51.63365],[-2.70865,51.6319],[-2.706,51.63],[-2.70425,51.6312],[-2.7018,51.6334],[-2.7002,51.6325],[-2.6989,51.6343],[-2.6999,51.63485],[-2.6975,51.637],[-2.69645,51.639],[-2.69605,51.6409],[-2.69485,51.6439],[-2.69375,51.64575],[-2.69195,51.64595],[-2.68795,51.64705],[-2.68775,51.64785],[-2.68615,51.6487],[-2.6855,51.6501],[-2.6821,51.6494],[-2.68255,51.64815],[-2.68215,51.64615],[-2.67965,51.644],[-2.677,51.64345],[-2.673,51.6442],[-2.6718,51.64555],[-2.6724,51.647],[-2.6743,51.64715],[-2.67515,51.64905],[-2.67345,51.6496],[-2.66875,51.64875],[-2.66735,51.6491],[-2.668,51.6505],[-2.66535,51.65365],[-2.66555,51.6548],[-2.664,51.6573],[-2.66215,51.6578],[-2.66195,51.6587],[-2.6632,51.6617],[-2.66345,51.6642],[-2.66,51.66545],[-2.6591,51.6676],[-2.65955,51.6691],[-2.655,51.67165],[-2.65315,51.67235],[-2.65025,51.6741],[-2.6502,51.6754],[-2.6481,51.67945],[-2.6466,51.6836],[-2.6427,51.6864],[-2.642,51.6877],[-2.64005,51.69005],[-2.6392,51.6923],[-2.63925,51.6953],[-2.64075,51.6975],[-2.6386,51.7009],[-2.63715,51.70205],[-2.6324,51.704],[-2.63225,51.7062],[-2.6315,51.7105],[-2.63275,51.71715],[-2.6353,51.7193],[-2.6351,51.72355],[-2.6357,51.7249],[-2.63795,51.7269],[-2.63875,51.72815],[-2.64035,51.72915],[-2.6407,51.7301],[-2.6408,51.73745],[-2.63965,51.73775],[-2.63585,51.7369],[-2.63505,51.738],[-2.6313,51.7392],[-2.62365,51.7425],[-2.621,51.7433],[-2.6211,51.74515],[-2.6206,51.7484],[-2.6223,51.74965],[-2.6235,51.7493],[-2.6276,51.7495],[-2.6296,51.75035],[-2.6309,51.75185],[-2.63125,51.7544],[-2.6328,51.75585],[-2.63305,51.75795],[-2.6326,51.76],[-2.63345,51.7621],[-2.6329,51.76545],[-2.63295,51.76685],[-2.63165,51.768],[-2.6301,51.7702],[-2.62815,51.77175],[-2.63155,51.77365],[-2.63545,51.7774],[-2.63415,51.7776],[-2.63255,51.7796],[-2.6313,51.784],[-2.6316,51.78615],[-2.63225,51.78625],[-2.637,51.78875],[-2.63885,51.7911],[-2.6414,51.79255],[-2.64175,51.79395],[-2.6403,51.795],[-2.6366,51.7958],[-2.63225,51.79805],[-2.6289,51.79925],[-2.6276,51.801],[-2.6256,51.8026],[-2.6216,51.8042],[-2.6223,51.8066],[-2.62335,51.80735],[-2.62415,51.80955],[-2.62535,51.81075],[-2.6252,51.8124],[-2.62805,51.8136],[-2.62645,51.8182],[-2.6228,51.8182],[-2.6201,51.8168],[-2.6167,51.8172],[-2.6131,51.8186],[-2.61155,51.8175],[-2.60925,51.81715],[-2.60635,51.81575],[-2.6003,51.81655],[-2.5962,51.81655],[-2.5942,51.8169],[-2.59135,51.8182],[-2.58855,51.8185],[-2.58795,51.81975],[-2.5918,51.8236],[-2.59275,51.8239],[-2.5906,51.82645],[-2.589,51.8266],[-2.5889,51.8282],[-2.5877,51.8294],[-2.58635,51.832],[-2.58405,51.8341],[-2.58325,51.8356],[-2.58145,51.83725],[-2.58575,51.84015],[-2.586,51.84125],[-2.5879,51.84285],[-2.58695,51.8434],[-2.58935,51.84595],[-2.58855,51.84675],[-2.58575,51.843],[-2.58325,51.8428],[-2.58555,51.84455],[-2.5864,51.8476],[-2.58145,51.84695],[-2.5761,51.84785],[-2.5745,51.8488],[-2.5724,51.8487],[-2.5712,51.85035],[-2.57025,51.85055],[-2.5684,51.84945],[-2.5663,51.8489],[-2.5643,51.8494],[-2.56075,51.85185],[-2.55965,51.8536],[-2.56085,51.8563],[-2.56535,51.8568],[-2.5672,51.8576],[-2.56605,51.8592],[-2.563,51.85995],[-2.5616,51.86065],[-2.56785,51.86345],[-2.56985,51.8652],[-2.57125,51.8656],[-2.57395,51.86455],[-2.57865,51.8645],[-2.5828,51.8658],[-2.58015,51.86845],[-2.58015,51.86945],[-2.57785,51.8704],[-2.5761,51.8717],[-2.5815,51.87315],[-2.58195,51.8746],[-2.5806,51.8767],[-2.57675,51.8787],[-2.5741,51.881],[-2.5729,51.88165],[-2.57165,51.8833],[-2.57195,51.8852],[-2.5744,51.88595],[-2.57555,51.88735],[-2.5734,51.88795],[-2.5698,51.88965],[-2.5673,51.8902],[-2.5684,51.89155],[-2.5682,51.8931],[-2.56635,51.89445],[-2.5679,51.89605],[-2.57115,51.89815],[-2.57275,51.9009],[-2.5767,51.9029],[-2.5795,51.90245],[-2.5818,51.9026],[-2.58395,51.9038],[-2.586,51.9055],[-2.58145,51.9064],[-2.5709,51.91165],[-2.5701,51.9122],[-2.5694,51.91405],[-2.5713,51.9157],[-2.5772,51.91655],[-2.5809,51.91755],[-2.57855,51.9196],[-2.57505,51.9244],[-2.57185,51.92725],[-2.5631,51.93005],[-2.5607,51.933],[-2.55945,51.93595],[-2.55725,51.9392],[-2.5553,51.94055],[-2.5542,51.94175],[-2.5523,51.9429],[-2.5493,51.9462],[-2.54145,51.95145],[-2.53955,51.9549],[-2.539,51.9575],[-2.53755,51.9581],[-2.5353,51.96015],[-2.53335,51.9603],[-2.5305,51.96145],[-2.53075,51.9645],[-2.52915,51.96655],[-2.5297,51.96895],[-2.5314,51.97105],[-2.53415,51.9703],[-2.5349,51.97085],[-2.5351,51.9735],[-2.53615,51.97485],[-2.54205,51.97435],[-2.5447,51.9745],[-2.5479,51.9758],[-2.5471,51.9767],[-2.5468,51.97835],[-2.54395,51.98055],[-2.5436,51.9817],[-2.5423,51.982],[-2.54105,51.9838],[-2.54255,51.98595],[-2.54375,51.9869],[-2.5458,51.98705],[-2.5468,51.98775],[-2.5516,51.9886],[-2.55405,51.98935],[-2.55735,51.9897],[-2.5589,51.9892],[-2.5613,51.99105],[-2.5581,51.99205],[-2.5582,51.99425],[-2.5571,51.9952],[-2.5582,51.9965],[-2.5585,51.99795],[-2.5559,52.00185],[-2.55615,52.0031],[-2.5608,52.0055],[-2.5613,52.0077],[-2.5624,52.0083],[-2.56185,52.0101],[-2.56455,52.0109],[-2.56385,52.0119],[-2.56545,52.0131],[-2.56555,52.01425],[-2.5671,52.015],[-2.5667,52.01585],[-2.56675,52.0182],[-2.5657,52.0186],[-2.56495,52.0201],[-2.56675,52.02325],[-2.5642,52.02375],[-2.5646,52.02535],[-2.5663,52.0265],[-2.56845,52.02885],[-2.5681,52.03055],[-2.569,52.03145],[-2.56805,52.03445],[-2.5697,52.0356],[-2.5683,52.0368],[-2.568,52.03795],[-2.57395,52.039],[-2.5853,52.0437],[-2.59,52.04435],[-2.5923,52.0436],[-2.5942,52.0424],[-2.59605,52.043],[-2.59835,52.0429],[-2.60135,52.04335],[-2.6053,52.04315],[-2.6077,52.04355],[-2.61335,52.04355],[-2.61435,52.0438],[-2.61685,52.0437],[-2.6192,52.04615],[-2.62315,52.0465],[-2.6259,52.04285],[-2.6264,52.03995],[-2.6255,52.03725],[-2.6264,52.03335],[-2.62595,52.0325],[-2.6268,52.0303],[-2.6292,52.0277],[-2.63045,52.02495],[-2.6335,52.02535],[-2.63885,52.02365],[-2.6423,52.0216],[-2.6436,52.02025],[-2.6502,52.01745],[-2.65395,52.0164],[-2.6507,52.01515],[-2.64835,52.0138],[-2.6447,52.01275],[-2.6439,52.01165],[-2.64535,52.00975],[-2.6444,52.00795],[-2.6407,52.0064],[-2.63775,52.0035],[-2.63765,52.0022],[-2.63905,51.99965],[-2.6394,51.9977],[-2.64025,51.99655],[-2.6445,51.9957],[-2.64845,51.99385],[-2.6519,51.9933],[-2.65585,51.9914],[-2.6542,51.9904],[-2.6543,51.98815],[-2.65265,51.9878],[-2.65175,51.98555],[-2.65375,51.98505],[-2.65425,51.9842],[-2.65685,51.98375],[-2.65695,51.983],[-2.659,51.98235],[-2.66175,51.982],[-2.66245,51.97965],[-2.66215,51.9774],[-2.6645,51.97775],[-2.66935,51.97895],[-2.67355,51.97965],[-2.67155,51.9776],[-2.6698,51.97635],[-2.6726,51.97585],[-2.67275,51.97375],[-2.67495,51.9702],[-2.6754,51.9681],[-2.6771,51.968],[-2.68445,51.96475],[-2.6868,51.964],[-2.68825,51.9631],[-2.69475,51.962],[-2.69725,51.96195],[-2.70335,51.96],[-2.70665,51.95825],[-2.7057,51.9553],[-2.70295,51.9518],[-2.69545,51.9469],[-2.6939,51.9461],[-2.6914,51.9425],[-2.6869,51.9388],[-2.68415,51.93715],[-2.6801,51.93325],[-2.67355,51.92885],[-2.67035,51.9272],[-2.66655,51.92585],[-2.6633,51.9254],[-2.6595,51.9243],[-2.65735,51.9233],[-2.6547,51.92255],[-2.64775,51.92175],[-2.6474,51.9201],[-2.64775,51.91785],[-2.647,51.9154],[-2.6444,51.91],[-2.64345,51.90535],[-2.64305,51.90215],[-2.64145,51.90035],[-2.64165,51.89735],[-2.64285,51.89585],[-2.64815,51.8953],[-2.65315,51.8936],[-2.6553,51.89195],[-2.6548,51.88995],[-2.6554,51.8861],[-2.6553,51.88485],[-2.6529,51.88125],[-2.6513,51.87665],[-2.65065,51.8734],[-2.65155,51.8711],[-2.65135,51.86795],[-2.6555,51.8684],[-2.65915,51.8698],[-2.6643,51.87],[-2.66845,51.8698],[-2.6703,51.86695],[-2.66925,51.86315],[-2.6693,51.8613],[-2.6681,51.8591],[-2.66995,51.8563],[-2.6703,51.8547],[-2.6716,51.85355],[-2.6741,51.8533],[-2.67825,51.85125],[-2.6799,51.84935],[-2.68145,51.84845],[-2.682,51.8468],[-2.68125,51.84565],[-2.6787,51.84525],[-2.68335,51.8412],[-2.6853,51.8386],[-2.6872,51.83685],[-2.6884,51.8341],[-2.68855,51.8321],[-2.68805,51.82835],[-2.6885,51.82575],[-2.68965,51.82375],[-2.69285,51.8214],[-2.69915,51.819],[-2.7044,51.8161],[-2.70035,51.815],[-2.69885,51.81405],[-2.6999,51.8111],[-2.6993,51.8098],[-2.695,51.80845],[-2.69245,51.80615],[-2.69445,51.80595],[-2.69655,51.8039],[-2.7029,51.8049],[-2.70735,51.8045],[-2.71395,51.8024],[-2.71375,51.80115],[-2.7163,51.80115],[-2.719,51.80015],[-2.7202,51.7979],[-2.7219,51.797],[-2.72345,51.79835],[-2.73055,51.7942],[-2.7347,51.7924],[-2.74225,51.78965],[-2.7459,51.78915],[-2.75215,51.7895],[-2.76315,51.7891],[-2.7658,51.78875],[-2.76805,51.78565],[-2.7686,51.78275],[-2.7674,51.7808],[-2.76585,51.7761],[-2.76675,51.7743],[-2.7674,51.77145],[-2.76845,51.76935],[-2.76815,51.76585],[-2.76895,51.76245],[-2.7701,51.7601],[-2.7722,51.7586]]]},"properties":{"kind":"aonb","name":"Wye Valley"}},{"type":"Feature","geometry":{"type":"Polygon","coordinates":[[[-2.8785,54.1944],[-2.8786,54.17735],[-2.8781,54.16785],[-2.87595,54.16635],[-2.8727,54.16295],[-2.87175,54.16115],[-2.87055,54.15775],[-2.8702,54.15225],[-2.8711,54.14725],[-2.8743,54.14095],[-2.87675,54.1374],[-2.87815,54.13445],[-2.87735,54.13115],[-2.8743,54.12435],[-2.863,54.1241],[-2.85205,54.12375],[-2.8434,54.1236],[-2.79455,54.1223],[-2.7953,54.1243],[-2.79635,54.1252],[-2.7932,54.1268],[-2.79145,54.13095],[-2.79,54.1327],[-2.7876,54.1334],[-2.78675,54.1341],[-2.78305,54.13605],[-2.7816,54.13635],[-2.7776,54.1363],[-2.77595,54.1371],[-2.771,54.1375],[-2.76945,54.13685],[-2.7671,54.1382],[-2.7661,54.1365],[-2.76495,54.1364],[-2.7631,54.1376],[-2.7616,54.13685],[-2.7597,54.1368],[-2.75255,54.1452],[-2.7498,54.1488],[-2.74655,54.1491],[-2.7463,54.15075],[-2.7482,54.15355],[-2.74775,54.16075],[-2.7504,54.1632],[-2.75175,54.16545],[-2.7518,54.1672],[-2.7502,54.17135],[-2.7484,54.17285],[-2.7479,54.17395],[-2.74965,54.1779],[-2.75325,54.18135],[-2.75355,54.1842],[-2.7528,54.18615],[-2.7534,54.19485],[-2.7548,54.19665],[-2.7612,54.2009],[-2.76765,54.20595],[-2.7718,54.20845],[-2.773,54.20965],[-2.7716,54.21185],[-2.77155,54.2142],[-2.77365,54.21645],[-2.7741,54.218],[-2.7734,54.22145],[-2.7752,54.223],[-2.77435,54.2245],[-2.7767,54.2247],[-2.77825,54.2259],[-2.77985,54.22565],[-2.782,54.2241],[-2.7832,54.2239],[-2.78495,54.225],[-2.7873,54.22725],[-2.79,54.22725],[-2.7905,54.2278],[-2.80445,54.2276],[-2.8047,54.2264],[-2.808,54.2223],[-2.8092,54.2215],[-2.81605,54.2215],[-2.8195,54.2217],[-2.8225,54.2207],[-2.828,54.21945],[-2.82965,54.21995],[-2.8325,54.21895],[-2.8342,54.21695],[-2.836,54.216],[-2.84145,54.20755],[-2.84245,54.2056],[-2.84165,54.20105],[-2.8445,54.2003],[-2.85745,54.196],[-2.865,54.1936],[-2.86755,54.1926],[-2.87125,54.19265],[-2.8761,54.19425],[-2.8785,54.1944]]]},"properties":{"kind":"aonb","name":"Arnside & Silverdale"}},{"type":"Feature","geometry":{"type":"MultiPolygon","coordinates":[[[[0.0469,51.28805],[0.04455,51.28755],[0.03815,51.2873],[0.0352,51.2875],[0.0308,51.287],[0.02225,51.2864],[0.01905,51.28585],[0.01375,51.28535],[0.00705,51.28445],[0.00385,51.28365],[0.0002,51.28195],[-0.00235,51.27955],[-0.0038,51.28],[-0.00585,51.27835],[-0.00815,51.27715],[-0.0114,51.2763],[-0.01525,51.2758],[-0.0164,51.27595],[-0.0225,51.2758],[-0.02155,51.2744],[-0.02465,51.27335],[-0.0247,51.2725],[-0.0297,51.2711],[-0.0314,51.27175],[-0.0334,51.2736],[-0.03585,51.27325],[-0.03975,51.274],[-0.0411,51.27555],[-0.04245,51.2779],[-0.04375,51.28185],[-0.0459,51.28435],[-0.0497,51.2871],[-0.05205,51.29005],[-0.055,51.29305],[-0.05795,51.29485],[-0.0605,51.29575],[-0.06325,51.2956],[-0.06685,51.2943],[-0.0703,51.2916],[-0.0714,51.28985],[-0.0736,51.2884],[-0.07525,51.28645],[-0.07555,51.2853],[-0.07435,51.28315],[-0.0709,51.2806],[-0.0712,51.27825],[-0.0718,51.2771],[-0.0704,51.2725],[-0.0703,51.2705],[-0.0715,51.2699],[-0.07105,51.269],[-0.0714,51.2673],[-0.0722,51.2671],[-0.0734,51.2644],[-0.0779,51.2633],[-0.08075,51.2633],[-0.0844,51.2622],[-0.08775,51.2632],[-0.08935,51.26315],[-0.0924,51.26375],[-0.09335,51.26275],[-0.0962,51.2625],[-0.0991,51.2629],[-0.09925,51.2649],[-0.1008,51.26735],[-0.10525,51.27165],[-0.11595,51.2731],[-0.1198,51.2742],[-0.1224,51.27455],[-0.1234,51.27515],[-0.12825,51.2769],[-0.13855,51.28035],[-0.1435,51.2811],[-0.1454,51.28205],[-0.14645,51.2842],[-0.1488,51.28515],[-0.15235,51.287],[-0.1535,51.28705],[-0.15535,51.28865],[-0.15725,51.2894],[-0.1606,51.29175],[-0.16175,51.2921],[-0.1646,51.2911],[-0.17035,51.28835],[-0.17115,51.2878],[-0.17175,51.28545],[-0.1702,51.285],[-0.1725,51.28145],[-0.17775,51.2825],[-0.18085,51.28425],[-0.1825,51.2833],[-0.18265,51.28135],[-0.1834,51.2802],[-0.18385,51.274],[-0.18375,51.2733],[-0.18515,51.2709],[-0.191,51.26695],[-0.19375,51.26435],[-0.197,51.25985],[-0.19675,51.25795],[-0.1982,51.25745],[-0.19915,51.2592],[-0.19885,51.26],[-0.203,51.2653],[-0.2039,51.266],[-0.2066,51.2667],[-0.20885,51.2656],[-0.21155,51.2649],[-0.2135,51.2647],[-0.224,51.26295],[-0.22505,51.26215],[-0.22775,51.26255],[-0.22745,51.25965],[-0.2235,51.2584],[-0.22355,51.2564],[-0.2267,51.25625],[-0.2344,51.25865],[-0.23355,51.2594],[-0.2352,51.26025],[-0.23575,51.2622],[-0.23835,51.2625],[-0.2405,51.2654],[-0.244,51.265],[-0.24645,51.266],[-0.2482,51.2661],[-0.24935,51.2673],[-0.2512,51.26755],[-0.2525,51.26695],[-0.2527,51.26425],[-0.25805,51.26435],[-0.26025,51.26625],[-0.26495,51.26755],[-0.26775,51.26815],[-0.2731,51.2685],[-0.2733,51.2704],[-0.26915,51.27115],[-0.2704,51.2729],[-0.2731,51.27285],[-0.2724,51.27475],[-0.2739,51.2751],[-0.2759,51.27455],[-0.2786,51.27635],[-0.2802,51.27675],[-0.27995,51.27505],[-0.27655,51.27345],[-0.27565,51.27265],[-0.27815,51.27195],[-0.28035,51.2732],[-0.28225,51.27355],[-0.2839,51.2729],[-0.28395,51.2708],[-0.2864,51.2699],[-0.2874,51.2705],[-0.2899,51.2684],[-0.2913,51.26945],[-0.29165,51.27175],[-0.2937,51.2714],[-0.29605,51.2692],[-0.29695,51.2689],[-0.29855,51.2713],[-0.30165,51.2746],[-0.3104,51.2744],[-0.31255,51.2747],[-0.31425,51.27535],[-0.31645,51.2747],[-0.317,51.27585],[-0.3193,51.2755],[-0.32075,51.2765],[-0.3224,51.27675],[-0.3235,51.27615],[-0.32555,51.27745],[-0.3268,51.28015],[-0.32785,51.28355],[-0.328,51.28805],[-0.33055,51.2878],[-0.33055,51.2865],[-0.3324,51.2851],[-0.3322,51.2831],[-0.33575,51.2823],[-0.33655,51.2833],[-0.33905,51.28275],[-0.3404,51.28335],[-0.34365,51.28195],[-0.345,51.28185],[-0.34725,51.2837],[-0.35035,51.28255],[-0.35055,51.2819],[-0.35345,51.2819],[-0.3558,51.28125],[-0.35525,51.2806],[-0.35935,51.27925],[-0.3603,51.27865],[-0.3577,51.2768],[-0.35965,51.27505],[-0.35875,51.27385],[-0.3605,51.2725],[-0.36075,51.271],[-0.3625,51.26895],[-0.3663,51.2673],[-0.3675,51.27195],[-0.37595,51.2701],[-0.3787,51.2737],[-0.38115,51.27255],[-0.38395,51.27055],[-0.3832,51.26975],[-0.38405,51.26895],[-0.3811,51.26405],[-0.38105,51.2624],[-0.3804,51.2609],[-0.38545,51.25975],[-0.38525,51.25915],[-0.39,51.2584],[-0.38965,51.2567],[-0.39505,51.2568],[-0.3987,51.2572],[-0.4015,51.2572],[-0.40185,51.25625],[-0.40395,51.2561],[-0.4052,51.2553],[-0.40845,51.25445],[-0.4092,51.25565],[-0.4137,51.25525],[-0.4138,51.2566],[-0.4156,51.2588],[-0.41635,51.2608],[-0.4209,51.25815],[-0.4257,51.2533],[-0.42975,51.2518],[-0.4317,51.25005],[-0.4317,51.2522],[-0.436,51.2521],[-0.43565,51.25415],[-0.43765,51.25655],[-0.4368,51.25775],[-0.43515,51.2586],[-0.4351,51.26105],[-0.4359,51.26265],[-0.43945,51.2627],[-0.4397,51.26195],[-0.44255,51.26235],[-0.44225,51.25985],[-0.4462,51.25955],[-0.4466,51.2566],[-0.45065,51.2559],[-0.45395,51.2548],[-0.4562,51.2545],[-0.4652,51.25195],[-0.4725,51.24975],[-0.49105,51.24725],[-0.49165,51.2467],[-0.4983,51.24515],[-0.5012,51.24355],[-0.50205,51.24375],[-0.5047,51.2425],[-0.50555,51.24365],[-0.5086,51.24325],[-0.5085,51.24205],[-0.51355,51.2417],[-0.51415,51.24285],[-0.51665,51.2423],[-0.5161,51.24095],[-0.51975,51.2407],[-0.52165,51.2412],[-0.52465,51.24245],[-0.5262,51.2412],[-0.5276,51.24235],[-0.52845,51.24125],[-0.53605,51.2402],[-0.5379,51.24075],[-0.54155,51.23975],[-0.544,51.23955],[-0.54655,51.23895],[-0.54465,51.23685],[-0.54295,51.2374],[-0.539,51.23785],[-0.53825,51.23635],[-0.54235,51.23595],[-0.5429,51.234],[-0.54935,51.2351],[-0.5498,51.2347],[-0.5557,51.2346],[-0.55755,51.232],[-0.56095,51.23275],[-0.561,51.23085],[-0.55945,51.2305],[-0.5611,51.22715],[-0.5637,51.2271],[-0.5644,51.2245],[-0.5646,51.2202],[-0.56735,51.2207],[-0.56905,51.21995],[-0.56605,51.2178],[-0.56375,51.21725],[-0.56085,51.2146],[-0.546,51.21505],[-0.53875,51.21485],[-0.53755,51.21645],[-0.53635,51.2168],[-0.533,51.21905],[-0.53125,51.2194],[-0.52915,51.2182],[-0.52535,51.21845],[-0.52355,51.2191],[-0.5209,51.21845],[-0.51865,51.2166],[-0.5179,51.2155],[-0.5251,51.215],[-0.52385,51.21355],[-0.52425,51.21185],[-0.5255,51.21195],[-0.53005,51.2102],[-0.53035,51.20915],[-0.5317,51.2077],[-0.5306,51.2055],[-0.5307,51.20405],[-0.52785,51.2009],[-0.52835,51.1986],[-0.5303,51.19575],[-0.5342,51.1944],[-0.53135,51.19205],[-0.52845,51.1872],[-0.5265,51.18575],[-0.52345,51.18285],[-0.52285,51.1796],[-0.52115,51.17835],[-0.5191,51.17615],[-0.5164,51.1748],[-0.51295,51.17265],[-0.5115,51.1711],[-0.5109,51.1692],[-0.51145,51.1653],[-0.51025,51.1641],[-0.50755,51.1641],[-0.50195,51.16295],[-0.4933,51.1588],[-0.4916,51.157],[-0.4901,51.15615],[-0.4901,51.1538],[-0.4888,51.15225],[-0.48795,51.15205],[-0.4839,51.1528],[-0.4821,51.15285],[-0.4784,51.152],[-0.47545,51.1522],[-0.47325,51.152],[-0.4701,51.1525],[-0.4686,51.15215],[-0.46715,51.15265],[-0.46445,51.15255],[-0.4635,51.152],[-0.45615,51.1532],[-0.4529,51.15435],[-0.4514,51.15555],[-0.4477,51.15565],[-0.44075,51.15645],[-0.43735,51.15595],[-0.4324,51.1562],[-0.42665,51.156],[-0.42465,51.15645],[-0.4231,51.15725],[-0.4215,51.15745],[-0.4181,51.15865],[-0.41355,51.15825],[-0.41195,51.1602],[-0.4067,51.1613],[-0.4043,51.16135],[-0.40105,51.16045],[-0.3967,51.15995],[-0.39445,51.16075],[-0.39375,51.1626],[-0.39165,51.16275],[-0.38905,51.16135],[-0.3827,51.1612],[-0.38065,51.16075],[-0.37965,51.15955],[-0.37825,51.1597],[-0.3759,51.15865],[-0.3731,51.15795],[-0.36945,51.15845],[-0.36635,51.15815],[-0.36545,51.15735],[-0.3633,51.15485],[-0.36015,51.15225],[-0.35885,51.15185],[-0.35135,51.16245],[-0.3488,51.162],[-0.3436,51.1631],[-0.33905,51.16355],[-0.3368,51.164],[-0.33465,51.16615],[-0.33395,51.1683],[-0.3285,51.16985],[-0.3281,51.1728],[-0.32725,51.1747],[-0.3242,51.17875],[-0.32065,51.1813],[-0.32215,51.18225],[-0.32255,51.1841],[-0.3221,51.1858],[-0.32235,51.18755],[-0.3173,51.1887],[-0.3175,51.19055],[-0.3208,51.19135],[-0.31835,51.193],[-0.31675,51.19275],[-0.31465,51.19325],[-0.31145,51.19245],[-0.30965,51.19335],[-0.3071,51.19265],[-0.30705,51.19645],[-0.30635,51.1993],[-0.30725,51.1995],[-0.30695,51.2037],[-0.30605,51.20475],[-0.3067,51.20595],[-0.3095,51.20675],[-0.3112,51.2054],[-0.3122,51.2067],[-0.3165,51.20305],[-0.31925,51.20475],[-0.3223,51.2057],[-0.3251,51.2063],[-0.32605,51.2122],[-0.32745,51.2137],[-0.33,51.21165],[-0.33265,51.21195],[-0.3327,51.21335],[-0.33125,51.21475],[-0.33,51.2151],[-0.33065,51.21705],[-0.3304,51.21805],[-0.3335,51.2183],[-0.3346,51.218],[-0.33535,51.2193],[-0.33715,51.22085],[-0.3376,51.22265],[-0.33705,51.22565],[-0.3386,51.2253],[-0.3437,51.2248],[-0.345,51.2249],[-0.3465,51.2261],[-0.35245,51.22665],[-0.35385,51.2289],[-0.35385,51.2307],[-0.3559,51.23125],[-0.35745,51.2336],[-0.3594,51.23505],[-0.3592,51.23675],[-0.34255,51.23645],[-0.3426,51.238],[-0.34185,51.23965],[-0.3356,51.23975],[-0.33555,51.23955],[-0.3319,51.2402],[-0.33075,51.24175],[-0.3284,51.24295],[-0.32485,51.24415],[-0.3244,51.2451],[-0.32135,51.24355],[-0.31775,51.24125],[-0.3169,51.24025],[-0.31405,51.2408],[-0.31305,51.23975],[-0.31315,51.2379],[-0.3123,51.23605],[-0.3165,51.2355],[-0.3156,51.2333],[-0.3163,51.23195],[-0.3191,51.2315],[-0.32065,51.232],[-0.32265,51.2319],[-0.3247,51.2298],[-0.3246,51.2288],[-0.32055,51.22615],[-0.3198,51.22495],[-0.3156,51.22395],[-0.3127,51.2244],[-0.31315,51.22625],[-0.31145,51.22915],[-0.31155,51.2312],[-0.3105,51.2314],[-0.3102,51.23345],[-0.3096,51.23365],[-0.2992,51.2333],[-0.2985,51.23395],[-0.29535,51.2326],[-0.29525,51.23555],[-0.2939,51.23705],[-0.2949,51.2376],[-0.29445,51.2412],[-0.2959,51.24075],[-0.29635,51.2427],[-0.285,51.24205],[-0.2801,51.24265],[-0.27725,51.2435],[-0.2712,51.24645],[-0.2653,51.249],[-0.2634,51.24955],[-0.2569,51.25045],[-0.25275,51.25045],[-0.24815,51.25],[-0.24395,51.2492],[-0.23625,51.24795],[-0.228,51.2463],[-0.2265,51.24755],[-0.22585,51.25005],[-0.2246,51.2517],[-0.2227,51.25155],[-0.2223,51.2533],[-0.22075,51.2528],[-0.21775,51.25285],[-0.21385,51.25185],[-0.2121,51.251],[-0.20945,51.25065],[-0.2058,51.2518],[-0.20355,51.2517],[-0.201,51.25105],[-0.19715,51.2514],[-0.19645,51.25055],[-0.19335,51.25105],[-0.1924,51.25045],[-0.1903,51.25055],[-0.1873,51.2514],[-0.1865,51.24935],[-0.18405,51.249],[-0.17975,51.2508],[-0.17645,51.25185],[-0.169,51.2536],[-0.16435,51.25405],[-0.1591,51.25635],[-0.157,51.2583],[-0.1598,51.25935],[-0.15825,51.2604],[-0.1561,51.26085],[-0.1554,51.2629],[-0.1569,51.26765],[-0.1584,51.2696],[-0.15705,51.27],[-0.1536,51.2702],[-0.15345,51.272],[-0.1549,51.2719],[-0.15575,51.2737],[-0.15525,51.27505],[-0.1539,51.27505],[-0.15165,51.2739],[-0.1482,51.27485],[-0.1428,51.2734],[-0.14005,51.27065],[-0.13955,51.269],[-0.1399,51.26645],[-0.1373,51.266],[-0.13325,51.26585],[-0.13175,51.26535],[-0.1298,51.2653],[-0.12865,51.26415],[-0.1278,51.26145],[-0.1296,51.2599],[-0.12975,51.2591],[-0.1316,51.2565],[-0.13185,51.2542],[-0.1305,51.2536],[-0.12805,51.25335],[-0.1214,51.25425],[-0.11265,51.25485],[-0.10885,51.2548],[-0.1066,51.25435],[-0.1049,51.2535],[-0.10225,51.25295],[-0.10195,51.25375],[-0.0896,51.2522],[-0.0819,51.252],[-0.07785,51.25425],[-0.07545,51.2553],[-0.0707,51.2552],[-0.0708,51.2565],[-0.06925,51.25695],[-0.066,51.25735],[-0.063,51.25815],[-0.06075,51.25785],[-0.0576,51.2584],[-0.05085,51.2574],[-0.04385,51.25705],[-0.0442,51.25805],[-0.0399,51.25875],[-0.0394,51.26],[-0.03345,51.26075],[-0.02885,51.2622],[-0.03045,51.263],[-0.02705,51.2652],[-0.02255,51.2672],[-0.0166,51.26875],[-0.01685,51.2676],[-0.01465,51.2675],[-0.0124,51.2679],[-0.00895,51.2677],[-0.0086,51.2659],[-0.0061,51.2665],[-0.0053,51.26465],[-0.0044,51.2641],[-0.0008,51.2644],[0.00035,51.26305],[0.0042,51.2646],[0.00385,51.2651],[0.0068,51.2658],[0.0087,51.26585],[0.00875,51.2639],[0.01,51.2623],[0.0124,51.26255],[0.0154,51.2605],[0.01525,51.25955],[0.0184,51.258],[0.02095,51.2591],[0.0217,51.25675],[0.02335,51.257],[0.02675,51.2591],[0.02995,51.2602],[0.0304,51.25905],[0.02645,51.25745],[0.0267,51.25645],[0.029,51.25285],[0.03135,51.2534],[0.0334,51.25255],[0.03415,51.2511],[0.0416,51.2517],[0.0427,51.25125],[0.0422,51.24805],[0.0427,51.2471],[0.0462,51.2446],[0.0472,51.2434],[0.0505,51.2437],[0.05335,51.2427],[0.05605,51.24265],[0.0574,51.24405],[0.05825,51.2478],[0.0571,51.2513],[0.05535,51.2522],[0.05395,51.2539],[0.05425,51.25665],[0.05295,51.25885],[0.0527,51.2609],[0.0515,51.26335],[0.04965,51.2659],[0.04955,51.26815],[0.04785,51.2705],[0.04645,51.27355],[0.04535,51.27795],[0.04625,51.27935],[0.0482,51.2856],[0.0469,51.28805]]],[[[-0.72495,51.08565],[-0.72745,51.08535],[-0.7302,51.08395],[-0.72915,51.0834],[-0.7279,51.0808],[-0.7285,51.07945],[-0.7252,51.0782],[-0.72285,51.0779],[-0.7223,51.0794],[-0.71995,51.0787],[-0.7186,51.0779],[-0.7146,51.0774],[-0.7129,51.07795],[-0.7106,51.0779],[-0.70765,51.07875],[-0.7062,51.0785],[-0.7046,51.07695],[-0.7021,51.0761],[-0.7008,51.07465],[-0.6981,51.0738],[-0.69785,51.07305],[-0.696,51.07235],[-0.69445,51.07295],[-0.6905,51.07385],[-0.6871,51.0756],[-0.6826,51.0753],[-0.6792,51.07625],[-0.6743,51.0766],[-0.6724,51.07725],[-0.669,51.0774],[-0.6658,51.08065],[-0.664,51.0817],[-0.6572,51.08235],[-0.6544,51.08335],[-0.65095,51.0836],[-0.6483,51.08335],[-0.64595,51.08435],[-0.6426,51.08445],[-0.6378,51.0853],[-0.63375,51.08655],[-0.6314,51.0882],[-0.629,51.089],[-0.62465,51.088],[-0.62125,51.08825],[-0.6193,51.0871],[-0.61955,51.08905],[-0.6181,51.0911],[-0.6206,51.094],[-0.62105,51.09565],[-0.6149,51.0978],[-0.61425,51.09945],[-0.6114,51.10015],[-0.60495,51.10395],[-0.6023,51.10525],[-0.5993,51.1063],[-0.594,51.1106],[-0.59725,51.11265],[-0.59685,51.11415],[-0.5997,51.11595],[-0.60165,51.1189],[-0.5999,51.12065],[-0.59835,51.12315],[-0.5975,51.1292],[-0.5969,51.13085],[-0.5932,51.13105],[-0.59165,51.13155],[-0.5876,51.1334],[-0.58655,51.1327],[-0.5841,51.13235],[-0.58125,51.13105],[-0.577,51.1314],[-0.5722,51.1329],[-0.56575,51.1332],[-0.56365,51.1327],[-0.55475,51.1291],[-0.554,51.12895],[-0.5486,51.13035],[-0.5449,51.1318],[-0.5387,51.13505],[-0.53745,51.1391],[-0.5359,51.14125],[-0.53495,51.1432],[-0.53435,51.14575],[-0.53465,51.1488],[-0.53425,51.1531],[-0.5333,51.1554],[-0.53375,51.15935],[-0.5353,51.1619],[-0.5375,51.1628],[-0.5389,51.16495],[-0.5384,51.1688],[-0.5388,51.1709],[-0.5399,51.1725],[-0.5439,51.1774],[-0.54635,51.1797],[-0.5458,51.1831],[-0.5486,51.18545],[-0.5493,51.1874],[-0.5526,51.1898],[-0.5544,51.1906],[-0.55555,51.18925],[-0.5588,51.1906],[-0.5701,51.19985],[-0.5708,51.1993],[-0.57405,51.19805],[-0.5749,51.1968],[-0.57705,51.19665],[-0.57935,51.198],[-0.58105,51.1977],[-0.58195,51.19685],[-0.58385,51.1968],[-0.5864,51.1948],[-0.58765,51.1942],[-0.5893,51.192],[-0.58745,51.1925],[-0.58555,51.19145],[-0.5856,51.18975],[-0.5895,51.1902],[-0.59075,51.1899],[-0.59235,51.1885],[-0.59855,51.1867],[-0.59845,51.1848],[-0.59895,51.1841],[-0.59785,51.1825],[-0.59365,51.17885],[-0.59555,51.17735],[-0.59655,51.17575],[-0.5922,51.1749],[-0.59605,51.1737],[-0.599,51.173],[-0.5987,51.17225],[-0.5992,51.1701],[-0.60105,51.16735],[-0.6019,51.1668],[-0.6018,51.16505],[-0.60695,51.16215],[-0.6108,51.1608],[-0.6142,51.1587],[-0.61715,51.1558],[-0.6175,51.1536],[-0.6184,51.1522],[-0.618,51.14925],[-0.61805,51.14725],[-0.61865,51.14485],[-0.61815,51.14335],[-0.61865,51.1405],[-0.62435,51.1406],[-0.6271,51.13945],[-0.62935,51.1392],[-0.63225,51.1406],[-0.6335,51.1408],[-0.6351,51.14185],[-0.63795,51.1429],[-0.6385,51.14245],[-0.64175,51.14225],[-0.646,51.14305],[-0.6468,51.14555],[-0.6469,51.14835],[-0.6484,51.1484],[-0.64955,51.14765],[-0.6519,51.14975],[-0.65355,51.14995],[-0.6554,51.15275],[-0.6549,51.15415],[-0.65645,51.1541],[-0.6559,51.1565],[-0.65795,51.15655],[-0.6604,51.1575],[-0.65785,51.159],[-0.6563,51.16045],[-0.6571,51.16445],[-0.6592,51.16695],[-0.65625,51.16825],[-0.6531,51.17],[-0.65205,51.17175],[-0.6507,51.1727],[-0.6489,51.1755],[-0.6491,51.1769],[-0.6507,51.17895],[-0.6509,51.1818],[-0.6514,51.18185],[-0.65115,51.18535],[-0.6515,51.18955],[-0.65095,51.1909],[-0.64715,51.1952],[-0.6463,51.197],[-0.6462,51.1987],[-0.6473,51.20065],[-0.65015,51.2037],[-0.651,51.20625],[-0.6508,51.20965],[-0.6503,51.211],[-0.6481,51.21355],[-0.64605,51.2154],[-0.6425,51.21465],[-0.64075,51.21195],[-0.6398,51.212],[-0.6369,51.21075],[-0.6352,51.20935],[-0.6317,51.2083],[-0.6325,51.2076],[-0.63125,51.2043],[-0.62615,51.2047],[-0.62625,51.20725],[-0.6254,51.2091],[-0.62345,51.21095],[-0.6197,51.2103],[-0.6145,51.20835],[-0.6114,51.20775],[-0.60955,51.2065],[-0.60355,51.20435],[-0.5999,51.20445],[-0.5946,51.20335],[-0.59045,51.20575],[-0.5858,51.20905],[-0.5829,51.21205],[-0.5829,51.2136],[-0.5821,51.21415],[-0.58115,51.2165],[-0.58075,51.2195],[-0.57985,51.2207],[-0.5777,51.22015],[-0.57765,51.22295],[-0.57805,51.2249],[-0.5829,51.2257],[-0.58555,51.22535],[-0.58575,51.22615],[-0.59,51.22575],[-0.59065,51.22745],[-0.5893,51.2277],[-0.5899,51.23005],[-0.593,51.22995],[-0.5925,51.2315],[-0.59305,51.23285],[-0.59995,51.2308],[-0.6036,51.2302],[-0.6111,51.22985],[-0.61645,51.22865],[-0.6184,51.2285],[-0.6187,51.23085],[-0.6246,51.23065],[-0.6285,51.23],[-0.6375,51.22945],[-0.6406,51.22945],[-0.6477,51.2289],[-0.65055,51.22885],[-0.6515,51.23225],[-0.6546,51.23165],[-0.6603,51.2319],[-0.66195,51.2314],[-0.66415,51.23155],[-0.6655,51.23115],[-0.6748,51.2302],[-0.6874,51.23005],[-0.6917,51.2303],[-0.69495,51.2299],[-0.7056,51.23045],[-0.7126,51.2302],[-0.7192,51.2297],[-0.723,51.2291],[-0.7252,51.22815],[-0.72655,51.22825],[-0.7291,51.22745],[-0.7316,51.2262],[-0.73295,51.22465],[-0.7351,51.2247],[-0.7428,51.2231],[-0.74545,51.222],[-0.74615,51.22105],[-0.7506,51.22055],[-0.75585,51.2208],[-0.75875,51.22015],[-0.7546,51.21835],[-0.75345,51.21845],[-0.7519,51.2166],[-0.7491,51.20775],[-0.7525,51.2037],[-0.75535,51.2024],[-0.7566,51.2031],[-0.76495,51.20605],[-0.76635,51.20705],[-0.76935,51.2073],[-0.77125,51.2053],[-0.77215,51.20345],[-0.77375,51.20185],[-0.77545,51.20075],[-0.7738,51.19955],[-0.7727,51.1975],[-0.78,51.1954],[-0.78555,51.1926],[-0.7844,51.1905],[-0.78535,51.18765],[-0.78825,51.18675],[-0.78985,51.1845],[-0.79135,51.1832],[-0.791,51.1782],[-0.7903,51.17605],[-0.7889,51.1749],[-0.7885,51.1737],[-0.79045,51.17325],[-0.7961,51.17305],[-0.79985,51.1718],[-0.80035,51.1703],[-0.79995,51.16915],[-0.8014,51.16825],[-0.8029,51.16605],[-0.806,51.163],[-0.8085,51.15925],[-0.8113,51.1577],[-0.8105,51.1555],[-0.80885,51.1539],[-0.8068,51.15415],[-0.8048,51.15535],[-0.80335,51.15405],[-0.79995,51.15345],[-0.797,51.1539],[-0.7939,51.1539],[-0.7933,51.15295],[-0.7954,51.15215],[-0.7953,51.1509],[-0.7944,51.14975],[-0.79455,51.14805],[-0.79255,51.1438],[-0.7913,51.1394],[-0.7902,51.1386],[-0.7869,51.1375],[-0.7848,51.1361],[-0.7819,51.1356],[-0.78065,51.1347],[-0.7809,51.1328],[-0.7806,51.13125],[-0.7829,51.1298],[-0.78235,51.1285],[-0.77885,51.12745],[-0.77735,51.1266],[-0.7758,51.1245],[-0.77085,51.121],[-0.7695,51.11885],[-0.76945,51.1173],[-0.7656,51.11555],[-0.76155,51.11495],[-0.7583,51.1153],[-0.7563,51.1142],[-0.75315,51.11315],[-0.7505,51.1135],[-0.74855,51.1124],[-0.74285,51.1121],[-0.7403,51.11225],[-0.7427,51.1143],[-0.744,51.1154],[-0.7357,51.11735],[-0.73745,51.1187],[-0.7463,51.1197],[-0.7516,51.12165],[-0.7543,51.12205],[-0.7578,51.12105],[-0.76135,51.12165],[-0.7634,51.1225],[-0.7583,51.12395],[-0.7619,51.1271],[-0.75875,51.12785],[-0.7533,51.12955],[-0.75245,51.1282],[-0.75045,51.12945],[-0.74975,51.12775],[-0.74795,51.12585],[-0.746,51.1262],[-0.7445,51.12555],[-0.7416,51.1228],[-0.73965,51.12325],[-0.73875,51.12225],[-0.7394,51.12105],[-0.73685,51.12105],[-0.7354,51.1205],[-0.7344,51.11925],[-0.7334,51.11945],[-0.7321,51.11705],[-0.7309,51.1161],[-0.72955,51.11265],[-0.731,51.1116],[-0.73385,51.1123],[-0.7361,51.1093],[-0.7387,51.1103],[-0.7419,51.1081],[-0.74465,51.10785],[-0.7446,51.1093],[-0.74655,51.1093],[-0.7476,51.10775],[-0.747,51.1074],[-0.74755,51.1044],[-0.7492,51.1032],[-0.7562,51.10455],[-0.76055,51.1047],[-0.75865,51.10245],[-0.7583,51.10095],[-0.7543,51.0959],[-0.7556,51.09445],[-0.7585,51.09205],[-0.7589,51.0908],[-0.75745,51.08885],[-0.7575,51.08785],[-0.75425,51.08645],[-0.7522,51.08645],[-0.75325,51.08945],[-0.74955,51.0914],[-0.7495,51.09215],[-0.746,51.0923],[-0.74535,51.0916],[-0.7417,51.09095],[-0.741,51.09225],[-0.74125,51.09485],[-0.73855,51.09555],[-0.73315,51.0951],[-0.7312,51.0965],[-0.73075,51.0984],[-0.72895,51.0987],[-0.7277,51.09805],[-0.7232,51.0975],[-0.7214,51.0967],[-0.7196,51.0966],[-0.7165,51.09565],[-0.7151,51.0967],[-0.71455,51.0979],[-0.71245,51.09925],[-0.70875,51.0989],[-0.70455,51.09795],[-0.7016,51.09665],[-0.6999,51.0963],[-0.6993,51.0977],[-0.69675,51.0986],[-0.6955,51.0978],[-0.69405,51.0984],[-0.6927,51.09755],[-0.69455,51.0964],[-0.6941,51.09505],[-0.69525,51.09425],[-0.69765,51.09425],[-0.69785,51.0915],[-0.70065,51.08905],[-0.7013,51.08895],[-0.70535,51.08995],[-0.707,51.0899],[-0.70805,51.08775],[-0.7066,51.0873],[-0.7056,51.08795],[-0.70245,51.08705],[-0.7034,51.0858],[-0.70265,51.08485],[-0.70395,51.08435],[-0.7047,51.08295],[-0.7042,51.08185],[-0.70245,51.08135],[-0.70005,51.08015],[-0.70145,51.0792],[-0.70425,51.08045],[-0.706,51.08025],[-0.709,51.08025],[-0.7118,51.08065],[-0.7134,51.0813],[-0.7188,51.08145],[-0.7195,51.08305],[-0.72165,51.0835],[-0.7231,51.0834],[-0.72375,51.0853],[-0.72495,51.08565]]]]},"properties":{"kind":"aonb","name":"Surrey Hills"}},{"type":"Feature","geometry":{"type":"MultiPolygon","coordinates":[[[[-4.28655,50.36935],[-4.28515,50.3677],[-4.28245,50.3662],[-4.2809,50.36435],[-4.2775,50.36455],[-4.2755,50.36375],[-4.274,50.3643],[-4.26895,50.36495],[-4.26525,50.3657],[-4.26,50.3655],[-4.25695,50.3677],[-4.2555,50.3683],[-4.25345,50.3674],[-4.25135,50.3686],[-4.24975,50.36895],[-4.24905,50.3704],[-4.2461,50.371],[-4.23995,50.3734],[-4.23375,50.37695],[-4.23025,50.3783],[-4.2234,50.38035],[-4.2199,50.38115],[-4.21815,50.3823],[-4.2164,50.3828],[-4.21325,50.3831],[-4.2147,50.3848],[-4.2136,50.386],[-4.2138,50.38675],[-4.2107,50.3868],[-4.2084,50.3874],[-4.20875,50.38985],[-4.20805,50.3906],[-4.21015,50.40145],[-4.2134,50.4017],[-4.21495,50.40035],[-4.21685,50.4011],[-4.2196,50.4016],[-4.22335,50.4013],[-4.22365,50.4022],[-4.22685,50.40195],[-4.23095,50.40215],[-4.2337,50.40285],[-4.2356,50.40235],[-4.23925,50.40445],[-4.24295,50.40465],[-4.24655,50.40375],[-4.24835,50.40395],[-4.24985,50.4033],[-4.25295,50.4053],[-4.259,50.4078],[-4.2619,50.41135],[-4.2627,50.4142],[-4.2642,50.41525],[-4.26405,50.4168],[-4.26275,50.41725],[-4.26325,50.4211],[-4.2655,50.42365],[-4.26745,50.42455],[-4.27275,50.42485],[-4.2777,50.42425],[-4.2813,50.4246],[-4.28435,50.424],[-4.28535,50.4229],[-4.28385,50.42245],[-4.28305,50.42105],[-4.28465,50.4204],[-4.28435,50.41975],[-4.289,50.41935],[-4.2868,50.4164],[-4.28535,50.4156],[-4.28925,50.4149],[-4.2928,50.41485],[-4.2931,50.41335],[-4.29245,50.41205],[-4.2952,50.4118],[-4.2975,50.4121],[-4.29905,50.41365],[-4.30055,50.4135],[-4.30395,50.4135],[-4.30755,50.41425],[-4.3096,50.4155],[-4.3101,50.41665],[-4.31435,50.41655],[-4.31615,50.4158],[-4.32035,50.41625],[-4.3223,50.41565],[-4.32345,50.4141],[-4.326,50.414],[-4.32685,50.41195],[-4.32975,50.41275],[-4.33205,50.41255],[-4.33205,50.41175],[-4.3305,50.4108],[-4.3315,50.4065],[-4.33,50.40555],[-4.3308,50.40385],[-4.32725,50.4008],[-4.3292,50.3992],[-4.3294,50.3968],[-4.3284,50.39635],[-4.32515,50.38895],[-4.32235,50.3889],[-4.32025,50.38775],[-4.3195,50.3864],[-4.31605,50.3853],[-4.31395,50.38125],[-4.3133,50.37895],[-4.31175,50.3772],[-4.31075,50.3754],[-4.3087,50.37445],[-4.3053,50.37435],[-4.29975,50.37325],[-4.2957,50.3734],[-4.2939,50.372],[-4.29275,50.37225],[-4.28705,50.37145],[-4.28655,50.36935]]],[[[-4.2996,50.54155],[-4.30155,50.542],[-4.3024,50.54075],[-4.3012,50.538],[-4.2985,50.5343],[-4.2975,50.53255],[-4.3001,50.5312],[-4.29695,50.5303],[-4.2949,50.52825],[-4.2969,50.52815],[-4.30745,50.52445],[-4.3095,50.5225],[-4.31035,50.5207],[-4.30985,50.51745],[-4.31195,50.5165],[-4.3117,50.5147],[-4.30785,50.5118],[-4.3033,50.51035],[-4.2973,50.50965],[-4.2947,50.5098],[-4.28725,50.51065],[-4.28625,50.5123],[-4.27605,50.5152],[-4.27325,50.5163],[-4.26975,50.51685],[-4.2713,50.5183],[-4.26975,50.52005],[-4.267,50.52125],[-4.2613,50.52185],[-4.25605,50.52385],[-4.2496,50.5258],[-4.24645,50.527],[-4.2434,50.527],[-4.23805,50.5253],[-4.23605,50.52525],[-4.234,50.5258],[-4.23155,50.526],[-4.2286,50.5253],[-4.2263,50.52385],[-4.22395,50.5208],[-4.221,50.5188],[-4.2191,50.51535],[-4.21965,50.5137],[-4.2219,50.5143],[-4.22385,50.5119],[-4.22515,50.5117],[-4.22495,50.5094],[-4.2268,50.5096],[-4.2266,50.5108],[-4.2298,50.51155],[-4.23185,50.5104],[-4.23705,50.5092],[-4.23625,50.5072],[-4.23735,50.5059],[-4.23575,50.50475],[-4.23515,50.5002],[-4.23675,50.49955],[-4.24025,50.499],[-4.2423,50.49915],[-4.2438,50.50005],[-4.25055,50.49715],[-4.25275,50.4978],[-4.25525,50.4978],[-4.2577,50.4968],[-4.2578,50.4949],[-4.2622,50.49205],[-4.26265,50.49015],[-4.2602,50.4892],[-4.2591,50.48985],[-4.25445,50.49055],[-4.2534,50.48915],[-4.24995,50.4872],[-4.2498,50.4862],[-4.25175,50.4861],[-4.2574,50.48385],[-4.2589,50.48375],[-4.2651,50.48215],[-4.2668,50.48115],[-4.2683,50.481],[-4.27135,50.47895],[-4.2749,50.47795],[-4.27585,50.47735],[-4.27385,50.4747],[-4.27255,50.4722],[-4.27075,50.4703],[-4.2693,50.46715],[-4.26945,50.46515],[-4.26765,50.46385],[-4.2624,50.4608],[-4.26035,50.45915],[-4.25795,50.45645],[-4.25565,50.45585],[-4.25575,50.45405],[-4.2534,50.45425],[-4.2519,50.45295],[-4.2496,50.45415],[-4.2447,50.45285],[-4.24115,50.45095],[-4.23625,50.44985],[-4.23405,50.4498],[-4.22985,50.449],[-4.22645,50.4472],[-4.2249,50.4459],[-4.2277,50.44505],[-4.2318,50.4428],[-4.2324,50.4418],[-4.23455,50.44065],[-4.2362,50.44155],[-4.2394,50.43865],[-4.24265,50.4347],[-4.24295,50.43395],[-4.2451,50.43295],[-4.2458,50.4335],[-4.2505,50.4328],[-4.2525,50.43355],[-4.2543,50.43335],[-4.2558,50.43155],[-4.2553,50.43065],[-4.2559,50.42855],[-4.2536,50.4271],[-4.2485,50.4258],[-4.24315,50.42375],[-4.2379,50.42335],[-4.23755,50.4242],[-4.2359,50.4254],[-4.2322,50.4239],[-4.23205,50.42245],[-4.23075,50.4206],[-4.229,50.42095],[-4.2274,50.41965],[-4.22485,50.4207],[-4.2234,50.42225],[-4.22145,50.42335],[-4.2216,50.4249],[-4.21885,50.42505],[-4.2179,50.4258],[-4.21515,50.4262],[-4.21165,50.4263],[-4.21005,50.4256],[-4.1928,50.4241],[-4.1923,50.42465],[-4.1901,50.4246],[-4.18875,50.424],[-4.1866,50.4238],[-4.1848,50.4228],[-4.18365,50.42325],[-4.1812,50.42325],[-4.1796,50.42275],[-4.17955,50.42275],[-4.1779,50.42215],[-4.1757,50.4219],[-4.17425,50.4224],[-4.17105,50.42255],[-4.16985,50.4217],[-4.16795,50.42335],[-4.16635,50.42405],[-4.1641,50.42645],[-4.16385,50.4277],[-4.1654,50.43],[-4.16015,50.4313],[-4.15695,50.4335],[-4.1538,50.4344],[-4.15395,50.4365],[-4.1451,50.43795],[-4.14335,50.43765],[-4.14255,50.43915],[-4.1397,50.4406],[-4.13665,50.4407],[-4.1334,50.4412],[-4.12775,50.44315],[-4.12485,50.4439],[-4.1205,50.4473],[-4.1197,50.4486],[-4.1186,50.44825],[-4.1154,50.45035],[-4.11375,50.4498],[-4.1083,50.4494],[-4.1076,50.4519],[-4.1082,50.45445],[-4.1104,50.45405],[-4.1093,50.45675],[-4.1096,50.45935],[-4.10855,50.46325],[-4.1109,50.46665],[-4.1132,50.46955],[-4.11435,50.4704],[-4.11185,50.471],[-4.10875,50.47045],[-4.1071,50.4696],[-4.10515,50.4702],[-4.10325,50.47],[-4.102,50.4704],[-4.09955,50.47295],[-4.09755,50.47555],[-4.0969,50.47715],[-4.09525,50.47845],[-4.0943,50.4801],[-4.094,50.48295],[-4.096,50.483],[-4.09695,50.484],[-4.09755,50.4861],[-4.09635,50.48775],[-4.09765,50.49035],[-4.0999,50.48945],[-4.10045,50.4914],[-4.10275,50.49195],[-4.10775,50.49095],[-4.111,50.49085],[-4.1075,50.4926],[-4.106,50.4946],[-4.1073,50.49615],[-4.10755,50.4981],[-4.1085,50.4999],[-4.10795,50.5002],[-4.11035,50.5019],[-4.11095,50.50135],[-4.11325,50.50175],[-4.11155,50.5028],[-4.11505,50.50405],[-4.12085,50.5052],[-4.119,50.50705],[-4.1214,50.50705],[-4.1219,50.508],[-4.12545,50.5076],[-4.1267,50.508],[-4.12965,50.5076],[-4.12965,50.5084],[-4.13205,50.5083],[-4.13525,50.5075],[-4.13585,50.50815],[-4.14135,50.507],[-4.1409,50.5059],[-4.1452,50.50445],[-4.14705,50.5036],[-4.1474,50.50255],[-4.14645,50.5007],[-4.14965,50.50045],[-4.15015,50.50155],[-4.14925,50.5034],[-4.1508,50.50415],[-4.15205,50.50395],[-4.15255,50.50525],[-4.1568,50.507],[-4.1547,50.508],[-4.15515,50.509],[-4.1534,50.50915],[-4.1496,50.50845],[-4.1455,50.50945],[-4.1442,50.5107],[-4.14005,50.51085],[-4.1368,50.512],[-4.1328,50.5152],[-4.13435,50.5171],[-4.1335,50.519],[-4.13155,50.5189],[-4.12985,50.52205],[-4.1295,50.5235],[-4.1332,50.52305],[-4.1355,50.52415],[-4.13995,50.5254],[-4.14165,50.5261],[-4.14675,50.53085],[-4.1471,50.53355],[-4.1552,50.53265],[-4.15735,50.5326],[-4.16535,50.53325],[-4.1668,50.53305],[-4.16795,50.5345],[-4.1699,50.53615],[-4.17295,50.53725],[-4.1748,50.53725],[-4.1766,50.53615],[-4.18115,50.53465],[-4.18495,50.5328],[-4.1869,50.53235],[-4.1888,50.5328],[-4.1914,50.53405],[-4.19285,50.5343],[-4.1935,50.5357],[-4.1962,50.53855],[-4.1971,50.5407],[-4.19875,50.54205],[-4.2009,50.54475],[-4.2012,50.5466],[-4.20335,50.54985],[-4.2078,50.5546],[-4.2102,50.5585],[-4.21075,50.56095],[-4.21015,50.57025],[-4.2105,50.5747],[-4.21235,50.5755],[-4.2138,50.57815],[-4.21565,50.57865],[-4.2179,50.5775],[-4.21975,50.5772],[-4.2217,50.57845],[-4.2312,50.58255],[-4.23475,50.58365],[-4.24355,50.58545],[-4.24465,50.5869],[-4.24785,50.5887],[-4.25395,50.59005],[-4.2579,50.59],[-4.2596,50.5903],[-4.2593,50.59255],[-4.26155,50.59345],[-4.2646,50.5934],[-4.26755,50.5939],[-4.2715,50.59495],[-4.276,50.5955],[-4.2791,50.59545],[-4.28635,50.5961],[-4.29085,50.5978],[-4.29555,50.5981],[-4.30025,50.59885],[-4.30015,50.6002],[-4.3011,50.6008],[-4.30335,50.60055],[-4.3051,50.5996],[-4.3075,50.59985],[-4.30835,50.59795],[-4.31055,50.5982],[-4.3124,50.59905],[-4.31575,50.59925],[-4.3155,50.59745],[-4.31455,50.5961],[-4.3148,50.59475],[-4.31625,50.5947],[-4.31765,50.5937],[-4.31825,50.5918],[-4.32045,50.59105],[-4.31995,50.58865],[-4.3201,50.58665],[-4.31875,50.58565],[-4.3182,50.58445],[-4.3181,50.5819],[-4.31735,50.58],[-4.31665,50.5774],[-4.31775,50.5747],[-4.31735,50.57345],[-4.31985,50.5709],[-4.3188,50.569],[-4.3188,50.5674],[-4.31615,50.56575],[-4.31165,50.56515],[-4.3065,50.5641],[-4.3029,50.56365],[-4.2979,50.5622],[-4.29865,50.5604],[-4.30185,50.5564],[-4.3005,50.5539],[-4.2988,50.5527],[-4.29565,50.5492],[-4.294,50.54655],[-4.29595,50.5462],[-4.2993,50.5445],[-4.2991,50.54245],[-4.2996,50.54155]]]]},"properties":{"kind":"aonb","name":"Tamar Valley"}},{"type":"Feature","geometry":{"type":"Polygon","coordinates":[[[-2.92835,52.3698],[-2.92625,52.3741],[-2.9297,52.3755],[-2.92885,52.3773],[-2.9281,52.3801],[-2.9282,52.3829],[-2.92865,52.38545],[-2.92855,52.3874],[-2.92975,52.38995],[-2.92975,52.3928],[-2.931,52.39515],[-2.9312,52.3965],[-2.93325,52.397],[-2.9331,52.39785],[-2.9276,52.3998],[-2.9264,52.40165],[-2.9241,52.4022],[-2.9227,52.40355],[-2.92125,52.4041],[-2.9171,52.4045],[-2.9093,52.40425],[-2.9052,52.40465],[-2.9024,52.4044],[-2.89975,52.40295],[-2.89655,52.40835],[-2.89435,52.415],[-2.8926,52.41775],[-2.8934,52.41975],[-2.89505,52.42035],[-2.89445,52.4227],[-2.89495,52.4244],[-2.89645,52.4258],[-2.89695,52.42895],[-2.8964,52.42985],[-2.8945,52.43005],[-2.8937,52.4293],[-2.89115,52.42895],[-2.8851,52.4296],[-2.88155,52.4306],[-2.87985,52.43145],[-2.87495,52.43245],[-2.873,52.4331],[-2.8695,52.43485],[-2.86865,52.4363],[-2.86535,52.43825],[-2.8633,52.4404],[-2.85865,52.44345],[-2.8574,52.44515],[-2.8558,52.44605],[-2.8541,52.4482],[-2.85375,52.4504],[-2.8519,52.4526],[-2.85065,52.455],[-2.8465,52.45905],[-2.84525,52.46065],[-2.84305,52.4615],[-2.84,52.46165],[-2.83735,52.4632],[-2.8374,52.46445],[-2.83225,52.46325],[-2.8304,52.46255],[-2.8266,52.4602],[-2.8277,52.4595],[-2.83,52.4591],[-2.8299,52.45705],[-2.8282,52.45565],[-2.82995,52.45395],[-2.8332,52.45245],[-2.83225,52.4482],[-2.83125,52.4457],[-2.8298,52.44485],[-2.82875,52.44335],[-2.8284,52.44175],[-2.82645,52.4403],[-2.8252,52.4388],[-2.8235,52.4356],[-2.8236,52.4323],[-2.8246,52.4316],[-2.82555,52.42905],[-2.82685,52.4312],[-2.8285,52.432],[-2.83015,52.4312],[-2.83405,52.43085],[-2.83255,52.42705],[-2.8301,52.4238],[-2.82705,52.4212],[-2.81885,52.41595],[-2.8044,52.40735],[-2.80205,52.40995],[-2.80135,52.4116],[-2.79825,52.4142],[-2.79875,52.4181],[-2.79825,52.42175],[-2.7966,52.42895],[-2.79545,52.4327],[-2.7958,52.43545],[-2.7951,52.4369],[-2.7956,52.43965],[-2.7965,52.4406],[-2.7939,52.44095],[-2.7902,52.4422],[-2.786,52.4431],[-2.77945,52.4438],[-2.7698,52.44575],[-2.7675,52.4468],[-2.7662,52.4482],[-2.76285,52.45065],[-2.7616,52.4522],[-2.75975,52.45365],[-2.7576,52.4544],[-2.7548,52.45605],[-2.75275,52.4569],[-2.7498,52.45765],[-2.74765,52.4585],[-2.7427,52.4616],[-2.7385,52.4631],[-2.73275,52.4656],[-2.7318,52.46775],[-2.7259,52.4712],[-2.72,52.4742],[-2.7181,52.4766],[-2.71525,52.47825],[-2.71045,52.4802],[-2.7048,52.48305],[-2.69705,52.4862],[-2.69325,52.4876],[-2.69155,52.4893],[-2.69075,52.4912],[-2.6871,52.4961],[-2.68415,52.49925],[-2.68105,52.5004],[-2.677,52.5029],[-2.6759,52.50385],[-2.67465,52.50375],[-2.67375,52.50225],[-2.67125,52.50045],[-2.67245,52.5],[-2.67135,52.4973],[-2.67025,52.4965],[-2.6696,52.4948],[-2.6682,52.4941],[-2.6649,52.4902],[-2.66285,52.4886],[-2.6647,52.48705],[-2.66015,52.4843],[-2.65875,52.4831],[-2.6542,52.4815],[-2.6546,52.479],[-2.6579,52.47725],[-2.66025,52.4741],[-2.6623,52.47345],[-2.6664,52.47255],[-2.6712,52.4719],[-2.6716,52.4688],[-2.6724,52.4669],[-2.6716,52.465],[-2.6699,52.46345],[-2.66995,52.4626],[-2.67245,52.46215],[-2.6735,52.461],[-2.6765,52.4599],[-2.67905,52.4597],[-2.6841,52.45875],[-2.68765,52.45965],[-2.6915,52.4598],[-2.6932,52.4595],[-2.69465,52.45845],[-2.6961,52.4559],[-2.70255,52.4521],[-2.7057,52.45075],[-2.70935,52.4481],[-2.7121,52.4434],[-2.7144,52.44385],[-2.7207,52.44125],[-2.72305,52.43985],[-2.72465,52.43795],[-2.7281,52.4359],[-2.7287,52.43435],[-2.7289,52.43195],[-2.72975,52.42895],[-2.73115,52.42795],[-2.7316,52.427],[-2.73125,52.42495],[-2.7317,52.424],[-2.73105,52.4212],[-2.7313,52.41835],[-2.73205,52.41665],[-2.73215,52.4132],[-2.7314,52.41135],[-2.7311,52.4086],[-2.72905,52.4047],[-2.7289,52.403],[-2.7281,52.4016],[-2.7234,52.39655],[-2.72105,52.39525],[-2.71675,52.3916],[-2.71265,52.38745],[-2.713,52.3864],[-2.7148,52.38455],[-2.712,52.3853],[-2.7062,52.3864],[-2.7024,52.3865],[-2.70035,52.38775],[-2.69795,52.38835],[-2.69395,52.38785],[-2.6912,52.38675],[-2.6919,52.3862],[-2.69025,52.3848],[-2.68005,52.38795],[-2.67945,52.38865],[-2.6743,52.38995],[-2.67055,52.39355],[-2.6679,52.3948],[-2.66395,52.39785],[-2.6634,52.4008],[-2.66035,52.40365],[-2.6566,52.4055],[-2.65475,52.4027],[-2.65345,52.4012],[-2.6489,52.3988],[-2.64765,52.3987],[-2.64585,52.39735],[-2.6454,52.39615],[-2.6462,52.39395],[-2.64565,52.39285],[-2.64385,52.39315],[-2.6401,52.3917],[-2.639,52.3908],[-2.63655,52.39],[-2.6315,52.3894],[-2.63065,52.38845],[-2.63025,52.3845],[-2.6307,52.3829],[-2.6296,52.3816],[-2.62945,52.3803],[-2.6271,52.38015],[-2.62645,52.3781],[-2.62995,52.37605],[-2.63145,52.37475],[-2.6316,52.3737],[-2.62855,52.37285],[-2.6263,52.3714],[-2.62405,52.37105],[-2.625,52.3685],[-2.6246,52.3651],[-2.6262,52.3622],[-2.62615,52.3611],[-2.6271,52.3588],[-2.62875,52.35805],[-2.6257,52.3556],[-2.6232,52.35455],[-2.6197,52.3553],[-2.6141,52.3559],[-2.61275,52.3571],[-2.6105,52.35805],[-2.6041,52.3585],[-2.5988,52.35905],[-2.59405,52.3571],[-2.5901,52.35755],[-2.58815,52.35815],[-2.58385,52.36125],[-2.5833,52.3631],[-2.5808,52.36395],[-2.57925,52.36495],[-2.57935,52.36655],[-2.5773,52.36655],[-2.57535,52.3682],[-2.5735,52.37055],[-2.57385,52.37285],[-2.57225,52.37405],[-2.5728,52.3751],[-2.5699,52.37715],[-2.5679,52.3774],[-2.566,52.37715],[-2.56525,52.3781],[-2.56895,52.38105],[-2.56555,52.38225],[-2.5631,52.38475],[-2.55975,52.3859],[-2.55905,52.38715],[-2.55475,52.38975],[-2.5525,52.393],[-2.55225,52.39465],[-2.54855,52.4022],[-2.5382,52.40705],[-2.53735,52.40905],[-2.5366,52.4119],[-2.53735,52.41295],[-2.53675,52.41415],[-2.5365,52.41775],[-2.53525,52.42],[-2.53185,52.42205],[-2.5287,52.42345],[-2.5287,52.42665],[-2.52975,52.428],[-2.53425,52.4322],[-2.53775,52.4348],[-2.5413,52.43545],[-2.54505,52.441],[-2.54795,52.44195],[-2.55115,52.4424],[-2.55715,52.44235],[-2.5629,52.44265],[-2.5659,52.4434],[-2.56975,52.4462],[-2.57175,52.4471],[-2.57375,52.45175],[-2.5716,52.4546],[-2.5692,52.45655],[-2.5678,52.45825],[-2.56595,52.45945],[-2.5646,52.46235],[-2.5629,52.46245],[-2.5617,52.46465],[-2.55965,52.47175],[-2.5584,52.47275],[-2.55755,52.47625],[-2.5589,52.4777],[-2.5588,52.47855],[-2.56005,52.47925],[-2.5611,52.4808],[-2.56195,52.481],[-2.56455,52.48305],[-2.56785,52.4844],[-2.57,52.4849],[-2.57205,52.48625],[-2.57715,52.4904],[-2.57855,52.49095],[-2.5762,52.49345],[-2.5738,52.4969],[-2.57325,52.4997],[-2.5775,52.4989],[-2.57865,52.50095],[-2.5776,52.5019],[-2.5779,52.5045],[-2.57685,52.5078],[-2.5764,52.5112],[-2.57805,52.51275],[-2.5766,52.5162],[-2.5766,52.5175],[-2.5754,52.5193],[-2.5751,52.52095],[-2.5753,52.5231],[-2.57415,52.52465],[-2.57765,52.5267],[-2.58015,52.52945],[-2.58285,52.53025],[-2.5861,52.5305],[-2.59065,52.53235],[-2.5914,52.5329],[-2.5947,52.53255],[-2.5966,52.53445],[-2.5988,52.5354],[-2.6018,52.5355],[-2.6056,52.53655],[-2.61315,52.53785],[-2.6175,52.53955],[-2.62335,52.54],[-2.6263,52.54185],[-2.6289,52.54305],[-2.6297,52.54415],[-2.63305,52.54525],[-2.6368,52.54785],[-2.6375,52.55205],[-2.64055,52.5528],[-2.6388,52.557],[-2.637,52.5601],[-2.63535,52.56385],[-2.63335,52.5655],[-2.62835,52.5682],[-2.6253,52.57015],[-2.62,52.57265],[-2.61485,52.57445],[-2.6081,52.576],[-2.6054,52.5772],[-2.60185,52.5801],[-2.5992,52.5816],[-2.602,52.5834],[-2.59725,52.5847],[-2.59505,52.5858],[-2.59185,52.58865],[-2.5883,52.5911],[-2.58695,52.59245],[-2.58795,52.59325],[-2.58255,52.59605],[-2.57955,52.59805],[-2.5771,52.5992],[-2.57115,52.6033],[-2.5689,52.60505],[-2.56235,52.6081],[-2.55865,52.6087],[-2.5589,52.60755],[-2.55825,52.606],[-2.55675,52.60525],[-2.5553,52.60595],[-2.55005,52.6074],[-2.5473,52.60905],[-2.5461,52.6102],[-2.54515,52.6125],[-2.54535,52.6151],[-2.5436,52.6165],[-2.53995,52.61765],[-2.53805,52.6205],[-2.53755,52.6225],[-2.53765,52.6252],[-2.5365,52.62795],[-2.53355,52.63075],[-2.5288,52.6326],[-2.52585,52.6354],[-2.5258,52.637],[-2.5279,52.63745],[-2.5328,52.6376],[-2.53805,52.63885],[-2.54055,52.63995],[-2.5451,52.64035],[-2.5487,52.64105],[-2.54875,52.64285],[-2.55035,52.64495],[-2.5506,52.64615],[-2.5481,52.6472],[-2.5475,52.64825],[-2.5478,52.6501],[-2.54575,52.65085],[-2.5448,52.65175],[-2.54515,52.65315],[-2.54625,52.6536],[-2.548,52.6555],[-2.54635,52.65645],[-2.5454,52.6584],[-2.54535,52.659],[-2.54285,52.6609],[-2.5426,52.6628],[-2.54095,52.664],[-2.5388,52.66305],[-2.5376,52.6646],[-2.53735,52.6666],[-2.53295,52.6692],[-2.53235,52.6712],[-2.5332,52.6725],[-2.53155,52.67655],[-2.52795,52.67535],[-2.5265,52.6756],[-2.52215,52.67765],[-2.52015,52.67825],[-2.5191,52.6774],[-2.52155,52.6751],[-2.52455,52.6734],[-2.51925,52.67365],[-2.5171,52.67525],[-2.51385,52.6741],[-2.50805,52.6735],[-2.50435,52.672],[-2.50235,52.67265],[-2.50705,52.676],[-2.5091,52.6777],[-2.51035,52.6796],[-2.5129,52.68115],[-2.51355,52.68635],[-2.5154,52.687],[-2.5181,52.6872],[-2.52035,52.68925],[-2.5247,52.68925],[-2.52835,52.6863],[-2.5332,52.6842],[-2.53525,52.6825],[-2.53675,52.6806],[-2.53945,52.6795],[-2.54065,52.68075],[-2.54215,52.68045],[-2.54525,52.67925],[-2.5486,52.677],[-2.5503,52.67765],[-2.5541,52.67655],[-2.5561,52.67545],[-2.55715,52.6739],[-2.55935,52.67265],[-2.56215,52.6722],[-2.56345,52.67125],[-2.56415,52.66995],[-2.574,52.672],[-2.57405,52.67105],[-2.5752,52.6701],[-2.57335,52.6692],[-2.5706,52.6691],[-2.5643,52.6684],[-2.56525,52.667],[-2.5669,52.6672],[-2.5687,52.66535],[-2.5712,52.66605],[-2.5742,52.6621],[-2.5769,52.6611],[-2.5821,52.6602],[-2.5801,52.65855],[-2.58065,52.65655],[-2.5804,52.65355],[-2.57955,52.65295],[-2.5815,52.65175],[-2.5817,52.6504],[-2.57835,52.64795],[-2.57775,52.6464],[-2.5761,52.64425],[-2.57755,52.64295],[-2.5804,52.642],[-2.5808,52.641],[-2.5822,52.64075],[-2.58245,52.63975],[-2.58095,52.63895],[-2.5827,52.6383],[-2.5824,52.6355],[-2.58005,52.634],[-2.5814,52.63235],[-2.58165,52.63055],[-2.5805,52.6289],[-2.5787,52.6276],[-2.57825,52.62475],[-2.57995,52.6247],[-2.5838,52.6233],[-2.58215,52.62275],[-2.57875,52.62085],[-2.5768,52.6194],[-2.57145,52.61685],[-2.57385,52.61525],[-2.57475,52.614],[-2.57745,52.6141],[-2.58005,52.6126],[-2.5819,52.61105],[-2.5844,52.6106],[-2.5818,52.60865],[-2.5824,52.60765],[-2.58435,52.6077],[-2.58695,52.60695],[-2.5895,52.60765],[-2.5922,52.6063],[-2.5933,52.6042],[-2.59415,52.6038],[-2.59725,52.6036],[-2.59915,52.6025],[-2.6025,52.60175],[-2.60355,52.60025],[-2.60355,52.59785],[-2.6044,52.59725],[-2.60805,52.59725],[-2.61085,52.59615],[-2.61105,52.5946],[-2.6128,52.59285],[-2.6163,52.592],[-2.618,52.5908],[-2.62205,52.58955],[-2.62425,52.5873],[-2.62715,52.58655],[-2.63095,52.58405],[-2.63435,52.58265],[-2.6355,52.5813],[-2.6409,52.58175],[-2.64445,52.58025],[-2.6453,52.57755],[-2.64755,52.57625],[-2.6577,52.5738],[-2.65755,52.5713],[-2.6579,52.5705],[-2.65745,52.5686],[-2.6545,52.5662],[-2.65325,52.5661],[-2.64985,52.5647],[-2.64825,52.563],[-2.645,52.5613],[-2.64525,52.56005],[-2.6468,52.55925],[-2.6503,52.55825],[-2.65325,52.55635],[-2.6522,52.555],[-2.6544,52.5532],[-2.6566,52.5527],[-2.6602,52.5534],[-2.6613,52.5562],[-2.6625,52.55655],[-2.6651,52.5559],[-2.6712,52.55885],[-2.67445,52.5582],[-2.6758,52.55865],[-2.67395,52.56065],[-2.67835,52.56105],[-2.6817,52.5609],[-2.685,52.5625],[-2.68575,52.5635],[-2.68445,52.56455],[-2.6825,52.5685],[-2.68165,52.57235],[-2.6798,52.5757],[-2.6784,52.577],[-2.678,52.5814],[-2.67625,52.58315],[-2.67095,52.5848],[-2.66835,52.5866],[-2.66655,52.5885],[-2.6643,52.59015],[-2.6623,52.5909],[-2.662,52.59185],[-2.6606,52.5928],[-2.6625,52.5947],[-2.66485,52.5942],[-2.6678,52.5921],[-2.66865,52.5905],[-2.67425,52.58905],[-2.6785,52.5874],[-2.68335,52.58715],[-2.6841,52.58795],[-2.689,52.58605],[-2.6918,52.5856],[-2.6947,52.5847],[-2.70235,52.58145],[-2.70425,52.5808],[-2.7049,52.58155],[-2.7028,52.58225],[-2.7022,52.58295],[-2.7026,52.5849],[-2.7015,52.5871],[-2.6976,52.5901],[-2.69415,52.59465],[-2.69515,52.59505],[-2.6969,52.59395],[-2.69895,52.59455],[-2.7026,52.5934],[-2.70545,52.59325],[-2.7071,52.5939],[-2.712,52.59325],[-2.7142,52.5935],[-2.7154,52.5945],[-2.72515,52.59075],[-2.7265,52.59105],[-2.7276,52.58925],[-2.72785,52.58735],[-2.73165,52.58735],[-2.7356,52.5856],[-2.73795,52.58425],[-2.74475,52.5794],[-2.7473,52.5771],[-2.75115,52.5743],[-2.75245,52.57305],[-2.75515,52.57115],[-2.7577,52.5688],[-2.75915,52.567],[-2.7609,52.56665],[-2.76025,52.56575],[-2.7604,52.5643],[-2.76265,52.56315],[-2.7645,52.56345],[-2.76695,52.56275],[-2.77105,52.5625],[-2.773,52.56105],[-2.77645,52.5596],[-2.7802,52.5589],[-2.7829,52.55985],[-2.7876,52.5606],[-2.78615,52.56395],[-2.78805,52.56405],[-2.78875,52.5648],[-2.7874,52.567],[-2.78745,52.56795],[-2.78635,52.5713],[-2.7867,52.5718],[-2.7897,52.57365],[-2.79185,52.57295],[-2.7926,52.5718],[-2.795,52.5714],[-2.7971,52.57025],[-2.80165,52.5698],[-2.8053,52.5701],[-2.8068,52.57115],[-2.8067,52.57315],[-2.8083,52.5753],[-2.8101,52.57585],[-2.8103,52.5774],[-2.80975,52.5799],[-2.8102,52.58075],[-2.80765,52.58125],[-2.80875,52.58325],[-2.80985,52.584],[-2.80815,52.58675],[-2.8064,52.58755],[-2.8091,52.5913],[-2.8091,52.5925],[-2.81265,52.5937],[-2.8141,52.5956],[-2.81795,52.59795],[-2.8118,52.6022],[-2.81575,52.6036],[-2.8184,52.60375],[-2.8201,52.6043],[-2.8207,52.6057],[-2.82215,52.60665],[-2.82495,52.6065],[-2.82795,52.6072],[-2.83045,52.60645],[-2.83305,52.6093],[-2.8351,52.60985],[-2.83945,52.6126],[-2.84175,52.6155],[-2.84315,52.61585],[-2.8438,52.61995],[-2.84505,52.62295],[-2.84385,52.62505],[-2.84605,52.6273],[-2.8494,52.6271],[-2.85,52.6301],[-2.8491,52.63115],[-2.85025,52.63315],[-2.85285,52.63455],[-2.8543,52.63605],[-2.85275,52.6382],[-2.85375,52.6394],[-2.8539,52.6432],[-2.8545,52.64515],[-2.8566,52.64595],[-2.857,52.64705],[-2.85575,52.6483],[-2.8556,52.6495],[-2.8562,52.65125],[-2.8561,52.65535],[-2.8629,52.65465],[-2.87245,52.65335],[-2.8752,52.65055],[-2.87395,52.64925],[-2.874,52.64655],[-2.87555,52.64575],[-2.8784,52.6438],[-2.8792,52.6424],[-2.8814,52.6406],[-2.8837,52.64255],[-2.8862,52.6441],[-2.88895,52.6408],[-2.88935,52.6394],[-2.88905,52.6379],[-2.8893,52.6358],[-2.8882,52.63435],[-2.88825,52.63125],[-2.8893,52.6291],[-2.89095,52.62715],[-2.89505,52.6273],[-2.8971,52.62765],[-2.89985,52.62885],[-2.9047,52.63035],[-2.90705,52.6306],[-2.911,52.63235],[-2.9154,52.6321],[-2.9161,52.63085],[-2.9178,52.6294],[-2.9178,52.6281],[-2.92045,52.6251],[-2.9214,52.623],[-2.92315,52.6217],[-2.92395,52.6202],[-2.9254,52.6192],[-2.92645,52.617],[-2.93,52.6114],[-2.9324,52.6088],[-2.93385,52.60825],[-2.93495,52.6066],[-2.93725,52.60705],[-2.9395,52.6069],[-2.93975,52.60805],[-2.93935,52.6106],[-2.93855,52.61125],[-2.93895,52.6124],[-2.9421,52.61405],[-2.94555,52.61305],[-2.9466,52.61405],[-2.9519,52.6139],[-2.9542,52.61295],[-2.95675,52.613],[-2.9553,52.61455],[-2.95315,52.6149],[-2.9525,52.61565],[-2.95165,52.6188],[-2.94955,52.61985],[-2.94535,52.6245],[-2.95155,52.62755],[-2.9511,52.6286],[-2.95325,52.6292],[-2.95525,52.6292],[-2.95915,52.6287],[-2.9611,52.6281],[-2.96475,52.6275],[-2.9663,52.62675],[-2.9699,52.62735],[-2.97215,52.62725],[-2.97475,52.62655],[-2.98035,52.6267],[-2.984,52.6262],[-2.98655,52.6248],[-2.9913,52.625],[-2.99435,52.62455],[-2.9981,52.6245],[-2.9998,52.62355],[-3.00115,52.6217],[-3.0011,52.6205],[-3.00225,52.6194],[-3.0017,52.61795],[-3.00365,52.6168],[-3.00585,52.6169],[-3.00735,52.618],[-3.01155,52.61715],[-3.0152,52.61745],[-3.01915,52.61635],[-3.02185,52.6167],[-3.02255,52.61545],[-3.02485,52.6153],[-3.028,52.6139],[-3.03255,52.6134],[-3.0356,52.6125],[-3.03775,52.611],[-3.03875,52.60855],[-3.0376,52.60745],[-3.03725,52.60565],[-3.0385,52.60285],[-3.0381,52.60105],[-3.03725,52.6008],[-3.03495,52.5987],[-3.0345,52.59675],[-3.0371,52.5931],[-3.0377,52.5914],[-3.03665,52.58885],[-3.03865,52.5878],[-3.03905,52.58575],[-3.04005,52.58355],[-3.04205,52.58205],[-3.0464,52.57655],[-3.0488,52.57515],[-3.04905,52.57165],[-3.04765,52.57095],[-3.0476,52.5694],[-3.0463,52.5685],[-3.0475,52.5663],[-3.04895,52.56555],[-3.05045,52.5638],[-3.04885,52.56305],[-3.04735,52.56375],[-3.04335,52.5682],[-3.04125,52.5689],[-3.0394,52.57035],[-3.0363,52.57185],[-3.0348,52.57215],[-3.02835,52.5729],[-3.02045,52.57465],[-3.01865,52.5745],[-3.01655,52.5752],[-3.01415,52.5754],[-3.0098,52.57445],[-3.008,52.57435],[-3.0063,52.5737],[-3.0053,52.57225],[-3.00335,52.5705],[-3.00315,52.56935],[-3.0006,52.568],[-3.0009,52.5672],[-2.99855,52.5645],[-2.99765,52.5639],[-2.9988,52.5621],[-2.99845,52.56145],[-2.99945,52.55905],[-2.9979,52.5581],[-2.99805,52.5565],[-2.9997,52.5549],[-2.99635,52.5532],[-2.9944,52.55315],[-2.99425,52.5524],[-2.99605,52.54965],[-2.99765,52.54825],[-2.9984,52.5464],[-2.99825,52.54545],[-2.9997,52.54125],[-3.00165,52.53855],[-3.00195,52.53665],[-3.00295,52.5358],[-3.00375,52.5324],[-3.0024,52.53155],[-3.0051,52.52945],[-3.0034,52.5271],[-3.0021,52.5259],[-3.00235,52.52505],[-3.0009,52.524],[-3.00155,52.52245],[-3.00345,52.5216],[-3.00225,52.52105],[-2.99835,52.52115],[-2.992,52.5206],[-2.98835,52.5225],[-2.9897,52.52505],[-2.98895,52.5281],[-2.98325,52.52625],[-2.98205,52.52535],[-2.97525,52.52475],[-2.97375,52.5257],[-2.9685,52.52745],[-2.9645,52.52765],[-2.95955,52.5293],[-2.95435,52.53015],[-2.95195,52.5303],[-2.94425,52.52895],[-2.94125,52.5286],[-2.9395,52.5288],[-2.9365,52.52845],[-2.93265,52.5276],[-2.92915,52.528],[-2.9246,52.52775],[-2.9238,52.5281],[-2.91795,52.52815],[-2.9164,52.53005],[-2.91305,52.5298],[-2.90995,52.5289],[-2.9081,52.5306],[-2.90035,52.5294],[-2.8988,52.5299],[-2.89495,52.53025],[-2.89515,52.5291],[-2.89255,52.523],[-2.89085,52.5205],[-2.8902,52.51715],[-2.88895,52.51595],[-2.8885,52.51445],[-2.889,52.5111],[-2.8906,52.508],[-2.8921,52.5064],[-2.895,52.5025],[-2.8961,52.49905],[-2.9003,52.49435],[-2.90235,52.49275],[-2.9028,52.49075],[-2.90365,52.48925],[-2.90555,52.4875],[-2.9075,52.4867],[-2.90835,52.4852],[-2.9112,52.4828],[-2.9103,52.48155],[-2.91155,52.481],[-2.91455,52.48295],[-2.9148,52.48395],[-2.91805,52.4834],[-2.9202,52.48335],[-2.92675,52.4827],[-2.92965,52.48205],[-2.9326,52.4819],[-2.9357,52.48245],[-2.93895,52.4825],[-2.94165,52.4835],[-2.94295,52.4851],[-2.94575,52.48605],[-2.94925,52.48905],[-2.9541,52.4923],[-2.9572,52.4939],[-2.9606,52.49485],[-2.96665,52.49515],[-2.9672,52.4943],[-2.97235,52.4934],[-2.9731,52.49375],[-2.9762,52.49255],[-2.9753,52.4915],[-2.97875,52.48915],[-2.9812,52.4869],[-2.9825,52.48705],[-2.98755,52.48445],[-2.9889,52.4832],[-2.9915,52.4832],[-2.9926,52.48225],[-2.9943,52.4821],[-2.9967,52.47935],[-3.00155,52.48015],[-3.0037,52.4794],[-3.00415,52.4787],[-3.0072,52.4777],[-3.0105,52.47845],[-3.01175,52.4798],[-3.01475,52.48215],[-3.01555,52.4837],[-3.0178,52.4849],[-3.0227,52.48705],[-3.0248,52.4883],[-3.02665,52.48875],[-3.0314,52.4904],[-3.0332,52.4923],[-3.03525,52.4932],[-3.03695,52.4934],[-3.0378,52.49425],[-3.04435,52.4962],[-3.04565,52.49685],[-3.04755,52.49895],[-3.0519,52.49975],[-3.056,52.5],[-3.05945,52.4996],[-3.0635,52.49985],[-3.06895,52.49955],[-3.0777,52.49925],[-3.07905,52.4989],[-3.08265,52.49885],[-3.08545,52.49855],[-3.08975,52.4992],[-3.0942,52.49925],[-3.0995,52.49975],[-3.1079,52.49935],[-3.1115,52.49885],[-3.11395,52.498],[-3.11495,52.49695],[-3.1172,52.49585],[-3.11785,52.49475],[-3.12065,52.4945],[-3.12505,52.49275],[-3.12885,52.49205],[-3.1361,52.49175],[-3.139,52.49185],[-3.1427,52.49075],[-3.1451,52.4886],[-3.14845,52.48735],[-3.1575,52.48515],[-3.1602,52.4838],[-3.17115,52.4787],[-3.1786,52.47445],[-3.18075,52.4738],[-3.19455,52.4764],[-3.1972,52.47595],[-3.1968,52.4746],[-3.20125,52.47305],[-3.20395,52.4713],[-3.2062,52.47025],[-3.2082,52.4699],[-3.2118,52.4682],[-3.2137,52.46635],[-3.21585,52.46555],[-3.2166,52.46345],[-3.21825,52.46095],[-3.223,52.45715],[-3.22565,52.4561],[-3.22885,52.4541],[-3.2317,52.45315],[-3.2341,52.44955],[-3.2342,52.4485],[-3.2335,52.44615],[-3.23505,52.4449],[-3.2355,52.4426],[-3.2335,52.43985],[-3.2298,52.4399],[-3.22845,52.4391],[-3.22965,52.43835],[-3.22885,52.43675],[-3.23005,52.43535],[-3.22955,52.4339],[-3.2308,52.4319],[-3.2307,52.43025],[-3.2298,52.42975],[-3.22625,52.42945],[-3.22235,52.42685],[-3.2209,52.42505],[-3.2208,52.42365],[-3.21925,52.42205],[-3.21915,52.4211],[-3.21485,52.42025],[-3.2137,52.4197],[-3.2101,52.4192],[-3.20705,52.4183],[-3.2007,52.41705],[-3.19895,52.41695],[-3.1979,52.4158],[-3.19465,52.4145],[-3.19165,52.41455],[-3.19015,52.4135],[-3.188,52.413],[-3.1884,52.41215],[-3.1782,52.40915],[-3.17725,52.4083],[-3.1729,52.40655],[-3.1715,52.4054],[-3.1714,52.4039],[-3.16955,52.40275],[-3.16695,52.40245],[-3.1645,52.40145],[-3.1632,52.4003],[-3.1609,52.40005],[-3.15925,52.398],[-3.1604,52.3961],[-3.1602,52.39535],[-3.16195,52.39385],[-3.1615,52.3921],[-3.16065,52.3913],[-3.1585,52.39155],[-3.1569,52.3899],[-3.1557,52.38965],[-3.15455,52.3877],[-3.1525,52.38735],[-3.14965,52.38815],[-3.1471,52.38725],[-3.1431,52.387],[-3.1367,52.38575],[-3.1346,52.3851],[-3.1336,52.38535],[-3.1293,52.3844],[-3.1279,52.38335],[-3.1271,52.3814],[-3.126,52.38035],[-3.12325,52.3794],[-3.12025,52.37745],[-3.11095,52.3772],[-3.1054,52.37385],[-3.104,52.37365],[-3.102,52.3715],[-3.10155,52.36885],[-3.10075,52.3678],[-3.0985,52.3684],[-3.09755,52.3668],[-3.09525,52.36555],[-3.09505,52.3649],[-3.09215,52.3627],[-3.08715,52.361],[-3.08535,52.36075],[-3.0833,52.35945],[-3.0772,52.3582],[-3.0742,52.3574],[-3.07055,52.35595],[-3.0706,52.3551],[-3.06765,52.3538],[-3.0653,52.35335],[-3.0652,52.3501],[-3.06055,52.3482],[-3.0573,52.34755],[-3.05205,52.34775],[-3.04735,52.34705],[-3.04405,52.34535],[-3.04135,52.34425],[-3.0371,52.3448],[-3.03605,52.3453],[-3.0319,52.3457],[-3.02675,52.3468],[-3.02185,52.34655],[-3.0165,52.3475],[-3.01315,52.3483],[-3.0102,52.34955],[-3.00535,52.349],[-3.00315,52.34955],[-3.00315,52.3506],[-2.99985,52.35175],[-2.9966,52.3519],[-2.9936,52.3507],[-2.99245,52.35155],[-2.99075,52.3517],[-2.98905,52.35095],[-2.98765,52.3514],[-2.98535,52.3512],[-2.9839,52.35295],[-2.98195,52.35215],[-2.97945,52.35255],[-2.9781,52.3541],[-2.9767,52.354],[-2.9752,52.355],[-2.9694,52.355],[-2.96695,52.3553],[-2.9643,52.3562],[-2.95895,52.3586],[-2.9575,52.35885],[-2.9541,52.36045],[-2.9506,52.36085],[-2.9488,52.36175],[-2.94365,52.3613],[-2.942,52.36185],[-2.93965,52.3635],[-2.93705,52.3645],[-2.93365,52.3654],[-2.93125,52.3671],[-2.9293,52.3678],[-2.92835,52.3698]]]},"properties":{"kind":"aonb","name":"Shropshire Hills"}},{"type":"Feature","geometry":{"type":"MultiPolygon","coordinates":[[[[1.28625,52.0767],[1.28775,52.07535],[1.2904,52.0739],[1.2902,52.0714],[1.29375,52.07115],[1.29435,52.0706],[1.29515,52.0677],[1.29785,52.0672],[1.3009,52.06105],[1.3011,52.0594],[1.3031,52.0572],[1.312,52.04915],[1.31335,52.0432],[1.3142,52.042],[1.31585,52.04085],[1.3174,52.04065],[1.3214,52.0406],[1.32205,52.03845],[1.32475,52.03645],[1.32835,52.03275],[1.3316,52.03235],[1.33045,52.03015],[1.33055,52.02855],[1.3351,52.02655],[1.3368,52.0253],[1.3377,52.02305],[1.33545,52.02105],[1.332,52.02065],[1.3258,52.0195],[1.3272,52.0159],[1.3289,52.01585],[1.32985,52.014],[1.3334,52.01385],[1.33465,52.01465],[1.3368,52.0109],[1.33845,52.0092],[1.33915,52.00535],[1.3405,52.00205],[1.34465,52.0019],[1.34425,52.0001],[1.3448,51.99735],[1.3442,51.9958],[1.3462,51.99555],[1.35255,51.9937],[1.3484,51.9909],[1.3494,51.989],[1.3467,51.9882],[1.34475,51.9861],[1.3443,51.98265],[1.347,51.98255],[1.35145,51.98155],[1.35715,51.9817],[1.3578,51.9811],[1.36615,51.98305],[1.36665,51.9824],[1.3689,51.9831],[1.3695,51.98245],[1.37125,51.9779],[1.3729,51.9778],[1.37495,51.97835],[1.38325,51.97625],[1.38915,51.97935],[1.39055,51.98425],[1.39185,51.9818],[1.39545,51.98275],[1.39385,51.98675],[1.3963,51.9874],[1.4038,51.98985],[1.4051,51.9905],[1.4122,51.9935],[1.4191,51.9975],[1.4244,52.0001],[1.4315,52.00475],[1.43485,52.00855],[1.43555,52.0114],[1.43875,52.0172],[1.44245,52.02335],[1.4442,52.0258],[1.4479,52.0297],[1.45035,52.0313],[1.45385,52.03265],[1.45665,52.03585],[1.457,52.03695],[1.4642,52.04115],[1.46525,52.04275],[1.4677,52.0454],[1.4718,52.04875],[1.47585,52.0514],[1.48,52.05345],[1.4848,52.05555],[1.4928,52.05845],[1.49855,52.0603],[1.50355,52.06165],[1.5169,52.0657],[1.5228,52.06735],[1.5306,52.06995],[1.5421,52.0733],[1.5534,52.07645],[1.56135,52.0784],[1.5672,52.08025],[1.57525,52.08335],[1.58005,52.08615],[1.5828,52.08965],[1.58605,52.0986],[1.5892,52.10895],[1.59105,52.1181],[1.59675,52.1339],[1.59735,52.13475],[1.6007,52.1435],[1.6018,52.14695],[1.60415,52.1532],[1.60645,52.1602],[1.60845,52.16495],[1.6117,52.1711],[1.61365,52.17385],[1.616,52.1766],[1.62135,52.1839],[1.62275,52.18705],[1.6231,52.18955],[1.6228,52.1931],[1.62265,52.2006],[1.623,52.2057],[1.62375,52.2106],[1.62395,52.213],[1.62455,52.21525],[1.6251,52.2251],[1.62615,52.2303],[1.62885,52.2378],[1.62925,52.24075],[1.6294,52.2514],[1.6296,52.25795],[1.63015,52.26555],[1.63145,52.2716],[1.6326,52.2751],[1.6342,52.2787],[1.63805,52.28555],[1.6415,52.29115],[1.6435,52.29395],[1.64605,52.2969],[1.651,52.30115],[1.65755,52.3057],[1.66055,52.3076],[1.67035,52.31295],[1.67295,52.3139],[1.6757,52.31335],[1.6775,52.3158],[1.67955,52.3208],[1.6854,52.3303],[1.6871,52.33415],[1.68795,52.33935],[1.6905,52.3457],[1.69295,52.3504],[1.6958,52.3545],[1.69805,52.357],[1.6988,52.3585],[1.70275,52.36425],[1.70475,52.36585],[1.70595,52.3686],[1.71365,52.37945],[1.71735,52.38415],[1.7185,52.3851],[1.7193,52.3867],[1.72245,52.3912],[1.72495,52.3942],[1.72735,52.39795],[1.7286,52.4004],[1.72965,52.40415],[1.72525,52.40425],[1.7231,52.403],[1.71935,52.4037],[1.71785,52.4059],[1.7175,52.40755],[1.7112,52.4077],[1.7095,52.40835],[1.70585,52.40815],[1.7036,52.4099],[1.70195,52.41055],[1.69765,52.41155],[1.69725,52.41355],[1.69785,52.41405],[1.69455,52.4148],[1.69085,52.4183],[1.69325,52.41985],[1.69005,52.42015],[1.68655,52.42185],[1.6835,52.42135],[1.6827,52.4217],[1.681,52.42465],[1.67765,52.4253],[1.67425,52.42485],[1.67395,52.4281],[1.67235,52.4281],[1.6715,52.42935],[1.6682,52.43135],[1.6669,52.4325],[1.66895,52.4334],[1.6671,52.435],[1.66295,52.4358],[1.6599,52.43735],[1.6588,52.4383],[1.6563,52.43885],[1.653,52.43785],[1.6495,52.43625],[1.6437,52.43395],[1.63565,52.43125],[1.62925,52.4311],[1.6258,52.42975],[1.62535,52.4288],[1.62635,52.4271],[1.62855,52.42605],[1.6322,52.4231],[1.63675,52.42315],[1.64025,52.4225],[1.6456,52.4223],[1.64845,52.42145],[1.65285,52.41945],[1.6558,52.41675],[1.65725,52.41605],[1.6671,52.415],[1.6685,52.4139],[1.6718,52.41205],[1.6744,52.409],[1.6791,52.40785],[1.68045,52.4063],[1.6763,52.4043],[1.6743,52.40275],[1.6717,52.3981],[1.6711,52.3963],[1.6719,52.39245],[1.67155,52.39075],[1.67195,52.3888],[1.67515,52.3883],[1.67855,52.38815],[1.67845,52.384],[1.6828,52.38425],[1.68275,52.38145],[1.6817,52.38035],[1.6806,52.37775],[1.67985,52.3778],[1.6784,52.3745],[1.67775,52.37225],[1.6716,52.3725],[1.6699,52.3686],[1.6664,52.3699],[1.66145,52.3709],[1.65745,52.3702],[1.65655,52.36875],[1.65205,52.36585],[1.6478,52.36485],[1.6441,52.36485],[1.64155,52.36385],[1.6391,52.36435],[1.63745,52.3634],[1.63435,52.3624],[1.6308,52.36075],[1.6242,52.3582],[1.62165,52.35595],[1.6205,52.35605],[1.61655,52.3594],[1.61255,52.36125],[1.60675,52.36135],[1.6011,52.3623],[1.5994,52.36315],[1.5938,52.36345],[1.59205,52.3626],[1.58765,52.3622],[1.58735,52.36055],[1.58825,52.3585],[1.58815,52.3571],[1.5885,52.3524],[1.5892,52.35055],[1.58905,52.3478],[1.5884,52.34555],[1.5881,52.33855],[1.58905,52.33625],[1.5935,52.3305],[1.58835,52.33265],[1.5829,52.3324],[1.57695,52.3324],[1.5726,52.33305],[1.56515,52.335],[1.5601,52.3354],[1.5581,52.33445],[1.5571,52.3306],[1.55725,52.32945],[1.5562,52.32795],[1.5559,52.3263],[1.55805,52.32345],[1.55955,52.32095],[1.56155,52.31885],[1.5641,52.31745],[1.56565,52.3161],[1.5685,52.31545],[1.5686,52.314],[1.5702,52.31165],[1.5729,52.30905],[1.5766,52.3062],[1.57835,52.3034],[1.5818,52.3019],[1.58425,52.299],[1.58755,52.2982],[1.58935,52.2973],[1.59195,52.29685],[1.59055,52.2926],[1.59055,52.28995],[1.59125,52.2865],[1.5905,52.2815],[1.5891,52.27835],[1.5892,52.27605],[1.58855,52.2737],[1.5846,52.27],[1.58475,52.2674],[1.58915,52.2673],[1.5884,52.26255],[1.5856,52.26165],[1.58225,52.2599],[1.58055,52.25955],[1.575,52.2565],[1.57435,52.25575],[1.57285,52.2519],[1.57495,52.25195],[1.5763,52.251],[1.57825,52.25095],[1.58135,52.2488],[1.5811,52.2462],[1.5858,52.24265],[1.58795,52.2405],[1.5906,52.2393],[1.59065,52.23685],[1.59185,52.2326],[1.5911,52.2314],[1.59225,52.23075],[1.5911,52.22545],[1.5909,52.2218],[1.5899,52.21945],[1.59095,52.21615],[1.5933,52.2135],[1.5946,52.21265],[1.59465,52.211],[1.5974,52.2059],[1.59705,52.2054],[1.59795,52.2023],[1.5997,52.2002],[1.60045,52.19875],[1.5953,52.1968],[1.59595,52.1959],[1.5935,52.1939],[1.59095,52.1905],[1.58905,52.19095],[1.58805,52.18975],[1.58645,52.18655],[1.5838,52.18635],[1.5823,52.1849],[1.5791,52.1846],[1.5812,52.1813],[1.5777,52.1808],[1.57725,52.18195],[1.57055,52.182],[1.5657,52.1735],[1.5659,52.1721],[1.5649,52.1706],[1.55795,52.1738],[1.55405,52.1748],[1.55045,52.17625],[1.546,52.1775],[1.54135,52.1779],[1.53795,52.1787],[1.53575,52.18],[1.53345,52.18045],[1.52715,52.1798],[1.5027,52.1799],[1.50285,52.1783],[1.5013,52.1754],[1.5009,52.1711],[1.4999,52.16915],[1.4962,52.16525],[1.49585,52.16355],[1.49365,52.1626],[1.49075,52.1622],[1.4877,52.16035],[1.48695,52.1589],[1.48415,52.15655],[1.4814,52.1555],[1.47265,52.15305],[1.47125,52.1522],[1.46685,52.15045],[1.4637,52.15],[1.46155,52.1501],[1.45555,52.147],[1.4542,52.1459],[1.4515,52.14505],[1.44945,52.1438],[1.44665,52.1437],[1.44565,52.1423],[1.44295,52.14095],[1.43825,52.13765],[1.43535,52.1361],[1.4309,52.1347],[1.42975,52.134],[1.42605,52.131],[1.4241,52.12985],[1.4196,52.12855],[1.41415,52.1258],[1.4036,52.12355],[1.3979,52.12315],[1.39035,52.1212],[1.38155,52.1148],[1.3812,52.11475],[1.37135,52.10855],[1.36885,52.10585],[1.3652,52.10285],[1.3652,52.10245],[1.35965,52.10155],[1.3555,52.1022],[1.3519,52.10175],[1.34725,52.1015],[1.34605,52.10115],[1.34245,52.103],[1.3408,52.1034],[1.3391,52.10445],[1.33245,52.10235],[1.33025,52.10115],[1.3274,52.0988],[1.3229,52.0927],[1.31995,52.09095],[1.31655,52.0895],[1.3139,52.0865],[1.3109,52.08375],[1.30745,52.0818],[1.3039,52.08105],[1.29515,52.08095],[1.28805,52.0797],[1.2867,52.0791],[1.28525,52.0772],[1.28625,52.0767]]],[[[1.07025,51.95565],[1.0694,51.95535],[1.06745,51.95265],[1.06695,51.94955],[1.06585,51.949],[1.06515,51.9464],[1.0667,51.94585],[1.07005,51.946],[1.07375,51.9467],[1.07525,51.94665],[1.0777,51.9458],[1.0784,51.94675],[1.0809,51.94445],[1.08375,51.9445],[1.0869,51.94535],[1.0874,51.94415],[1.09475,51.9437],[1.09625,51.94335],[1.09545,51.94105],[1.0952,51.93875],[1.09585,51.93725],[1.0976,51.93645],[1.1063,51.93345],[1.11105,51.9334],[1.11535,51.93385],[1.1155,51.93505],[1.11995,51.93515],[1.1211,51.93545],[1.12345,51.9343],[1.1266,51.9339],[1.1297,51.93275],[1.1317,51.93255],[1.13485,51.93085],[1.13745,51.9306],[1.139,51.92985],[1.1429,51.93025],[1.14635,51.9299],[1.15115,51.9307],[1.15695,51.932],[1.161,51.93155],[1.1608,51.9334],[1.1614,51.93615],[1.1643,51.93865],[1.1663,51.9393],[1.17165,51.9397],[1.176,51.93975],[1.1768,51.93915],[1.17575,51.9371],[1.17955,51.93625],[1.1779,51.9347],[1.1748,51.93345],[1.17965,51.9323],[1.1819,51.93335],[1.18325,51.9335],[1.18775,51.9348],[1.19175,51.9343],[1.1915,51.9358],[1.1919,51.9393],[1.1972,51.9395],[1.1989,51.93775],[1.2012,51.93755],[1.20245,51.93825],[1.2044,51.9375],[1.2052,51.9384],[1.20755,51.93945],[1.20985,51.9391],[1.21375,51.93975],[1.2199,51.93905],[1.22685,51.9391],[1.2295,51.93935],[1.23285,51.9406],[1.2359,51.9442],[1.23865,51.9461],[1.2401,51.9463],[1.2404,51.94745],[1.2358,51.94665],[1.22615,51.94615],[1.22035,51.9462],[1.21985,51.9523],[1.228,51.95345],[1.2367,51.9553],[1.24195,51.9558],[1.2511,51.9553],[1.26445,51.9538],[1.2672,51.95385],[1.2677,51.95525],[1.26455,51.95645],[1.2652,51.95695],[1.25875,51.9593],[1.2597,51.9601],[1.26,51.9614],[1.26235,51.9613],[1.2645,51.9617],[1.26505,51.9624],[1.26445,51.9638],[1.26235,51.96355],[1.2547,51.96385],[1.25175,51.9648],[1.2479,51.9655],[1.24735,51.96795],[1.24645,51.9691],[1.2427,51.96875],[1.2399,51.9694],[1.23695,51.9708],[1.2348,51.9708],[1.2337,51.9688],[1.2334,51.9667],[1.23225,51.96635],[1.2275,51.96665],[1.22415,51.96535],[1.221,51.9645],[1.217,51.9647],[1.21595,51.96395],[1.2125,51.96465],[1.2111,51.9654],[1.20565,51.96455],[1.20175,51.96345],[1.19855,51.9634],[1.1967,51.9619],[1.1932,51.9636],[1.1876,51.96405],[1.1831,51.96835],[1.18015,51.96835],[1.17775,51.96995],[1.1732,51.9703],[1.1684,51.97135],[1.16785,51.9721],[1.1688,51.9733],[1.1673,51.97565],[1.1669,51.97865],[1.17185,51.98025],[1.17465,51.9808],[1.17435,51.98145],[1.1759,51.98265],[1.17545,51.9859],[1.174,51.987],[1.1732,51.98855],[1.1671,51.9877],[1.1676,51.9864],[1.1655,51.9864],[1.1617,51.98175],[1.1585,51.9824],[1.15835,51.9811],[1.156,51.98095],[1.15395,51.98145],[1.15175,51.9807],[1.15335,51.97985],[1.15325,51.9789],[1.1508,51.9783],[1.1488,51.9774],[1.1453,51.9774],[1.1428,51.97105],[1.1384,51.9706],[1.1291,51.9704],[1.1281,51.97075],[1.1227,51.97075],[1.11535,51.9691],[1.1129,51.97125],[1.11185,51.9713],[1.11085,51.9729],[1.114,51.97315],[1.11345,51.97505],[1.1149,51.976],[1.11295,51.9785],[1.11215,51.98065],[1.11045,51.98195],[1.1074,51.9816],[1.10155,51.98215],[1.09815,51.98205],[1.0964,51.9826],[1.0947,51.9803],[1.093,51.9805],[1.09215,51.9792],[1.0909,51.9793],[1.0918,51.9815],[1.0864,51.9814],[1.0834,51.981],[1.0826,51.9816],[1.07835,51.98065],[1.0757,51.98045],[1.07245,51.98145],[1.07285,51.98235],[1.0701,51.98275],[1.0691,51.9859],[1.0654,51.98635],[1.06255,51.98575],[1.06125,51.9839],[1.05925,51.98415],[1.0596,51.9856],[1.0583,51.98575],[1.05855,51.9879],[1.06175,51.98765],[1.0649,51.99115],[1.06385,51.99215],[1.06255,51.9921],[1.05675,51.99],[1.0546,51.98855],[1.05155,51.991],[1.05,51.99055],[1.0473,51.98885],[1.0454,51.9886],[1.04155,51.9894],[1.0408,51.9902],[1.0363,51.98935],[1.0353,51.99025],[1.03325,51.9911],[1.0307,51.9902],[1.03295,51.9868],[1.0301,51.9867],[1.0258,51.98515],[1.02765,51.9843],[1.0302,51.9826],[1.0307,51.9813],[1.0318,51.98065],[1.03495,51.98105],[1.03485,51.97805],[1.03645,51.97785],[1.03875,51.9787],[1.04105,51.97675],[1.04465,51.97775],[1.04375,51.979],[1.04575,51.9796],[1.04655,51.9782],[1.04875,51.9778],[1.05085,51.97905],[1.05245,51.97825],[1.0534,51.9771],[1.05705,51.97705],[1.05705,51.9761],[1.05825,51.9735],[1.06075,51.9728],[1.06425,51.9726],[1.065,51.9739],[1.06875,51.97405],[1.0686,51.9735],[1.07175,51.9729],[1.07195,51.9712],[1.0729,51.96995],[1.07495,51.96955],[1.07735,51.96965],[1.0772,51.9684],[1.07585,51.9675],[1.0722,51.96635],[1.0708,51.96745],[1.06795,51.9675],[1.067,51.96785],[1.0645,51.96695],[1.06755,51.9659],[1.0688,51.96625],[1.07,51.9646],[1.0677,51.96405],[1.07055,51.96065],[1.06875,51.9607],[1.0695,51.9581],[1.071,51.95785],[1.07245,51.95835],[1.0737,51.95735],[1.07025,51.95565]]],[[[1.2086,52.0246],[1.2048,52.0274],[1.20285,52.02395],[1.19855,52.02455],[1.19525,52.0245],[1.19365,52.02365],[1.19005,52.02305],[1.18665,52.02205],[1.1848,52.0243],[1.18315,52.0245],[1.1829,52.02275],[1.18075,52.02255],[1.1788,52.0216],[1.1749,52.023],[1.17215,52.02205],[1.1695,52.0202],[1.16935,52.0189],[1.16775,52.0182],[1.1658,52.01965],[1.16455,52.0212],[1.16345,52.02355],[1.1613,52.02525],[1.16205,52.02645],[1.16145,52.02715],[1.15885,52.02765],[1.15685,52.02895],[1.1529,52.0335],[1.15035,52.0336],[1.14845,52.0303],[1.14615,52.0283],[1.14245,52.02675],[1.1424,52.02475],[1.14295,52.0223],[1.14125,52.02095],[1.1401,52.0181],[1.1428,52.01725],[1.1463,52.0176],[1.1486,52.01725],[1.14915,52.0149],[1.14725,52.0131],[1.1399,52.01115],[1.137,52.011],[1.13475,52.01025],[1.1358,52.008],[1.13035,52.00735],[1.1211,52.0078],[1.12075,52.0055],[1.1199,52.0039],[1.12265,52.00275],[1.122,52.00155],[1.12395,52.00125],[1.1288,52.00145],[1.13395,51.9997],[1.1339,51.9992],[1.13555,51.99565],[1.13615,51.9954],[1.1396,51.99605],[1.1405,51.9979],[1.13965,51.9994],[1.142,52.0002],[1.1424,52.00115],[1.1456,52.0025],[1.1442,52.00355],[1.14545,52.00415],[1.14475,52.0051],[1.1452,52.0069],[1.1429,52.00935],[1.1455,52.0101],[1.14995,52.00935],[1.15185,52.0086],[1.15475,52.0101],[1.1553,52.0077],[1.15635,52.00665],[1.1598,52.00765],[1.1654,52.00635],[1.1692,52.00485],[1.17245,52.0042],[1.17675,52.00285],[1.18135,52.00255],[1.18455,52.0018],[1.1872,51.9985],[1.18835,51.9968],[1.18965,51.99575],[1.19665,51.9918],[1.20215,51.9901],[1.20825,51.98925],[1.21025,51.98935],[1.219,51.9893],[1.22225,51.98875],[1.22805,51.98575],[1.2293,51.9845],[1.2312,51.98365],[1.2337,51.98205],[1.2347,51.97995],[1.2371,51.9774],[1.24015,51.9781],[1.24425,51.97815],[1.24615,51.97845],[1.25525,51.9773],[1.2551,51.9742],[1.2573,51.96985],[1.2593,51.96855],[1.26375,51.96795],[1.2648,51.9673],[1.26545,51.9639],[1.2672,51.96125],[1.27295,51.96065],[1.28015,51.9616],[1.282,51.96045],[1.2822,51.95785],[1.294,51.961],[1.29875,51.9633],[1.2997,51.96465],[1.30315,51.96645],[1.307,51.9676],[1.31065,51.97],[1.315,51.97335],[1.31855,51.97705],[1.3106,51.98145],[1.3002,51.98355],[1.297,51.98505],[1.29295,51.99045],[1.29325,51.99165],[1.29045,51.99515],[1.28895,51.99605],[1.2908,51.9979],[1.2886,51.9989],[1.28515,51.99955],[1.27585,52.00045],[1.2759,52.003],[1.26815,52.0033],[1.2673,52.004],[1.269,52.0063],[1.2603,52.00855],[1.2559,52.0093],[1.2536,52.0091],[1.2537,52.0106],[1.2509,52.01275],[1.251,52.01375],[1.2477,52.01585],[1.24905,52.0195],[1.2499,52.02075],[1.2438,52.0222],[1.2423,52.02305],[1.2336,52.0265],[1.23005,52.02755],[1.22705,52.0237],[1.2269,52.02295],[1.2241,52.01985],[1.22645,52.01895],[1.2229,52.01635],[1.21855,52.01815],[1.21655,52.0203],[1.2151,52.02135],[1.2103,52.02355],[1.2086,52.0246]]]]},"properties":{"kind":"aonb","name":"Suffolk Coast & Heaths"}},{"type":"Feature","geometry":{"type":"MultiPolygon","coordinates":[[[[-4.54605,50.92835],[-4.54975,50.92905],[-4.552,50.9272],[-4.5541,50.9265],[-4.5578,50.9263],[-4.5549,50.92515],[-4.5538,50.9241],[-4.5567,50.923],[-4.55785,50.92185],[-4.5594,50.92025],[-4.5594,50.9202],[-4.55935,50.9202],[-4.55855,50.91975],[-4.55885,50.9188],[-4.5596,50.91845],[-4.561,50.91745],[-4.5655,50.91705],[-4.5641,50.91575],[-4.56455,50.91565],[-4.56515,50.91525],[-4.5651,50.91515],[-4.5635,50.9137],[-4.56685,50.91295],[-4.56695,50.91185],[-4.56685,50.9118],[-4.5674,50.9109],[-4.56675,50.91],[-4.5648,50.9087],[-4.5667,50.9081],[-4.5675,50.9075],[-4.5668,50.9062],[-4.56945,50.9058],[-4.57075,50.9048],[-4.56985,50.90325],[-4.56765,50.9025],[-4.5668,50.9017],[-4.5666,50.90005],[-4.56735,50.8987],[-4.5656,50.89705],[-4.5664,50.89645],[-4.56545,50.89545],[-4.5665,50.89405],[-4.56385,50.8925],[-4.56365,50.88925],[-4.5642,50.88845],[-4.5687,50.8865],[-4.56805,50.8851],[-4.5668,50.88445],[-4.5631,50.88085],[-4.5618,50.8783],[-4.56265,50.8767],[-4.5621,50.87555],[-4.56055,50.87445],[-4.5617,50.8712],[-4.5615,50.87035],[-4.55925,50.8656],[-4.5595,50.86465],[-4.5594,50.8612],[-4.5599,50.8604],[-4.55945,50.8588],[-4.55925,50.85275],[-4.55875,50.84855],[-4.55415,50.8487],[-4.548,50.8498],[-4.54595,50.8518],[-4.5422,50.8528],[-4.5364,50.8549],[-4.53355,50.85575],[-4.52655,50.85505],[-4.5228,50.85395],[-4.52075,50.85435],[-4.5225,50.85625],[-4.5221,50.859],[-4.52375,50.86595],[-4.52345,50.86865],[-4.5221,50.8693],[-4.5219,50.8704],[-4.51945,50.8724],[-4.51805,50.8743],[-4.51645,50.8751],[-4.5127,50.87575],[-4.511,50.8756],[-4.50665,50.8778],[-4.50735,50.87885],[-4.512,50.88045],[-4.51375,50.88215],[-4.51495,50.8839],[-4.5164,50.88395],[-4.51675,50.8869],[-4.5159,50.8885],[-4.5162,50.8909],[-4.5158,50.89245],[-4.51815,50.89325],[-4.517,50.8964],[-4.51815,50.89955],[-4.5195,50.90075],[-4.52075,50.9031],[-4.51925,50.90465],[-4.51965,50.9066],[-4.51855,50.9073],[-4.51885,50.9103],[-4.51845,50.91385],[-4.51905,50.9181],[-4.5198,50.91995],[-4.5201,50.92225],[-4.51835,50.9244],[-4.5192,50.9256],[-4.5176,50.9269],[-4.51975,50.92725],[-4.5281,50.9273],[-4.52995,50.9267],[-4.53285,50.92705],[-4.5347,50.92685],[-4.53725,50.9278],[-4.54155,50.9289],[-4.5429,50.92855],[-4.54605,50.92835]]],[[[-5.5333,50.0823],[-5.5328,50.0809],[-5.53145,50.08165],[-5.5333,50.0823]]],[[[-5.4788,50.11875],[-5.4801,50.11705],[-5.47955,50.1158],[-5.4771,50.1159],[-5.47585,50.1166],[-5.4757,50.1181],[-5.4773,50.11955],[-5.4788,50.11875]]],[[[-5.72125,50.1198],[-5.7212,50.1207],[-5.72325,50.121],[-5.7224,50.1194],[-5.72125,50.1198]]],[[[-5.3217,50.08175],[-5.31675,50.0813],[-5.3138,50.08025],[-5.3103,50.0785],[-5.30455,50.07495],[-5.2973,50.07005],[-5.2893,50.0639],[-5.28265,50.0584],[-5.2802,50.0557],[-5.27935,50.0543],[-5.2804,50.05325],[-5.27985,50.05235],[-5.2783,50.05195],[-5.2786,50.05085],[-5.27655,50.04935],[-5.27905,50.04705],[-5.28,50.04565],[-5.2822,50.044],[-5.2813,50.0414],[-5.27975,50.0414],[-5.2797,50.0413],[-5.27645,50.041],[-5.27455,50.04065],[-5.27245,50.039],[-5.27245,50.03895],[-5.2703,50.03775],[-5.27035,50.03785],[-5.2678,50.03715],[-5.2675,50.03585],[-5.2672,50.0347],[-5.26625,50.0341],[-5.2635,50.03375],[-5.2635,50.0325],[-5.2652,50.03235],[-5.2663,50.03105],[-5.26525,50.0291],[-5.26445,50.0284],[-5.26365,50.0266],[-5.26155,50.02515],[-5.2593,50.0244],[-5.25745,50.02145],[-5.25905,50.01905],[-5.25945,50.01765],[-5.2604,50.01685],[-5.25865,50.01425],[-5.25995,50.01315],[-5.2626,50.01205],[-5.2619,50.0112],[-5.2631,50.00955],[-5.26555,50.0071],[-5.2683,50.00645],[-5.26835,50.00395],[-5.2679,50.0027],[-5.2666,50.0023],[-5.26675,50.0019],[-5.2654,49.9989],[-5.26415,49.99795],[-5.2602,49.9965],[-5.259,49.9965],[-5.2564,49.99695],[-5.25545,49.9971],[-5.25485,49.99505],[-5.253,49.9934],[-5.2521,49.9913],[-5.25375,49.9904],[-5.2552,49.989],[-5.2538,49.9876],[-5.251,49.98685],[-5.24935,49.9857],[-5.2479,49.98575],[-5.2452,49.9847],[-5.24495,49.9838],[-5.2467,49.9836],[-5.2469,49.9813],[-5.2491,49.97925],[-5.24695,49.97925],[-5.24625,49.97805],[-5.24695,49.97705],[-5.24715,49.97725],[-5.2468,49.9767],[-5.24585,49.97535],[-5.24485,49.9757],[-5.2433,49.97485],[-5.2421,49.97545],[-5.2409,49.9759],[-5.2394,49.97545],[-5.23505,49.9754],[-5.23305,49.9747],[-5.23345,49.9737],[-5.23235,49.97315],[-5.22985,49.9746],[-5.22765,49.9738],[-5.22735,49.9734],[-5.2267,49.97315],[-5.22695,49.97245],[-5.2234,49.9722],[-5.21995,49.97095],[-5.21935,49.96975],[-5.2183,49.96805],[-5.21725,49.96735],[-5.2168,49.9662],[-5.2182,49.9655],[-5.2166,49.9648],[-5.21645,49.96155],[-5.2159,49.95955],[-5.21475,49.9589],[-5.21055,49.95885],[-5.2105,49.959],[-5.20795,49.9594],[-5.2078,49.9575],[-5.2069,49.9573],[-5.20525,49.95835],[-5.2051,49.9591],[-5.2012,49.959],[-5.1987,49.9586],[-5.19865,49.9599],[-5.1992,49.96155],[-5.19715,49.96275],[-5.19465,49.9633],[-5.19175,49.96195],[-5.18965,49.9622],[-5.1898,49.9628],[-5.1889,49.96225],[-5.1869,49.9625],[-5.1851,49.96335],[-5.18525,49.9637],[-5.18625,49.9653],[-5.18375,49.96645],[-5.18355,49.96775],[-5.1848,49.9683],[-5.18455,49.9692],[-5.18655,49.9695],[-5.18805,49.9738],[-5.18595,49.9751],[-5.18485,49.9782],[-5.18555,49.9792],[-5.1842,49.9806],[-5.182,49.9806],[-5.18055,49.9816],[-5.17945,49.9839],[-5.1794,49.9858],[-5.17715,49.98665],[-5.1747,49.9886],[-5.1722,49.98935],[-5.17175,49.99075],[-5.17055,49.99075],[-5.1699,49.9927],[-5.17075,49.9945],[-5.17065,49.99735],[-5.17015,49.99845],[-5.16885,49.9995],[-5.16825,50],[-5.16625,50.00285],[-5.163,50.00415],[-5.1613,50.0052],[-5.1599,50.00455],[-5.15715,50.0054],[-5.1576,50.0062],[-5.15465,50.00695],[-5.152,50.0064],[-5.1499,50.0066],[-5.14495,50.00705],[-5.14215,50.0074],[-5.1405,50.00705],[-5.1389,50.0074],[-5.13755,50.0078],[-5.1358,50.007],[-5.13505,50.006],[-5.1333,50.0051],[-5.1321,50.00505],[-5.1325,50.00725],[-5.1318,50.0079],[-5.1289,50.00855],[-5.1268,50.0076],[-5.12385,50.0079],[-5.123,50.00855],[-5.12125,50.0084],[-5.11975,50.00655],[-5.1158,50.0059],[-5.11285,50.00285],[-5.10995,50.00235],[-5.1086,50.0037],[-5.10685,50.00455],[-5.10505,50.0048],[-5.10215,50.0042],[-5.10155,50.0032],[-5.0995,50.00605],[-5.09955,50.00735],[-5.0977,50.008],[-5.09685,50.0104],[-5.09725,50.0126],[-5.0949,50.0156],[-5.09195,50.01475],[-5.09025,50.01515],[-5.09065,50.0164],[-5.09275,50.0167],[-5.094,50.01745],[-5.0953,50.0203],[-5.0934,50.02115],[-5.0925,50.0229],[-5.09505,50.023],[-5.09625,50.0237],[-5.0965,50.0256],[-5.0949,50.0272],[-5.0896,50.0308],[-5.08575,50.0318],[-5.07935,50.0319],[-5.0773,50.0334],[-5.0749,50.03365],[-5.07195,50.0333],[-5.06955,50.0337],[-5.0677,50.0348],[-5.06725,50.0357],[-5.0672,50.03705],[-5.06845,50.03825],[-5.06905,50.03985],[-5.0681,50.0413],[-5.06685,50.04175],[-5.06535,50.0437],[-5.06535,50.04375],[-5.06625,50.04645],[-5.06535,50.0486],[-5.06435,50.0488],[-5.0633,50.05005],[-5.06035,50.05025],[-5.05905,50.05085],[-5.05905,50.05125],[-5.0573,50.05265],[-5.05665,50.0524],[-5.05655,50.05295],[-5.0584,50.0536],[-5.06055,50.05515],[-5.0613,50.0551],[-5.06155,50.05515],[-5.06155,50.05505],[-5.0629,50.05505],[-5.0638,50.05645],[-5.0623,50.0576],[-5.06155,50.0582],[-5.06145,50.0598],[-5.0614,50.0598],[-5.06125,50.0601],[-5.0623,50.0616],[-5.0628,50.0623],[-5.06305,50.06225],[-5.06505,50.06295],[-5.06595,50.06375],[-5.06565,50.066],[-5.06765,50.06755],[-5.06965,50.06805],[-5.0734,50.0679],[-5.0772,50.06825],[-5.07785,50.0689],[-5.07865,50.06965],[-5.0787,50.07095],[-5.07865,50.07095],[-5.07845,50.0712],[-5.07815,50.0727],[-5.0782,50.07485],[-5.07875,50.07615],[-5.07655,50.0771],[-5.0771,50.07905],[-5.07665,50.0797],[-5.07465,50.08165],[-5.07655,50.08365],[-5.0747,50.08645],[-5.0771,50.08645],[-5.0792,50.08565],[-5.0798,50.0837],[-5.0821,50.0838],[-5.0836,50.08455],[-5.0858,50.08495],[-5.0856,50.0866],[-5.0878,50.08685],[-5.0885,50.0864],[-5.09345,50.08785],[-5.09225,50.08845],[-5.0923,50.08975],[-5.0934,50.09075],[-5.0988,50.0997],[-5.0959,50.10185],[-5.0944,50.10245],[-5.0903,50.10295],[-5.0874,50.10415],[-5.0875,50.10505],[-5.08615,50.10625],[-5.0846,50.1087],[-5.08115,50.1092],[-5.08135,50.10985],[-5.08385,50.1115],[-5.0838,50.1115],[-5.0867,50.11225],[-5.0888,50.1132],[-5.08865,50.11345],[-5.09065,50.11495],[-5.0906,50.1155],[-5.0896,50.11825],[-5.09075,50.1191],[-5.0889,50.1199],[-5.0887,50.11985],[-5.0885,50.1202],[-5.0896,50.12155],[-5.0896,50.1231],[-5.0885,50.1235],[-5.0892,50.1244],[-5.09135,50.1249],[-5.0912,50.12645],[-5.0878,50.1264],[-5.0877,50.1273],[-5.082,50.1289],[-5.08125,50.13065],[-5.079,50.1323],[-5.07285,50.13415],[-5.07345,50.13545],[-5.0764,50.1374],[-5.07635,50.13915],[-5.07985,50.139],[-5.08275,50.13925],[-5.08565,50.13875],[-5.0884,50.139],[-5.09085,50.1398],[-5.09245,50.1398],[-5.0929,50.14135],[-5.09395,50.1414],[-5.09565,50.1396],[-5.1015,50.1381],[-5.10485,50.1383],[-5.1055,50.13735],[-5.10835,50.13695],[-5.1108,50.1354],[-5.113,50.1359],[-5.11405,50.1347],[-5.1155,50.13205],[-5.1178,50.13115],[-5.12085,50.1319],[-5.1246,50.13165],[-5.12615,50.1308],[-5.1285,50.12605],[-5.13195,50.1247],[-5.1335,50.12355],[-5.13915,50.1224],[-5.1421,50.1212],[-5.14725,50.12085],[-5.14825,50.12145],[-5.1533,50.119],[-5.1558,50.1165],[-5.1577,50.1156],[-5.158,50.114],[-5.16325,50.1129],[-5.166,50.1133],[-5.1666,50.11265],[-5.1708,50.11135],[-5.1796,50.1101],[-5.18215,50.1095],[-5.18235,50.1079],[-5.18575,50.1077],[-5.18965,50.10865],[-5.19125,50.10875],[-5.1959,50.10755],[-5.1975,50.10405],[-5.201,50.1022],[-5.203,50.1003],[-5.207,50.0981],[-5.209,50.09575],[-5.211,50.0942],[-5.2112,50.0934],[-5.207,50.0926],[-5.2045,50.09045],[-5.20715,50.09045],[-5.2105,50.08735],[-5.2115,50.0849],[-5.20985,50.08345],[-5.21075,50.0814],[-5.21275,50.0803],[-5.21465,50.0785],[-5.2157,50.0755],[-5.2149,50.07465],[-5.2189,50.0751],[-5.22025,50.076],[-5.2224,50.0727],[-5.22435,50.07105],[-5.2239,50.0699],[-5.2266,50.0689],[-5.23235,50.07],[-5.2336,50.0697],[-5.238,50.0699],[-5.24075,50.0707],[-5.2436,50.0695],[-5.24455,50.07175],[-5.24455,50.0751],[-5.24895,50.07285],[-5.24875,50.07195],[-5.2522,50.0708],[-5.2557,50.07025],[-5.25785,50.06905],[-5.2589,50.0702],[-5.2588,50.0718],[-5.26015,50.0733],[-5.26195,50.07255],[-5.26635,50.0724],[-5.26955,50.0729],[-5.27065,50.0727],[-5.27565,50.07395],[-5.2761,50.07585],[-5.27865,50.0779],[-5.28165,50.0793],[-5.28245,50.0814],[-5.28425,50.08245],[-5.28445,50.0839],[-5.2821,50.0848],[-5.28125,50.08705],[-5.28015,50.08875],[-5.28225,50.0896],[-5.2828,50.0907],[-5.2824,50.09185],[-5.2834,50.09395],[-5.28335,50.095],[-5.28515,50.09585],[-5.2872,50.0958],[-5.2912,50.0943],[-5.29335,50.0928],[-5.2973,50.08955],[-5.30025,50.0889],[-5.302,50.08885],[-5.3024,50.08805],[-5.30215,50.08655],[-5.3079,50.0868],[-5.30955,50.0872],[-5.3118,50.08715],[-5.3151,50.08625],[-5.31595,50.08525],[-5.31785,50.08525],[-5.3176,50.0837],[-5.3186,50.08305],[-5.32075,50.0835],[-5.3229,50.08685],[-5.3253,50.08765],[-5.32795,50.08965],[-5.33235,50.0919],[-5.3375,50.09555],[-5.3415,50.09635],[-5.34385,50.09795],[-5.34805,50.1],[-5.3521,50.1017],[-5.3555,50.10355],[-5.36135,50.10595],[-5.36595,50.10845],[-5.36665,50.10945],[-5.36595,50.11055],[-5.37135,50.1113],[-5.37655,50.11175],[-5.38015,50.11265],[-5.38945,50.11275],[-5.3952,50.11315],[-5.39945,50.11265],[-5.406,50.11305],[-5.4112,50.114],[-5.41605,50.1154],[-5.4183,50.11575],[-5.4243,50.11735],[-5.43105,50.1184],[-5.43605,50.1201],[-5.44415,50.122],[-5.45175,50.12335],[-5.45435,50.12365],[-5.4586,50.12375],[-5.46395,50.1251],[-5.468,50.12485],[-5.47,50.12385],[-5.4728,50.12345],[-5.47455,50.1235],[-5.4769,50.1251],[-5.47815,50.12645],[-5.47985,50.12595],[-5.4773,50.12425],[-5.47515,50.1233],[-5.47165,50.12285],[-5.47015,50.12325],[-5.4665,50.12355],[-5.4631,50.1232],[-5.46055,50.12205],[-5.4591,50.1196],[-5.4543,50.11825],[-5.4539,50.1179],[-5.45325,50.11495],[-5.45365,50.11395],[-5.4517,50.1139],[-5.44875,50.11225],[-5.4474,50.11105],[-5.44425,50.11275],[-5.441,50.1119],[-5.44025,50.1111],[-5.43635,50.10895],[-5.43485,50.1087],[-5.4348,50.10685],[-5.42995,50.10505],[-5.42795,50.10115],[-5.42755,50.101],[-5.4275,50.1006],[-5.4277,50.10015],[-5.42845,50.09875],[-5.4284,50.09835],[-5.42845,50.09835],[-5.4293,50.0978],[-5.4244,50.0988],[-5.42295,50.09845],[-5.42135,50.099],[-5.41955,50.0986],[-5.418,50.09965],[-5.41705,50.10045],[-5.4169,50.1005],[-5.41685,50.10055],[-5.41515,50.1],[-5.4154,50.09975],[-5.41535,50.0995],[-5.41525,50.0995],[-5.41505,50.09965],[-5.41495,50.0999],[-5.4149,50.1005],[-5.41425,50.10145],[-5.41425,50.10155],[-5.41355,50.10255],[-5.4109,50.1033],[-5.40765,50.1037],[-5.40395,50.1027],[-5.4027,50.1019],[-5.40195,50.1016],[-5.4016,50.1017],[-5.4009,50.10125],[-5.4,50.1008],[-5.39945,50.10055],[-5.39735,50.0999],[-5.3969,50.1001],[-5.3969,50.1004],[-5.39725,50.10065],[-5.3971,50.1008],[-5.3969,50.10065],[-5.3965,50.1004],[-5.3964,50.1006],[-5.3957,50.1012],[-5.3955,50.10125],[-5.39535,50.10135],[-5.39495,50.10195],[-5.3931,50.1026],[-5.3872,50.1015],[-5.3831,50.1002],[-5.38115,50.0992],[-5.378,50.0981],[-5.3755,50.097],[-5.3747,50.09625],[-5.3745,50.09575],[-5.37355,50.0953],[-5.37275,50.09395],[-5.3725,50.09305],[-5.3686,50.0934],[-5.36855,50.09345],[-5.3659,50.0925],[-5.36575,50.0921],[-5.36425,50.0906],[-5.36395,50.0904],[-5.3639,50.0898],[-5.3639,50.08975],[-5.3637,50.0893],[-5.3636,50.08925],[-5.35795,50.089],[-5.35535,50.09025],[-5.35325,50.0902],[-5.35075,50.09075],[-5.3485,50.09185],[-5.34705,50.0915],[-5.34565,50.092],[-5.3419,50.09095],[-5.33705,50.091],[-5.33335,50.0903],[-5.33255,50.0896],[-5.33245,50.0889],[-5.3305,50.0884],[-5.3291,50.0876],[-5.32825,50.0853],[-5.32545,50.0839],[-5.3252,50.0837],[-5.3234,50.0833],[-5.32345,50.08255],[-5.3217,50.08175]]],[[[-5.53415,50.08965],[-5.5357,50.0913],[-5.5379,50.08995],[-5.5391,50.0904],[-5.5406,50.09],[-5.54335,50.0883],[-5.5464,50.0894],[-5.5475,50.08625],[-5.54955,50.08495],[-5.55165,50.08215],[-5.5562,50.0832],[-5.55795,50.08265],[-5.56045,50.08115],[-5.562,50.07985],[-5.566,50.07845],[-5.5696,50.07895],[-5.57315,50.0777],[-5.575,50.07765],[-5.5773,50.07675],[-5.5777,50.076],[-5.577,50.07405],[-5.57895,50.07175],[-5.58345,50.0698],[-5.5839,50.0681],[-5.58515,50.06615],[-5.5882,50.0668],[-5.58875,50.0657],[-5.5902,50.0649],[-5.594,50.06345],[-5.59825,50.0627],[-5.5999,50.06265],[-5.604,50.062],[-5.60885,50.05845],[-5.616,50.0588],[-5.62,50.0582],[-5.6231,50.05745],[-5.6271,50.0604],[-5.6289,50.06065],[-5.63415,50.0597],[-5.63635,50.0601],[-5.6354,50.06155],[-5.6363,50.0623],[-5.63475,50.0637],[-5.63435,50.0648],[-5.6359,50.0653],[-5.63955,50.06425],[-5.6405,50.065],[-5.6429,50.06495],[-5.6465,50.06375],[-5.64995,50.0634],[-5.6521,50.06085],[-5.65435,50.0607],[-5.65375,50.0594],[-5.65495,50.0578],[-5.6594,50.0572],[-5.6621,50.05625],[-5.66675,50.056],[-5.66675,50.05745],[-5.6688,50.05895],[-5.67375,50.0631],[-5.6756,50.06375],[-5.67625,50.06315],[-5.67855,50.06335],[-5.68105,50.063],[-5.68405,50.063],[-5.687,50.0627],[-5.6871,50.0635],[-5.68855,50.064],[-5.69225,50.06405],[-5.6933,50.0653],[-5.69555,50.06495],[-5.6961,50.06755],[-5.69525,50.06935],[-5.69535,50.0708],[-5.694,50.0735],[-5.69275,50.0747],[-5.69095,50.0756],[-5.6852,50.0772],[-5.68175,50.08025],[-5.6802,50.08265],[-5.67685,50.0836],[-5.67635,50.0852],[-5.673,50.08685],[-5.66705,50.0881],[-5.65935,50.08915],[-5.65765,50.0885],[-5.65285,50.08855],[-5.64825,50.0895],[-5.64755,50.0907],[-5.6459,50.09135],[-5.64355,50.09145],[-5.6382,50.09405],[-5.6353,50.09455],[-5.63095,50.0975],[-5.6272,50.0979],[-5.62515,50.09935],[-5.62055,50.10155],[-5.61745,50.10165],[-5.6128,50.1038],[-5.6095,50.10445],[-5.6061,50.1061],[-5.60835,50.10665],[-5.6105,50.1085],[-5.61075,50.11],[-5.6139,50.11165],[-5.6171,50.11265],[-5.6181,50.11365],[-5.6158,50.11465],[-5.6131,50.11675],[-5.6117,50.11735],[-5.6132,50.12025],[-5.61305,50.12285],[-5.61245,50.1235],[-5.61315,50.1277],[-5.61385,50.1291],[-5.60945,50.12915],[-5.60575,50.1289],[-5.60245,50.1283],[-5.6,50.1283],[-5.59985,50.12925],[-5.6015,50.1314],[-5.59695,50.13555],[-5.59625,50.13665],[-5.5923,50.13515],[-5.59065,50.1331],[-5.58715,50.1305],[-5.58555,50.13095],[-5.58285,50.12955],[-5.57845,50.1265],[-5.5776,50.129],[-5.5757,50.13005],[-5.5764,50.1326],[-5.5762,50.13385],[-5.57415,50.13355],[-5.57045,50.13395],[-5.56955,50.13595],[-5.5655,50.1342],[-5.56515,50.13505],[-5.5661,50.1369],[-5.5669,50.1393],[-5.5689,50.1408],[-5.5693,50.14155],[-5.5673,50.14265],[-5.56555,50.1446],[-5.56395,50.1483],[-5.55925,50.1468],[-5.55685,50.14525],[-5.55425,50.1453],[-5.55305,50.14415],[-5.5503,50.14235],[-5.54545,50.14005],[-5.54335,50.13845],[-5.54135,50.1361],[-5.54075,50.1341],[-5.5387,50.1352],[-5.5358,50.1352],[-5.53435,50.13485],[-5.53365,50.13615],[-5.53205,50.1354],[-5.5308,50.1359],[-5.52805,50.13475],[-5.52625,50.13485],[-5.5254,50.13675],[-5.52305,50.1382],[-5.5204,50.13835],[-5.5191,50.1411],[-5.51895,50.14225],[-5.5204,50.1451],[-5.51965,50.1476],[-5.5175,50.15175],[-5.5133,50.15565],[-5.5128,50.15725],[-5.51165,50.15875],[-5.51005,50.15955],[-5.51085,50.161],[-5.5094,50.16625],[-5.5082,50.1687],[-5.50795,50.17105],[-5.50875,50.1736],[-5.50755,50.1746],[-5.50545,50.175],[-5.50215,50.1763],[-5.50225,50.1771],[-5.4991,50.17775],[-5.4957,50.17645],[-5.4935,50.17665],[-5.4922,50.17565],[-5.48975,50.17545],[-5.4848,50.17295],[-5.4829,50.17255],[-5.4809,50.17115],[-5.47875,50.1709],[-5.4775,50.17145],[-5.47595,50.17105],[-5.4731,50.1712],[-5.46345,50.17245],[-5.4651,50.1741],[-5.4642,50.17455],[-5.46525,50.176],[-5.4685,50.1788],[-5.47075,50.1796],[-5.47385,50.1799],[-5.4767,50.182],[-5.47905,50.18235],[-5.4809,50.18375],[-5.4877,50.1855],[-5.4909,50.1874],[-5.4921,50.1887],[-5.4943,50.1896],[-5.49915,50.18955],[-5.5028,50.18835],[-5.5091,50.18825],[-5.51005,50.19005],[-5.5156,50.1922],[-5.5151,50.195],[-5.50975,50.19655],[-5.50735,50.1991],[-5.50435,50.2002],[-5.50265,50.20155],[-5.5,50.2058],[-5.4879,50.2168],[-5.49,50.21665],[-5.49285,50.21725],[-5.4957,50.21985],[-5.49835,50.22015],[-5.4995,50.2198],[-5.50085,50.2184],[-5.50385,50.21775],[-5.5058,50.2182],[-5.50775,50.2178],[-5.5096,50.21845],[-5.5099,50.2171],[-5.51065,50.21635],[-5.5141,50.2159],[-5.51595,50.21625],[-5.51675,50.21695],[-5.5189,50.2174],[-5.52095,50.2165],[-5.521,50.21645],[-5.5209,50.2156],[-5.52165,50.21515],[-5.52815,50.21405],[-5.52865,50.2147],[-5.53135,50.2141],[-5.53255,50.2141],[-5.5343,50.21545],[-5.5361,50.21555],[-5.5383,50.2163],[-5.5414,50.2143],[-5.5435,50.21195],[-5.5456,50.2137],[-5.54955,50.21305],[-5.5504,50.21125],[-5.5517,50.2096],[-5.55405,50.20985],[-5.5549,50.2097],[-5.5558,50.208],[-5.5553,50.2076],[-5.5545,50.2071],[-5.55525,50.20455],[-5.55655,50.20415],[-5.5576,50.20425],[-5.55865,50.2045],[-5.5608,50.20365],[-5.5629,50.2032],[-5.5637,50.203],[-5.56675,50.2035],[-5.56835,50.20235],[-5.56595,50.20165],[-5.56575,50.20045],[-5.56695,50.19995],[-5.5689,50.19995],[-5.56965,50.19875],[-5.5719,50.19905],[-5.57385,50.2008],[-5.57575,50.20125],[-5.5767,50.19995],[-5.57875,50.19865],[-5.5775,50.1962],[-5.57815,50.19535],[-5.5797,50.19555],[-5.5809,50.1948],[-5.58265,50.19515],[-5.58315,50.1958],[-5.58505,50.19555],[-5.58605,50.19415],[-5.58525,50.19175],[-5.5853,50.1917],[-5.58985,50.1921],[-5.59085,50.18955],[-5.5933,50.18995],[-5.59515,50.1894],[-5.59685,50.19005],[-5.59795,50.1924],[-5.598,50.19295],[-5.59795,50.193],[-5.59975,50.1935],[-5.6007,50.19265],[-5.59975,50.19115],[-5.60235,50.1887],[-5.60375,50.1881],[-5.6038,50.1867],[-5.60485,50.186],[-5.60745,50.1868],[-5.6101,50.1857],[-5.60975,50.1845],[-5.6085,50.184],[-5.6078,50.18185],[-5.60915,50.1813],[-5.61255,50.18265],[-5.61305,50.18245],[-5.61505,50.1819],[-5.61585,50.1801],[-5.6187,50.179],[-5.6187,50.17815],[-5.62185,50.1773],[-5.6204,50.1749],[-5.6224,50.1736],[-5.6239,50.1736],[-5.62485,50.1724],[-5.6258,50.1718],[-5.6252,50.1705],[-5.62605,50.1696],[-5.62795,50.1689],[-5.63055,50.168],[-5.6333,50.1682],[-5.6402,50.1678],[-5.64615,50.16895],[-5.64715,50.1681],[-5.65045,50.16805],[-5.6544,50.1674],[-5.6563,50.1664],[-5.6566,50.16515],[-5.66065,50.16455],[-5.66245,50.16545],[-5.6643,50.16585],[-5.6666,50.16615],[-5.6701,50.16625],[-5.6708,50.16695],[-5.67345,50.16595],[-5.6727,50.16435],[-5.6733,50.16255],[-5.6756,50.1622],[-5.6762,50.1604],[-5.67855,50.1597],[-5.68065,50.1595],[-5.6793,50.15835],[-5.6816,50.15595],[-5.68295,50.1559],[-5.68555,50.15385],[-5.68595,50.15295],[-5.68755,50.1529],[-5.6894,50.1522],[-5.6906,50.15065],[-5.6915,50.1504],[-5.6915,50.1499],[-5.6931,50.14905],[-5.6917,50.14815],[-5.69395,50.14705],[-5.6945,50.14565],[-5.69415,50.14325],[-5.69325,50.14275],[-5.69295,50.142],[-5.6931,50.14085],[-5.6939,50.13855],[-5.6963,50.13695],[-5.70025,50.1368],[-5.70145,50.13525],[-5.7032,50.1354],[-5.7049,50.13485],[-5.70375,50.13365],[-5.70355,50.1324],[-5.70345,50.1308],[-5.7052,50.1287],[-5.7082,50.1296],[-5.70955,50.12915],[-5.71055,50.12775],[-5.71025,50.12605],[-5.70805,50.1253],[-5.70605,50.1222],[-5.7036,50.1205],[-5.7027,50.12045],[-5.7013,50.11915],[-5.702,50.1182],[-5.7005,50.115],[-5.7008,50.11425],[-5.7028,50.11285],[-5.7024,50.11175],[-5.69845,50.11095],[-5.6986,50.1097],[-5.6997,50.1087],[-5.69945,50.10615],[-5.69755,50.1041],[-5.69745,50.10295],[-5.69895,50.1015],[-5.6976,50.10025],[-5.6982,50.09905],[-5.6981,50.0988],[-5.69445,50.09555],[-5.69365,50.094],[-5.6919,50.0938],[-5.6908,50.09215],[-5.6915,50.0901],[-5.6909,50.08875],[-5.6931,50.08525],[-5.69445,50.0842],[-5.6945,50.083],[-5.69875,50.08],[-5.7007,50.0798],[-5.70185,50.07885],[-5.7049,50.0792],[-5.70745,50.07845],[-5.7092,50.07745],[-5.7096,50.07485],[-5.70865,50.0741],[-5.7104,50.0708],[-5.713,50.06975],[-5.71395,50.069],[-5.71625,50.0694],[-5.71645,50.06665],[-5.7161,50.0654],[-5.7144,50.0637],[-5.71475,50.0629],[-5.71275,50.062],[-5.71195,50.061],[-5.71025,50.0607],[-5.71005,50.0596],[-5.71115,50.0584],[-5.70815,50.05775],[-5.706,50.0565],[-5.7059,50.055],[-5.70425,50.05455],[-5.699,50.05535],[-5.6939,50.05415],[-5.6946,50.0526],[-5.69415,50.0518],[-5.69495,50.0506],[-5.6924,50.0494],[-5.6907,50.0495],[-5.68845,50.04835],[-5.6903,50.0454],[-5.6915,50.04485],[-5.69035,50.04375],[-5.6872,50.0427],[-5.68695,50.041],[-5.68545,50.04015],[-5.68355,50.04015],[-5.68235,50.03915],[-5.6846,50.0378],[-5.68175,50.03665],[-5.6798,50.0357],[-5.67945,50.0349],[-5.67675,50.03475],[-5.675,50.03515],[-5.6733,50.0345],[-5.67225,50.03475],[-5.67105,50.03665],[-5.66585,50.03755],[-5.6648,50.038],[-5.66085,50.0378],[-5.65905,50.0388],[-5.65755,50.03905],[-5.6541,50.0375],[-5.6528,50.0382],[-5.6528,50.03925],[-5.65025,50.04075],[-5.6508,50.0423],[-5.64735,50.04355],[-5.6449,50.0438],[-5.64165,50.0439],[-5.6409,50.0434],[-5.64055,50.04335],[-5.6381,50.0426],[-5.63775,50.0412],[-5.6367,50.04],[-5.63535,50.04065],[-5.63535,50.04155],[-5.6342,50.0424],[-5.63425,50.0436],[-5.6328,50.04385],[-5.631,50.04295],[-5.63005,50.0438],[-5.62835,50.04425],[-5.6279,50.0457],[-5.62905,50.04705],[-5.62565,50.04725],[-5.62355,50.0498],[-5.62235,50.04925],[-5.62025,50.0497],[-5.6189,50.0511],[-5.6154,50.0492],[-5.61195,50.04925],[-5.60775,50.0482],[-5.6058,50.04845],[-5.6012,50.0511],[-5.6003,50.05185],[-5.5971,50.052],[-5.59575,50.0526],[-5.59265,50.05195],[-5.59015,50.05025],[-5.58895,50.0511],[-5.58755,50.0512],[-5.5856,50.05215],[-5.58265,50.05275],[-5.57675,50.05175],[-5.57535,50.05305],[-5.573,50.05385],[-5.57125,50.05475],[-5.56895,50.0552],[-5.5677,50.05625],[-5.56355,50.05825],[-5.5634,50.05955],[-5.56385,50.06195],[-5.56275,50.06245],[-5.5605,50.06205],[-5.55835,50.061],[-5.55665,50.0611],[-5.55455,50.0598],[-5.55265,50.06065],[-5.55185,50.0618],[-5.55015,50.0622],[-5.55045,50.06375],[-5.54835,50.06495],[-5.5483,50.06665],[-5.54695,50.0673],[-5.5466,50.06825],[-5.54515,50.06835],[-5.5447,50.0692],[-5.54205,50.07045],[-5.5411,50.0738],[-5.5391,50.07605],[-5.53925,50.078],[-5.5383,50.0784],[-5.53745,50.08015],[-5.53835,50.08175],[-5.53625,50.08385],[-5.5352,50.0844],[-5.5344,50.08615],[-5.53265,50.0884],[-5.53415,50.08965]]],[[[-5.31205,50.25545],[-5.3154,50.2527],[-5.31515,50.25175],[-5.31775,50.2499],[-5.3201,50.24965],[-5.32105,50.2485],[-5.3246,50.24675],[-5.32535,50.2454],[-5.32845,50.2441],[-5.32925,50.2434],[-5.33195,50.2426],[-5.33435,50.24285],[-5.33645,50.2407],[-5.34045,50.2401],[-5.3415,50.23895],[-5.3433,50.2387],[-5.34545,50.23895],[-5.35215,50.24055],[-5.35405,50.24025],[-5.35405,50.2403],[-5.3557,50.2406],[-5.35715,50.2402],[-5.35885,50.23885],[-5.3602,50.23885],[-5.36295,50.23795],[-5.36535,50.23815],[-5.36715,50.2377],[-5.3688,50.2365],[-5.3703,50.23725],[-5.37325,50.2375],[-5.3735,50.23855],[-5.37485,50.23995],[-5.37635,50.2404],[-5.37675,50.2429],[-5.37975,50.244],[-5.38125,50.2432],[-5.38375,50.2411],[-5.39035,50.2406],[-5.3943,50.2411],[-5.39615,50.24055],[-5.3965,50.2392],[-5.39675,50.23735],[-5.3956,50.2372],[-5.3943,50.23585],[-5.39465,50.2323],[-5.3951,50.23155],[-5.39005,50.2304],[-5.3889,50.2296],[-5.3844,50.2286],[-5.38085,50.22915],[-5.3775,50.22895],[-5.3753,50.22835],[-5.37235,50.22645],[-5.3673,50.2247],[-5.36205,50.2248],[-5.3552,50.2253],[-5.3503,50.22495],[-5.3486,50.22525],[-5.34215,50.2277],[-5.33895,50.22825],[-5.3304,50.23105],[-5.3258,50.23285],[-5.3234,50.23505],[-5.32195,50.2355],[-5.32,50.2368],[-5.3171,50.2357],[-5.3138,50.23485],[-5.31235,50.2348],[-5.309,50.2371],[-5.30445,50.2392],[-5.30465,50.2406],[-5.30815,50.24135],[-5.30845,50.24355],[-5.30635,50.24335],[-5.3036,50.2445],[-5.3012,50.2448],[-5.29855,50.24625],[-5.29595,50.24645],[-5.29545,50.24705],[-5.28955,50.24815],[-5.285,50.2483],[-5.28795,50.25085],[-5.28965,50.2531],[-5.28955,50.25445],[-5.2905,50.2563],[-5.2896,50.25715],[-5.28965,50.2596],[-5.2959,50.26085],[-5.2971,50.26175],[-5.29915,50.26185],[-5.301,50.26295],[-5.30235,50.26175],[-5.30345,50.2615],[-5.3046,50.25985],[-5.30805,50.25855],[-5.3109,50.257],[-5.31035,50.25575],[-5.31205,50.25545]]],[[[-4.90175,50.24195],[-4.90335,50.2414],[-4.90745,50.242],[-4.9087,50.2417],[-4.9141,50.24355],[-4.915,50.24525],[-4.9168,50.24745],[-4.9171,50.2526],[-4.92175,50.25325],[-4.92505,50.25505],[-4.925,50.2567],[-4.9269,50.25935],[-4.92845,50.25915],[-4.93165,50.26115],[-4.93115,50.26345],[-4.93165,50.2639],[-4.9352,50.26335],[-4.9371,50.26345],[-4.94225,50.2643],[-4.94605,50.26455],[-4.9473,50.26365],[-4.95015,50.2624],[-4.95,50.26135],[-4.95255,50.2611],[-4.9596,50.26135],[-4.9613,50.26185],[-4.96345,50.26155],[-4.9688,50.26355],[-4.96915,50.26425],[-4.9724,50.2653],[-4.97565,50.2656],[-4.9801,50.26715],[-4.98145,50.2673],[-4.98265,50.2665],[-4.98475,50.2658],[-4.9886,50.26505],[-4.9948,50.26435],[-4.99655,50.2646],[-5.0002,50.26445],[-5.0019,50.2656],[-4.99935,50.26745],[-4.9975,50.26955],[-4.99425,50.27075],[-4.99445,50.2716],[-4.99715,50.2724],[-5.00185,50.27435],[-5.00355,50.2731],[-5.0045,50.27185],[-5.0087,50.27105],[-5.0099,50.27015],[-5.01525,50.26985],[-5.01795,50.27015],[-5.01965,50.26925],[-5.02275,50.2682],[-5.0283,50.2668],[-5.0271,50.26555],[-5.03005,50.26455],[-5.02855,50.2639],[-5.02525,50.26075],[-5.02395,50.26015],[-5.02595,50.258],[-5.028,50.2547],[-5.0304,50.2554],[-5.03035,50.25435],[-5.03305,50.2511],[-5.03515,50.24925],[-5.0386,50.2496],[-5.0391,50.2487],[-5.03865,50.24755],[-5.04085,50.24725],[-5.0425,50.24765],[-5.0442,50.24745],[-5.04595,50.2487],[-5.0479,50.248],[-5.05625,50.247],[-5.05255,50.2454],[-5.05,50.245],[-5.0503,50.24145],[-5.04945,50.23995],[-5.0462,50.2378],[-5.04575,50.2361],[-5.0431,50.23475],[-5.0428,50.23335],[-5.0432,50.23025],[-5.043,50.229],[-5.04395,50.22765],[-5.04355,50.2271],[-5.04455,50.225],[-5.0472,50.22215],[-5.04575,50.22155],[-5.04535,50.2188],[-5.04575,50.21755],[-5.048,50.21745],[-5.0573,50.21805],[-5.0597,50.21835],[-5.05935,50.21685],[-5.063,50.21615],[-5.066,50.21495],[-5.0659,50.2121],[-5.0674,50.2097],[-5.0681,50.20675],[-5.0701,50.2057],[-5.07445,50.2083],[-5.0791,50.20815],[-5.0794,50.20665],[-5.0829,50.2062],[-5.0877,50.20725],[-5.0906,50.2071],[-5.0943,50.20745],[-5.0988,50.20825],[-5.10095,50.20915],[-5.1044,50.2085],[-5.1059,50.20775],[-5.1087,50.20705],[-5.1112,50.20715],[-5.1142,50.20605],[-5.1198,50.20285],[-5.12285,50.2008],[-5.1241,50.19965],[-5.1233,50.19655],[-5.1184,50.19595],[-5.11315,50.1949],[-5.11085,50.19225],[-5.10625,50.1906],[-5.10315,50.18865],[-5.0987,50.18675],[-5.0958,50.18755],[-5.089,50.18875],[-5.0856,50.18805],[-5.0852,50.187],[-5.0872,50.18545],[-5.0873,50.18485],[-5.09,50.1815],[-5.09545,50.1797],[-5.0989,50.17805],[-5.0971,50.1774],[-5.0967,50.17605],[-5.095,50.1754],[-5.09335,50.1737],[-5.0917,50.1708],[-5.0909,50.16665],[-5.0885,50.1661],[-5.0846,50.16575],[-5.0798,50.16575],[-5.07755,50.16525],[-5.07755,50.16675],[-5.07585,50.1669],[-5.0752,50.1655],[-5.0721,50.1648],[-5.0697,50.16285],[-5.06945,50.1618],[-5.0666,50.1614],[-5.06195,50.16165],[-5.05935,50.1619],[-5.0577,50.1607],[-5.0563,50.16075],[-5.0564,50.16065],[-5.0545,50.16115],[-5.0211,50.14375],[-5.0165,50.14125],[-5.01535,50.1402],[-5.0137,50.14065],[-5.011,50.13945],[-5.00895,50.13925],[-5.0055,50.14135],[-5.0049,50.1425],[-5.0012,50.1438],[-5.0013,50.1438],[-4.9976,50.14655],[-4.9968,50.14765],[-4.99395,50.1487],[-4.9893,50.15],[-4.987,50.1495],[-4.984,50.14965],[-4.9834,50.1503],[-4.98115,50.1519],[-4.98245,50.15345],[-4.98345,50.15375],[-4.9834,50.15395],[-4.9834,50.15405],[-4.98265,50.15775],[-4.9772,50.15995],[-4.97545,50.1615],[-4.97395,50.16305],[-4.9716,50.1643],[-4.97165,50.1657],[-4.97265,50.16735],[-4.972,50.1685],[-4.973,50.16945],[-4.9735,50.17045],[-4.97205,50.17245],[-4.97225,50.17345],[-4.9726,50.1747],[-4.9722,50.1762],[-4.97095,50.1771],[-4.97075,50.17915],[-4.9737,50.1801],[-4.974,50.1819],[-4.97235,50.185],[-4.9676,50.18535],[-4.96695,50.187],[-4.9677,50.1885],[-4.96815,50.1908],[-4.96785,50.1917],[-4.96075,50.1978],[-4.95945,50.19865],[-4.9595,50.1996],[-4.95495,50.2024],[-4.95355,50.2028],[-4.9517,50.2034],[-4.94995,50.20375],[-4.94835,50.2047],[-4.9471,50.2047],[-4.94355,50.20535],[-4.9388,50.2058],[-4.9327,50.20595],[-4.9322,50.2053],[-4.92955,50.2045],[-4.9281,50.20365],[-4.9262,50.20275],[-4.9254,50.2017],[-4.9237,50.20175],[-4.9231,50.19955],[-4.92255,50.1992],[-4.9221,50.1957],[-4.92065,50.1956],[-4.9183,50.19655],[-4.91595,50.19705],[-4.91275,50.1996],[-4.91085,50.2002],[-4.91085,50.20105],[-4.9097,50.20235],[-4.9101,50.2047],[-4.9085,50.2058],[-4.9047,50.20485],[-4.9023,50.2075],[-4.9024,50.20905],[-4.9041,50.20935],[-4.9022,50.2123],[-4.90015,50.2138],[-4.89905,50.21385],[-4.89645,50.2128],[-4.8933,50.21455],[-4.89305,50.21625],[-4.892,50.21735],[-4.89065,50.21745],[-4.89065,50.2187],[-4.89005,50.2186],[-4.88995,50.21835],[-4.88895,50.21815],[-4.8864,50.2205],[-4.88505,50.2209],[-4.88485,50.2221],[-4.88355,50.2224],[-4.88275,50.2236],[-4.8799,50.22325],[-4.8791,50.22405],[-4.8757,50.22495],[-4.87545,50.2269],[-4.8736,50.22845],[-4.87335,50.2308],[-4.86915,50.2319],[-4.86725,50.23325],[-4.8658,50.2332],[-4.8649,50.2342],[-4.8617,50.23475],[-4.8601,50.2342],[-4.8588,50.2343],[-4.85545,50.23485],[-4.85395,50.23465],[-4.8539,50.23465],[-4.85305,50.23465],[-4.8445,50.23455],[-4.84435,50.23525],[-4.84115,50.2347],[-4.8401,50.234],[-4.8397,50.23255],[-4.8395,50.23245],[-4.8388,50.23225],[-4.83645,50.23225],[-4.83555,50.23245],[-4.8343,50.2324],[-4.8323,50.2329],[-4.83145,50.23245],[-4.8308,50.23085],[-4.8299,50.2304],[-4.82505,50.2305],[-4.82455,50.23045],[-4.8229,50.23085],[-4.81975,50.2309],[-4.81685,50.2299],[-4.81355,50.22905],[-4.81275,50.22505],[-4.812,50.22475],[-4.8108,50.22435],[-4.8108,50.2228],[-4.809,50.2232],[-4.8074,50.22085],[-4.8071,50.22065],[-4.80505,50.22005],[-4.8053,50.2186],[-4.80185,50.2186],[-4.79875,50.2192],[-4.79775,50.22],[-4.79685,50.22175],[-4.7975,50.22275],[-4.7973,50.2241],[-4.79835,50.226],[-4.7985,50.22875],[-4.79815,50.22965],[-4.79255,50.23315],[-4.78855,50.23385],[-4.78635,50.23485],[-4.78455,50.2341],[-4.7823,50.23575],[-4.7823,50.23605],[-4.78095,50.2373],[-4.78265,50.238],[-4.78725,50.2413],[-4.78685,50.24265],[-4.78495,50.24395],[-4.78515,50.24485],[-4.78325,50.2467],[-4.7811,50.24815],[-4.77655,50.2505],[-4.77305,50.25055],[-4.77115,50.25165],[-4.76815,50.2528],[-4.7673,50.25375],[-4.76885,50.25495],[-4.76535,50.25655],[-4.76815,50.25725],[-4.76945,50.2571],[-4.77065,50.2582],[-4.77355,50.2584],[-4.77385,50.25885],[-4.7781,50.25905],[-4.7803,50.26005],[-4.7822,50.2616],[-4.78385,50.26175],[-4.783,50.26305],[-4.7831,50.2631],[-4.784,50.2652],[-4.78175,50.26685],[-4.7823,50.2672],[-4.78405,50.26975],[-4.7833,50.2709],[-4.78335,50.27235],[-4.78355,50.27245],[-4.78385,50.27335],[-4.7831,50.2752],[-4.7813,50.27585],[-4.78115,50.27715],[-4.78105,50.2772],[-4.78,50.2774],[-4.7785,50.27925],[-4.78255,50.2818],[-4.78265,50.2834],[-4.782,50.2844],[-4.7797,50.28715],[-4.77745,50.2886],[-4.7763,50.2913],[-4.77335,50.29255],[-4.7722,50.2951],[-4.7663,50.29755],[-4.76695,50.29865],[-4.7652,50.29965],[-4.7626,50.30025],[-4.75945,50.2984],[-4.75845,50.29885],[-4.7562,50.2995],[-4.75395,50.29785],[-4.75245,50.29835],[-4.7525,50.29915],[-4.7549,50.3014],[-4.75475,50.3035],[-4.7535,50.30585],[-4.75525,50.30765],[-4.7583,50.30765],[-4.7612,50.3088],[-4.763,50.31005],[-4.7632,50.31165],[-4.7646,50.313],[-4.76365,50.31565],[-4.765,50.31625],[-4.7677,50.3151],[-4.769,50.3142],[-4.77055,50.3162],[-4.77265,50.31565],[-4.7741,50.31985],[-4.7738,50.3226],[-4.7789,50.323],[-4.7799,50.32085],[-4.7865,50.3214],[-4.78725,50.32105],[-4.7926,50.3199],[-4.7956,50.32],[-4.7983,50.3182],[-4.79825,50.31475],[-4.80035,50.31455],[-4.80005,50.3126],[-4.80185,50.3108],[-4.80145,50.3081],[-4.80165,50.30685],[-4.7996,50.30025],[-4.7985,50.2984],[-4.79575,50.2966],[-4.79575,50.2961],[-4.8003,50.2933],[-4.8021,50.2928],[-4.80315,50.2917],[-4.8032,50.29015],[-4.8055,50.289],[-4.8076,50.2895],[-4.81485,50.28915],[-4.81425,50.287],[-4.8126,50.2835],[-4.81055,50.28165],[-4.80915,50.27885],[-4.8081,50.2785],[-4.806,50.2792],[-4.80435,50.27915],[-4.8044,50.27785],[-4.8058,50.27745],[-4.80645,50.27485],[-4.80775,50.2727],[-4.8081,50.27135],[-4.8075,50.26915],[-4.8082,50.26705],[-4.8102,50.2671],[-4.81105,50.26595],[-4.8109,50.2641],[-4.81165,50.262],[-4.81105,50.26115],[-4.8145,50.2609],[-4.81635,50.2604],[-4.8165,50.2594],[-4.81825,50.25935],[-4.8199,50.2581],[-4.82395,50.25675],[-4.82525,50.2556],[-4.8237,50.25405],[-4.826,50.25265],[-4.82775,50.25345],[-4.8316,50.2534],[-4.8324,50.2529],[-4.8348,50.2529],[-4.83775,50.2522],[-4.8416,50.25215],[-4.8459,50.25055],[-4.84865,50.2515],[-4.85125,50.25185],[-4.8536,50.25355],[-4.85955,50.2529],[-4.8617,50.2541],[-4.86355,50.25375],[-4.8658,50.2522],[-4.8689,50.25175],[-4.86935,50.25045],[-4.8722,50.2493],[-4.87455,50.2472],[-4.87785,50.24575],[-4.88775,50.24385],[-4.89445,50.2435],[-4.8965,50.2429],[-4.8988,50.24265],[-4.8998,50.2419],[-4.90175,50.24195]]],[[[-4.17105,50.3428],[-4.17065,50.3428],[-4.1709,50.34285],[-4.17105,50.3428]]],[[[-4.1656,50.3491],[-4.1666,50.3498],[-4.16635,50.35135],[-4.16915,50.3536],[-4.17075,50.3541],[-4.17255,50.35575],[-4.17095,50.3577],[-4.17135,50.35885],[-4.17415,50.36055],[-4.17855,50.35835],[-4.182,50.35575],[-4.18345,50.35505],[-4.1839,50.3541],[-4.1831,50.3529],[-4.18515,50.3528],[-4.1896,50.35175],[-4.1908,50.35105],[-4.19565,50.34975],[-4.2002,50.34885],[-4.2042,50.34685],[-4.2051,50.3457],[-4.20545,50.344],[-4.20675,50.3432],[-4.20725,50.3419],[-4.20995,50.33865],[-4.20975,50.3367],[-4.21175,50.333],[-4.21155,50.33155],[-4.2106,50.32955],[-4.2117,50.32825],[-4.21305,50.32515],[-4.2148,50.3262],[-4.2153,50.3274],[-4.21735,50.32675],[-4.21785,50.32355],[-4.2187,50.3224],[-4.22095,50.32225],[-4.22625,50.3201],[-4.2275,50.31875],[-4.22425,50.3168],[-4.2241,50.31585],[-4.22525,50.3148],[-4.22725,50.31405],[-4.22725,50.3132],[-4.22365,50.3112],[-4.22015,50.3119],[-4.2205,50.3144],[-4.21895,50.3145],[-4.216,50.3157],[-4.21265,50.3174],[-4.20965,50.31815],[-4.2067,50.3181],[-4.20505,50.31785],[-4.2014,50.3181],[-4.1989,50.3177],[-4.1956,50.31815],[-4.1928,50.31785],[-4.19095,50.31735],[-4.18785,50.3175],[-4.18855,50.31835],[-4.1892,50.32115],[-4.18915,50.32275],[-4.18945,50.32375],[-4.1904,50.32445],[-4.19445,50.32635],[-4.1962,50.32695],[-4.19865,50.3285],[-4.20085,50.33085],[-4.2005,50.33245],[-4.1994,50.3341],[-4.19825,50.33455],[-4.19545,50.33655],[-4.1947,50.3364],[-4.1925,50.3377],[-4.19065,50.33925],[-4.1873,50.3404],[-4.1843,50.3406],[-4.18125,50.3408],[-4.17905,50.34185],[-4.17865,50.3421],[-4.1736,50.34305],[-4.1727,50.3428],[-4.17125,50.34285],[-4.1677,50.3448],[-4.16615,50.3464],[-4.1659,50.3471],[-4.1654,50.34775],[-4.1656,50.34915],[-4.1656,50.3491]]],[[[-5.24245,50.2931],[-5.2448,50.2912],[-5.24185,50.2883],[-5.23975,50.28715],[-5.2399,50.2897],[-5.23705,50.29295],[-5.2339,50.2941],[-5.23065,50.29405],[-5.2261,50.2962],[-5.2282,50.29705],[-5.2294,50.298],[-5.22625,50.2995],[-5.224,50.30025],[-5.2203,50.302],[-5.21455,50.30445],[-5.21245,50.30475],[-5.21235,50.30615],[-5.2131,50.309],[-5.21525,50.3111],[-5.2172,50.3141],[-5.2145,50.31465],[-5.21225,50.31555],[-5.20715,50.3161],[-5.2055,50.31655],[-5.20425,50.3179],[-5.1951,50.3207],[-5.1922,50.3218],[-5.191,50.32175],[-5.1897,50.32305],[-5.1871,50.32435],[-5.1857,50.3255],[-5.1834,50.3267],[-5.1835,50.3275],[-5.1807,50.329],[-5.1785,50.33095],[-5.1754,50.3343],[-5.1739,50.33715],[-5.1722,50.3377],[-5.1677,50.33795],[-5.165,50.3398],[-5.1683,50.3433],[-5.16995,50.34185],[-5.17305,50.3408],[-5.17435,50.34115],[-5.17595,50.34075],[-5.1781,50.34115],[-5.18205,50.34005],[-5.18095,50.3365],[-5.181,50.33445],[-5.1826,50.33415],[-5.1839,50.33295],[-5.1862,50.3335],[-5.18805,50.333],[-5.19,50.3317],[-5.1889,50.33115],[-5.1888,50.33005],[-5.19015,50.3299],[-5.1908,50.32835],[-5.19205,50.32795],[-5.19315,50.3266],[-5.1961,50.326],[-5.19605,50.3252],[-5.19825,50.32485],[-5.19745,50.32375],[-5.19965,50.32345],[-5.2009,50.3226],[-5.2003,50.3217],[-5.20285,50.3211],[-5.2047,50.32225],[-5.2063,50.32125],[-5.20845,50.32105],[-5.21335,50.3214],[-5.21835,50.32125],[-5.2206,50.3225],[-5.22475,50.3212],[-5.22695,50.3199],[-5.2298,50.31955],[-5.23125,50.319],[-5.23305,50.3194],[-5.23575,50.3183],[-5.23435,50.3171],[-5.23445,50.3157],[-5.23525,50.31515],[-5.2343,50.31335],[-5.23455,50.3111],[-5.2339,50.31045],[-5.23455,50.3091],[-5.23395,50.3079],[-5.2355,50.30435],[-5.23755,50.30085],[-5.23775,50.29975],[-5.23965,50.29795],[-5.24065,50.29535],[-5.24245,50.2931]]],[[[-4.4685,50.33935],[-4.46755,50.33965],[-4.468,50.34235],[-4.47045,50.3442],[-4.47025,50.3459],[-4.46855,50.3484],[-4.4671,50.3499],[-4.47115,50.34985],[-4.47745,50.34835],[-4.4854,50.34995],[-4.4914,50.35145],[-4.4931,50.3523],[-4.495,50.35155],[-4.5019,50.3505],[-4.50415,50.35045],[-4.5057,50.349],[-4.51175,50.3463],[-4.5128,50.34495],[-4.512,50.342],[-4.51325,50.34075],[-4.51505,50.34025],[-4.5187,50.3403],[-4.5203,50.33915],[-4.522,50.33715],[-4.52395,50.33605],[-4.52585,50.3359],[-4.529,50.3364],[-4.53235,50.33755],[-4.5348,50.33685],[-4.53695,50.33695],[-4.5437,50.3363],[-4.5462,50.33515],[-4.5493,50.33465],[-4.551,50.33615],[-4.55415,50.3382],[-4.5582,50.3377],[-4.563,50.3374],[-4.5684,50.33585],[-4.5685,50.33755],[-4.56745,50.33815],[-4.5679,50.33985],[-4.56755,50.3414],[-4.56845,50.34295],[-4.5709,50.34265],[-4.57225,50.342],[-4.57635,50.3423],[-4.57955,50.3413],[-4.58345,50.34185],[-4.5882,50.34205],[-4.5931,50.34175],[-4.5967,50.3401],[-4.5996,50.3394],[-4.60045,50.3396],[-4.6043,50.3414],[-4.60905,50.34295],[-4.61055,50.3431],[-4.6122,50.3441],[-4.6165,50.34555],[-4.61685,50.34675],[-4.61335,50.3501],[-4.6121,50.35085],[-4.60715,50.35255],[-4.60605,50.35325],[-4.6065,50.3551],[-4.6063,50.35815],[-4.60685,50.3592],[-4.6064,50.36075],[-4.6094,50.3612],[-4.61275,50.36135],[-4.61675,50.3643],[-4.61915,50.3684],[-4.6192,50.36995],[-4.62015,50.37465],[-4.619,50.37545],[-4.6189,50.3776],[-4.6176,50.37945],[-4.61795,50.38225],[-4.61775,50.38355],[-4.6166,50.38475],[-4.6199,50.3861],[-4.6248,50.38835],[-4.62685,50.39005],[-4.62845,50.3935],[-4.63045,50.39465],[-4.6326,50.3952],[-4.6356,50.3953],[-4.6415,50.3961],[-4.6443,50.396],[-4.6463,50.39435],[-4.64975,50.39105],[-4.65075,50.38885],[-4.65225,50.388],[-4.65175,50.3864],[-4.652,50.38415],[-4.6515,50.3824],[-4.65345,50.3824],[-4.65405,50.38305],[-4.65915,50.3856],[-4.6609,50.3862],[-4.66455,50.38445],[-4.66665,50.38385],[-4.6664,50.38185],[-4.6677,50.3783],[-4.6697,50.37755],[-4.6674,50.3751],[-4.66775,50.3736],[-4.6694,50.37195],[-4.67075,50.37],[-4.67065,50.369],[-4.6692,50.36695],[-4.6687,50.365],[-4.66895,50.36265],[-4.66655,50.35935],[-4.6662,50.35745],[-4.6636,50.3539],[-4.6629,50.35125],[-4.66315,50.34925],[-4.6627,50.34855],[-4.6625,50.3448],[-4.6621,50.34445],[-4.66365,50.3428],[-4.66905,50.3433],[-4.67175,50.34415],[-4.6773,50.3443],[-4.68055,50.34425],[-4.6821,50.3455],[-4.68365,50.34865],[-4.6852,50.35005],[-4.68705,50.3505],[-4.6888,50.34995],[-4.68955,50.34885],[-4.6896,50.34665],[-4.6902,50.34435],[-4.68895,50.34315],[-4.69045,50.34115],[-4.68695,50.3401],[-4.68555,50.33915],[-4.68245,50.33805],[-4.68305,50.33595],[-4.68335,50.3304],[-4.68285,50.3277],[-4.68295,50.32485],[-4.68255,50.32445],[-4.683,50.3222],[-4.68445,50.32075],[-4.6842,50.31975],[-4.68225,50.3192],[-4.68165,50.318],[-4.67915,50.318],[-4.6773,50.3172],[-4.676,50.3154],[-4.67555,50.31445],[-4.67355,50.3133],[-4.6716,50.3134],[-4.6673,50.3178],[-4.66815,50.31895],[-4.6681,50.3205],[-4.6665,50.3212],[-4.6667,50.3225],[-4.66575,50.32295],[-4.66445,50.3213],[-4.6634,50.3212],[-4.66,50.32205],[-4.6574,50.323],[-4.6557,50.32285],[-4.65145,50.32395],[-4.65225,50.32545],[-4.6488,50.3269],[-4.64665,50.32665],[-4.64605,50.3275],[-4.6436,50.32825],[-4.63995,50.3284],[-4.63965,50.32785],[-4.6404,50.3271],[-4.6388,50.32595],[-4.6364,50.3259],[-4.6365,50.325],[-4.6342,50.32525],[-4.6325,50.3242],[-4.6294,50.32455],[-4.6244,50.32405],[-4.6232,50.3244],[-4.61835,50.32385],[-4.618,50.32425],[-4.6164,50.32435],[-4.61475,50.32495],[-4.6133,50.32735],[-4.61255,50.3276],[-4.61195,50.3278],[-4.61085,50.32815],[-4.60675,50.3285],[-4.60275,50.3276],[-4.6022,50.3268],[-4.60265,50.3253],[-4.60195,50.3241],[-4.59795,50.32375],[-4.5966,50.32455],[-4.59695,50.3263],[-4.59405,50.3276],[-4.5927,50.32765],[-4.59165,50.3286],[-4.5884,50.3304],[-4.58675,50.3318],[-4.5822,50.3309],[-4.57915,50.332],[-4.57805,50.3309],[-4.5756,50.3303],[-4.5733,50.33035],[-4.57225,50.3294],[-4.5704,50.32945],[-4.5676,50.32825],[-4.55815,50.32635],[-4.5525,50.3246],[-4.5513,50.324],[-4.54645,50.3242],[-4.5443,50.3248],[-4.54315,50.324],[-4.53995,50.32445],[-4.53915,50.3237],[-4.52885,50.32535],[-4.52535,50.3272],[-4.52345,50.32705],[-4.5211,50.3278],[-4.51985,50.32775],[-4.51835,50.3286],[-4.5159,50.32955],[-4.5158,50.33115],[-4.51305,50.3298],[-4.50905,50.33025],[-4.5077,50.33065],[-4.5065,50.33],[-4.5045,50.3306],[-4.5028,50.3302],[-4.49895,50.33235],[-4.4988,50.3336],[-4.49895,50.33515],[-4.4979,50.3355],[-4.4982,50.3362],[-4.49475,50.3363],[-4.4929,50.3364],[-4.49215,50.33525],[-4.4892,50.33445],[-4.4881,50.335],[-4.4855,50.3344],[-4.4835,50.3343],[-4.4801,50.33375],[-4.4783,50.3331],[-4.4756,50.3327],[-4.4745,50.33185],[-4.4725,50.3332],[-4.47055,50.3351],[-4.47165,50.33585],[-4.4715,50.3359],[-4.4726,50.338],[-4.47145,50.3385],[-4.4698,50.33885],[-4.4685,50.33935]]],[[[-5.0393,50.5463],[-5.0399,50.545],[-5.0385,50.5447],[-5.0359,50.5447],[-5.035,50.5443],[-5.03375,50.5428],[-5.03275,50.54265],[-5.03045,50.5411],[-5.0292,50.54115],[-5.0281,50.54005],[-5.02745,50.53425],[-5.0282,50.5339],[-5.0277,50.5317],[-5.02855,50.53065],[-5.0265,50.5303],[-5.02775,50.52915],[-5.02635,50.5285],[-5.02625,50.5269],[-5.02825,50.52645],[-5.0285,50.52515],[-5.02965,50.5245],[-5.0296,50.52325],[-5.03045,50.5218],[-5.0283,50.5196],[-5.0283,50.5181],[-5.03055,50.51515],[-5.02905,50.5145],[-5.02955,50.5132],[-5.02945,50.51145],[-5.0304,50.50995],[-5.0333,50.50885],[-5.03555,50.5075],[-5.03735,50.50425],[-5.0406,50.504],[-5.0413,50.503],[-5.04275,50.50285],[-5.0435,50.5009],[-5.04235,50.49975],[-5.0448,50.49775],[-5.04685,50.49795],[-5.0459,50.4964],[-5.0398,50.4958],[-5.03845,50.49505],[-5.03675,50.4922],[-5.0363,50.49025],[-5.03625,50.4846],[-5.03675,50.48],[-5.03115,50.47915],[-5.02745,50.4789],[-5.02315,50.4795],[-5.0222,50.48085],[-5.0196,50.4805],[-5.0144,50.4822],[-5.0137,50.4888],[-5.01295,50.4895],[-5.01315,50.49085],[-5.0102,50.49405],[-5.014,50.4957],[-5.0183,50.4978],[-5.0183,50.4996],[-5.01895,50.5032],[-5.01955,50.50385],[-5.01725,50.50695],[-5.0161,50.5075],[-5.0141,50.5095],[-5.00945,50.51085],[-5.00835,50.51145],[-5.0051,50.5142],[-5.0042,50.51555],[-5.00445,50.5174],[-5.004,50.52005],[-5.00035,50.5219],[-4.9966,50.5229],[-4.9941,50.52495],[-4.9909,50.52605],[-4.9853,50.52905],[-4.98355,50.5296],[-4.98165,50.53255],[-4.9802,50.5333],[-4.9803,50.53425],[-4.97875,50.5351],[-4.9742,50.5362],[-4.96765,50.5371],[-4.96505,50.5377],[-4.9631,50.5377],[-4.9582,50.53835],[-4.9565,50.53925],[-4.952,50.5393],[-4.9459,50.5408],[-4.94475,50.5415],[-4.94515,50.54225],[-4.9418,50.54215],[-4.9388,50.54155],[-4.9361,50.5424],[-4.9335,50.54725],[-4.93525,50.5499],[-4.9363,50.5528],[-4.93765,50.55335],[-4.9391,50.55485],[-4.94395,50.5548],[-4.94745,50.5552],[-4.9499,50.55625],[-4.9487,50.55755],[-4.9484,50.55995],[-4.9469,50.5631],[-4.94705,50.5641],[-4.94475,50.5686],[-4.9502,50.5694],[-4.95265,50.56915],[-4.95405,50.5679],[-4.95645,50.56755],[-4.95615,50.5653],[-4.95705,50.5649],[-4.9561,50.56325],[-4.96155,50.56035],[-4.9626,50.5593],[-4.96545,50.55835],[-4.96975,50.5588],[-4.9713,50.5578],[-4.97245,50.55785],[-4.9736,50.5557],[-4.9744,50.5551],[-4.9754,50.55385],[-4.97565,50.55235],[-4.9774,50.55175],[-4.97795,50.54945],[-4.98235,50.54835],[-4.98055,50.5469],[-4.9819,50.5454],[-4.9833,50.5461],[-4.9846,50.546],[-4.98505,50.54315],[-4.9894,50.544],[-4.9916,50.5435],[-4.99515,50.5435],[-4.99525,50.5428],[-4.9996,50.5425],[-5.00155,50.5428],[-5.0036,50.5437],[-5.0035,50.54655],[-5.0076,50.5461],[-5.00935,50.54555],[-5.0125,50.5451],[-5.01435,50.5452],[-5.01575,50.54505],[-5.019,50.5458],[-5.021,50.54725],[-5.02105,50.5497],[-5.02415,50.55055],[-5.02405,50.55155],[-5.0278,50.5515],[-5.0302,50.55055],[-5.03285,50.55045],[-5.0369,50.5492],[-5.0356,50.5479],[-5.0366,50.54685],[-5.03925,50.5463],[-5.03935,50.54665],[-5.0393,50.5463]]],[[[-4.8687,50.54085],[-4.8693,50.5418],[-4.86875,50.54275],[-4.8716,50.5439],[-4.8753,50.54415],[-4.88045,50.54525],[-4.88315,50.54655],[-4.88355,50.5479],[-4.88525,50.54915],[-4.8853,50.5503],[-4.88695,50.5511],[-4.89105,50.55215],[-4.89455,50.5515],[-4.8953,50.5518],[-4.8976,50.5511],[-4.9,50.5497],[-4.90015,50.5488],[-4.89915,50.54735],[-4.9011,50.54675],[-4.90625,50.54355],[-4.90925,50.54245],[-4.91275,50.5424],[-4.9178,50.54135],[-4.9327,50.53125],[-4.9331,50.53185],[-4.93635,50.53175],[-4.93895,50.5312],[-4.93925,50.5337],[-4.94365,50.5346],[-4.94445,50.534],[-4.94685,50.5353],[-4.95085,50.5334],[-4.9519,50.53005],[-4.953,50.52875],[-4.9536,50.5272],[-4.95325,50.52515],[-4.95225,50.5236],[-4.9512,50.51965],[-4.94875,50.51375],[-4.9448,50.5147],[-4.94395,50.5135],[-4.9413,50.51175],[-4.93985,50.5113],[-4.9374,50.5116],[-4.9367,50.51035],[-4.9346,50.5092],[-4.93295,50.5094],[-4.93175,50.5114],[-4.9254,50.51045],[-4.92195,50.5114],[-4.91855,50.5115],[-4.91795,50.50965],[-4.91115,50.50925],[-4.9065,50.5085],[-4.89755,50.50765],[-4.89095,50.5074],[-4.88245,50.50815],[-4.8801,50.50885],[-4.8784,50.51],[-4.87535,50.5111],[-4.87245,50.51245],[-4.8717,50.51435],[-4.87175,50.51865],[-4.86615,50.51895],[-4.86275,50.5179],[-4.85845,50.5177],[-4.851,50.5185],[-4.8495,50.52065],[-4.8449,50.5242],[-4.8409,50.5254],[-4.8369,50.5254],[-4.83525,50.5262],[-4.8336,50.528],[-4.83625,50.5308],[-4.8371,50.53215],[-4.8403,50.53305],[-4.84265,50.5341],[-4.8458,50.5343],[-4.85165,50.53695],[-4.85335,50.53805],[-4.85545,50.53995],[-4.85695,50.5423],[-4.8596,50.5416],[-4.8611,50.5421],[-4.8649,50.5388],[-4.86745,50.53795],[-4.8687,50.54085]]],[[[-4.99595,50.57135],[-4.9954,50.57205],[-4.99965,50.57295],[-4.99955,50.57165],[-4.99595,50.57135]]],[[[-4.5631,50.62205],[-4.5668,50.62255],[-4.57055,50.62385],[-4.57595,50.6244],[-4.5795,50.625],[-4.58915,50.6244],[-4.59155,50.6248],[-4.5947,50.6266],[-4.59995,50.6283],[-4.5998,50.62515],[-4.6006,50.6231],[-4.6074,50.6185],[-4.6164,50.61295],[-4.61775,50.6118],[-4.6219,50.6107],[-4.62735,50.61035],[-4.63,50.60845],[-4.6312,50.6068],[-4.63145,50.60285],[-4.6314,50.59715],[-4.6322,50.59595],[-4.6371,50.59275],[-4.64035,50.5893],[-4.64335,50.58935],[-4.6459,50.5908],[-4.64775,50.59055],[-4.64835,50.58985],[-4.65025,50.59045],[-4.6537,50.59055],[-4.65345,50.5935],[-4.6542,50.59445],[-4.6558,50.5944],[-4.6604,50.5913],[-4.66365,50.59145],[-4.66985,50.58875],[-4.67165,50.58865],[-4.6718,50.58765],[-4.6731,50.587],[-4.67425,50.58575],[-4.67605,50.58465],[-4.67595,50.5829],[-4.67715,50.58255],[-4.67695,50.58145],[-4.679,50.57955],[-4.67885,50.57775],[-4.67805,50.5769],[-4.6792,50.5755],[-4.6818,50.57455],[-4.68265,50.5732],[-4.6847,50.5715],[-4.68865,50.57115],[-4.6894,50.57065],[-4.68845,50.56405],[-4.68625,50.5631],[-4.6842,50.56305],[-4.6804,50.5623],[-4.67695,50.56075],[-4.6732,50.55935],[-4.6717,50.55925],[-4.66385,50.55595],[-4.66275,50.5544],[-4.66305,50.55215],[-4.66175,50.55175],[-4.66115,50.5507],[-4.66185,50.54995],[-4.6598,50.5467],[-4.66745,50.54365],[-4.66855,50.5413],[-4.67075,50.5399],[-4.67205,50.5368],[-4.67645,50.53535],[-4.67855,50.5344],[-4.68055,50.5329],[-4.6841,50.53195],[-4.6864,50.53095],[-4.6876,50.5293],[-4.6841,50.5283],[-4.6865,50.52725],[-4.69175,50.52695],[-4.6956,50.52875],[-4.6971,50.52735],[-4.69645,50.52645],[-4.6966,50.525],[-4.6947,50.52495],[-4.6927,50.52355],[-4.692,50.5223],[-4.68775,50.5218],[-4.68285,50.52005],[-4.67845,50.51935],[-4.6743,50.5181],[-4.6709,50.5162],[-4.66795,50.5155],[-4.66295,50.51235],[-4.6591,50.50815],[-4.6561,50.50635],[-4.6522,50.50325],[-4.6509,50.50155],[-4.64905,50.5005],[-4.6466,50.49855],[-4.6452,50.4979],[-4.64295,50.49565],[-4.6406,50.4944],[-4.6394,50.4933],[-4.6383,50.49125],[-4.63665,50.48965],[-4.63115,50.48905],[-4.6302,50.4882],[-4.6311,50.48645],[-4.6305,50.48515],[-4.6294,50.4845],[-4.62105,50.48395],[-4.61595,50.483],[-4.61135,50.4824],[-4.6067,50.48205],[-4.6049,50.4826],[-4.60195,50.48275],[-4.5993,50.4825],[-4.5962,50.48315],[-4.59325,50.48315],[-4.58325,50.4816],[-4.5742,50.4814],[-4.56905,50.4817],[-4.56335,50.48165],[-4.561,50.48185],[-4.5597,50.4824],[-4.5569,50.48205],[-4.5534,50.48095],[-4.55215,50.4809],[-4.54585,50.4827],[-4.5424,50.4828],[-4.5413,50.4822],[-4.5388,50.48195],[-4.5354,50.48055],[-4.5311,50.4801],[-4.5298,50.4793],[-4.528,50.47905],[-4.5244,50.4772],[-4.5226,50.4778],[-4.52095,50.4792],[-4.518,50.48045],[-4.5132,50.4813],[-4.5109,50.48255],[-4.50765,50.48505],[-4.5071,50.4862],[-4.50525,50.4876],[-4.5017,50.4889],[-4.49865,50.49085],[-4.49515,50.49195],[-4.4911,50.49235],[-4.48735,50.49315],[-4.47685,50.49655],[-4.4743,50.49745],[-4.4733,50.4993],[-4.46895,50.50305],[-4.46775,50.50555],[-4.465,50.5075],[-4.46225,50.509],[-4.4574,50.5122],[-4.45475,50.5143],[-4.44885,50.5171],[-4.4429,50.519],[-4.4405,50.52],[-4.437,50.5206],[-4.43065,50.52305],[-4.42705,50.5233],[-4.42905,50.5265],[-4.4316,50.528],[-4.4331,50.53045],[-4.436,50.5315],[-4.43605,50.53215],[-4.4318,50.53325],[-4.43005,50.5346],[-4.42975,50.5367],[-4.4287,50.5381],[-4.4289,50.53995],[-4.43075,50.54265],[-4.43145,50.5442],[-4.43125,50.54655],[-4.43165,50.54765],[-4.43575,50.5501],[-4.43755,50.55145],[-4.4395,50.5557],[-4.44215,50.5589],[-4.44325,50.5595],[-4.4437,50.5608],[-4.44605,50.56155],[-4.4477,50.56315],[-4.44825,50.56435],[-4.45345,50.5669],[-4.45595,50.56645],[-4.4573,50.56725],[-4.45605,50.56855],[-4.45635,50.57205],[-4.4549,50.57425],[-4.45285,50.57595],[-4.45345,50.5775],[-4.4562,50.58055],[-4.45815,50.5814],[-4.45875,50.5825],[-4.4607,50.5839],[-4.4639,50.585],[-4.46485,50.58625],[-4.46745,50.58695],[-4.46935,50.58705],[-4.472,50.5884],[-4.4743,50.5879],[-4.476,50.5848],[-4.4793,50.5831],[-4.48085,50.5836],[-4.48405,50.58385],[-4.48565,50.5846],[-4.4869,50.58805],[-4.4916,50.5891],[-4.49465,50.5887],[-4.49925,50.58935],[-4.50165,50.5891],[-4.50345,50.58975],[-4.5074,50.5903],[-4.5105,50.5905],[-4.5139,50.5914],[-4.5138,50.59295],[-4.51125,50.59415],[-4.5103,50.5957],[-4.50885,50.59955],[-4.50575,50.6019],[-4.5031,50.60285],[-4.50565,50.60345],[-4.5064,50.60405],[-4.5119,50.60725],[-4.51295,50.6081],[-4.51665,50.6101],[-4.5181,50.6123],[-4.5184,50.61435],[-4.51925,50.6159],[-4.5227,50.61465],[-4.5243,50.61575],[-4.52575,50.6158],[-4.5297,50.61775],[-4.53445,50.61855],[-4.53955,50.61975],[-4.5449,50.61945],[-4.5513,50.6198],[-4.55365,50.6202],[-4.55745,50.6212],[-4.5631,50.62205]]],[[[-4.65335,50.72985],[-4.65285,50.72995],[-4.6528,50.7301],[-4.6529,50.73005],[-4.65335,50.72985]]],[[[-4.6535,50.7366],[-4.65345,50.7365],[-4.6535,50.7364],[-4.65355,50.73635],[-4.6537,50.73635],[-4.653,50.73625],[-4.653,50.7363],[-4.65295,50.7363],[-4.6535,50.7366]]],[[[-4.6545,50.7396],[-4.6545,50.7392],[-4.6545,50.73895],[-4.6541,50.73985],[-4.65395,50.7401],[-4.65425,50.74015],[-4.65465,50.73975],[-4.6547,50.7397],[-4.6545,50.7396]]],[[[-4.6552,50.7394],[-4.6548,50.73985],[-4.65465,50.74005],[-4.6545,50.7402],[-4.6551,50.73995],[-4.655,50.73965],[-4.6552,50.7394]]],[[[-4.78125,50.613],[-4.78355,50.61195],[-4.78275,50.61075],[-4.78365,50.60925],[-4.7852,50.6089],[-4.7858,50.6082],[-4.78585,50.6079],[-4.7861,50.60755],[-4.7863,50.60615],[-4.78785,50.6054],[-4.7899,50.605],[-4.79055,50.60275],[-4.7939,50.60195],[-4.79395,50.60065],[-4.79665,50.59945],[-4.7976,50.59845],[-4.7999,50.5978],[-4.8018,50.59785],[-4.80365,50.597],[-4.8048,50.5973],[-4.80705,50.59695],[-4.80935,50.5973],[-4.8102,50.5967],[-4.81285,50.5964],[-4.8138,50.5968],[-4.8158,50.5965],[-4.81905,50.5953],[-4.82135,50.59595],[-4.8225,50.59565],[-4.82485,50.59555],[-4.82605,50.5944],[-4.82765,50.59535],[-4.82975,50.5959],[-4.8333,50.5951],[-4.83485,50.59585],[-4.83745,50.5962],[-4.83825,50.59545],[-4.8404,50.59485],[-4.8439,50.59515],[-4.8441,50.59575],[-4.84665,50.59615],[-4.8465,50.5977],[-4.84885,50.5989],[-4.8512,50.5983],[-4.85125,50.5971],[-4.8535,50.5966],[-4.85425,50.59715],[-4.8562,50.5962],[-4.85765,50.5949],[-4.8582,50.59375],[-4.86095,50.59315],[-4.8616,50.5937],[-4.8635,50.5933],[-4.8651,50.5944],[-4.86685,50.5944],[-4.8691,50.59545],[-4.87005,50.5954],[-4.87195,50.594],[-4.87225,50.59205],[-4.8735,50.5909],[-4.8745,50.5877],[-4.87555,50.58715],[-4.88075,50.58665],[-4.88245,50.58565],[-4.88295,50.58415],[-4.88815,50.58325],[-4.8901,50.58415],[-4.89255,50.58435],[-4.89665,50.5862],[-4.8992,50.5848],[-4.90165,50.58545],[-4.9043,50.58545],[-4.907,50.58495],[-4.90905,50.5855],[-4.91015,50.58825],[-4.9129,50.58825],[-4.9162,50.58925],[-4.91595,50.5904],[-4.91825,50.5914],[-4.9191,50.59255],[-4.91785,50.59415],[-4.9196,50.59465],[-4.9246,50.59425],[-4.9239,50.59315],[-4.92195,50.59265],[-4.92195,50.5917],[-4.9277,50.59005],[-4.9286,50.5892],[-4.9302,50.58945],[-4.93405,50.5885],[-4.93515,50.5866],[-4.9311,50.5849],[-4.9302,50.58415],[-4.92725,50.5833],[-4.92665,50.5821],[-4.92445,50.58035],[-4.92265,50.57945],[-4.91805,50.58035],[-4.9175,50.5801],[-4.9134,50.5809],[-4.90995,50.5807],[-4.9077,50.581],[-4.90565,50.58085],[-4.90395,50.5795],[-4.8994,50.5804],[-4.8956,50.58025],[-4.88955,50.5784],[-4.88265,50.5768],[-4.8747,50.5758],[-4.8693,50.5746],[-4.8651,50.57325],[-4.8579,50.57225],[-4.85175,50.57275],[-4.84805,50.5735],[-4.8406,50.5739],[-4.83285,50.5731],[-4.8302,50.573],[-4.8243,50.57355],[-4.82305,50.57395],[-4.8195,50.5739],[-4.81665,50.57485],[-4.81165,50.576],[-4.80735,50.5767],[-4.80575,50.57745],[-4.7989,50.57865],[-4.7914,50.58095],[-4.78815,50.5827],[-4.78485,50.58535],[-4.7819,50.587],[-4.77905,50.59],[-4.77195,50.59415],[-4.7631,50.59765],[-4.75525,50.6025],[-4.74895,50.6081],[-4.74535,50.61225],[-4.74325,50.6141],[-4.74255,50.61675],[-4.74245,50.6209],[-4.7415,50.6227],[-4.73865,50.62295],[-4.7369,50.62225],[-4.73465,50.6256],[-4.7334,50.6281],[-4.73095,50.62985],[-4.7302,50.6311],[-4.72825,50.632],[-4.72315,50.6308],[-4.72045,50.63195],[-4.7162,50.6341],[-4.7109,50.63655],[-4.70635,50.63795],[-4.7018,50.639],[-4.69975,50.64235],[-4.69695,50.64435],[-4.69445,50.64735],[-4.6894,50.6521],[-4.6869,50.6541],[-4.68405,50.6557],[-4.68385,50.65925],[-4.68,50.6599],[-4.6753,50.6613],[-4.6697,50.66215],[-4.66505,50.6625],[-4.6565,50.6636],[-4.65625,50.6646],[-4.65295,50.66685],[-4.6525,50.6667],[-4.64665,50.66825],[-4.64095,50.6707],[-4.637,50.6717],[-4.63175,50.67405],[-4.62895,50.6747],[-4.6257,50.67485],[-4.62155,50.6743],[-4.61775,50.67415],[-4.61385,50.6747],[-4.61365,50.67655],[-4.614,50.681],[-4.6136,50.68225],[-4.6109,50.68615],[-4.60835,50.6904],[-4.6063,50.6951],[-4.60395,50.6985],[-4.59965,50.7039],[-4.5987,50.70475],[-4.5987,50.7064],[-4.5934,50.70725],[-4.59085,50.70895],[-4.58945,50.7105],[-4.58625,50.7144],[-4.58515,50.7172],[-4.5851,50.71825],[-4.584,50.72005],[-4.5814,50.72585],[-4.58,50.7294],[-4.5793,50.73005],[-4.576,50.7316],[-4.5741,50.73315],[-4.57035,50.73545],[-4.5683,50.7364],[-4.56445,50.73895],[-4.56275,50.7398],[-4.5595,50.74265],[-4.55885,50.74365],[-4.5585,50.7467],[-4.558,50.7475],[-4.5556,50.7481],[-4.55445,50.74975],[-4.552,50.75085],[-4.5513,50.75155],[-4.5496,50.75485],[-4.547,50.75635],[-4.54555,50.7585],[-4.5458,50.75955],[-4.54345,50.7611],[-4.54775,50.7626],[-4.5497,50.764],[-4.55135,50.7666],[-4.5518,50.76995],[-4.555,50.77475],[-4.5569,50.77685],[-4.5562,50.7782],[-4.5567,50.77965],[-4.5594,50.77975],[-4.56045,50.78105],[-4.5669,50.7825],[-4.568,50.7815],[-4.56925,50.7794],[-4.5696,50.7785],[-4.5731,50.777],[-4.57435,50.77695],[-4.57545,50.77595],[-4.57505,50.77505],[-4.5765,50.77365],[-4.57845,50.7727],[-4.5801,50.77275],[-4.58165,50.7728],[-4.5837,50.7722],[-4.5857,50.7715],[-4.58525,50.77055],[-4.5885,50.7697],[-4.58995,50.76915],[-4.59065,50.76805],[-4.593,50.76685],[-4.595,50.7667],[-4.59625,50.7665],[-4.5966,50.7659],[-4.59915,50.76605],[-4.6002,50.76525],[-4.60245,50.7656],[-4.6064,50.7648],[-4.60705,50.76425],[-4.6127,50.76345],[-4.61525,50.76195],[-4.61575,50.7608],[-4.6178,50.75925],[-4.6184,50.759],[-4.61835,50.7589],[-4.61785,50.7591],[-4.6178,50.75835],[-4.61905,50.7572],[-4.61975,50.7553],[-4.6206,50.7531],[-4.6238,50.75215],[-4.62485,50.751],[-4.6307,50.75105],[-4.6335,50.7506],[-4.6351,50.7495],[-4.63675,50.7488],[-4.6371,50.7489],[-4.63705,50.7487],[-4.63695,50.74735],[-4.6382,50.74625],[-4.6385,50.7463],[-4.63915,50.7461],[-4.6405,50.74645],[-4.64005,50.7449],[-4.64065,50.7447],[-4.63825,50.7429],[-4.63815,50.74195],[-4.6381,50.74195],[-4.63815,50.7419],[-4.638,50.7419],[-4.638,50.74185],[-4.63955,50.74145],[-4.63995,50.7406],[-4.6404,50.7402],[-4.6413,50.73985],[-4.64145,50.73985],[-4.6417,50.73985],[-4.64175,50.73985],[-4.6427,50.7395],[-4.64295,50.73955],[-4.6436,50.73955],[-4.64375,50.7396],[-4.64715,50.7401],[-4.65105,50.74015],[-4.65215,50.73965],[-4.65395,50.74005],[-4.65415,50.7389],[-4.65285,50.73835],[-4.6532,50.7381],[-4.6533,50.73815],[-4.65335,50.7381],[-4.65335,50.738],[-4.65325,50.73795],[-4.65205,50.73785],[-4.65195,50.7376],[-4.6527,50.73685],[-4.65275,50.7355],[-4.6529,50.7353],[-4.6529,50.73525],[-4.65245,50.73355],[-4.65255,50.7308],[-4.6531,50.7269],[-4.6534,50.7265],[-4.6536,50.72665],[-4.65385,50.72665],[-4.65395,50.7265],[-4.6539,50.72655],[-4.65385,50.72655],[-4.6538,50.72655],[-4.6538,50.72625],[-4.65515,50.72545],[-4.65625,50.72505],[-4.6562,50.72485],[-4.65605,50.7247],[-4.65545,50.72465],[-4.6548,50.72395],[-4.6553,50.721],[-4.6567,50.7202],[-4.65735,50.7181],[-4.65695,50.71605],[-4.65825,50.71565],[-4.66255,50.71565],[-4.6628,50.71545],[-4.66145,50.71455],[-4.6613,50.71375],[-4.66345,50.7133],[-4.6675,50.711],[-4.66815,50.7096],[-4.66755,50.7088],[-4.66855,50.70755],[-4.67245,50.70705],[-4.6735,50.7072],[-4.6769,50.7072],[-4.6792,50.7066],[-4.6804,50.70465],[-4.68125,50.7043],[-4.68215,50.70215],[-4.68355,50.7017],[-4.68385,50.70035],[-4.6854,50.6996],[-4.68475,50.6974],[-4.68355,50.6962],[-4.69095,50.69535],[-4.69195,50.69495],[-4.6943,50.69505],[-4.69525,50.69345],[-4.69665,50.69465],[-4.6991,50.6942],[-4.70005,50.6929],[-4.7017,50.69275],[-4.7011,50.69095],[-4.70195,50.6902],[-4.70315,50.69095],[-4.7047,50.69095],[-4.7059,50.6902],[-4.7059,50.69015],[-4.7062,50.68915],[-4.7039,50.6886],[-4.7043,50.68735],[-4.70565,50.68615],[-4.7098,50.68625],[-4.7105,50.6856],[-4.714,50.6855],[-4.7152,50.6841],[-4.71845,50.6838],[-4.7203,50.68495],[-4.7223,50.6854],[-4.7239,50.6848],[-4.72615,50.68405],[-4.72725,50.68095],[-4.7289,50.67835],[-4.72885,50.6767],[-4.7316,50.675],[-4.7319,50.67375],[-4.73365,50.67245],[-4.73835,50.6728],[-4.73925,50.67415],[-4.74125,50.67465],[-4.74005,50.67655],[-4.74175,50.67685],[-4.74285,50.6763],[-4.7444,50.6766],[-4.74685,50.67515],[-4.7448,50.6724],[-4.74685,50.67115],[-4.7487,50.6721],[-4.75285,50.67095],[-4.75705,50.6723],[-4.7578,50.6716],[-4.75785,50.6698],[-4.7595,50.6691],[-4.76175,50.67085],[-4.76275,50.67095],[-4.76455,50.66985],[-4.7648,50.66895],[-4.7635,50.66715],[-4.7605,50.66705],[-4.76085,50.66545],[-4.7633,50.66365],[-4.76365,50.66145],[-4.76625,50.65975],[-4.76525,50.6579],[-4.7672,50.6565],[-4.7667,50.65465],[-4.76455,50.65465],[-4.76055,50.65305],[-4.7601,50.65195],[-4.7613,50.6501],[-4.76185,50.6481],[-4.7631,50.64565],[-4.7649,50.64365],[-4.7669,50.6433],[-4.76835,50.6416],[-4.769,50.6402],[-4.76905,50.6381],[-4.7686,50.6367],[-4.76935,50.63495],[-4.77195,50.6319],[-4.77095,50.6299],[-4.7722,50.62955],[-4.7733,50.6284],[-4.772,50.62735],[-4.7723,50.6247],[-4.7755,50.61925],[-4.7787,50.61575],[-4.7794,50.6144],[-4.78125,50.613]]]]},"properties":{"kind":"aonb","name":"Cornwall"}},{"type":"Feature","geometry":{"type":"Polygon","coordinates":[[[-1.36455,50.8138],[-1.36325,50.81055],[-1.36495,50.80895],[-1.37235,50.80635],[-1.37545,50.8062],[-1.3776,50.8073],[-1.376,50.81005],[-1.37625,50.8118],[-1.3745,50.81305],[-1.37425,50.81615],[-1.37905,50.8156],[-1.3849,50.82115],[-1.3867,50.8212],[-1.38555,50.82455],[-1.39375,50.82595],[-1.3921,50.8294],[-1.3967,50.8392],[-1.3951,50.8399],[-1.39725,50.8426],[-1.3967,50.844],[-1.4077,50.84725],[-1.41495,50.84975],[-1.41905,50.85075],[-1.4225,50.85305],[-1.43405,50.86275],[-1.43535,50.86325],[-1.43085,50.8662],[-1.4266,50.8683],[-1.4256,50.86735],[-1.4187,50.8692],[-1.41205,50.8699],[-1.40655,50.87255],[-1.4073,50.87415],[-1.4172,50.87505],[-1.4199,50.87485],[-1.4236,50.87615],[-1.42425,50.8787],[-1.4285,50.8817],[-1.4308,50.8825],[-1.43215,50.88645],[-1.43685,50.8861],[-1.43775,50.88725],[-1.44215,50.8868],[-1.4435,50.8851],[-1.44685,50.88335],[-1.45755,50.88535],[-1.46475,50.88855],[-1.4719,50.89385],[-1.47535,50.896],[-1.48335,50.89925],[-1.49755,50.9021],[-1.5036,50.9044],[-1.5093,50.9082],[-1.51185,50.91155],[-1.51445,50.91265],[-1.52,50.9132],[-1.52265,50.91475],[-1.52535,50.91875],[-1.52615,50.92305],[-1.52555,50.92735],[-1.5238,50.93025],[-1.52335,50.93265],[-1.52455,50.93565],[-1.5287,50.94005],[-1.53515,50.94135],[-1.5375,50.9434],[-1.53875,50.9463],[-1.53665,50.9494],[-1.53585,50.9541],[-1.54425,50.956],[-1.5597,50.96085],[-1.5926,50.9711],[-1.61485,50.974],[-1.6252,50.97625],[-1.63465,50.9798],[-1.6376,50.9815],[-1.64,50.984],[-1.6414,50.98845],[-1.63515,50.99055],[-1.63115,50.99045],[-1.6296,50.98955],[-1.625,50.99055],[-1.62535,50.994],[-1.6273,50.9963],[-1.6287,51.0002],[-1.6286,51.0039],[-1.63345,51.00385],[-1.63775,51.0025],[-1.6417,51.00035],[-1.6463,51.00295],[-1.6483,51.0049],[-1.65045,51.0055],[-1.65395,51.00505],[-1.65475,51.00345],[-1.66015,51.00015],[-1.66055,50.9978],[-1.66965,50.99905],[-1.6764,50.998],[-1.6815,50.9954],[-1.69005,50.99465],[-1.6926,50.99225],[-1.6934,50.9903],[-1.69925,50.9889],[-1.7139,50.9908],[-1.717,50.9893],[-1.71655,50.98795],[-1.7183,50.98305],[-1.71745,50.98115],[-1.71715,50.97615],[-1.7195,50.97705],[-1.7308,50.97725],[-1.7365,50.97645],[-1.7364,50.97335],[-1.74365,50.9732],[-1.74895,50.9755],[-1.74995,50.97795],[-1.7541,50.9779],[-1.7534,50.97545],[-1.75715,50.97075],[-1.7604,50.9697],[-1.766,50.9692],[-1.7681,50.9668],[-1.77225,50.96035],[-1.7774,50.9513],[-1.7809,50.94805],[-1.78405,50.9413],[-1.78195,50.93915],[-1.77895,50.9378],[-1.7739,50.9368],[-1.7722,50.93495],[-1.7675,50.93275],[-1.7676,50.9292],[-1.7744,50.92785],[-1.7747,50.9247],[-1.7726,50.91175],[-1.7717,50.908],[-1.77445,50.9044],[-1.775,50.90175],[-1.7733,50.9011],[-1.77345,50.8988],[-1.7714,50.8939],[-1.7727,50.89385],[-1.77265,50.88925],[-1.77495,50.88765],[-1.77755,50.8876],[-1.77665,50.88515],[-1.7738,50.88525],[-1.77295,50.87995],[-1.7762,50.879],[-1.77465,50.8739],[-1.77235,50.8736],[-1.77425,50.87125],[-1.77195,50.8684],[-1.77115,50.86315],[-1.76935,50.85895],[-1.7661,50.858],[-1.7654,50.8554],[-1.7655,50.85005],[-1.76295,50.8458],[-1.76235,50.84235],[-1.763,50.8399],[-1.768,50.8357],[-1.7689,50.83075],[-1.76875,50.8247],[-1.7698,50.8241],[-1.76895,50.82025],[-1.77025,50.819],[-1.76925,50.8168],[-1.77285,50.81605],[-1.77685,50.81645],[-1.7782,50.81495],[-1.7802,50.81035],[-1.78555,50.80985],[-1.78895,50.81075],[-1.7907,50.81455],[-1.8008,50.81405],[-1.80265,50.8099],[-1.80115,50.805],[-1.7976,50.8048],[-1.7919,50.8034],[-1.7878,50.8005],[-1.7839,50.80235],[-1.78285,50.80405],[-1.7765,50.8037],[-1.7749,50.8019],[-1.77335,50.7982],[-1.76875,50.7977],[-1.76625,50.79855],[-1.7583,50.79685],[-1.7551,50.7934],[-1.75505,50.78965],[-1.7524,50.79035],[-1.75125,50.78885],[-1.75125,50.78575],[-1.74635,50.785],[-1.74675,50.7817],[-1.7383,50.78445],[-1.73295,50.78575],[-1.73135,50.7869],[-1.7272,50.7864],[-1.73075,50.7825],[-1.72915,50.78195],[-1.7269,50.77785],[-1.7307,50.777],[-1.73395,50.7804],[-1.73795,50.7786],[-1.7369,50.7772],[-1.7419,50.77525],[-1.7444,50.7757],[-1.74475,50.7732],[-1.739,50.76315],[-1.73355,50.7637],[-1.7325,50.7624],[-1.73275,50.75895],[-1.72685,50.75525],[-1.72625,50.7514],[-1.72385,50.7517],[-1.71375,50.75505],[-1.7105,50.75645],[-1.71715,50.7631],[-1.7154,50.76385],[-1.71355,50.7669],[-1.71445,50.76955],[-1.71025,50.77205],[-1.7098,50.77365],[-1.7065,50.77625],[-1.70235,50.7779],[-1.7,50.7761],[-1.6957,50.77555],[-1.69375,50.7744],[-1.69245,50.77125],[-1.6884,50.76885],[-1.686,50.76935],[-1.6829,50.76855],[-1.6796,50.7664],[-1.67545,50.76595],[-1.67125,50.7666],[-1.6685,50.76785],[-1.6589,50.76795],[-1.64915,50.76905],[-1.63985,50.77175],[-1.63785,50.76855],[-1.63725,50.76255],[-1.6351,50.75995],[-1.6304,50.7592],[-1.6286,50.76115],[-1.62295,50.76325],[-1.6203,50.7618],[-1.6073,50.76295],[-1.5981,50.7629],[-1.59005,50.7636],[-1.58945,50.76015],[-1.58765,50.7563],[-1.5822,50.75205],[-1.57875,50.7518],[-1.57705,50.75015],[-1.5737,50.75],[-1.57105,50.745],[-1.56525,50.74615],[-1.567,50.7487],[-1.5664,50.74985],[-1.5697,50.75415],[-1.56485,50.75575],[-1.56915,50.7576],[-1.57265,50.75795],[-1.57315,50.7607],[-1.57565,50.76185],[-1.57775,50.76575],[-1.5825,50.76405],[-1.58585,50.76685],[-1.5791,50.769],[-1.5742,50.7693],[-1.56075,50.7712],[-1.55775,50.77135],[-1.556,50.76825],[-1.553,50.76765],[-1.5519,50.76985],[-1.55205,50.77245],[-1.549,50.773],[-1.5448,50.7713],[-1.5445,50.76775],[-1.5433,50.7658],[-1.53805,50.76255],[-1.53515,50.76405],[-1.53355,50.76295],[-1.53185,50.75985],[-1.5283,50.75865],[-1.52885,50.75715],[-1.52625,50.75415],[-1.52355,50.7527],[-1.52635,50.7496],[-1.5282,50.7486],[-1.5348,50.7518],[-1.53935,50.75015],[-1.54185,50.7456],[-1.54645,50.7451],[-1.54935,50.7456],[-1.5536,50.7437],[-1.55165,50.7422],[-1.55045,50.73745],[-1.54615,50.73515],[-1.5502,50.7328],[-1.5525,50.72985],[-1.559,50.7277],[-1.56215,50.7277],[-1.56255,50.7299],[-1.565,50.7304],[-1.56625,50.7274],[-1.57275,50.7251],[-1.57265,50.71775],[-1.578,50.7158],[-1.5726,50.71215],[-1.5676,50.7095],[-1.56175,50.7075],[-1.5556,50.706],[-1.54975,50.7059],[-1.5477,50.70785],[-1.5516,50.7101],[-1.55445,50.7143],[-1.5542,50.71675],[-1.5483,50.71975],[-1.54485,50.72285],[-1.54545,50.72425],[-1.54385,50.72595],[-1.5369,50.72785],[-1.5293,50.73375],[-1.5241,50.73605],[-1.51795,50.7397],[-1.51635,50.7421],[-1.50945,50.74445],[-1.5025,50.74495],[-1.49875,50.74645],[-1.4968,50.74865],[-1.4908,50.74935],[-1.48595,50.75155],[-1.4829,50.75365],[-1.47765,50.75395],[-1.47045,50.75795],[-1.4678,50.75795],[-1.46465,50.7591],[-1.45995,50.75915],[-1.45605,50.7608],[-1.45095,50.76205],[-1.4453,50.762],[-1.44165,50.7627],[-1.4407,50.76375],[-1.4306,50.7654],[-1.4263,50.7654],[-1.41905,50.76635],[-1.4111,50.76855],[-1.40205,50.77225],[-1.3969,50.77355],[-1.3936,50.775],[-1.39045,50.7777],[-1.38725,50.7771],[-1.3821,50.7784],[-1.3736,50.7822],[-1.3761,50.7839],[-1.3741,50.7851],[-1.36605,50.78505],[-1.36075,50.7844],[-1.36015,50.7836],[-1.35445,50.78285],[-1.3499,50.7848],[-1.3469,50.78455],[-1.34205,50.7858],[-1.3399,50.78815],[-1.33605,50.79405],[-1.33245,50.7961],[-1.3303,50.79975],[-1.328,50.8008],[-1.3255,50.80335],[-1.3176,50.807],[-1.30845,50.8084],[-1.30355,50.80965],[-1.3036,50.81125],[-1.30135,50.81255],[-1.30325,50.81495],[-1.3029,50.8171],[-1.31255,50.82235],[-1.31705,50.8232],[-1.31995,50.82715],[-1.3261,50.83235],[-1.3294,50.8312],[-1.32805,50.83],[-1.3297,50.82825],[-1.33405,50.82755],[-1.33605,50.82895],[-1.33815,50.82735],[-1.3411,50.82745],[-1.3432,50.8294],[-1.3457,50.8281],[-1.3461,50.8261],[-1.34925,50.82505],[-1.3533,50.82545],[-1.3597,50.8252],[-1.3625,50.8219],[-1.367,50.8183],[-1.3641,50.816],[-1.36455,50.8138]]]},"properties":{"kind":"np","name":"NEW FOREST"}},{"type":"Feature","geometry":{"type":"Polygon","coordinates":[[[-4.03925,51.2109],[-4.04165,51.20875],[-4.0384,51.20655],[-4.0351,51.20785],[-4.03115,51.2057],[-4.0258,51.2059],[-4.01585,51.204],[-4.0118,51.20475],[-4.00615,51.2033],[-3.999,51.20345],[-3.99215,51.2022],[-3.98335,51.19825],[-3.9782,51.1955],[-3.976,51.19315],[-3.97355,51.1878],[-3.9758,51.18475],[-3.9734,51.18205],[-3.97325,51.17835],[-3.97115,51.1762],[-3.9633,51.1701],[-3.9593,51.16945],[-3.9593,51.1668],[-3.95325,51.1672],[-3.94325,51.16965],[-3.9398,51.17155],[-3.93735,51.17205],[-3.93135,51.16875],[-3.92445,51.16715],[-3.9231,51.16505],[-3.9244,51.16395],[-3.9244,51.1612],[-3.91905,51.15835],[-3.9122,51.15885],[-3.90945,51.15825],[-3.90345,51.15805],[-3.8981,51.1586],[-3.89525,51.15785],[-3.89555,51.15555],[-3.89395,51.15335],[-3.8918,51.15225],[-3.88945,51.1491],[-3.88795,51.1485],[-3.8863,51.14525],[-3.87965,51.1438],[-3.87735,51.1398],[-3.874,51.13825],[-3.8749,51.1367],[-3.87415,51.13235],[-3.871,51.13085],[-3.86885,51.1257],[-3.867,51.1248],[-3.86195,51.12055],[-3.8616,51.1154],[-3.8608,51.1122],[-3.8606,51.1054],[-3.8638,51.10125],[-3.86465,51.09745],[-3.8593,51.0985],[-3.85565,51.1006],[-3.85365,51.099],[-3.841,51.10045],[-3.8361,51.09805],[-3.83555,51.0967],[-3.82705,51.09475],[-3.8233,51.0933],[-3.81625,51.09295],[-3.81735,51.0919],[-3.81565,51.0894],[-3.8168,51.08655],[-3.81345,51.0809],[-3.8128,51.07775],[-3.81385,51.07625],[-3.81085,51.0742],[-3.80815,51.07515],[-3.8027,51.07485],[-3.8025,51.0728],[-3.79975,51.06995],[-3.79645,51.06865],[-3.79545,51.0671],[-3.78615,51.0637],[-3.7821,51.06115],[-3.7774,51.06355],[-3.77355,51.06425],[-3.7735,51.0595],[-3.7703,51.0603],[-3.7645,51.05965],[-3.7602,51.05975],[-3.7562,51.0591],[-3.7508,51.05915],[-3.74435,51.05835],[-3.7407,51.05885],[-3.73255,51.05645],[-3.7317,51.05505],[-3.72845,51.0554],[-3.72585,51.05775],[-3.72315,51.05875],[-3.72015,51.0579],[-3.71715,51.0549],[-3.71295,51.05295],[-3.70875,51.05185],[-3.70065,51.0507],[-3.6996,51.04795],[-3.6961,51.0496],[-3.6911,51.04935],[-3.68815,51.05015],[-3.68385,51.05035],[-3.67895,51.05155],[-3.67405,51.0516],[-3.67045,51.05105],[-3.66655,51.0516],[-3.6635,51.05035],[-3.6555,51.04915],[-3.6487,51.04715],[-3.64535,51.04705],[-3.6413,51.04575],[-3.6349,51.04475],[-3.6287,51.04265],[-3.61685,51.04165],[-3.606,51.04305],[-3.6001,51.0451],[-3.58125,51.0454],[-3.57215,51.0434],[-3.57145,51.0424],[-3.56425,51.03895],[-3.5586,51.0374],[-3.5582,51.0358],[-3.55255,51.0357],[-3.54365,51.03275],[-3.54005,51.03045],[-3.5351,51.02555],[-3.53315,51.02145],[-3.53055,51.02235],[-3.5266,51.0208],[-3.5236,51.0211],[-3.52,51.02335],[-3.5199,51.0255],[-3.5149,51.02555],[-3.51,51.02695],[-3.50555,51.0298],[-3.49745,51.03075],[-3.4885,51.03245],[-3.4833,51.03385],[-3.47785,51.0314],[-3.4753,51.0319],[-3.47255,51.0361],[-3.4687,51.03935],[-3.47015,51.0413],[-3.4701,51.04605],[-3.45895,51.047],[-3.44535,51.04855],[-3.4382,51.05115],[-3.4404,51.05335],[-3.4384,51.05675],[-3.4336,51.06225],[-3.43585,51.06385],[-3.43455,51.06635],[-3.4399,51.06775],[-3.43745,51.0724],[-3.437,51.07625],[-3.4354,51.07935],[-3.43595,51.08545],[-3.4202,51.0906],[-3.4155,51.091],[-3.4095,51.09],[-3.4037,51.0963],[-3.4021,51.09735],[-3.39525,51.09895],[-3.39045,51.09955],[-3.3822,51.1],[-3.37375,51.1012],[-3.36615,51.10115],[-3.3595,51.1006],[-3.35105,51.0993],[-3.34585,51.0981],[-3.3352,51.0973],[-3.32965,51.09715],[-3.3239,51.0965],[-3.3207,51.0968],[-3.317,51.09825],[-3.3138,51.10185],[-3.31135,51.1035],[-3.30055,51.10505],[-3.2995,51.10635],[-3.3011,51.11055],[-3.30555,51.1156],[-3.306,51.11885],[-3.308,51.12185],[-3.31635,51.1248],[-3.32015,51.12745],[-3.3254,51.12855],[-3.32685,51.1313],[-3.3308,51.13245],[-3.3359,51.13515],[-3.3422,51.14045],[-3.34415,51.1437],[-3.349,51.1454],[-3.35365,51.1478],[-3.3572,51.1471],[-3.36145,51.14505],[-3.3682,51.1474],[-3.3746,51.1434],[-3.3774,51.1438],[-3.3793,51.148],[-3.3853,51.1462],[-3.38975,51.1454],[-3.39395,51.1453],[-3.39845,51.14355],[-3.4007,51.1469],[-3.40805,51.1468],[-3.40755,51.15165],[-3.41345,51.1539],[-3.41005,51.15785],[-3.4098,51.1613],[-3.41355,51.16675],[-3.4173,51.166],[-3.42285,51.1663],[-3.4254,51.16695],[-3.42275,51.1693],[-3.4225,51.17305],[-3.42855,51.17455],[-3.4268,51.17725],[-3.42885,51.17965],[-3.4292,51.1817],[-3.4327,51.18265],[-3.43875,51.1862],[-3.44695,51.18955],[-3.4497,51.189],[-3.4504,51.19135],[-3.4572,51.1941],[-3.4607,51.18995],[-3.46765,51.1905],[-3.4696,51.1919],[-3.47375,51.19045],[-3.4777,51.1912],[-3.47595,51.1927],[-3.48615,51.19365],[-3.4896,51.1946],[-3.49055,51.19655],[-3.49775,51.19785],[-3.4991,51.1968],[-3.5035,51.1973],[-3.5058,51.19895],[-3.5047,51.2008],[-3.5046,51.2048],[-3.5053,51.2079],[-3.50495,51.21035],[-3.5014,51.21095],[-3.495,51.2089],[-3.49065,51.2087],[-3.4866,51.2133],[-3.48465,51.2145],[-3.48105,51.2135],[-3.47925,51.2146],[-3.48515,51.21935],[-3.4842,51.2203],[-3.48945,51.2219],[-3.49225,51.2236],[-3.49765,51.2258],[-3.50735,51.22495],[-3.51305,51.22675],[-3.51745,51.2271],[-3.528,51.2295],[-3.533,51.2313],[-3.54335,51.23355],[-3.5489,51.2334],[-3.5632,51.23485],[-3.5681,51.23425],[-3.57335,51.23235],[-3.57915,51.23235],[-3.57955,51.2308],[-3.5876,51.22545],[-3.5903,51.22455],[-3.6013,51.2227],[-3.6092,51.22225],[-3.61625,51.2201],[-3.61885,51.2187],[-3.62335,51.21935],[-3.62715,51.2207],[-3.63125,51.2244],[-3.63665,51.2267],[-3.63955,51.2239],[-3.64555,51.2252],[-3.65435,51.2253],[-3.667,51.22665],[-3.67275,51.2277],[-3.6811,51.2281],[-3.6876,51.2293],[-3.6935,51.2299],[-3.69975,51.2322],[-3.70595,51.23225],[-3.70885,51.233],[-3.7135,51.2322],[-3.7166,51.23235],[-3.7215,51.23475],[-3.72735,51.23605],[-3.738,51.2364],[-3.744,51.23625],[-3.75565,51.23805],[-3.76645,51.23785],[-3.77385,51.23995],[-3.7817,51.24405],[-3.78535,51.2466],[-3.7943,51.2441],[-3.79705,51.23955],[-3.8023,51.236],[-3.80995,51.23235],[-3.81285,51.23265],[-3.8166,51.2319],[-3.82055,51.23245],[-3.8261,51.2348],[-3.8351,51.2354],[-3.8373,51.23515],[-3.84415,51.2357],[-3.85105,51.23525],[-3.8595,51.233],[-3.86135,51.2317],[-3.865,51.2318],[-3.87005,51.2316],[-3.8735,51.22875],[-3.8812,51.2292],[-3.88635,51.2264],[-3.89235,51.2248],[-3.90005,51.2267],[-3.9019,51.22905],[-3.91205,51.2306],[-3.9192,51.2305],[-3.9262,51.2321],[-3.92855,51.2301],[-3.93925,51.2288],[-3.9431,51.22555],[-3.9465,51.22415],[-3.9483,51.2221],[-3.9611,51.22005],[-3.971,51.2199],[-3.9768,51.2213],[-3.9777,51.22005],[-3.98085,51.21985],[-3.98285,51.21905],[-3.9879,51.21935],[-3.9896,51.21865],[-3.99645,51.21845],[-4.0032,51.2194],[-4.00865,51.2171],[-4.0139,51.21805],[-4.02335,51.21615],[-4.02655,51.21685],[-4.031,51.21545],[-4.0325,51.2122],[-4.03585,51.2107],[-4.03835,51.211],[-4.03925,51.2109]]]},"properties":{"kind":"np","name":"EXMOOR"}},{"type":"Feature","geometry":{"type":"Polygon","coordinates":[[[-3.63925,50.63305],[-3.63935,50.63445],[-3.63665,50.63615],[-3.63505,50.6385],[-3.63645,50.6409],[-3.6365,50.6437],[-3.6408,50.64825],[-3.64135,50.65065],[-3.6387,50.6535],[-3.64175,50.6566],[-3.64075,50.65855],[-3.6414,50.6624],[-3.64485,50.66565],[-3.6441,50.66745],[-3.64595,50.671],[-3.6517,50.6731],[-3.6577,50.67635],[-3.65955,50.6787],[-3.66395,50.68215],[-3.6671,50.68355],[-3.6707,50.6868],[-3.6709,50.6908],[-3.6736,50.69135],[-3.68035,50.69125],[-3.6813,50.69305],[-3.68435,50.6947],[-3.689,50.69625],[-3.6928,50.6994],[-3.6989,50.70165],[-3.70335,50.70175],[-3.7107,50.70365],[-3.71435,50.70675],[-3.7203,50.70815],[-3.7243,50.7097],[-3.72385,50.713],[-3.72455,50.7159],[-3.7283,50.7176],[-3.73245,50.7187],[-3.73415,50.7209],[-3.73755,50.72355],[-3.74135,50.72355],[-3.7528,50.72205],[-3.7564,50.7208],[-3.7588,50.72365],[-3.7643,50.726],[-3.77065,50.7258],[-3.77865,50.72395],[-3.78525,50.722],[-3.7935,50.7188],[-3.8038,50.71685],[-3.8099,50.7161],[-3.82375,50.7173],[-3.83165,50.71845],[-3.8415,50.71885],[-3.8477,50.71975],[-3.8556,50.71775],[-3.86135,50.71685],[-3.8732,50.71825],[-3.8813,50.72005],[-3.8799,50.72235],[-3.8765,50.72535],[-3.8763,50.7266],[-3.88005,50.7312],[-3.8914,50.7336],[-3.8971,50.7369],[-3.90125,50.7382],[-3.91355,50.73875],[-3.9167,50.73965],[-3.9258,50.741],[-3.9321,50.7408],[-3.93765,50.74005],[-3.94715,50.7381],[-3.95785,50.7386],[-3.96615,50.7403],[-3.9701,50.74005],[-3.97495,50.7388],[-3.9806,50.7344],[-3.98495,50.73275],[-3.99605,50.73115],[-4.0009,50.729],[-4.00355,50.72985],[-4.0029,50.73145],[-4.00755,50.7323],[-4.0096,50.73115],[-4.01225,50.7325],[-4.01785,50.73225],[-4.02945,50.72775],[-4.03345,50.7243],[-4.0355,50.7216],[-4.0426,50.7183],[-4.04335,50.7163],[-4.049,50.7141],[-4.0574,50.708],[-4.05955,50.7068],[-4.0701,50.6972],[-4.07535,50.69455],[-4.07755,50.6927],[-4.0781,50.68975],[-4.0804,50.68645],[-4.08435,50.68305],[-4.0851,50.67865],[-4.08695,50.67565],[-4.08755,50.67195],[-4.08575,50.6682],[-4.0856,50.66515],[-4.08855,50.66],[-4.0899,50.6548],[-4.0931,50.65235],[-4.09905,50.65195],[-4.1043,50.6549],[-4.10565,50.65465],[-4.107,50.651],[-4.1145,50.6482],[-4.11665,50.64495],[-4.11985,50.6366],[-4.12155,50.63435],[-4.1211,50.63175],[-4.11935,50.62825],[-4.12535,50.62935],[-4.13085,50.6282],[-4.13565,50.62605],[-4.141,50.62465],[-4.14465,50.6224],[-4.14965,50.6173],[-4.16185,50.60695],[-4.16485,50.60465],[-4.1658,50.60075],[-4.16385,50.59345],[-4.15335,50.5919],[-4.15075,50.59055],[-4.1493,50.5883],[-4.14355,50.5858],[-4.13735,50.584],[-4.1341,50.58005],[-4.1284,50.5688],[-4.12505,50.56445],[-4.12865,50.5617],[-4.12915,50.5591],[-4.12285,50.558],[-4.122,50.55445],[-4.12345,50.55255],[-4.12385,50.5495],[-4.1267,50.54775],[-4.13085,50.5472],[-4.12845,50.54495],[-4.1251,50.5437],[-4.12215,50.53945],[-4.12065,50.5362],[-4.12265,50.53475],[-4.12175,50.53345],[-4.1307,50.53155],[-4.12725,50.52775],[-4.12535,50.52495],[-4.12925,50.52355],[-4.13155,50.5189],[-4.13435,50.5171],[-4.1328,50.5152],[-4.1368,50.512],[-4.14005,50.51085],[-4.1442,50.5107],[-4.1455,50.50945],[-4.1496,50.50845],[-4.1534,50.50915],[-4.1568,50.507],[-4.14925,50.5034],[-4.14965,50.50045],[-4.14645,50.5007],[-4.14705,50.5036],[-4.1409,50.5059],[-4.14135,50.507],[-4.13585,50.50815],[-4.13205,50.5083],[-4.12965,50.5076],[-4.1219,50.508],[-4.119,50.50705],[-4.12085,50.5052],[-4.11505,50.50405],[-4.11155,50.5028],[-4.1085,50.4999],[-4.1073,50.49615],[-4.106,50.4946],[-4.10775,50.49095],[-4.10275,50.49195],[-4.09765,50.49035],[-4.09635,50.48775],[-4.09755,50.4861],[-4.096,50.483],[-4.094,50.48295],[-4.0943,50.4801],[-4.09755,50.47555],[-4.102,50.4704],[-4.1071,50.4696],[-4.11185,50.471],[-4.1132,50.46955],[-4.10855,50.46325],[-4.1096,50.45935],[-4.1093,50.45675],[-4.10745,50.4511],[-4.1043,50.45095],[-4.10385,50.45235],[-4.10045,50.4528],[-4.0987,50.45565],[-4.0988,50.46055],[-4.09265,50.4614],[-4.09035,50.46295],[-4.0826,50.46125],[-4.08045,50.4594],[-4.0788,50.4566],[-4.0769,50.4586],[-4.0707,50.45755],[-4.06885,50.4562],[-4.06785,50.45365],[-4.06875,50.45175],[-4.06565,50.4499],[-4.064,50.4462],[-4.0652,50.44215],[-4.06225,50.4402],[-4.05555,50.4407],[-4.05345,50.4427],[-4.0499,50.4444],[-4.0467,50.44385],[-4.04315,50.44135],[-4.0375,50.4391],[-4.0332,50.43985],[-4.03255,50.44115],[-4.0366,50.4436],[-4.03665,50.44625],[-4.0338,50.44825],[-4.02795,50.45135],[-4.0304,50.4537],[-4.03925,50.4555],[-4.03915,50.4593],[-4.0383,50.462],[-4.03655,50.4635],[-4.0312,50.4627],[-4.02735,50.46075],[-4.0255,50.45815],[-4.0216,50.45695],[-4.0179,50.454],[-4.01375,50.44925],[-4.0099,50.45065],[-4.00565,50.45295],[-4.00655,50.45755],[-4.00335,50.4585],[-4.00115,50.4556],[-3.9929,50.45235],[-3.98865,50.4519],[-3.98575,50.449],[-3.9836,50.4453],[-3.985,50.44435],[-3.9839,50.4412],[-3.98645,50.4395],[-3.98315,50.4386],[-3.98165,50.4361],[-3.98325,50.4323],[-3.98515,50.43025],[-3.9786,50.42725],[-3.9768,50.4255],[-3.97605,50.4229],[-3.97795,50.4215],[-3.9736,50.4173],[-3.973,50.41415],[-3.97115,50.4097],[-3.969,50.4085],[-3.96245,50.4085],[-3.95945,50.40755],[-3.95365,50.40405],[-3.9494,50.4025],[-3.9461,50.39985],[-3.9367,50.3952],[-3.9323,50.3935],[-3.9293,50.3932],[-3.9252,50.3942],[-3.9224,50.396],[-3.91805,50.3967],[-3.91135,50.3943],[-3.89915,50.3926],[-3.89355,50.3924],[-3.88955,50.39315],[-3.88645,50.39445],[-3.88335,50.392],[-3.87415,50.3945],[-3.8685,50.39705],[-3.8695,50.3987],[-3.85675,50.4041],[-3.85345,50.40605],[-3.84805,50.4113],[-3.84355,50.41435],[-3.8362,50.4179],[-3.8193,50.42175],[-3.81415,50.4241],[-3.8062,50.4288],[-3.8035,50.43095],[-3.79745,50.4391],[-3.79755,50.4426],[-3.79625,50.44485],[-3.7926,50.448],[-3.791,50.45215],[-3.7909,50.4603],[-3.78975,50.46695],[-3.78675,50.47285],[-3.78255,50.4778],[-3.77725,50.4805],[-3.7722,50.4818],[-3.77055,50.48285],[-3.7716,50.4865],[-3.76775,50.49005],[-3.7658,50.4933],[-3.7665,50.497],[-3.7683,50.49995],[-3.76875,50.50235],[-3.7667,50.50565],[-3.758,50.50955],[-3.75305,50.51405],[-3.7467,50.5188],[-3.7283,50.52945],[-3.7238,50.531],[-3.71685,50.53465],[-3.71255,50.5375],[-3.7053,50.5413],[-3.69385,50.5436],[-3.69095,50.5455],[-3.68845,50.54885],[-3.6848,50.55125],[-3.67875,50.55305],[-3.67695,50.5544],[-3.67905,50.55785],[-3.67655,50.56005],[-3.6757,50.5647],[-3.6792,50.57545],[-3.6793,50.57705],[-3.6817,50.5785],[-3.68215,50.58125],[-3.68795,50.58175],[-3.68965,50.58425],[-3.69245,50.58585],[-3.69255,50.5881],[-3.7004,50.59185],[-3.7071,50.5967],[-3.7034,50.59735],[-3.7016,50.59955],[-3.69945,50.6046],[-3.69165,50.6052],[-3.68925,50.60635],[-3.68285,50.60515],[-3.679,50.6068],[-3.66855,50.605],[-3.6634,50.6055],[-3.65955,50.60775],[-3.65745,50.60775],[-3.64625,50.61225],[-3.64085,50.61565],[-3.6357,50.6162],[-3.6323,50.61845],[-3.63245,50.62055],[-3.634,50.6223],[-3.63885,50.6247],[-3.63805,50.6257],[-3.6392,50.6294],[-3.63925,50.63305]]]},"properties":{"kind":"np","name":"DARTMOOR"}},{"type":"Feature","geometry":{"type":"Polygon","coordinates":[[[-1.8725,53.2544],[-1.87465,53.2513],[-1.8748,53.24965],[-1.8712,53.2488],[-1.8713,53.24705],[-1.878,53.24525],[-1.8772,53.2437],[-1.88025,53.2376],[-1.88765,53.23525],[-1.8742,53.22685],[-1.86925,53.2243],[-1.86495,53.22375],[-1.8605,53.22225],[-1.85325,53.21665],[-1.85085,53.2175],[-1.83515,53.2124],[-1.83135,53.21065],[-1.83195,53.20565],[-1.83145,53.2043],[-1.83155,53.1976],[-1.8423,53.1947],[-1.8414,53.1972],[-1.8477,53.19905],[-1.85335,53.2027],[-1.85565,53.203],[-1.86285,53.2053],[-1.8729,53.2159],[-1.87635,53.217],[-1.8792,53.2161],[-1.88235,53.21635],[-1.8895,53.21865],[-1.89645,53.22],[-1.9069,53.22],[-1.9108,53.22105],[-1.9185,53.21825],[-1.9234,53.2187],[-1.92675,53.2216],[-1.93075,53.2215],[-1.9378,53.22615],[-1.9453,53.22925],[-1.94375,53.2312],[-1.94345,53.23445],[-1.94435,53.2359],[-1.9442,53.2406],[-1.9431,53.2416],[-1.94305,53.24455],[-1.9446,53.24565],[-1.95145,53.24725],[-1.95355,53.25075],[-1.9577,53.2507],[-1.9587,53.2543],[-1.9567,53.2571],[-1.9566,53.2605],[-1.9531,53.26115],[-1.95035,53.26345],[-1.94825,53.264],[-1.94655,53.2668],[-1.9509,53.2713],[-1.94945,53.27545],[-1.9478,53.27635],[-1.94415,53.27575],[-1.9423,53.2776],[-1.93585,53.2785],[-1.9346,53.28045],[-1.93135,53.28275],[-1.9227,53.2856],[-1.9149,53.2859],[-1.9108,53.2847],[-1.9075,53.29005],[-1.9068,53.293],[-1.9025,53.29655],[-1.8998,53.3018],[-1.90615,53.3043],[-1.91195,53.304],[-1.9223,53.3047],[-1.92885,53.3038],[-1.92825,53.3015],[-1.9314,53.3003],[-1.9363,53.30135],[-1.93965,53.30415],[-1.94235,53.3047],[-1.94335,53.30645],[-1.9485,53.3068],[-1.95205,53.306],[-1.953,53.30815],[-1.9583,53.3101],[-1.9644,53.31145],[-1.9706,53.31175],[-1.97355,53.31065],[-1.9714,53.3075],[-1.96835,53.3064],[-1.96745,53.30415],[-1.97135,53.3006],[-1.97535,53.30085],[-1.9772,53.30825],[-1.97865,53.3104],[-1.98255,53.3105],[-1.98765,53.3131],[-1.9885,53.31565],[-1.99035,53.31555],[-1.9937,53.31755],[-1.9969,53.3171],[-2.0015,53.31895],[-2.0043,53.32145],[-2.0108,53.32365],[-2.0115,53.3288],[-2.00925,53.3314],[-2.01255,53.33225],[-2.02225,53.33385],[-2.02835,53.334],[-2.03615,53.3358],[-2.032,53.34055],[-2.03335,53.3465],[-2.0377,53.3488],[-2.0444,53.3499],[-2.04745,53.3491],[-2.0484,53.35215],[-2.0544,53.35435],[-2.0571,53.35405],[-2.05665,53.35115],[-2.05905,53.34725],[-2.05775,53.34665],[-2.0578,53.3427],[-2.0611,53.3442],[-2.0601,53.3384],[-2.06245,53.33785],[-2.06975,53.34095],[-2.0755,53.33305],[-2.07555,53.33075],[-2.0786,53.32985],[-2.07895,53.32855],[-2.086,53.32275],[-2.0791,53.32135],[-2.07615,53.3215],[-2.0725,53.31995],[-2.07475,53.3183],[-2.0759,53.31415],[-2.07795,53.3145],[-2.08215,53.31315],[-2.08435,53.31005],[-2.08635,53.3098],[-2.09145,53.3114],[-2.09185,53.31],[-2.0884,53.30765],[-2.08665,53.3034],[-2.08385,53.3012],[-2.0841,53.29795],[-2.08175,53.2954],[-2.0794,53.29535],[-2.0783,53.28935],[-2.0767,53.28805],[-2.0715,53.2861],[-2.07305,53.2826],[-2.07715,53.2792],[-2.07985,53.279],[-2.08185,53.2749],[-2.08045,53.2667],[-2.07915,53.26585],[-2.0714,53.26425],[-2.0691,53.2612],[-2.0673,53.26055],[-2.0699,53.2581],[-2.07215,53.25375],[-2.0697,53.25195],[-2.07405,53.25065],[-2.0746,53.24745],[-2.06975,53.2441],[-2.0653,53.2431],[-2.061,53.24085],[-2.0551,53.2356],[-2.0537,53.23295],[-2.04955,53.23035],[-2.04765,53.2262],[-2.05055,53.2228],[-2.0529,53.22235],[-2.05565,53.21995],[-2.05745,53.21685],[-2.05575,53.21285],[-2.05975,53.21315],[-2.06745,53.20775],[-2.07365,53.2068],[-2.07925,53.20855],[-2.08245,53.20325],[-2.0878,53.2018],[-2.09245,53.2042],[-2.09395,53.20185],[-2.101,53.19635],[-2.10255,53.1962],[-2.1046,53.19345],[-2.1041,53.1912],[-2.10195,53.19025],[-2.10295,53.18705],[-2.10165,53.18565],[-2.1001,53.1794],[-2.09775,53.17715],[-2.09855,53.17585],[-2.09655,53.17275],[-2.09275,53.17295],[-2.08755,53.1702],[-2.07835,53.1704],[-2.07155,53.17195],[-2.06555,53.1709],[-2.0637,53.17005],[-2.06095,53.16695],[-2.0585,53.1623],[-2.059,53.15865],[-2.05815,53.1533],[-2.0541,53.15005],[-2.05115,53.14925],[-2.05075,53.1465],[-2.0487,53.1452],[-2.0435,53.1438],[-2.04075,53.1438],[-2.03725,53.145],[-2.03265,53.14525],[-2.03115,53.1444],[-2.02535,53.1442],[-2.0198,53.14475],[-2.01635,53.1441],[-2.01095,53.1416],[-2.00405,53.1419],[-1.9999,53.1386],[-1.9882,53.1356],[-1.9833,53.14285],[-1.9795,53.14265],[-1.97625,53.13775],[-1.97685,53.13575],[-1.97145,53.13495],[-1.9663,53.13255],[-1.96285,53.13485],[-1.95915,53.133],[-1.95875,53.12805],[-1.9625,53.1221],[-1.96575,53.1097],[-1.96325,53.10355],[-1.9604,53.09835],[-1.95145,53.08965],[-1.94735,53.08775],[-1.93875,53.0824],[-1.9352,53.07895],[-1.9171,53.07315],[-1.91305,53.07095],[-1.9075,53.0666],[-1.906,53.064],[-1.89045,53.06],[-1.89,53.05825],[-1.8858,53.0552],[-1.8837,53.0548],[-1.8827,53.0514],[-1.8783,53.04955],[-1.86995,53.04905],[-1.86105,53.04725],[-1.85885,53.04755],[-1.8552,53.04565],[-1.85115,53.0419],[-1.8458,53.03925],[-1.843,53.037],[-1.837,53.03665],[-1.8095,53.034],[-1.8062,53.0355],[-1.8031,53.03835],[-1.7965,53.03825],[-1.7939,53.0393],[-1.7909,53.0383],[-1.79015,53.0429],[-1.78105,53.04595],[-1.77855,53.04305],[-1.77255,53.0442],[-1.76845,53.0441],[-1.76605,53.04115],[-1.75995,53.0388],[-1.7578,53.0364],[-1.75465,53.0378],[-1.74565,53.0385],[-1.7438,53.0377],[-1.73825,53.0371],[-1.73845,53.0349],[-1.7357,53.0351],[-1.7325,53.03655],[-1.72665,53.03625],[-1.72405,53.0352],[-1.72255,53.03705],[-1.7235,53.04],[-1.7174,53.0423],[-1.7184,53.0442],[-1.7149,53.0486],[-1.71325,53.0491],[-1.71395,53.05165],[-1.71095,53.0539],[-1.70765,53.0554],[-1.70695,53.0588],[-1.7078,53.06395],[-1.7047,53.06505],[-1.7017,53.06835],[-1.70335,53.0707],[-1.6968,53.07935],[-1.69265,53.08175],[-1.68985,53.0852],[-1.68585,53.08695],[-1.6851,53.0911],[-1.68375,53.0937],[-1.6835,53.0965],[-1.6809,53.09855],[-1.68235,53.10315],[-1.6794,53.1052],[-1.6738,53.1049],[-1.66995,53.1057],[-1.6658,53.10275],[-1.6591,53.1066],[-1.65755,53.1103],[-1.6524,53.11235],[-1.6376,53.1154],[-1.63575,53.1138],[-1.63595,53.1107],[-1.63255,53.1074],[-1.62375,53.1065],[-1.62095,53.1048],[-1.6168,53.10395],[-1.6106,53.10485],[-1.60855,53.1045],[-1.6033,53.1062],[-1.5984,53.10625],[-1.5979,53.10755],[-1.59455,53.10955],[-1.58385,53.11275],[-1.5915,53.1146],[-1.593,53.119],[-1.59315,53.1213],[-1.5976,53.12325],[-1.60315,53.12745],[-1.59815,53.1296],[-1.60345,53.13185],[-1.60175,53.1337],[-1.59565,53.1331],[-1.5922,53.1322],[-1.58345,53.13165],[-1.58335,53.1345],[-1.58025,53.1346],[-1.57905,53.13605],[-1.58185,53.1399],[-1.5836,53.1437],[-1.5906,53.145],[-1.5963,53.1467],[-1.59915,53.14825],[-1.6031,53.1486],[-1.60445,53.15085],[-1.60815,53.1541],[-1.6146,53.15365],[-1.6205,53.15385],[-1.6235,53.15525],[-1.6245,53.157],[-1.6205,53.1611],[-1.6222,53.16325],[-1.61845,53.1655],[-1.616,53.16415],[-1.61375,53.16455],[-1.61275,53.16875],[-1.6137,53.1705],[-1.61355,53.17515],[-1.6104,53.17715],[-1.61325,53.1794],[-1.6129,53.1874],[-1.61835,53.19015],[-1.61645,53.1928],[-1.6116,53.19455],[-1.6101,53.19675],[-1.60425,53.1958],[-1.59095,53.19295],[-1.58835,53.19165],[-1.5817,53.1916],[-1.5689,53.19495],[-1.5528,53.19635],[-1.5483,53.1999],[-1.5299,53.2011],[-1.51775,53.20065],[-1.51565,53.2028],[-1.51715,53.2058],[-1.52575,53.2074],[-1.5318,53.2079],[-1.5352,53.21105],[-1.54025,53.21075],[-1.5425,53.21185],[-1.5385,53.21395],[-1.536,53.216],[-1.53955,53.22085],[-1.53575,53.2225],[-1.5349,53.22515],[-1.54505,53.22565],[-1.5437,53.23615],[-1.54385,53.23825],[-1.53925,53.2383],[-1.53665,53.23955],[-1.5405,53.24355],[-1.5441,53.2465],[-1.54555,53.25015],[-1.5436,53.2525],[-1.5462,53.26405],[-1.54445,53.26775],[-1.55345,53.2677],[-1.54865,53.27275],[-1.5493,53.2744],[-1.54735,53.27715],[-1.54155,53.28085],[-1.5363,53.2808],[-1.53505,53.28305],[-1.53665,53.2846],[-1.5404,53.2853],[-1.5435,53.2883],[-1.5425,53.29335],[-1.54025,53.29535],[-1.54605,53.29555],[-1.5525,53.29715],[-1.55725,53.29975],[-1.55705,53.30245],[-1.55795,53.30575],[-1.56175,53.3064],[-1.5595,53.3092],[-1.55585,53.31165],[-1.5585,53.3137],[-1.5602,53.3137],[-1.56185,53.31605],[-1.55745,53.31825],[-1.5541,53.31845],[-1.5554,53.3226],[-1.5551,53.32535],[-1.55805,53.32915],[-1.5704,53.33],[-1.5669,53.33395],[-1.56815,53.3361],[-1.56395,53.3389],[-1.56405,53.34115],[-1.5628,53.3439],[-1.56545,53.3478],[-1.5653,53.3495],[-1.5695,53.35185],[-1.57415,53.35315],[-1.574,53.35445],[-1.57955,53.3571],[-1.58435,53.3571],[-1.58605,53.3579],[-1.5851,53.36095],[-1.5857,53.36385],[-1.58475,53.36595],[-1.5934,53.36645],[-1.5947,53.3705],[-1.5916,53.371],[-1.58665,53.37345],[-1.58555,53.3761],[-1.58635,53.3787],[-1.5745,53.3783],[-1.5701,53.3788],[-1.5659,53.38135],[-1.56495,53.3838],[-1.5693,53.3846],[-1.5755,53.38325],[-1.5772,53.3853],[-1.5847,53.38385],[-1.591,53.3845],[-1.5904,53.38705],[-1.59125,53.3921],[-1.59315,53.39555],[-1.596,53.39775],[-1.5972,53.4],[-1.5943,53.40205],[-1.593,53.40405],[-1.58875,53.4051],[-1.58205,53.4077],[-1.58395,53.40965],[-1.5822,53.4111],[-1.57515,53.411],[-1.57205,53.4139],[-1.5729,53.4196],[-1.56935,53.42465],[-1.57375,53.434],[-1.57215,53.43485],[-1.57815,53.43765],[-1.58095,53.4395],[-1.58495,53.4407],[-1.58085,53.44355],[-1.574,53.4468],[-1.57015,53.4499],[-1.5669,53.45005],[-1.56835,53.45205],[-1.5723,53.45445],[-1.5764,53.4543],[-1.5827,53.45715],[-1.5853,53.4573],[-1.5908,53.46035],[-1.59565,53.4614],[-1.59985,53.4617],[-1.59535,53.4639],[-1.59445,53.4667],[-1.6068,53.46745],[-1.61265,53.46885],[-1.61755,53.46945],[-1.62085,53.47075],[-1.62765,53.471],[-1.63205,53.4732],[-1.6349,53.47695],[-1.64025,53.47555],[-1.64905,53.4826],[-1.65245,53.483],[-1.6582,53.4855],[-1.663,53.4868],[-1.66965,53.48985],[-1.67355,53.49285],[-1.67395,53.4949],[-1.67605,53.4971],[-1.6783,53.4974],[-1.6828,53.50065],[-1.68875,53.50095],[-1.6918,53.50165],[-1.7038,53.51],[-1.7076,53.52245],[-1.7136,53.52135],[-1.7212,53.52085],[-1.7278,53.51965],[-1.7364,53.5193],[-1.7428,53.51965],[-1.7535,53.51805],[-1.7607,53.51795],[-1.7688,53.5201],[-1.7688,53.5233],[-1.7668,53.5262],[-1.77105,53.5303],[-1.77435,53.53245],[-1.776,53.53535],[-1.78555,53.53485],[-1.7917,53.5354],[-1.79475,53.5342],[-1.79985,53.5345],[-1.8044,53.53695],[-1.80525,53.54135],[-1.814,53.5436],[-1.8206,53.54835],[-1.8239,53.54655],[-1.8318,53.54845],[-1.8377,53.5503],[-1.83585,53.5549],[-1.8353,53.5597],[-1.8339,53.5625],[-1.83435,53.5643],[-1.84235,53.56665],[-1.8459,53.5669],[-1.847,53.56945],[-1.8466,53.57305],[-1.8483,53.57605],[-1.8484,53.57865],[-1.8503,53.5809],[-1.8501,53.58395],[-1.85275,53.5866],[-1.85865,53.58525],[-1.86115,53.5875],[-1.8676,53.5918],[-1.8695,53.5942],[-1.8773,53.59355],[-1.88015,53.59715],[-1.88285,53.59785],[-1.8869,53.5957],[-1.8896,53.5973],[-1.89655,53.5951],[-1.8969,53.5965],[-1.90515,53.5949],[-1.90845,53.59655],[-1.9121,53.59545],[-1.91925,53.5942],[-1.92295,53.5917],[-1.93145,53.59145],[-1.93145,53.59025],[-1.9363,53.58755],[-1.9386,53.5879],[-1.94315,53.58725],[-1.9595,53.5873],[-1.96055,53.5877],[-1.96805,53.58385],[-1.977,53.5811],[-1.9818,53.57815],[-1.98095,53.57505],[-1.97775,53.572],[-1.97935,53.56935],[-1.978,53.5681],[-1.9811,53.5664],[-1.98465,53.56295],[-1.98635,53.5587],[-1.98325,53.5577],[-1.9877,53.55295],[-1.9908,53.5509],[-1.99355,53.5472],[-1.993,53.54135],[-1.9898,53.5401],[-1.9822,53.5398],[-1.98205,53.53715],[-1.97615,53.5348],[-1.9728,53.5359],[-1.97125,53.53455],[-1.97745,53.5318],[-1.9821,53.53065],[-1.98015,53.52735],[-1.9863,53.5274],[-1.9922,53.52855],[-1.9988,53.52825],[-1.99695,53.52205],[-1.9918,53.52],[-1.98695,53.51675],[-1.97855,53.5146],[-1.9669,53.5104],[-1.9634,53.50985],[-1.96755,53.5066],[-1.97165,53.5043],[-1.97265,53.5026],[-1.9725,53.49905],[-1.9708,53.49535],[-1.97215,53.49165],[-1.97435,53.48835],[-1.9776,53.4852],[-1.978,53.4794],[-1.97135,53.47395],[-1.9678,53.47245],[-1.96915,53.4696],[-1.965,53.4685],[-1.9563,53.46445],[-1.94815,53.46715],[-1.93985,53.4672],[-1.94215,53.4624],[-1.9435,53.45715],[-1.93475,53.45455],[-1.9293,53.45085],[-1.926,53.44585],[-1.92555,53.44355],[-1.9262,53.4398],[-1.92785,53.43695],[-1.93125,53.4338],[-1.9368,53.43095],[-1.9413,53.4296],[-1.94895,53.4287],[-1.95775,53.42945],[-1.96305,53.431],[-1.96685,53.4328],[-1.9703,53.4354],[-1.97495,53.43495],[-1.983,53.4351],[-1.9807,53.4333],[-1.98095,53.42905],[-1.9788,53.42835],[-1.9767,53.42605],[-1.98175,53.4218],[-1.9842,53.42115],[-1.9879,53.4185],[-1.9879,53.41505],[-1.99235,53.4152],[-1.994,53.4132],[-1.99335,53.41195],[-1.99615,53.4048],[-1.9987,53.40135],[-1.99505,53.4008],[-1.9861,53.3987],[-1.98495,53.39695],[-1.97975,53.39595],[-1.98165,53.3946],[-1.983,53.391],[-1.9819,53.3871],[-1.9782,53.38725],[-1.9722,53.38645],[-1.97095,53.38255],[-1.96555,53.3837],[-1.96155,53.38345],[-1.95825,53.3842],[-1.9514,53.3821],[-1.94105,53.38125],[-1.93175,53.38115],[-1.925,53.37715],[-1.9259,53.3737],[-1.9332,53.3744],[-1.9398,53.37295],[-1.937,53.37085],[-1.9407,53.3686],[-1.9436,53.37015],[-1.9479,53.36945],[-1.95235,53.36995],[-1.9563,53.373],[-1.9589,53.3724],[-1.9682,53.3661],[-1.9693,53.3571],[-1.96785,53.35475],[-1.9614,53.34765],[-1.95685,53.3462],[-1.956,53.345],[-1.94965,53.34415],[-1.9478,53.3415],[-1.9398,53.34145],[-1.9348,53.34635],[-1.93015,53.3447],[-1.92195,53.343],[-1.9197,53.34125],[-1.91555,53.34105],[-1.91395,53.33565],[-1.90715,53.33575],[-1.9023,53.33285],[-1.89945,53.33265],[-1.89835,53.32995],[-1.8962,53.32825],[-1.8991,53.32635],[-1.89545,53.32235],[-1.89585,53.32075],[-1.8933,53.31825],[-1.8925,53.31475],[-1.8897,53.31285],[-1.88595,53.312],[-1.88615,53.3104],[-1.88405,53.30695],[-1.8801,53.3052],[-1.87245,53.3081],[-1.8699,53.30725],[-1.86615,53.3121],[-1.86015,53.311],[-1.8598,53.3063],[-1.85635,53.30595],[-1.85845,53.3031],[-1.85345,53.30285],[-1.85585,53.30035],[-1.8603,53.2976],[-1.8551,53.2953],[-1.85235,53.29165],[-1.85285,53.2888],[-1.8557,53.28455],[-1.8532,53.2837],[-1.8455,53.27845],[-1.8423,53.27555],[-1.84465,53.27455],[-1.8446,53.2707],[-1.84575,53.26885],[-1.8443,53.2631],[-1.8408,53.25915],[-1.8312,53.25445],[-1.8307,53.2524],[-1.83715,53.24935],[-1.84275,53.25065],[-1.8466,53.249],[-1.85335,53.2491],[-1.8544,53.25145],[-1.8599,53.25565],[-1.8609,53.2578],[-1.8644,53.25745],[-1.87565,53.2582],[-1.8725,53.2544]]]},"properties":{"kind":"np","name":"PEAK DISTRICT"}},{"type":"Feature","geometry":{"type":"Polygon","coordinates":[[[-0.78965,54.5611],[-0.7955,54.56185],[-0.79795,54.5604],[-0.80005,54.56135],[-0.8056,54.5609],[-0.80725,54.56],[-0.8138,54.5625],[-0.8175,54.5634],[-0.82255,54.56245],[-0.82935,54.5667],[-0.83355,54.568],[-0.8405,54.56925],[-0.84505,54.57095],[-0.84855,54.57145],[-0.85165,54.56845],[-0.85645,54.5614],[-0.85815,54.55525],[-0.86165,54.5505],[-0.8595,54.5484],[-0.86195,54.54435],[-0.8568,54.5372],[-0.85975,54.53135],[-0.8688,54.5335],[-0.87045,54.5325],[-0.87725,54.5314],[-0.88465,54.53275],[-0.8883,54.53195],[-0.88885,54.5297],[-0.8912,54.52805],[-0.9002,54.52885],[-0.896,54.522],[-0.9068,54.52045],[-0.9115,54.5203],[-0.91435,54.51855],[-0.91685,54.5193],[-0.9203,54.51605],[-0.9203,54.5146],[-0.9258,54.51555],[-0.93355,54.51605],[-0.93645,54.5156],[-0.9363,54.5119],[-0.9346,54.5072],[-0.94605,54.50915],[-0.9495,54.5113],[-0.95125,54.5136],[-0.96435,54.5177],[-0.97415,54.52165],[-0.97915,54.5233],[-0.9864,54.52495],[-0.98985,54.5273],[-0.9925,54.52435],[-0.9946,54.52395],[-1.00055,54.5309],[-1.0052,54.53275],[-1.01085,54.534],[-1.02015,54.5338],[-1.0202,54.5289],[-1.0223,54.5275],[-1.02745,54.52615],[-1.03355,54.52555],[-1.04135,54.52525],[-1.0489,54.5228],[-1.0554,54.5226],[-1.06205,54.52525],[-1.0663,54.52585],[-1.0814,54.5243],[-1.08685,54.52495],[-1.09195,54.5277],[-1.0999,54.52895],[-1.1056,54.52485],[-1.1077,54.5206],[-1.11145,54.51865],[-1.1197,54.5106],[-1.1206,54.5082],[-1.12345,54.50505],[-1.1287,54.503],[-1.12635,54.4985],[-1.1238,54.4955],[-1.10965,54.48545],[-1.10685,54.48205],[-1.1048,54.47615],[-1.101,54.4704],[-1.09715,54.46645],[-1.09,54.4633],[-1.08965,54.4603],[-1.0954,54.456],[-1.09855,54.45475],[-1.10315,54.45435],[-1.11085,54.4546],[-1.11135,54.4508],[-1.10905,54.4474],[-1.11,54.4464],[-1.1048,54.44405],[-1.10395,54.44135],[-1.1058,54.43965],[-1.1057,54.4374],[-1.11125,54.4335],[-1.1096,54.4317],[-1.1099,54.42755],[-1.1145,54.42845],[-1.12035,54.43065],[-1.1217,54.43175],[-1.12865,54.4319],[-1.13085,54.43085],[-1.1441,54.43],[-1.1449,54.43075],[-1.1571,54.4297],[-1.16525,54.4298],[-1.1712,54.4307],[-1.17685,54.4295],[-1.1799,54.42955],[-1.1961,54.4274],[-1.1978,54.4307],[-1.202,54.43025],[-1.20545,54.43445],[-1.2102,54.43305],[-1.2154,54.439],[-1.2219,54.43855],[-1.2254,54.43885],[-1.2323,54.43685],[-1.24235,54.43265],[-1.24595,54.4297],[-1.2504,54.42485],[-1.25655,54.4197],[-1.2615,54.41695],[-1.26705,54.41465],[-1.27295,54.41295],[-1.28255,54.41095],[-1.2876,54.40935],[-1.28945,54.4078],[-1.2938,54.40635],[-1.2995,54.40325],[-1.3043,54.4024],[-1.3078,54.40045],[-1.31175,54.3971],[-1.3126,54.39355],[-1.3164,54.38965],[-1.3208,54.38005],[-1.3208,54.36775],[-1.3191,54.36575],[-1.31625,54.365],[-1.31465,54.3633],[-1.31105,54.36265],[-1.3077,54.36365],[-1.30365,54.3631],[-1.3032,54.3602],[-1.3054,54.35845],[-1.30905,54.3522],[-1.31275,54.34995],[-1.32685,54.35055],[-1.33015,54.346],[-1.3288,54.3427],[-1.3252,54.34125],[-1.3252,54.3379],[-1.3235,54.3353],[-1.31685,54.33435],[-1.3128,54.33485],[-1.30875,54.33245],[-1.30675,54.3324],[-1.3072,54.32845],[-1.3117,54.32645],[-1.3104,54.32455],[-1.3045,54.3254],[-1.3018,54.32465],[-1.29705,54.3253],[-1.292,54.32465],[-1.2892,54.3235],[-1.28415,54.32035],[-1.28065,54.3192],[-1.2813,54.31735],[-1.2782,54.31245],[-1.2855,54.3102],[-1.29125,54.3101],[-1.2975,54.3084],[-1.2961,54.3054],[-1.29635,54.3029],[-1.28955,54.30265],[-1.2822,54.3019],[-1.28095,54.2999],[-1.28295,54.29745],[-1.28305,54.2949],[-1.2816,54.2894],[-1.28165,54.2857],[-1.2802,54.27955],[-1.28285,54.2784],[-1.28155,54.2736],[-1.2769,54.2737],[-1.2735,54.2724],[-1.26945,54.2687],[-1.2667,54.26775],[-1.26235,54.26865],[-1.25335,54.27195],[-1.25165,54.2705],[-1.25025,54.26615],[-1.247,54.26225],[-1.24705,54.2585],[-1.2502,54.2578],[-1.24705,54.25525],[-1.248,54.2523],[-1.2464,54.2485],[-1.24375,54.2485],[-1.23735,54.24615],[-1.23445,54.2372],[-1.23225,54.23645],[-1.23155,54.2336],[-1.229,54.2341],[-1.2272,54.2307],[-1.2347,54.22755],[-1.23605,54.222],[-1.2385,54.21865],[-1.23005,54.2144],[-1.2281,54.21295],[-1.22075,54.2109],[-1.2153,54.2104],[-1.20665,54.2002],[-1.2027,54.1972],[-1.19355,54.19175],[-1.1942,54.18785],[-1.19125,54.1881],[-1.1914,54.1853],[-1.1871,54.187],[-1.18925,54.183],[-1.1737,54.188],[-1.16715,54.189],[-1.1617,54.1893],[-1.1611,54.191],[-1.15555,54.19645],[-1.14955,54.19685],[-1.1428,54.19605],[-1.1404,54.1979],[-1.134,54.19665],[-1.12775,54.19755],[-1.12325,54.2002],[-1.11755,54.20155],[-1.11295,54.2007],[-1.10025,54.20165],[-1.096,54.2029],[-1.09165,54.20255],[-1.0702,54.2031],[-1.06135,54.20255],[-1.05685,54.203],[-1.0516,54.20235],[-1.04905,54.20265],[-1.04155,54.2049],[-1.04485,54.20605],[-1.05305,54.20785],[-1.06125,54.2125],[-1.0609,54.21465],[-1.0628,54.21855],[-1.06145,54.2231],[-1.0621,54.22485],[-1.05925,54.2304],[-1.05865,54.23375],[-1.05695,54.2378],[-1.05935,54.24425],[-1.06185,54.24665],[-1.0554,54.2475],[-1.04855,54.24705],[-1.04265,54.2475],[-1.0353,54.2488],[-1.03165,54.249],[-1.02655,54.25045],[-1.02575,54.25955],[-1.0267,54.26255],[-1.02365,54.26455],[-1.02275,54.26885],[-1.02445,54.2714],[-1.02825,54.2737],[-1.0312,54.2771],[-1.0344,54.2856],[-1.03085,54.2858],[-1.0275,54.28375],[-1.01865,54.28475],[-1.00255,54.2887],[-0.99815,54.282],[-0.99385,54.28305],[-0.9942,54.2809],[-0.9914,54.2801],[-0.987,54.2763],[-0.9856,54.2741],[-0.98185,54.27245],[-0.9744,54.27185],[-0.97535,54.2735],[-0.975,54.2773],[-0.9776,54.27865],[-0.97715,54.28375],[-0.97535,54.2872],[-0.9677,54.28975],[-0.9671,54.29135],[-0.9633,54.2945],[-0.9633,54.2957],[-0.95815,54.29915],[-0.9535,54.30105],[-0.95015,54.29925],[-0.9455,54.29555],[-0.94325,54.2928],[-0.9382,54.2939],[-0.9327,54.2908],[-0.9279,54.28875],[-0.9257,54.28675],[-0.9235,54.2814],[-0.91925,54.2796],[-0.9159,54.28005],[-0.91135,54.2769],[-0.90865,54.276],[-0.9067,54.2739],[-0.90295,54.27505],[-0.90125,54.27445],[-0.896,54.2686],[-0.8941,54.2642],[-0.88565,54.26345],[-0.87615,54.2609],[-0.87095,54.2604],[-0.86365,54.26115],[-0.86195,54.26265],[-0.8585,54.262],[-0.85795,54.26405],[-0.8552,54.2653],[-0.85745,54.2686],[-0.8554,54.2739],[-0.85395,54.2749],[-0.85305,54.2794],[-0.84485,54.28285],[-0.84315,54.28845],[-0.84135,54.28965],[-0.84175,54.2925],[-0.83805,54.2939],[-0.83395,54.29715],[-0.81295,54.2946],[-0.80215,54.29365],[-0.79495,54.29405],[-0.79015,54.29495],[-0.7746,54.2986],[-0.7724,54.30465],[-0.7729,54.3093],[-0.75905,54.3065],[-0.75505,54.3067],[-0.7532,54.3053],[-0.7532,54.3028],[-0.7505,54.29895],[-0.75105,54.29355],[-0.75015,54.2897],[-0.7547,54.28565],[-0.76005,54.27565],[-0.76415,54.2641],[-0.7688,54.26225],[-0.76875,54.25845],[-0.7628,54.2602],[-0.757,54.2598],[-0.7515,54.26035],[-0.7434,54.26325],[-0.7379,54.2643],[-0.7392,54.26185],[-0.7338,54.2552],[-0.7296,54.2536],[-0.7403,54.2481],[-0.74735,54.2451],[-0.7497,54.2424],[-0.7488,54.2415],[-0.7511,54.23285],[-0.74565,54.2319],[-0.71395,54.227],[-0.703,54.2267],[-0.70735,54.2356],[-0.7086,54.2395],[-0.7067,54.2421],[-0.70365,54.2444],[-0.698,54.244],[-0.69315,54.24485],[-0.68095,54.24935],[-0.67845,54.249],[-0.673,54.24975],[-0.6653,54.25235],[-0.65595,54.2562],[-0.65445,54.2561],[-0.652,54.25935],[-0.647,54.26395],[-0.6332,54.27555],[-0.63235,54.27655],[-0.6278,54.2763],[-0.62505,54.27225],[-0.61215,54.2711],[-0.59625,54.26855],[-0.58835,54.2711],[-0.5867,54.26855],[-0.5789,54.2696],[-0.57775,54.2658],[-0.57535,54.26355],[-0.5715,54.2618],[-0.5635,54.25925],[-0.56085,54.25565],[-0.55695,54.25245],[-0.5548,54.25195],[-0.54725,54.2463],[-0.54125,54.24295],[-0.5426,54.2423],[-0.53735,54.23765],[-0.53225,54.23525],[-0.5252,54.2376],[-0.52205,54.2382],[-0.50985,54.23925],[-0.50365,54.2403],[-0.49685,54.2429],[-0.4921,54.2457],[-0.4864,54.2476],[-0.48085,54.24865],[-0.4792,54.25085],[-0.47925,54.2541],[-0.477,54.2584],[-0.475,54.2597],[-0.47105,54.26445],[-0.4691,54.26585],[-0.46295,54.2725],[-0.45485,54.27725],[-0.45285,54.2776],[-0.45275,54.27985],[-0.44955,54.28375],[-0.45185,54.28645],[-0.45075,54.29035],[-0.44775,54.29395],[-0.4519,54.29765],[-0.4558,54.29835],[-0.4626,54.2979],[-0.47055,54.31495],[-0.46605,54.3186],[-0.4704,54.32555],[-0.47345,54.32895],[-0.4738,54.3308],[-0.47445,54.33305],[-0.4612,54.33875],[-0.45935,54.34055],[-0.4565,54.34065],[-0.45145,54.3384],[-0.44865,54.33795],[-0.4433,54.33875],[-0.44575,54.33285],[-0.44135,54.3267],[-0.4355,54.32845],[-0.43195,54.32875],[-0.42475,54.331],[-0.41935,54.33215],[-0.42115,54.338],[-0.42355,54.33975],[-0.43115,54.3403],[-0.43035,54.34525],[-0.4327,54.3504],[-0.43905,54.3573],[-0.44365,54.3579],[-0.44565,54.35905],[-0.44495,54.36125],[-0.44515,54.3646],[-0.448,54.3713],[-0.44965,54.37355],[-0.4546,54.37745],[-0.4575,54.3823],[-0.45995,54.38455],[-0.4633,54.3896],[-0.4687,54.3942],[-0.4703,54.3969],[-0.4773,54.39925],[-0.48355,54.40285],[-0.48945,54.4081],[-0.49185,54.4091],[-0.5018,54.4085],[-0.50395,54.4115],[-0.5096,54.41185],[-0.513,54.413],[-0.5135,54.415],[-0.51645,54.4167],[-0.5193,54.41625],[-0.52365,54.41925],[-0.5236,54.42305],[-0.52715,54.42365],[-0.52905,54.4264],[-0.52815,54.42875],[-0.5254,54.4294],[-0.52695,54.4318],[-0.5292,54.4352],[-0.5226,54.4393],[-0.5199,54.44155],[-0.52005,54.44325],[-0.5202,54.4437],[-0.52005,54.44615],[-0.5206,54.447],[-0.5238,54.4483],[-0.52325,54.4494],[-0.52755,54.45145],[-0.5312,54.45225],[-0.53255,54.4559],[-0.536,54.45575],[-0.54355,54.4604],[-0.54615,54.46175],[-0.553,54.46355],[-0.55645,54.46545],[-0.5588,54.4682],[-0.5588,54.4696],[-0.56405,54.4765],[-0.57015,54.4815],[-0.57725,54.4847],[-0.58255,54.4843],[-0.58645,54.4855],[-0.5832,54.4874],[-0.5883,54.49025],[-0.5919,54.4895],[-0.5944,54.4866],[-0.59505,54.4815],[-0.60105,54.479],[-0.5989,54.47585],[-0.59785,54.4716],[-0.5962,54.47095],[-0.5994,54.4678],[-0.60035,54.464],[-0.608,54.46545],[-0.61325,54.46835],[-0.6204,54.47015],[-0.6225,54.47155],[-0.62525,54.46975],[-0.63195,54.46915],[-0.636,54.46635],[-0.63905,54.4664],[-0.64985,54.4634],[-0.6523,54.46225],[-0.66045,54.46135],[-0.6613,54.4594],[-0.65965,54.4574],[-0.65545,54.45515],[-0.65645,54.4523],[-0.6592,54.45225],[-0.66575,54.45045],[-0.6692,54.4484],[-0.6732,54.44775],[-0.67525,54.4515],[-0.6757,54.45425],[-0.6703,54.45445],[-0.6705,54.45695],[-0.66835,54.45895],[-0.6682,54.46075],[-0.66455,54.4614],[-0.6635,54.46345],[-0.6698,54.46765],[-0.6652,54.47075],[-0.66325,54.4703],[-0.65995,54.4721],[-0.6595,54.4771],[-0.65075,54.47925],[-0.64835,54.48095],[-0.65045,54.48245],[-0.65005,54.4849],[-0.64445,54.4902],[-0.649,54.49065],[-0.65595,54.4922],[-0.6622,54.4922],[-0.66255,54.4956],[-0.6663,54.49715],[-0.66915,54.49455],[-0.67305,54.49815],[-0.6728,54.49995],[-0.679,54.504],[-0.67685,54.5047],[-0.67755,54.50655],[-0.6737,54.50655],[-0.6721,54.50785],[-0.67295,54.51045],[-0.6712,54.5115],[-0.6776,54.5147],[-0.67615,54.516],[-0.67845,54.5174],[-0.67875,54.51955],[-0.68165,54.5209],[-0.68545,54.52095],[-0.6935,54.52235],[-0.69925,54.52575],[-0.70035,54.5265],[-0.70285,54.5275],[-0.7029,54.5275],[-0.7028,54.5277],[-0.7054,54.5315],[-0.70475,54.5331],[-0.70665,54.53435],[-0.70985,54.53405],[-0.71395,54.53555],[-0.71795,54.5347],[-0.7199,54.53125],[-0.7257,54.53175],[-0.7303,54.5301],[-0.74255,54.5286],[-0.74485,54.52915],[-0.74835,54.5332],[-0.7461,54.5343],[-0.7443,54.537],[-0.74745,54.5391],[-0.74995,54.543],[-0.75465,54.5448],[-0.7591,54.5451],[-0.76335,54.54695],[-0.764,54.5502],[-0.7671,54.5525],[-0.7719,54.55435],[-0.7716,54.5571],[-0.77375,54.5579],[-0.77435,54.55845],[-0.77715,54.55955],[-0.77875,54.5587],[-0.7833,54.56215],[-0.78555,54.5607],[-0.78965,54.5611]]]},"properties":{"kind":"np","name":"NORTH YORK MOORS"}},{"type":"Feature","geometry":{"type":"Polygon","coordinates":[[[-3.0592,54.7629],[-3.0649,54.76355],[-3.08785,54.7607],[-3.11755,54.7567],[-3.11535,54.75035],[-3.10585,54.74635],[-3.1036,54.74075],[-3.10715,54.7379],[-3.1105,54.73735],[-3.13155,54.7321],[-3.13585,54.73235],[-3.141,54.7347],[-3.1442,54.73705],[-3.14935,54.738],[-3.15195,54.7373],[-3.1565,54.73785],[-3.1595,54.7396],[-3.1632,54.7392],[-3.1667,54.7405],[-3.1914,54.7351],[-3.19555,54.73385],[-3.20305,54.7338],[-3.2089,54.73425],[-3.2126,54.7328],[-3.2156,54.73405],[-3.21835,54.7315],[-3.22085,54.73055],[-3.2272,54.7304],[-3.2372,54.729],[-3.2405,54.72745],[-3.2495,54.7264],[-3.24825,54.7222],[-3.24635,54.7197],[-3.2489,54.7158],[-3.2542,54.71295],[-3.25825,54.7097],[-3.2625,54.7106],[-3.2628,54.7131],[-3.2615,54.71435],[-3.263,54.7173],[-3.26645,54.7192],[-3.27285,54.71935],[-3.2766,54.71875],[-3.28135,54.71445],[-3.29025,54.71355],[-3.30155,54.72185],[-3.3053,54.7213],[-3.3174,54.7133],[-3.3403,54.6969],[-3.344,54.69335],[-3.34855,54.69205],[-3.3529,54.68955],[-3.35175,54.6886],[-3.35405,54.6863],[-3.34875,54.683],[-3.3515,54.68065],[-3.34585,54.67785],[-3.3353,54.6732],[-3.33205,54.669],[-3.32545,54.6652],[-3.3279,54.6638],[-3.33425,54.65525],[-3.33855,54.6546],[-3.3447,54.6522],[-3.35085,54.6467],[-3.3512,54.64365],[-3.34835,54.64245],[-3.3505,54.64125],[-3.35935,54.64175],[-3.3718,54.6419],[-3.37175,54.63795],[-3.3825,54.63845],[-3.3849,54.6354],[-3.3845,54.6326],[-3.3873,54.6297],[-3.3914,54.62665],[-3.3876,54.6259],[-3.3761,54.6202],[-3.38365,54.61425],[-3.3858,54.6115],[-3.38955,54.611],[-3.38975,54.6054],[-3.39305,54.60085],[-3.3954,54.59885],[-3.3894,54.5986],[-3.386,54.59705],[-3.3787,54.598],[-3.37765,54.59655],[-3.3728,54.5939],[-3.37105,54.59555],[-3.36335,54.5977],[-3.3614,54.5954],[-3.36635,54.59405],[-3.36845,54.5909],[-3.375,54.5929],[-3.3849,54.593],[-3.3852,54.59145],[-3.3889,54.5893],[-3.3919,54.58885],[-3.3961,54.5846],[-3.39905,54.58295],[-3.405,54.5812],[-3.4086,54.5792],[-3.41065,54.5761],[-3.4108,54.57395],[-3.41755,54.572],[-3.42015,54.56795],[-3.41655,54.56605],[-3.41715,54.55645],[-3.41585,54.55365],[-3.4121,54.55],[-3.40595,54.54755],[-3.4047,54.54615],[-3.40505,54.5438],[-3.4169,54.5379],[-3.42185,54.5371],[-3.4242,54.53535],[-3.43255,54.53235],[-3.4361,54.5319],[-3.4391,54.5302],[-3.4438,54.531],[-3.44755,54.53025],[-3.449,54.5315],[-3.45195,54.5309],[-3.4562,54.5316],[-3.46285,54.53105],[-3.46405,54.5301],[-3.4688,54.52945],[-3.47675,54.52695],[-3.4795,54.52515],[-3.4853,54.5225],[-3.4868,54.52085],[-3.49115,54.519],[-3.49345,54.51975],[-3.4951,54.51775],[-3.4908,54.51775],[-3.48835,54.51635],[-3.48105,54.5161],[-3.4819,54.51145],[-3.4803,54.5094],[-3.47115,54.5053],[-3.4679,54.5052],[-3.46035,54.50335],[-3.4605,54.50195],[-3.4639,54.4997],[-3.458,54.49885],[-3.45115,54.49505],[-3.45665,54.48585],[-3.4586,54.47855],[-3.4624,54.47355],[-3.46185,54.46935],[-3.46305,54.46695],[-3.46155,54.46445],[-3.46475,54.4604],[-3.46495,54.4585],[-3.4672,54.45515],[-3.46515,54.451],[-3.46685,54.4499],[-3.4682,54.44655],[-3.4722,54.44435],[-3.4763,54.44425],[-3.4787,54.4428],[-3.4778,54.44005],[-3.4745,54.43685],[-3.46775,54.4338],[-3.4639,54.43],[-3.45795,54.4278],[-3.44375,54.42005],[-3.4433,54.4186],[-3.43825,54.41625],[-3.4345,54.4135],[-3.4349,54.4124],[-3.43135,54.408],[-3.43165,54.404],[-3.4286,54.4004],[-3.42205,54.3961],[-3.41975,54.3937],[-3.41865,54.3876],[-3.42025,54.38435],[-3.41765,54.38295],[-3.4159,54.38],[-3.4181,54.3782],[-3.42285,54.37705],[-3.42405,54.37525],[-3.4268,54.37615],[-3.43215,54.37585],[-3.4326,54.373],[-3.43965,54.3728],[-3.4418,54.3712],[-3.4725,54.3598],[-3.4727,54.3585],[-3.44715,54.34585],[-3.4428,54.3419],[-3.4415,54.33755],[-3.44225,54.33625],[-3.4399,54.33065],[-3.4349,54.32735],[-3.42855,54.32065],[-3.4259,54.31585],[-3.42375,54.30955],[-3.4234,54.30355],[-3.4252,54.30085],[-3.4254,54.29805],[-3.42815,54.2942],[-3.4298,54.2877],[-3.42385,54.2804],[-3.41425,54.27035],[-3.41105,54.2677],[-3.4062,54.26135],[-3.4024,54.2574],[-3.40065,54.254],[-3.39575,54.2492],[-3.3862,54.24315],[-3.37465,54.23495],[-3.3651,54.22595],[-3.3532,54.2126],[-3.34845,54.2064],[-3.3405,54.2083],[-3.336,54.2105],[-3.33,54.21935],[-3.33115,54.22155],[-3.3236,54.2226],[-3.31785,54.2258],[-3.3078,54.23325],[-3.30635,54.2353],[-3.30285,54.2378],[-3.29435,54.2426],[-3.2898,54.2446],[-3.28615,54.2454],[-3.2848,54.24775],[-3.2878,54.2498],[-3.28345,54.25155],[-3.27995,54.25385],[-3.27175,54.25455],[-3.26515,54.25605],[-3.2638,54.25825],[-3.2647,54.26055],[-3.2605,54.26705],[-3.2585,54.26835],[-3.25175,54.27],[-3.24895,54.27195],[-3.24365,54.2711],[-3.23955,54.27255],[-3.23735,54.27615],[-3.2351,54.28255],[-3.23335,54.2835],[-3.2283,54.28145],[-3.22775,54.2776],[-3.22425,54.2757],[-3.2259,54.27095],[-3.21585,54.2693],[-3.21485,54.27205],[-3.2103,54.277],[-3.20735,54.27315],[-3.1989,54.2698],[-3.18625,54.26755],[-3.1806,54.2656],[-3.1811,54.2628],[-3.18005,54.261],[-3.18115,54.2589],[-3.17855,54.2566],[-3.17305,54.257],[-3.17025,54.25535],[-3.1608,54.2542],[-3.1587,54.2533],[-3.1512,54.25455],[-3.14605,54.2561],[-3.1376,54.2551],[-3.12755,54.25345],[-3.122,54.253],[-3.1133,54.25625],[-3.1074,54.2594],[-3.0981,54.2593],[-3.0926,54.25975],[-3.0882,54.2589],[-3.0801,54.2585],[-3.07485,54.25645],[-3.069,54.25045],[-3.06455,54.2452],[-3.062,54.244],[-3.0615,54.24115],[-3.0571,54.2382],[-3.05345,54.2372],[-3.0507,54.23235],[-3.0518,54.22525],[-3.0469,54.2244],[-3.04295,54.22595],[-3.03795,54.22685],[-3.0347,54.2226],[-3.03005,54.2189],[-3.02585,54.2176],[-3.0226,54.21975],[-3.0187,54.2203],[-3.01665,54.2197],[-3.0143,54.22225],[-3.01345,54.2252],[-3.00745,54.22805],[-3.002,54.2262],[-2.9953,54.2231],[-2.9927,54.22715],[-2.98945,54.2297],[-2.9853,54.2298],[-2.96545,54.2252],[-2.959,54.2249],[-2.9616,54.22095],[-2.95725,54.21675],[-2.9532,54.2167],[-2.9532,54.2144],[-2.94955,54.21155],[-2.9526,54.20955],[-2.9526,54.2079],[-2.95045,54.20495],[-2.94645,54.20515],[-2.94415,54.20675],[-2.9346,54.20595],[-2.93575,54.2029],[-2.93345,54.2018],[-2.9307,54.2044],[-2.9182,54.2029],[-2.9143,54.204],[-2.91265,54.21015],[-2.91105,54.2114],[-2.91075,54.21475],[-2.9062,54.2141],[-2.9034,54.21485],[-2.90085,54.2117],[-2.89745,54.21255],[-2.88585,54.2124],[-2.88345,54.2079],[-2.87845,54.20205],[-2.87845,54.19365],[-2.8757,54.1934],[-2.87075,54.19155],[-2.8658,54.192],[-2.8627,54.1938],[-2.8548,54.195],[-2.85055,54.19715],[-2.84505,54.19855],[-2.8388,54.2026],[-2.84045,54.20685],[-2.83975,54.2088],[-2.83515,54.21575],[-2.83205,54.21885],[-2.82725,54.2196],[-2.822,54.2212],[-2.81545,54.2205],[-2.8119,54.2208],[-2.80925,54.222],[-2.8048,54.2261],[-2.8041,54.22785],[-2.80395,54.2329],[-2.7993,54.2379],[-2.7976,54.2416],[-2.801,54.2456],[-2.8083,54.2427],[-2.81305,54.24355],[-2.8143,54.2451],[-2.8145,54.24895],[-2.81165,54.25045],[-2.80815,54.25085],[-2.8091,54.2539],[-2.8133,54.25595],[-2.8119,54.25755],[-2.81435,54.2624],[-2.8122,54.2641],[-2.80955,54.26395],[-2.8075,54.26525],[-2.8026,54.2653],[-2.7936,54.2646],[-2.79135,54.26985],[-2.79085,54.27345],[-2.7917,54.27435],[-2.7911,54.2792],[-2.7886,54.27585],[-2.78455,54.273],[-2.7791,54.2733],[-2.7721,54.27485],[-2.7673,54.2796],[-2.7679,54.2877],[-2.76615,54.2908],[-2.7635,54.29305],[-2.7693,54.29465],[-2.76995,54.29745],[-2.76695,54.30035],[-2.7713,54.3001],[-2.77215,54.30755],[-2.7716,54.31015],[-2.76725,54.31545],[-2.76715,54.3195],[-2.7661,54.32045],[-2.765,54.32535],[-2.7633,54.32745],[-2.76585,54.32945],[-2.7665,54.3325],[-2.7609,54.33485],[-2.76545,54.33715],[-2.76425,54.3389],[-2.77125,54.34325],[-2.77375,54.3442],[-2.7743,54.347],[-2.78005,54.35215],[-2.7837,54.35405],[-2.78585,54.3574],[-2.7909,54.3588],[-2.7944,54.3622],[-2.79765,54.36405],[-2.79435,54.3667],[-2.7879,54.3693],[-2.792,54.37165],[-2.7934,54.3755],[-2.78545,54.3749],[-2.77935,54.372],[-2.77635,54.36905],[-2.77425,54.3688],[-2.7726,54.3729],[-2.7708,54.3739],[-2.76585,54.3743],[-2.7642,54.37355],[-2.75795,54.37325],[-2.7471,54.37575],[-2.7422,54.37555],[-2.73765,54.37985],[-2.73335,54.38565],[-2.72705,54.38925],[-2.7234,54.3918],[-2.72055,54.39255],[-2.7148,54.396],[-2.71145,54.39705],[-2.70815,54.3998],[-2.70755,54.4027],[-2.70215,54.4027],[-2.69885,54.3998],[-2.69435,54.39875],[-2.6874,54.4],[-2.6853,54.39465],[-2.68265,54.3935],[-2.67855,54.38745],[-2.67325,54.386],[-2.675,54.38305],[-2.6716,54.3795],[-2.66545,54.37775],[-2.6625,54.3778],[-2.6579,54.3753],[-2.65295,54.3736],[-2.6503,54.3736],[-2.6485,54.3721],[-2.6406,54.37145],[-2.64105,54.37045],[-2.6345,54.3705],[-2.6288,54.37115],[-2.62115,54.37405],[-2.61635,54.3774],[-2.6114,54.3764],[-2.60325,54.3785],[-2.59135,54.37805],[-2.58855,54.37715],[-2.58375,54.3772],[-2.5827,54.38245],[-2.5861,54.3856],[-2.5919,54.389],[-2.6011,54.39575],[-2.60545,54.40105],[-2.60565,54.40515],[-2.6066,54.4078],[-2.6038,54.40985],[-2.6018,54.414],[-2.6019,54.4168],[-2.6,54.4206],[-2.60195,54.42575],[-2.60185,54.429],[-2.5995,54.43315],[-2.6013,54.43565],[-2.61065,54.44205],[-2.6183,54.4425],[-2.6179,54.44445],[-2.62075,54.44555],[-2.61985,54.449],[-2.6254,54.4539],[-2.625,54.4576],[-2.62675,54.4585],[-2.62705,54.46095],[-2.62995,54.4637],[-2.63385,54.4644],[-2.63695,54.46705],[-2.64035,54.47105],[-2.6407,54.47375],[-2.6456,54.47585],[-2.64625,54.47955],[-2.64805,54.48035],[-2.65215,54.47965],[-2.65305,54.47825],[-2.66425,54.47305],[-2.6711,54.4734],[-2.67075,54.4751],[-2.6733,54.47945],[-2.6729,54.4871],[-2.67735,54.5015],[-2.68055,54.5051],[-2.68115,54.50955],[-2.6807,54.51285],[-2.67925,54.5141],[-2.681,54.5171],[-2.6843,54.5172],[-2.68655,54.51845],[-2.6875,54.52045],[-2.69075,54.5225],[-2.6957,54.5222],[-2.69955,54.5238],[-2.7005,54.52555],[-2.69795,54.52855],[-2.701,54.53155],[-2.69895,54.53295],[-2.6975,54.5355],[-2.69445,54.53705],[-2.69975,54.5414],[-2.70525,54.54425],[-2.71055,54.54575],[-2.7144,54.5474],[-2.71835,54.55005],[-2.71915,54.5537],[-2.71115,54.5553],[-2.70885,54.55745],[-2.69745,54.55855],[-2.69405,54.558],[-2.695,54.56435],[-2.69755,54.56425],[-2.6971,54.56725],[-2.70045,54.57205],[-2.7004,54.57505],[-2.6965,54.58025],[-2.6987,54.58875],[-2.7014,54.58915],[-2.70765,54.59155],[-2.7062,54.5933],[-2.7118,54.59505],[-2.7147,54.59775],[-2.71555,54.60225],[-2.7177,54.608],[-2.7267,54.6114],[-2.72425,54.6131],[-2.7306,54.61795],[-2.735,54.6235],[-2.73935,54.62385],[-2.74265,54.62155],[-2.74285,54.61815],[-2.7466,54.6177],[-2.7498,54.62115],[-2.751,54.62345],[-2.75395,54.62545],[-2.7563,54.62365],[-2.75865,54.6199],[-2.76235,54.6194],[-2.7733,54.61195],[-2.77895,54.61575],[-2.7777,54.6168],[-2.7818,54.6204],[-2.7787,54.6217],[-2.77945,54.62505],[-2.78125,54.62525],[-2.78415,54.6291],[-2.78355,54.6327],[-2.78845,54.6316],[-2.7922,54.6327],[-2.7938,54.63715],[-2.823,54.6461],[-2.84125,54.64435],[-2.8523,54.64185],[-2.8685,54.6394],[-2.86915,54.64135],[-2.87175,54.6415],[-2.8779,54.64325],[-2.88355,54.6436],[-2.89475,54.64335],[-2.9022,54.64205],[-2.92085,54.64335],[-2.92315,54.64295],[-2.9244,54.6523],[-2.9289,54.65695],[-2.94035,54.66175],[-2.95165,54.66745],[-2.9612,54.6727],[-2.96745,54.67495],[-2.9736,54.6792],[-2.96055,54.69175],[-2.96065,54.69595],[-2.96335,54.70055],[-2.9668,54.70965],[-2.97185,54.71965],[-2.9746,54.72275],[-2.97305,54.72405],[-2.97475,54.72595],[-2.9786,54.7259],[-2.9838,54.72785],[-2.98955,54.72775],[-2.99285,54.72915],[-2.9926,54.73065],[-2.9967,54.73175],[-2.99695,54.73365],[-3.0013,54.73315],[-3.00865,54.73465],[-3.01135,54.7346],[-3.01165,54.73655],[-3.0159,54.7377],[-3.0155,54.73875],[-3.0205,54.7397],[-3.02335,54.74215],[-3.0216,54.7458],[-3.0261,54.7472],[-3.02755,54.7493],[-3.0336,54.74855],[-3.03555,54.7497],[-3.0414,54.74925],[-3.05305,54.7504],[-3.05785,54.753],[-3.05905,54.7549],[-3.05735,54.75865],[-3.05745,54.76255],[-3.0592,54.7629]]]},"properties":{"kind":"np","name":"LAKE DISTRICT"}},{"type":"Feature","geometry":{"type":"Polygon","coordinates":[[[1.66865,52.50715],[1.65655,52.50865],[1.6523,52.5112],[1.65045,52.51395],[1.6516,52.51665],[1.65345,52.51815],[1.65295,52.5199],[1.6464,52.5228],[1.64225,52.5233],[1.6364,52.5279],[1.63315,52.52655],[1.62645,52.52995],[1.6237,52.53375],[1.62515,52.53715],[1.62485,52.5434],[1.62765,52.54935],[1.631,52.55285],[1.63905,52.5537],[1.6441,52.5572],[1.64275,52.562],[1.64485,52.56435],[1.64645,52.5679],[1.6489,52.56875],[1.64695,52.57125],[1.6496,52.57335],[1.65045,52.57595],[1.6554,52.5762],[1.65485,52.58625],[1.65685,52.5869],[1.65625,52.58885],[1.65945,52.5895],[1.66525,52.58865],[1.66795,52.589],[1.67725,52.58915],[1.67765,52.58795],[1.68265,52.5884],[1.69565,52.5904],[1.6971,52.59245],[1.69735,52.5978],[1.70535,52.6001],[1.7127,52.59975],[1.71235,52.6078],[1.71495,52.61125],[1.7186,52.60955],[1.72325,52.61225],[1.72385,52.614],[1.72185,52.61615],[1.7226,52.62],[1.72595,52.62135],[1.72755,52.62445],[1.7282,52.6335],[1.722,52.6333],[1.71695,52.6348],[1.72005,52.6361],[1.7164,52.63785],[1.71845,52.6397],[1.7189,52.64245],[1.7151,52.6459],[1.69345,52.64355],[1.693,52.642],[1.68945,52.64025],[1.6889,52.64345],[1.6905,52.64515],[1.6928,52.6451],[1.6948,52.6467],[1.70305,52.6499],[1.7015,52.65165],[1.69535,52.64825],[1.6921,52.648],[1.69105,52.64665],[1.6847,52.64615],[1.68525,52.64385],[1.67845,52.6421],[1.6747,52.6419],[1.67345,52.64395],[1.6601,52.6433],[1.66465,52.64155],[1.67065,52.64165],[1.67665,52.63855],[1.66695,52.63865],[1.65655,52.63955],[1.6452,52.6396],[1.64195,52.6408],[1.6298,52.63975],[1.62035,52.63735],[1.61215,52.63575],[1.60435,52.6357],[1.5954,52.63685],[1.5944,52.6391],[1.5914,52.6407],[1.5886,52.6401],[1.58645,52.6439],[1.5891,52.6446],[1.5894,52.64755],[1.59345,52.6483],[1.59835,52.64735],[1.60135,52.64845],[1.60555,52.649],[1.60885,52.64805],[1.613,52.6482],[1.61475,52.6501],[1.6185,52.6509],[1.6241,52.6532],[1.6277,52.65345],[1.6299,52.65225],[1.6336,52.65255],[1.6373,52.65445],[1.6382,52.65775],[1.6423,52.65905],[1.6462,52.66335],[1.64475,52.66785],[1.6466,52.66965],[1.6495,52.6697],[1.6551,52.6679],[1.65495,52.671],[1.66,52.6725],[1.6647,52.67095],[1.66545,52.67265],[1.65885,52.67365],[1.6569,52.67285],[1.65375,52.67385],[1.65455,52.6764],[1.65285,52.67845],[1.65875,52.6779],[1.663,52.6795],[1.66945,52.6791],[1.66565,52.68445],[1.66585,52.69035],[1.66725,52.69155],[1.67225,52.69295],[1.6779,52.69275],[1.67615,52.6957],[1.6722,52.69575],[1.6705,52.693],[1.66265,52.6932],[1.6601,52.6921],[1.65505,52.69245],[1.6565,52.6948],[1.6473,52.694],[1.6417,52.6952],[1.63595,52.6952],[1.63625,52.69365],[1.64135,52.69145],[1.63965,52.6856],[1.64505,52.68335],[1.6437,52.6819],[1.6401,52.6807],[1.63575,52.68355],[1.63315,52.68255],[1.63345,52.67975],[1.63745,52.67875],[1.63675,52.67625],[1.63205,52.6768],[1.6287,52.6763],[1.6242,52.67665],[1.62535,52.67485],[1.6297,52.67265],[1.6299,52.6706],[1.63385,52.67045],[1.63445,52.668],[1.6365,52.66825],[1.639,52.66615],[1.6372,52.66455],[1.63095,52.6667],[1.62085,52.66745],[1.6208,52.6638],[1.61375,52.66245],[1.60835,52.66225],[1.606,52.66335],[1.60385,52.6615],[1.5954,52.6613],[1.59225,52.6605],[1.59155,52.6627],[1.58405,52.6609],[1.5887,52.66605],[1.5907,52.6709],[1.58035,52.67415],[1.57655,52.67405],[1.5725,52.6753],[1.5731,52.67765],[1.5698,52.6783],[1.5619,52.6807],[1.5576,52.6813],[1.55805,52.685],[1.5566,52.6851],[1.55595,52.6896],[1.55485,52.69175],[1.5561,52.69345],[1.56305,52.69265],[1.56465,52.6906],[1.5713,52.6911],[1.57065,52.69245],[1.5724,52.69675],[1.57085,52.6973],[1.57385,52.70055],[1.57675,52.70015],[1.5779,52.70165],[1.58215,52.70345],[1.5901,52.70575],[1.5918,52.70355],[1.5949,52.70425],[1.59825,52.7068],[1.59755,52.7081],[1.602,52.7087],[1.605,52.70715],[1.60865,52.7076],[1.6148,52.70685],[1.61745,52.70485],[1.62075,52.70605],[1.6222,52.70375],[1.62915,52.70855],[1.62715,52.7129],[1.63425,52.71425],[1.638,52.71575],[1.64305,52.71255],[1.64975,52.71475],[1.65395,52.7166],[1.6566,52.7192],[1.656,52.72175],[1.665,52.7225],[1.6634,52.72655],[1.6731,52.72525],[1.67125,52.7313],[1.6739,52.7328],[1.671,52.73735],[1.6787,52.73985],[1.67325,52.7436],[1.66725,52.74895],[1.66325,52.7517],[1.65445,52.7584],[1.65275,52.75425],[1.64695,52.75645],[1.6452,52.7549],[1.64745,52.7534],[1.6529,52.7464],[1.6472,52.7457],[1.6453,52.74335],[1.63885,52.74425],[1.6345,52.74565],[1.6393,52.752],[1.63715,52.7525],[1.6376,52.7562],[1.6322,52.75925],[1.62355,52.76815],[1.6194,52.76545],[1.6173,52.76615],[1.6134,52.76575],[1.60745,52.7701],[1.6049,52.77075],[1.59625,52.77165],[1.5924,52.7703],[1.588,52.7698],[1.5875,52.7678],[1.5827,52.7652],[1.5788,52.76715],[1.58025,52.76995],[1.5857,52.77165],[1.5818,52.7747],[1.5809,52.777],[1.58235,52.77875],[1.57865,52.779],[1.5764,52.78025],[1.57255,52.7808],[1.5725,52.7823],[1.5647,52.78355],[1.56315,52.78085],[1.55835,52.7797],[1.56145,52.778],[1.5632,52.7789],[1.5699,52.77495],[1.5736,52.77455],[1.5727,52.772],[1.56705,52.77195],[1.56685,52.77045],[1.5733,52.7706],[1.57495,52.76885],[1.57295,52.7671],[1.5687,52.76735],[1.5682,52.7662],[1.5734,52.7656],[1.5807,52.76335],[1.58205,52.76225],[1.5858,52.7624],[1.5919,52.7599],[1.5949,52.76115],[1.5931,52.76405],[1.59595,52.76545],[1.5994,52.76445],[1.6034,52.7643],[1.59955,52.75985],[1.6024,52.7587],[1.60515,52.7591],[1.6084,52.7583],[1.61105,52.7565],[1.6122,52.7535],[1.6077,52.7524],[1.60345,52.75285],[1.5985,52.75225],[1.58955,52.7553],[1.5793,52.754],[1.5865,52.752],[1.5864,52.75075],[1.59425,52.74765],[1.59895,52.74775],[1.602,52.7462],[1.60255,52.74485],[1.60715,52.7428],[1.60505,52.73955],[1.5882,52.74415],[1.58635,52.7413],[1.58155,52.7425],[1.57575,52.74285],[1.57565,52.7465],[1.5715,52.7484],[1.56795,52.7474],[1.56005,52.744],[1.55765,52.74195],[1.55315,52.7415],[1.5537,52.7345],[1.56235,52.73445],[1.5712,52.73095],[1.57495,52.7301],[1.59315,52.7279],[1.5923,52.7252],[1.5957,52.72355],[1.5958,52.72195],[1.5932,52.71955],[1.59505,52.7171],[1.5908,52.7156],[1.5887,52.716],[1.57975,52.713],[1.57505,52.71225],[1.56665,52.71195],[1.56425,52.71135],[1.5657,52.70825],[1.5618,52.7068],[1.5594,52.70885],[1.55665,52.70935],[1.5519,52.70695],[1.54695,52.7057],[1.5438,52.7056],[1.5388,52.70705],[1.5387,52.7095],[1.5353,52.71],[1.534,52.7054],[1.5359,52.70185],[1.53145,52.7014],[1.52215,52.7022],[1.5149,52.70245],[1.51595,52.70585],[1.51795,52.70775],[1.51915,52.71145],[1.51755,52.7138],[1.5146,52.7132],[1.51105,52.7144],[1.51385,52.72055],[1.5168,52.72335],[1.5235,52.7245],[1.5248,52.72695],[1.5236,52.72985],[1.5261,52.7326],[1.524,52.73705],[1.5187,52.73925],[1.5134,52.7393],[1.51175,52.7402],[1.5054,52.73855],[1.5082,52.74465],[1.50845,52.74845],[1.51275,52.74865],[1.5166,52.74795],[1.5188,52.74905],[1.51455,52.75185],[1.5152,52.7533],[1.5185,52.75525],[1.52135,52.7532],[1.5243,52.75275],[1.5258,52.75515],[1.5324,52.7548],[1.53045,52.75845],[1.528,52.76135],[1.5218,52.75985],[1.51435,52.76075],[1.51615,52.7632],[1.52325,52.76475],[1.51595,52.7691],[1.51405,52.7664],[1.50865,52.76725],[1.51025,52.7649],[1.5086,52.76105],[1.50195,52.76185],[1.5031,52.76345],[1.4991,52.764],[1.49745,52.76905],[1.49255,52.76985],[1.49365,52.77195],[1.49735,52.77205],[1.49395,52.77455],[1.4898,52.77395],[1.4857,52.7725],[1.4847,52.77615],[1.4894,52.7785],[1.4903,52.78515],[1.48435,52.789],[1.4803,52.79095],[1.4762,52.7916],[1.4733,52.7942],[1.47405,52.7991],[1.4783,52.80075],[1.4788,52.8027],[1.47585,52.803],[1.4732,52.8059],[1.4733,52.8078],[1.47585,52.808],[1.4768,52.8107],[1.46855,52.81085],[1.4683,52.8071],[1.47005,52.80445],[1.46665,52.8029],[1.46795,52.8006],[1.46505,52.7982],[1.4688,52.79515],[1.47285,52.79105],[1.4651,52.78995],[1.462,52.78985],[1.45705,52.79085],[1.45195,52.79325],[1.4498,52.789],[1.45135,52.7876],[1.45605,52.7872],[1.46,52.78475],[1.46575,52.78625],[1.46765,52.7882],[1.4703,52.789],[1.47535,52.78195],[1.47875,52.7813],[1.4774,52.7793],[1.47265,52.77885],[1.4666,52.77485],[1.4621,52.77475],[1.4591,52.77535],[1.45635,52.7775],[1.4554,52.77425],[1.45275,52.77075],[1.4549,52.76785],[1.4615,52.7676],[1.465,52.76815],[1.46965,52.76725],[1.4727,52.76485],[1.47675,52.7641],[1.48475,52.76555],[1.48775,52.7618],[1.489,52.76185],[1.49055,52.7577],[1.4933,52.7554],[1.4889,52.754],[1.48885,52.7528],[1.49375,52.75265],[1.49065,52.75015],[1.4905,52.7484],[1.4925,52.74645],[1.4909,52.74425],[1.49115,52.7421],[1.4866,52.7396],[1.48245,52.74285],[1.48005,52.7431],[1.4764,52.73935],[1.47245,52.73785],[1.46715,52.7374],[1.46655,52.7359],[1.47315,52.7354],[1.47475,52.7339],[1.4825,52.73505],[1.4877,52.73635],[1.4912,52.7315],[1.49605,52.7294],[1.49395,52.72835],[1.49405,52.72625],[1.4914,52.7224],[1.49,52.7217],[1.4844,52.72695],[1.48095,52.7258],[1.48325,52.72095],[1.49,52.71725],[1.48975,52.71375],[1.49165,52.71115],[1.4869,52.7108],[1.4839,52.70775],[1.4846,52.70235],[1.4912,52.69955],[1.4903,52.69645],[1.48355,52.69595],[1.47745,52.69805],[1.4723,52.697],[1.4646,52.70235],[1.46205,52.70585],[1.4632,52.70785],[1.46075,52.7084],[1.4559,52.70815],[1.45725,52.7106],[1.4606,52.71065],[1.4655,52.71245],[1.46415,52.71845],[1.4593,52.71655],[1.45125,52.719],[1.44825,52.71835],[1.44525,52.7131],[1.44495,52.7081],[1.43785,52.7084],[1.4363,52.70715],[1.4265,52.71035],[1.42495,52.71315],[1.41675,52.70935],[1.4096,52.7121],[1.40875,52.7133],[1.4045,52.7157],[1.40085,52.7165],[1.3911,52.71495],[1.3884,52.71105],[1.38565,52.71145],[1.38845,52.71455],[1.3891,52.71675],[1.3862,52.71895],[1.37955,52.72065],[1.37785,52.7218],[1.3752,52.72595],[1.3781,52.7271],[1.37305,52.72925],[1.3716,52.728],[1.36425,52.7279],[1.3618,52.72685],[1.35775,52.7269],[1.35715,52.72815],[1.35315,52.7273],[1.3543,52.725],[1.35855,52.7215],[1.37205,52.72145],[1.37375,52.72205],[1.3777,52.7174],[1.3813,52.7173],[1.38105,52.71425],[1.37875,52.71255],[1.37535,52.71185],[1.3753,52.7099],[1.37165,52.71055],[1.36855,52.70995],[1.36775,52.70735],[1.3636,52.70655],[1.36295,52.7031],[1.35865,52.70155],[1.3543,52.70145],[1.35805,52.6988],[1.36025,52.69515],[1.3614,52.69905],[1.36295,52.70035],[1.3689,52.70075],[1.38405,52.70035],[1.38575,52.69885],[1.39415,52.7001],[1.3979,52.7033],[1.39825,52.706],[1.4003,52.71085],[1.4051,52.71085],[1.40775,52.70665],[1.4165,52.7036],[1.4162,52.7009],[1.41405,52.69805],[1.40815,52.6971],[1.4047,52.6942],[1.4071,52.69275],[1.4146,52.6929],[1.41715,52.6913],[1.42295,52.6892],[1.4274,52.68905],[1.4313,52.68735],[1.432,52.68535],[1.43455,52.68515],[1.4365,52.6897],[1.4408,52.6917],[1.441,52.69335],[1.44715,52.6968],[1.44985,52.69555],[1.4495,52.6934],[1.4597,52.69175],[1.46255,52.68665],[1.4593,52.68675],[1.45545,52.68565],[1.4545,52.6831],[1.4621,52.68355],[1.4679,52.6859],[1.47385,52.68455],[1.4745,52.68355],[1.48125,52.68275],[1.4848,52.68105],[1.48355,52.67925],[1.48845,52.6774],[1.50105,52.67705],[1.5035,52.6761],[1.50285,52.67375],[1.49085,52.67305],[1.48665,52.67035],[1.48175,52.6696],[1.47825,52.6675],[1.47315,52.66635],[1.4761,52.6636],[1.478,52.66535],[1.48375,52.66605],[1.48745,52.6673],[1.4886,52.66925],[1.4933,52.6707],[1.49495,52.66995],[1.4977,52.6664],[1.5008,52.66745],[1.4987,52.6699],[1.50275,52.67],[1.5072,52.6713],[1.5084,52.6737],[1.5177,52.6725],[1.5196,52.67085],[1.51815,52.6694],[1.5201,52.66695],[1.52715,52.66385],[1.53415,52.6632],[1.5458,52.6633],[1.5502,52.66015],[1.55265,52.65615],[1.5527,52.6528],[1.55005,52.6527],[1.54355,52.6482],[1.54625,52.6437],[1.5591,52.6419],[1.5596,52.6404],[1.5551,52.6373],[1.5536,52.63775],[1.5476,52.63425],[1.55005,52.63375],[1.5544,52.6342],[1.5583,52.6317],[1.5577,52.6305],[1.55045,52.6299],[1.55055,52.6279],[1.54835,52.6262],[1.5493,52.62395],[1.54875,52.6164],[1.54275,52.6154],[1.54665,52.6141],[1.54655,52.6119],[1.55,52.613],[1.55265,52.6126],[1.5558,52.61],[1.55745,52.61205],[1.5638,52.6137],[1.56635,52.613],[1.5694,52.6135],[1.56955,52.60905],[1.57875,52.609],[1.57935,52.6062],[1.57435,52.6048],[1.5756,52.59815],[1.5773,52.59275],[1.5787,52.5913],[1.5746,52.58905],[1.57475,52.58615],[1.581,52.5821],[1.5847,52.58135],[1.58295,52.57815],[1.5842,52.57445],[1.5863,52.57065],[1.5858,52.56945],[1.58065,52.5672],[1.57605,52.567],[1.5702,52.5636],[1.5771,52.5638],[1.58065,52.56065],[1.58065,52.55775],[1.57905,52.5576],[1.57215,52.5599],[1.5627,52.55955],[1.56135,52.56145],[1.55705,52.5649],[1.5581,52.56615],[1.55545,52.56855],[1.55515,52.57135],[1.54575,52.57275],[1.54525,52.57375],[1.54025,52.5774],[1.53075,52.57955],[1.5276,52.5836],[1.5215,52.5794],[1.51545,52.58055],[1.51485,52.57825],[1.50805,52.5805],[1.51105,52.58325],[1.51085,52.58615],[1.5053,52.58545],[1.50245,52.58725],[1.5017,52.59115],[1.5027,52.59295],[1.49835,52.59455],[1.4947,52.5952],[1.492,52.5965],[1.49265,52.59765],[1.48705,52.5995],[1.48125,52.59955],[1.47845,52.6012],[1.47975,52.6047],[1.4821,52.60885],[1.47615,52.61015],[1.47275,52.60645],[1.4685,52.60815],[1.46665,52.60485],[1.46055,52.6058],[1.4619,52.6072],[1.4613,52.60915],[1.45605,52.6086],[1.45335,52.6104],[1.45355,52.6131],[1.45115,52.6161],[1.44815,52.617],[1.4435,52.61715],[1.4349,52.6212],[1.4233,52.6244],[1.4196,52.6234],[1.4113,52.6226],[1.4113,52.62165],[1.4049,52.61885],[1.3955,52.6191],[1.39525,52.61775],[1.38905,52.61885],[1.38475,52.6186],[1.3849,52.62025],[1.37995,52.61995],[1.37875,52.62255],[1.38015,52.62395],[1.3716,52.62525],[1.37005,52.6263],[1.36225,52.62735],[1.356,52.6267],[1.349,52.62555],[1.34635,52.62625],[1.3427,52.626],[1.3292,52.627],[1.32535,52.6266],[1.321,52.6227],[1.3209,52.62085],[1.31445,52.61995],[1.3087,52.6206],[1.3059,52.62165],[1.3045,52.62275],[1.3033,52.62545],[1.3055,52.6274],[1.30775,52.6303],[1.3087,52.6343],[1.30765,52.6306],[1.3049,52.62715],[1.3029,52.62615],[1.30425,52.62265],[1.30615,52.6212],[1.3086,52.62035],[1.312,52.6198],[1.3169,52.61995],[1.3214,52.6206],[1.32125,52.6178],[1.3189,52.6141],[1.3209,52.6135],[1.3233,52.6147],[1.33255,52.61555],[1.34335,52.61835],[1.3436,52.61665],[1.3483,52.6172],[1.351,52.6182],[1.3599,52.62035],[1.365,52.6227],[1.3677,52.62125],[1.3712,52.6124],[1.373,52.6109],[1.3732,52.60715],[1.3785,52.6065],[1.3794,52.6048],[1.38525,52.60385],[1.38765,52.601],[1.39335,52.604],[1.4014,52.6062],[1.4066,52.6094],[1.406,52.61005],[1.4116,52.61345],[1.4132,52.61525],[1.41875,52.61555],[1.4214,52.6138],[1.42565,52.6128],[1.4253,52.61075],[1.42725,52.60815],[1.43075,52.6083],[1.43295,52.60245],[1.43515,52.60005],[1.4311,52.5991],[1.4342,52.59485],[1.43695,52.5923],[1.43455,52.59165],[1.43385,52.58975],[1.4379,52.5875],[1.4387,52.5817],[1.44275,52.58155],[1.4508,52.57985],[1.45565,52.5781],[1.45805,52.5758],[1.4611,52.5753],[1.46465,52.5769],[1.46585,52.5785],[1.47445,52.5792],[1.4763,52.5787],[1.4794,52.57485],[1.48305,52.57175],[1.4882,52.56955],[1.4916,52.56505],[1.4939,52.5597],[1.5017,52.5533],[1.5072,52.55415],[1.51365,52.5544],[1.5152,52.55385],[1.5205,52.55],[1.52005,52.5478],[1.51395,52.5475],[1.5092,52.5467],[1.5075,52.5448],[1.5029,52.54425],[1.4958,52.5403],[1.4927,52.5415],[1.48765,52.54085],[1.4814,52.53865],[1.4806,52.5373],[1.48225,52.5354],[1.489,52.53505],[1.4907,52.53635],[1.49405,52.53395],[1.49975,52.5341],[1.5022,52.5375],[1.50815,52.5375],[1.5095,52.5354],[1.514,52.53215],[1.51645,52.5334],[1.51665,52.5356],[1.5259,52.535],[1.5292,52.53545],[1.5265,52.53815],[1.52765,52.54115],[1.5317,52.5421],[1.5334,52.5463],[1.5358,52.54875],[1.53925,52.5477],[1.54245,52.5458],[1.55185,52.5413],[1.55905,52.5398],[1.5644,52.5366],[1.56255,52.5345],[1.5583,52.53315],[1.5587,52.5312],[1.56365,52.53145],[1.568,52.5346],[1.5715,52.53565],[1.57365,52.53725],[1.57935,52.53655],[1.5863,52.5377],[1.59025,52.53515],[1.5888,52.53225],[1.5902,52.5241],[1.5939,52.5217],[1.59615,52.51915],[1.6,52.5185],[1.6039,52.5162],[1.60975,52.5117],[1.61345,52.5099],[1.61225,52.5079],[1.61415,52.50635],[1.6166,52.50705],[1.61865,52.50565],[1.61665,52.5039],[1.61885,52.5029],[1.62395,52.5054],[1.6258,52.50375],[1.62605,52.50025],[1.6275,52.4986],[1.6323,52.4966],[1.63705,52.49585],[1.63975,52.494],[1.6372,52.4918],[1.6466,52.48915],[1.65,52.4885],[1.6557,52.48575],[1.66025,52.4842],[1.66815,52.48245],[1.66275,52.4791],[1.6569,52.47855],[1.6561,52.4761],[1.6526,52.4755],[1.64995,52.4741],[1.64715,52.4774],[1.64545,52.4779],[1.6341,52.4737],[1.6277,52.47355],[1.62545,52.4728],[1.619,52.4735],[1.61625,52.47435],[1.60905,52.4795],[1.60685,52.48265],[1.5993,52.48075],[1.59505,52.4814],[1.5928,52.48055],[1.5864,52.48165],[1.5797,52.4804],[1.5741,52.47775],[1.57075,52.4768],[1.57035,52.47855],[1.56655,52.47735],[1.5544,52.47625],[1.55415,52.47465],[1.55075,52.4736],[1.55115,52.46935],[1.54595,52.46965],[1.5421,52.4686],[1.53285,52.46895],[1.531,52.47215],[1.5234,52.47245],[1.51665,52.472],[1.51355,52.4707],[1.4882,52.47415],[1.4843,52.4744],[1.4772,52.4741],[1.4681,52.4717],[1.4608,52.46785],[1.45085,52.465],[1.4419,52.46325],[1.4389,52.4641],[1.4348,52.46635],[1.4319,52.46955],[1.4243,52.4719],[1.42085,52.472],[1.4131,52.4687],[1.40965,52.4654],[1.40805,52.4568],[1.41085,52.45305],[1.41505,52.45305],[1.41765,52.4549],[1.4221,52.45495],[1.4332,52.4599],[1.43535,52.45955],[1.44035,52.4552],[1.4492,52.4532],[1.4549,52.45385],[1.46005,52.4558],[1.4649,52.4559],[1.47575,52.4573],[1.4877,52.4577],[1.4935,52.45625],[1.5009,52.4566],[1.51435,52.4542],[1.51885,52.4517],[1.52185,52.45095],[1.5236,52.453],[1.5304,52.45175],[1.5332,52.45075],[1.5369,52.45155],[1.5412,52.4533],[1.55,52.4541],[1.55395,52.45375],[1.5598,52.45615],[1.5637,52.46155],[1.56395,52.46445],[1.57015,52.4632],[1.5747,52.4641],[1.5873,52.4613],[1.59675,52.4586],[1.5998,52.46005],[1.60275,52.4596],[1.60405,52.46135],[1.62655,52.4575],[1.6432,52.455],[1.6502,52.4551],[1.6542,52.4559],[1.66635,52.4596],[1.69375,52.4663],[1.70795,52.46985],[1.7112,52.4766],[1.705,52.4778],[1.7014,52.47515],[1.69975,52.47645],[1.6953,52.47725],[1.694,52.4811],[1.6957,52.48195],[1.6953,52.48405],[1.6974,52.4876],[1.69455,52.49175],[1.6944,52.49535],[1.6971,52.49695],[1.7026,52.49765],[1.7025,52.4996],[1.70395,52.50335],[1.7012,52.50565],[1.69615,52.5051],[1.68945,52.5055],[1.68245,52.5046],[1.673,52.5067],[1.66865,52.50715]],[[1.72595,52.62265],[1.72195,52.62005],[1.7214,52.6167],[1.7232,52.6144],[1.72295,52.61235],[1.72065,52.61145],[1.71655,52.61315],[1.71675,52.6164],[1.711,52.61915],[1.70555,52.6199],[1.6996,52.6201],[1.70485,52.62325],[1.7087,52.6231],[1.7246,52.62625],[1.7259,52.62525],[1.72595,52.62265]]]},"properties":{"kind":"np","name":"THE BROADS"}},{"type":"Feature","geometry":{"type":"Polygon","coordinates":[[[-1.17225,50.9372],[-1.1731,50.9351],[-1.1702,50.9341],[-1.1707,50.9325],[-1.16775,50.9301],[-1.1656,50.9311],[-1.16325,50.93],[-1.1626,50.9268],[-1.17875,50.91895],[-1.18445,50.91175],[-1.18225,50.9094],[-1.1863,50.90915],[-1.18605,50.9073],[-1.18185,50.90665],[-1.18395,50.89975],[-1.17705,50.89855],[-1.1728,50.8971],[-1.16115,50.89505],[-1.15565,50.9015],[-1.1554,50.9044],[-1.1529,50.90485],[-1.1458,50.9019],[-1.14145,50.9006],[-1.13875,50.9027],[-1.13485,50.904],[-1.13575,50.9067],[-1.13975,50.90765],[-1.14085,50.91935],[-1.14545,50.92115],[-1.1537,50.91975],[-1.15205,50.923],[-1.14825,50.92365],[-1.14645,50.92265],[-1.14195,50.92595],[-1.1381,50.93015],[-1.13825,50.93185],[-1.13475,50.93445],[-1.1281,50.929],[-1.1228,50.9227],[-1.122,50.92],[-1.11845,50.91985],[-1.11735,50.92385],[-1.1124,50.92535],[-1.1078,50.92275],[-1.10735,50.92125],[-1.10315,50.91945],[-1.0981,50.91925],[-1.09815,50.91735],[-1.0925,50.9158],[-1.08725,50.9218],[-1.08245,50.9175],[-1.07785,50.91425],[-1.0762,50.9142],[-1.0748,50.9168],[-1.06925,50.9163],[-1.06705,50.91515],[-1.06165,50.9148],[-1.05445,50.91315],[-1.0516,50.91885],[-1.0448,50.9222],[-1.04455,50.92355],[-1.0329,50.92445],[-1.03495,50.9212],[-1.0368,50.91475],[-1.0315,50.9142],[-1.0295,50.91525],[-1.02195,50.91715],[-1.01925,50.91955],[-1.01645,50.92475],[-1.014,50.925],[-1.01085,50.92915],[-1.0127,50.9326],[-1.01335,50.9384],[-1.0123,50.9409],[-1.01495,50.94365],[-1.01085,50.9447],[-1.01005,50.9491],[-1.006,50.9489],[-1.00625,50.9467],[-1.0021,50.94575],[-0.9908,50.94425],[-0.98385,50.9447],[-0.991,50.9375],[-0.99375,50.93435],[-0.9966,50.927],[-0.9976,50.9212],[-0.9962,50.91545],[-0.99295,50.91415],[-0.98955,50.91615],[-0.98375,50.9124],[-0.98665,50.90925],[-0.98915,50.90525],[-0.9894,50.903],[-0.9769,50.89235],[-0.97125,50.8969],[-0.9684,50.89615],[-0.9656,50.8965],[-0.96375,50.89895],[-0.9616,50.8968],[-0.9596,50.897],[-0.9565,50.89495],[-0.9534,50.8947],[-0.95565,50.89115],[-0.9576,50.8906],[-0.9511,50.8861],[-0.9478,50.88475],[-0.9453,50.88025],[-0.9412,50.8777],[-0.9394,50.87545],[-0.93885,50.8729],[-0.932,50.87415],[-0.92045,50.87495],[-0.92205,50.8729],[-0.918,50.872],[-0.91985,50.86925],[-0.9231,50.8663],[-0.91795,50.86405],[-0.9082,50.86775],[-0.90095,50.87005],[-0.8957,50.8692],[-0.89075,50.8702],[-0.89225,50.8729],[-0.8893,50.87535],[-0.8879,50.87745],[-0.87255,50.8735],[-0.8667,50.8727],[-0.86495,50.869],[-0.8646,50.8666],[-0.85925,50.86745],[-0.85905,50.86595],[-0.85545,50.86155],[-0.8585,50.85955],[-0.8592,50.8581],[-0.8572,50.8551],[-0.85155,50.8541],[-0.8495,50.85575],[-0.84485,50.85515],[-0.84435,50.8566],[-0.83895,50.85665],[-0.8324,50.8562],[-0.83085,50.858],[-0.82755,50.86585],[-0.8229,50.86995],[-0.8208,50.87015],[-0.81625,50.86845],[-0.80475,50.87005],[-0.80335,50.8698],[-0.79455,50.8713],[-0.7942,50.86965],[-0.79635,50.868],[-0.7995,50.86775],[-0.7974,50.8651],[-0.785,50.8664],[-0.7852,50.86455],[-0.7785,50.8646],[-0.78035,50.8665],[-0.77835,50.8682],[-0.7727,50.86525],[-0.7668,50.8648],[-0.72255,50.8602],[-0.71285,50.86455],[-0.7131,50.86825],[-0.7051,50.8684],[-0.6997,50.87045],[-0.69135,50.8717],[-0.68495,50.87075],[-0.68605,50.86765],[-0.6732,50.8671],[-0.67745,50.8654],[-0.67735,50.8628],[-0.6785,50.86065],[-0.6772,50.8571],[-0.6717,50.8575],[-0.66615,50.85715],[-0.66415,50.8634],[-0.6626,50.86515],[-0.6524,50.8577],[-0.6463,50.8567],[-0.64075,50.85715],[-0.63715,50.8564],[-0.62355,50.8574],[-0.62205,50.85305],[-0.6171,50.85325],[-0.6147,50.8511],[-0.6116,50.85015],[-0.60435,50.8523],[-0.60275,50.85095],[-0.6027,50.8475],[-0.60115,50.8447],[-0.5983,50.84345],[-0.59585,50.84215],[-0.5909,50.8422],[-0.58815,50.84665],[-0.58145,50.8453],[-0.57925,50.8464],[-0.57675,50.8494],[-0.57385,50.849],[-0.571,50.85085],[-0.573,50.8522],[-0.5731,50.8546],[-0.5671,50.85445],[-0.5621,50.8527],[-0.5605,50.85355],[-0.5601,50.8557],[-0.554,50.8552],[-0.5521,50.853],[-0.54485,50.84755],[-0.5417,50.84695],[-0.5402,50.844],[-0.53325,50.84245],[-0.52625,50.84225],[-0.51845,50.8431],[-0.5142,50.8429],[-0.5015,50.8413],[-0.4964,50.8412],[-0.49145,50.84165],[-0.4825,50.84035],[-0.4752,50.8404],[-0.47035,50.8408],[-0.4711,50.8334],[-0.4709,50.83],[-0.472,50.82735],[-0.46605,50.82795],[-0.4583,50.82745],[-0.4553,50.82665],[-0.44505,50.826],[-0.4433,50.82155],[-0.4344,50.82275],[-0.4342,50.82695],[-0.4361,50.83205],[-0.4377,50.83405],[-0.43005,50.8357],[-0.42895,50.83765],[-0.43065,50.84015],[-0.4255,50.84035],[-0.4197,50.84135],[-0.4127,50.84095],[-0.41315,50.84875],[-0.4119,50.84995],[-0.406,50.85165],[-0.4055,50.8496],[-0.4026,50.8485],[-0.4016,50.8458],[-0.3994,50.84335],[-0.39865,50.84435],[-0.4027,50.8497],[-0.405,50.85395],[-0.40235,50.85675],[-0.3978,50.85795],[-0.3968,50.8563],[-0.3922,50.85315],[-0.39135,50.85195],[-0.3913,50.8483],[-0.3888,50.8382],[-0.38635,50.8376],[-0.3813,50.83845],[-0.3772,50.83805],[-0.3756,50.8407],[-0.3701,50.84075],[-0.37115,50.83795],[-0.36365,50.83815],[-0.3632,50.83475],[-0.35625,50.8362],[-0.34285,50.83775],[-0.3363,50.83765],[-0.3359,50.84015],[-0.3403,50.84075],[-0.34045,50.84365],[-0.33015,50.84305],[-0.3307,50.8413],[-0.32755,50.84095],[-0.32715,50.84285],[-0.31605,50.8429],[-0.31555,50.84],[-0.3126,50.83865],[-0.30125,50.8403],[-0.297,50.84135],[-0.28835,50.8443],[-0.279,50.84595],[-0.27405,50.84625],[-0.26385,50.846],[-0.25505,50.84505],[-0.25145,50.84525],[-0.24835,50.84645],[-0.2423,50.84555],[-0.23335,50.84685],[-0.2294,50.84575],[-0.2307,50.8484],[-0.23435,50.8511],[-0.2373,50.8564],[-0.23375,50.8584],[-0.2262,50.85795],[-0.2239,50.8565],[-0.2233,50.85475],[-0.2195,50.85165],[-0.2162,50.8505],[-0.214,50.851],[-0.2138,50.85315],[-0.21045,50.85355],[-0.202,50.85575],[-0.19645,50.85625],[-0.19185,50.85545],[-0.1864,50.8557],[-0.1796,50.8574],[-0.17705,50.85935],[-0.17295,50.8592],[-0.16945,50.8612],[-0.16525,50.86235],[-0.16115,50.8622],[-0.1601,50.8632],[-0.1526,50.8633],[-0.15275,50.8652],[-0.15555,50.86735],[-0.15775,50.8671],[-0.1614,50.8719],[-0.1581,50.8722],[-0.15675,50.8698],[-0.15505,50.86905],[-0.15095,50.86945],[-0.1446,50.86915],[-0.1361,50.8698],[-0.1287,50.8712],[-0.1208,50.8699],[-0.1225,50.86525],[-0.12295,50.85955],[-0.13015,50.85785],[-0.13305,50.8554],[-0.1286,50.85435],[-0.13185,50.8507],[-0.13015,50.85],[-0.12495,50.8503],[-0.12525,50.8488],[-0.1186,50.8485],[-0.1127,50.8508],[-0.1101,50.85265],[-0.10825,50.8559],[-0.11185,50.85985],[-0.1165,50.8618],[-0.11675,50.8654],[-0.1157,50.86725],[-0.11055,50.86725],[-0.10775,50.8658],[-0.1047,50.86275],[-0.1028,50.8575],[-0.0976,50.8586],[-0.0963,50.8603],[-0.09045,50.8623],[-0.0903,50.86365],[-0.09195,50.87015],[-0.09085,50.873],[-0.0887,50.8738],[-0.08365,50.8681],[-0.0809,50.8694],[-0.07805,50.86555],[-0.07965,50.8622],[-0.08525,50.85935],[-0.08385,50.85715],[-0.08835,50.85585],[-0.09155,50.85565],[-0.09195,50.8573],[-0.0949,50.85685],[-0.09805,50.85415],[-0.10065,50.8533],[-0.102,50.84925],[-0.1064,50.84675],[-0.1088,50.84275],[-0.10355,50.8433],[-0.10015,50.84275],[-0.1,50.84525],[-0.09745,50.84545],[-0.08795,50.84405],[-0.08985,50.84155],[-0.0891,50.84025],[-0.0919,50.8391],[-0.09545,50.8407],[-0.1004,50.83885],[-0.1027,50.84025],[-0.10385,50.83585],[-0.0997,50.83515],[-0.09635,50.8356],[-0.09465,50.8374],[-0.0926,50.8356],[-0.0838,50.83775],[-0.0822,50.83775],[-0.075,50.8403],[-0.0681,50.84025],[-0.0606,50.83775],[-0.05865,50.83575],[-0.0584,50.83255],[-0.059,50.8281],[-0.06045,50.82775],[-0.0633,50.8245],[-0.0666,50.82335],[-0.0675,50.8267],[-0.07105,50.827],[-0.077,50.83615],[-0.07735,50.83365],[-0.08335,50.83185],[-0.0855,50.83185],[-0.08695,50.83435],[-0.0917,50.83345],[-0.0942,50.83445],[-0.10025,50.8344],[-0.09945,50.8323],[-0.0953,50.8328],[-0.09215,50.83145],[-0.09275,50.829],[-0.09595,50.82655],[-0.09445,50.82535],[-0.0946,50.82245],[-0.09645,50.81895],[-0.0982,50.8178],[-0.09715,50.8161],[-0.094,50.81675],[-0.0877,50.8153],[-0.0891,50.8112],[-0.09245,50.812],[-0.0933,50.81055],[-0.087,50.8095],[-0.07565,50.8058],[-0.0634,50.8023],[-0.0602,50.8074],[-0.06255,50.8112],[-0.0653,50.8124],[-0.0716,50.81195],[-0.075,50.81535],[-0.0803,50.8182],[-0.07635,50.8198],[-0.0747,50.81915],[-0.07205,50.82105],[-0.0709,50.82335],[-0.0678,50.82205],[-0.06465,50.8186],[-0.0642,50.81645],[-0.0618,50.81215],[-0.05975,50.8097],[-0.05645,50.811],[-0.0548,50.8098],[-0.0515,50.812],[-0.04825,50.81095],[-0.0538,50.8073],[-0.053,50.8051],[-0.0487,50.8053],[-0.04745,50.8085],[-0.0453,50.8115],[-0.0434,50.811],[-0.03775,50.81185],[-0.0338,50.8138],[-0.0294,50.81245],[-0.02445,50.814],[-0.0245,50.81175],[-0.0301,50.80995],[-0.0346,50.807],[-0.0332,50.8046],[-0.02875,50.8054],[-0.0255,50.80725],[-0.02255,50.80785],[-0.0202,50.80725],[-0.0224,50.804],[-0.0257,50.801],[-0.02945,50.79905],[-0.031,50.79725],[-0.02715,50.7961],[-0.02285,50.7962],[-0.02175,50.80015],[-0.0137,50.7987],[-0.0127,50.8012],[-0.00995,50.8024],[-0.0067,50.8067],[-0.00325,50.8063],[0.00235,50.8112],[0.00905,50.81145],[0.01395,50.81075],[0.0141,50.8097],[0.00945,50.8023],[0.01325,50.80165],[0.0131,50.79985],[0.02085,50.79755],[0.01885,50.7941],[0.02785,50.79075],[0.03305,50.7896],[0.0325,50.79165],[0.03505,50.794],[0.04215,50.7985],[0.0366,50.8008],[0.03995,50.80245],[0.0456,50.80245],[0.0477,50.80345],[0.0519,50.8036],[0.0548,50.80755],[0.05245,50.811],[0.04755,50.81395],[0.0511,50.8161],[0.05335,50.81585],[0.05745,50.8128],[0.0567,50.80885],[0.05895,50.8078],[0.05855,50.80565],[0.0609,50.80545],[0.06805,50.8079],[0.0702,50.8058],[0.0678,50.8041],[0.0702,50.8014],[0.06495,50.79825],[0.06125,50.79815],[0.05925,50.79725],[0.06355,50.7891],[0.06345,50.7868],[0.0696,50.78535],[0.06675,50.78225],[0.0762,50.77935],[0.0772,50.78045],[0.07635,50.7839],[0.07165,50.789],[0.0756,50.7904],[0.0778,50.7901],[0.08065,50.78705],[0.08315,50.78615],[0.08035,50.78365],[0.082,50.78275],[0.0876,50.783],[0.0897,50.78155],[0.0978,50.7858],[0.10435,50.79075],[0.1102,50.7865],[0.11385,50.7868],[0.1153,50.7859],[0.11935,50.78605],[0.1235,50.7849],[0.12545,50.78285],[0.1295,50.78485],[0.13085,50.7835],[0.13145,50.77695],[0.13295,50.77415],[0.1315,50.7733],[0.1319,50.7692],[0.1314,50.7663],[0.1291,50.76575],[0.12285,50.76615],[0.12275,50.76825],[0.1133,50.7687],[0.1128,50.7671],[0.115,50.7658],[0.10875,50.7636],[0.1125,50.76195],[0.11365,50.7606],[0.11995,50.7578],[0.12525,50.75655],[0.12845,50.75635],[0.13145,50.7558],[0.1356,50.7552],[0.1385,50.7541],[0.13855,50.75425],[0.1405,50.7546],[0.14535,50.75745],[0.1498,50.7568],[0.15425,50.75735],[0.1561,50.7554],[0.1675,50.7521],[0.17065,50.7516],[0.17295,50.74975],[0.1762,50.74985],[0.1785,50.7478],[0.1804,50.74835],[0.1866,50.7474],[0.19705,50.7433],[0.2014,50.73945],[0.20755,50.73705],[0.2152,50.73655],[0.2191,50.73545],[0.2247,50.73565],[0.23195,50.7349],[0.2342,50.73405],[0.23985,50.7344],[0.244,50.734],[0.2473,50.73555],[0.25885,50.7361],[0.26525,50.7421],[0.26655,50.74565],[0.27045,50.74765],[0.2677,50.7486],[0.26825,50.75085],[0.2663,50.7526],[0.26125,50.75185],[0.2593,50.75515],[0.2561,50.7554],[0.2528,50.7575],[0.2625,50.7599],[0.26585,50.7621],[0.26935,50.7629],[0.2689,50.7655],[0.27245,50.7665],[0.2706,50.76835],[0.2574,50.7649],[0.25555,50.76535],[0.2531,50.7705],[0.2493,50.76995],[0.24865,50.7726],[0.25155,50.7768],[0.24765,50.7767],[0.2462,50.7775],[0.2456,50.7813],[0.2491,50.78295],[0.2494,50.7844],[0.25305,50.78795],[0.2504,50.7896],[0.2453,50.7902],[0.24625,50.7927],[0.245,50.79515],[0.24805,50.7953],[0.24765,50.79775],[0.24985,50.7988],[0.24415,50.8053],[0.243,50.804],[0.23705,50.8078],[0.2333,50.80765],[0.23085,50.8111],[0.2353,50.81165],[0.23515,50.8129],[0.23775,50.81645],[0.23675,50.819],[0.228,50.8195],[0.22865,50.8213],[0.22255,50.8214],[0.2168,50.82095],[0.1951,50.82255],[0.18255,50.82435],[0.17705,50.82425],[0.1608,50.8268],[0.1433,50.8336],[0.1409,50.83475],[0.1396,50.8387],[0.1337,50.843],[0.1141,50.84995],[0.1097,50.8518],[0.1051,50.8529],[0.10125,50.85315],[0.07705,50.85395],[0.07445,50.8564],[0.07245,50.8565],[0.0707,50.85925],[0.0743,50.8595],[0.0779,50.8609],[0.0816,50.86395],[0.0886,50.86655],[0.0967,50.8717],[0.09675,50.8743],[0.0892,50.87385],[0.0911,50.87665],[0.0911,50.87865],[0.0873,50.87765],[0.08365,50.87875],[0.08485,50.8806],[0.0775,50.884],[0.0766,50.8893],[0.0756,50.8902],[0.0714,50.88955],[0.0642,50.89055],[0.06155,50.8904],[0.0546,50.8882],[0.049,50.8859],[0.0483,50.887],[0.05155,50.8899],[0.04945,50.8906],[0.0519,50.89265],[0.05365,50.8958],[0.05035,50.89785],[0.0424,50.89925],[0.03535,50.8962],[0.02675,50.89115],[0.0255,50.8882],[0.02075,50.8886],[0.0182,50.8897],[0.01565,50.8895],[0.01055,50.8933],[0.0094,50.89515],[0.00625,50.8933],[0.00515,50.8944],[0.00345,50.8989],[-0.00015,50.8958],[-0.0032,50.89395],[-0.0047,50.89805],[-0.0072,50.9017],[-0.01035,50.90125],[-0.0096,50.9038],[-0.02035,50.9131],[-0.0245,50.91595],[-0.03675,50.92155],[-0.04935,50.9254],[-0.05505,50.92045],[-0.0572,50.921],[-0.0674,50.9214],[-0.0675,50.9226],[-0.0746,50.92255],[-0.07405,50.92655],[-0.081,50.92695],[-0.0848,50.92845],[-0.08715,50.927],[-0.09375,50.92775],[-0.0924,50.92935],[-0.09655,50.9295],[-0.09595,50.9316],[-0.0972,50.93305],[-0.0946,50.93445],[-0.0958,50.93655],[-0.09485,50.9381],[-0.0975,50.9406],[-0.0956,50.94555],[-0.1033,50.94635],[-0.10455,50.94285],[-0.1057,50.94215],[-0.1115,50.9429],[-0.11425,50.94445],[-0.1171,50.9405],[-0.12005,50.9406],[-0.12035,50.9378],[-0.1227,50.9379],[-0.1227,50.9339],[-0.1257,50.9307],[-0.1278,50.9309],[-0.1286,50.9286],[-0.1313,50.92555],[-0.12755,50.9254],[-0.1282,50.92245],[-0.1276,50.91995],[-0.13025,50.91825],[-0.13665,50.91945],[-0.14475,50.91975],[-0.14785,50.92115],[-0.14975,50.9204],[-0.1538,50.9204],[-0.15335,50.9218],[-0.1607,50.9244],[-0.16205,50.92595],[-0.16835,50.92835],[-0.1698,50.93],[-0.17395,50.9291],[-0.1781,50.931],[-0.17835,50.9283],[-0.181,50.9271],[-0.18255,50.9243],[-0.18975,50.92225],[-0.192,50.92],[-0.19925,50.9192],[-0.20465,50.91815],[-0.20945,50.9186],[-0.21505,50.92035],[-0.21505,50.9227],[-0.2178,50.9225],[-0.2182,50.92],[-0.22215,50.9199],[-0.2228,50.92325],[-0.2257,50.92265],[-0.22545,50.91955],[-0.2293,50.9187],[-0.2283,50.9132],[-0.22645,50.9116],[-0.23385,50.91125],[-0.23745,50.9105],[-0.24585,50.9099],[-0.25175,50.91075],[-0.2559,50.91015],[-0.2598,50.9104],[-0.2608,50.9091],[-0.2668,50.9092],[-0.2687,50.9111],[-0.2731,50.90875],[-0.2716,50.90745],[-0.2709,50.904],[-0.2695,50.9027],[-0.2703,50.89835],[-0.27435,50.89355],[-0.27685,50.894],[-0.27755,50.8894],[-0.28445,50.8903],[-0.28695,50.8901],[-0.28965,50.8884],[-0.2901,50.8849],[-0.2937,50.88505],[-0.295,50.88085],[-0.2964,50.87865],[-0.2996,50.8798],[-0.30335,50.8802],[-0.3098,50.8829],[-0.31525,50.8825],[-0.31705,50.8816],[-0.3273,50.88015],[-0.3288,50.8825],[-0.33205,50.88105],[-0.33625,50.88215],[-0.3366,50.8861],[-0.3338,50.88705],[-0.3357,50.8912],[-0.33255,50.8924],[-0.3319,50.89485],[-0.33555,50.89925],[-0.34035,50.90015],[-0.34615,50.9036],[-0.34935,50.90455],[-0.3547,50.9076],[-0.3621,50.9095],[-0.3735,50.9095],[-0.37675,50.9099],[-0.3853,50.909],[-0.39135,50.9096],[-0.39455,50.90895],[-0.3966,50.90675],[-0.4017,50.906],[-0.40455,50.90655],[-0.4063,50.9087],[-0.40855,50.9098],[-0.4061,50.9121],[-0.4085,50.9149],[-0.41425,50.917],[-0.4121,50.91905],[-0.41665,50.92055],[-0.41685,50.91615],[-0.41975,50.917],[-0.42155,50.91105],[-0.43015,50.91295],[-0.4326,50.9129],[-0.44045,50.9147],[-0.44265,50.91255],[-0.44675,50.9114],[-0.44815,50.9133],[-0.4558,50.91395],[-0.4582,50.91195],[-0.46175,50.91245],[-0.464,50.91495],[-0.4675,50.91495],[-0.4685,50.91635],[-0.47175,50.9148],[-0.47715,50.9152],[-0.4764,50.92015],[-0.4817,50.9229],[-0.4828,50.92685],[-0.4779,50.93095],[-0.4752,50.93415],[-0.47315,50.9348],[-0.46715,50.93445],[-0.4671,50.93665],[-0.4645,50.93745],[-0.46365,50.93945],[-0.4658,50.94085],[-0.4663,50.94265],[-0.46915,50.9428],[-0.4727,50.9453],[-0.4825,50.948],[-0.4838,50.9501],[-0.48565,50.9504],[-0.48515,50.9542],[-0.48715,50.95535],[-0.4936,50.956],[-0.4939,50.95445],[-0.49815,50.9558],[-0.50895,50.9565],[-0.5176,50.9557],[-0.52225,50.95615],[-0.52275,50.95765],[-0.52075,50.9619],[-0.5261,50.96455],[-0.528,50.96755],[-0.52625,50.97065],[-0.5245,50.9714],[-0.5189,50.9712],[-0.51895,50.97475],[-0.5168,50.9792],[-0.5114,50.9799],[-0.50515,50.9779],[-0.5011,50.9774],[-0.5004,50.9808],[-0.501,50.9838],[-0.50005,50.98545],[-0.50485,50.98715],[-0.50245,50.9896],[-0.5058,50.99],[-0.5095,50.98865],[-0.51265,50.99005],[-0.5123,50.9925],[-0.51815,50.9932],[-0.51895,50.995],[-0.52655,50.9978],[-0.52655,51.00335],[-0.5259,51.00715],[-0.5242,51.009],[-0.52235,51.01325],[-0.52595,51.01355],[-0.52695,51.01475],[-0.53325,51.0143],[-0.53315,51.01565],[-0.5263,51.01585],[-0.52125,51.02335],[-0.52575,51.0252],[-0.52975,51.024],[-0.53215,51.02405],[-0.5327,51.022],[-0.53655,51.0217],[-0.53955,51.02045],[-0.54125,51.021],[-0.544,51.01955],[-0.5482,51.01915],[-0.55045,51.01805],[-0.5515,51.014],[-0.55545,51.01],[-0.55855,51.00855],[-0.5632,51.00775],[-0.5653,51.0093],[-0.5702,51.01035],[-0.5776,51.0126],[-0.57935,51.01075],[-0.58575,51.01],[-0.58895,51.01085],[-0.5902,51.01225],[-0.58975,51.01535],[-0.58185,51.0211],[-0.58075,51.0245],[-0.58805,51.02725],[-0.59285,51.02745],[-0.59405,51.0291],[-0.59345,51.03295],[-0.5941,51.034],[-0.59435,51.04],[-0.59875,51.04185],[-0.5997,51.04545],[-0.59915,51.04715],[-0.60065,51.05245],[-0.59965,51.0579],[-0.6014,51.06295],[-0.5999,51.0637],[-0.60205,51.06765],[-0.6057,51.07025],[-0.60905,51.0706],[-0.6127,51.06975],[-0.61465,51.0723],[-0.62335,51.0783],[-0.6241,51.0805],[-0.6204,51.0829],[-0.62135,51.0847],[-0.61945,51.08715],[-0.62105,51.0882],[-0.62465,51.088],[-0.6289,51.08895],[-0.63455,51.08625],[-0.64265,51.0844],[-0.6459,51.08435],[-0.648,51.0834],[-0.6544,51.08335],[-0.6572,51.0823],[-0.664,51.0817],[-0.66905,51.07735],[-0.68035,51.076],[-0.6823,51.0753],[-0.6874,51.0755],[-0.69045,51.07385],[-0.69445,51.0729],[-0.69685,51.07145],[-0.7018,51.0759],[-0.70765,51.07875],[-0.71175,51.0775],[-0.7168,51.0775],[-0.7223,51.0794],[-0.72285,51.0778],[-0.73325,51.081],[-0.7319,51.07755],[-0.73965,51.0769],[-0.74085,51.0782],[-0.74075,51.0823],[-0.7423,51.0832],[-0.74895,51.08315],[-0.75235,51.08205],[-0.75265,51.08385],[-0.7551,51.08525],[-0.7621,51.0854],[-0.76735,51.0843],[-0.77095,51.08255],[-0.77335,51.0822],[-0.7777,51.0797],[-0.781,51.07925],[-0.78265,51.07595],[-0.7853,51.07335],[-0.7882,51.0718],[-0.79425,51.0661],[-0.79895,51.0668],[-0.80235,51.0695],[-0.80635,51.0668],[-0.8073,51.0678],[-0.8037,51.07145],[-0.80335,51.07375],[-0.80755,51.07365],[-0.81005,51.07495],[-0.8105,51.07735],[-0.80725,51.07865],[-0.8117,51.07955],[-0.8187,51.07985],[-0.82095,51.0804],[-0.8247,51.0797],[-0.8297,51.0748],[-0.8319,51.07205],[-0.8365,51.06955],[-0.8378,51.0688],[-0.8439,51.0725],[-0.8447,51.07715],[-0.8373,51.0793],[-0.83595,51.0807],[-0.8332,51.0812],[-0.82865,51.08365],[-0.82565,51.08395],[-0.82685,51.08845],[-0.829,51.0916],[-0.8336,51.093],[-0.8378,51.0958],[-0.8436,51.09385],[-0.85195,51.0963],[-0.8542,51.09595],[-0.85485,51.09805],[-0.8701,51.09985],[-0.87475,51.1],[-0.87865,51.09795],[-0.88185,51.0989],[-0.8866,51.0977],[-0.8912,51.0975],[-0.89325,51.09915],[-0.89805,51.10055],[-0.90065,51.1002],[-0.9078,51.10155],[-0.9071,51.10365],[-0.90825,51.10485],[-0.9003,51.1066],[-0.9004,51.10825],[-0.90375,51.1138],[-0.90285,51.1152],[-0.9008,51.122],[-0.90125,51.124],[-0.8979,51.12455],[-0.8998,51.1237],[-0.90015,51.1211],[-0.8959,51.11845],[-0.89345,51.1217],[-0.8911,51.1227],[-0.8891,51.12665],[-0.88665,51.12605],[-0.88485,51.12905],[-0.8888,51.12925],[-0.8876,51.1327],[-0.89265,51.13295],[-0.89315,51.13445],[-0.88975,51.13655],[-0.88215,51.13805],[-0.87725,51.14285],[-0.8706,51.15095],[-0.8658,51.14895],[-0.85825,51.15045],[-0.8555,51.15055],[-0.8473,51.15265],[-0.8446,51.15155],[-0.83785,51.15015],[-0.8331,51.1509],[-0.8309,51.1557],[-0.83125,51.15955],[-0.8271,51.17455],[-0.82775,51.17705],[-0.82665,51.1797],[-0.8289,51.1844],[-0.83215,51.18425],[-0.83575,51.1805],[-0.8399,51.1819],[-0.843,51.1785],[-0.8472,51.17885],[-0.84125,51.18395],[-0.83875,51.18335],[-0.8366,51.1857],[-0.83795,51.18675],[-0.83615,51.18975],[-0.83895,51.19335],[-0.86085,51.18495],[-0.86735,51.1815],[-0.87865,51.1774],[-0.88955,51.1753],[-0.89545,51.17485],[-0.89785,51.1742],[-0.90015,51.16845],[-0.899,51.16435],[-0.90755,51.1648],[-0.91505,51.1633],[-0.9166,51.15845],[-0.9162,51.15205],[-0.92,51.1516],[-0.9192,51.14785],[-0.92125,51.1446],[-0.9289,51.13905],[-0.9311,51.14025],[-0.93425,51.1378],[-0.93575,51.1343],[-0.93935,51.1322],[-0.94225,51.12885],[-0.9448,51.1281],[-0.94105,51.12525],[-0.94065,51.1217],[-0.9435,51.1211],[-0.9423,51.11935],[-0.9361,51.1183],[-0.93515,51.1174],[-0.93,51.1182],[-0.92805,51.1146],[-0.9291,51.11305],[-0.93505,51.111],[-0.9451,51.10805],[-0.94645,51.109],[-0.95105,51.1087],[-0.95265,51.10945],[-0.9568,51.1091],[-0.95985,51.10815],[-0.9678,51.10705],[-0.97315,51.1082],[-0.97755,51.10855],[-0.9811,51.11355],[-0.97645,51.1153],[-0.9746,51.1177],[-0.9767,51.11935],[-0.97335,51.12225],[-0.96875,51.12535],[-0.9673,51.12725],[-0.96535,51.13255],[-0.9703,51.133],[-0.9736,51.13495],[-0.98,51.13595],[-0.98575,51.13545],[-0.9888,51.13575],[-0.99955,51.12935],[-1.0087,51.12745],[-1.0139,51.126],[-1.02015,51.1219],[-1.02465,51.11965],[-1.0318,51.11495],[-1.03225,51.11225],[-1.0303,51.10955],[-1.02425,51.10515],[-1.02055,51.09925],[-1.01685,51.0958],[-1.01705,51.0928],[-1.02155,51.0935],[-1.02225,51.09495],[-1.0254,51.0947],[-1.03935,51.09125],[-1.04035,51.088],[-1.0387,51.08335],[-1.0358,51.0816],[-1.03575,51.0779],[-1.0356,51.0741],[-1.03425,51.0725],[-1.03675,51.0699],[-1.04385,51.0703],[-1.05525,51.0697],[-1.05745,51.0692],[-1.06105,51.06975],[-1.06335,51.0692],[-1.0697,51.07035],[-1.07285,51.06905],[-1.07945,51.0674],[-1.0862,51.06645],[-1.08855,51.0655],[-1.0951,51.06545],[-1.0967,51.0641],[-1.1117,51.0609],[-1.1177,51.06285],[-1.1212,51.0626],[-1.1281,51.06595],[-1.13305,51.0659],[-1.14365,51.0677],[-1.149,51.0668],[-1.15085,51.06515],[-1.1529,51.06125],[-1.1595,51.05915],[-1.16625,51.0577],[-1.1688,51.0579],[-1.1713,51.05955],[-1.17325,51.0635],[-1.17375,51.0671],[-1.1726,51.07065],[-1.17375,51.0725],[-1.17145,51.07945],[-1.18605,51.0813],[-1.187,51.08225],[-1.18165,51.0864],[-1.19055,51.08885],[-1.21235,51.0926],[-1.22285,51.09585],[-1.22715,51.0962],[-1.2365,51.0952],[-1.2433,51.0941],[-1.2467,51.09405],[-1.2767,51.09645],[-1.28845,51.09725],[-1.29435,51.091],[-1.2956,51.0882],[-1.2981,51.0858],[-1.2976,51.084],[-1.3009,51.082],[-1.3018,51.07995],[-1.30555,51.07605],[-1.309,51.0736],[-1.30525,51.0723],[-1.3074,51.07015],[-1.30515,51.0692],[-1.30945,51.06675],[-1.3068,51.0647],[-1.3043,51.06725],[-1.30105,51.0675],[-1.2973,51.0751],[-1.2967,51.07885],[-1.29395,51.0786],[-1.2899,51.06975],[-1.29265,51.06415],[-1.29235,51.0588],[-1.29335,51.05515],[-1.29465,51.05345],[-1.29885,51.0504],[-1.30265,51.05025],[-1.3099,51.04965],[-1.3105,51.05275],[-1.30815,51.0547],[-1.3092,51.05675],[-1.31265,51.057],[-1.31555,51.05325],[-1.31315,51.0527],[-1.31465,51.05075],[-1.31815,51.05235],[-1.32,51.0503],[-1.3229,51.0436],[-1.3252,51.04375],[-1.32535,51.03995],[-1.3268,51.03995],[-1.32565,51.03235],[-1.3257,51.02765],[-1.32285,51.02715],[-1.32425,51.0242],[-1.3271,51.02145],[-1.32935,51.0171],[-1.32975,51.01185],[-1.3366,51.00025],[-1.33485,50.9979],[-1.32825,50.9948],[-1.3249,50.99685],[-1.3244,50.99925],[-1.32125,51.0017],[-1.32065,51.00435],[-1.31825,51.0034],[-1.30895,51.0036],[-1.30625,51.0044],[-1.30405,51.0012],[-1.30585,51.00075],[-1.30465,50.9977],[-1.3076,50.9973],[-1.3086,50.9949],[-1.3034,50.9943],[-1.30165,50.9964],[-1.30095,50.9994],[-1.29675,51.00025],[-1.28945,50.99725],[-1.29045,50.9949],[-1.2898,50.9899],[-1.28785,50.9876],[-1.28545,50.9896],[-1.28075,50.9887],[-1.2806,50.9838],[-1.27415,50.98275],[-1.2674,50.98015],[-1.26275,50.9802],[-1.2579,50.97835],[-1.26005,50.97475],[-1.25645,50.9731],[-1.2579,50.9718],[-1.25505,50.9705],[-1.2534,50.97135],[-1.24075,50.9657],[-1.23335,50.96085],[-1.23165,50.9617],[-1.22615,50.95985],[-1.22665,50.95885],[-1.22295,50.9578],[-1.2214,50.9594],[-1.21315,50.9584],[-1.2099,50.9575],[-1.2085,50.95895],[-1.2011,50.957],[-1.1934,50.9569],[-1.193,50.95415],[-1.19615,50.95315],[-1.2021,50.95285],[-1.2028,50.9515],[-1.20645,50.95075],[-1.20775,50.9501],[-1.2036,50.94615],[-1.1952,50.94625],[-1.19325,50.947],[-1.1912,50.9514],[-1.1886,50.9496],[-1.1862,50.95045],[-1.1831,50.94685],[-1.17625,50.944],[-1.17795,50.94285],[-1.17735,50.9399],[-1.1752,50.93945],[-1.1754,50.93745],[-1.17225,50.9372]]]},"properties":{"kind":"np","name":"SOUTH DOWNS"}},{"type":"Feature","geometry":{"type":"Polygon","coordinates":[[[-2.10685,55.56755],[-2.1091,55.5683],[-2.11645,55.568],[-2.12245,55.5671],[-2.1272,55.5674],[-2.13545,55.5656],[-2.1428,55.56725],[-2.1512,55.56705],[-2.1544,55.5682],[-2.1555,55.57085],[-2.16175,55.5775],[-2.1666,55.58045],[-2.1734,55.58275],[-2.17665,55.58465],[-2.18375,55.58705],[-2.186,55.58835],[-2.19135,55.58915],[-2.19405,55.5904],[-2.2,55.59115],[-2.2078,55.59145],[-2.2171,55.5888],[-2.22085,55.5882],[-2.2335,55.58525],[-2.2399,55.5848],[-2.2435,55.5827],[-2.2437,55.5782],[-2.24235,55.5765],[-2.2455,55.57205],[-2.2464,55.5697],[-2.24915,55.566],[-2.2553,55.56255],[-2.253,55.5613],[-2.24785,55.5567],[-2.24415,55.55685],[-2.2403,55.55555],[-2.24085,55.5527],[-2.23515,55.5483],[-2.2322,55.5448],[-2.23375,55.5409],[-2.23315,55.5296],[-2.22755,55.5284],[-2.22425,55.5228],[-2.2266,55.5196],[-2.229,55.5099],[-2.2266,55.5071],[-2.22055,55.5063],[-2.2171,55.50295],[-2.212,55.49945],[-2.207,55.49405],[-2.2023,55.48815],[-2.20615,55.4828],[-2.2062,55.48105],[-2.2004,55.475],[-2.19545,55.4753],[-2.18895,55.4739],[-2.1738,55.4723],[-2.16855,55.46905],[-2.1673,55.4674],[-2.18015,55.465],[-2.18475,55.46395],[-2.1897,55.46115],[-2.18845,55.4564],[-2.1921,55.45275],[-2.19355,55.44985],[-2.19335,55.4473],[-2.1948,55.4446],[-2.19865,55.442],[-2.2019,55.4406],[-2.2056,55.4375],[-2.22105,55.4332],[-2.2233,55.43135],[-2.2282,55.43035],[-2.23125,55.4284],[-2.23655,55.43095],[-2.2426,55.4321],[-2.25335,55.43185],[-2.2607,55.43285],[-2.26225,55.4286],[-2.2682,55.43],[-2.27065,55.4296],[-2.2739,55.426],[-2.2779,55.4264],[-2.282,55.4248],[-2.284,55.4228],[-2.29455,55.42045],[-2.29385,55.4186],[-2.2963,55.4147],[-2.302,55.4136],[-2.3068,55.41125],[-2.3126,55.40985],[-2.3133,55.4068],[-2.31615,55.40735],[-2.3279,55.40805],[-2.3324,55.4099],[-2.33565,55.4082],[-2.3331,55.4044],[-2.334,55.4021],[-2.3403,55.40125],[-2.345,55.3993],[-2.34345,55.39745],[-2.3355,55.3925],[-2.335,55.3887],[-2.3359,55.387],[-2.3347,55.38305],[-2.33065,55.3812],[-2.3365,55.37795],[-2.33705,55.3768],[-2.34625,55.3731],[-2.3431,55.37055],[-2.339,55.36885],[-2.33885,55.36715],[-2.34105,55.36555],[-2.35495,55.36255],[-2.3585,55.35995],[-2.36415,55.3588],[-2.36545,55.35765],[-2.3747,55.354],[-2.37835,55.35075],[-2.3789,55.34915],[-2.3933,55.3474],[-2.40005,55.3487],[-2.3995,55.35055],[-2.40065,55.35305],[-2.4027,55.3547],[-2.40835,55.35735],[-2.41495,55.3589],[-2.4198,55.35905],[-2.42545,55.3584],[-2.4292,55.35655],[-2.43645,55.3582],[-2.4392,55.35945],[-2.4446,55.35915],[-2.4514,55.35665],[-2.4566,55.35525],[-2.4611,55.35325],[-2.4633,55.35365],[-2.4675,55.3528],[-2.4736,55.35475],[-2.4773,55.3544],[-2.4769,55.3525],[-2.472,55.34885],[-2.46575,55.3478],[-2.4641,55.3468],[-2.46475,55.34355],[-2.46215,55.3399],[-2.4583,55.33815],[-2.4547,55.3382],[-2.4438,55.33475],[-2.43775,55.3318],[-2.43,55.3294],[-2.4242,55.3284],[-2.41665,55.3253],[-2.4071,55.3237],[-2.3967,55.3234],[-2.39085,55.3223],[-2.3803,55.32125],[-2.36925,55.31795],[-2.36435,55.3159],[-2.35215,55.3091],[-2.34745,55.30735],[-2.3432,55.30385],[-2.34345,55.301],[-2.34005,55.2962],[-2.3408,55.2925],[-2.3374,55.2877],[-2.3362,55.2815],[-2.33355,55.2791],[-2.32955,55.2768],[-2.32905,55.27405],[-2.3191,55.26215],[-2.3192,55.2595],[-2.32285,55.2574],[-2.3307,55.2577],[-2.31985,55.23675],[-2.3192,55.235],[-2.3494,55.2295],[-2.34625,55.22685],[-2.34465,55.22225],[-2.34835,55.22],[-2.348,55.2158],[-2.35525,55.20965],[-2.3585,55.20835],[-2.3601,55.2038],[-2.36055,55.2003],[-2.3661,55.19845],[-2.37755,55.1983],[-2.383,55.1972],[-2.3861,55.19565],[-2.38775,55.1932],[-2.4052,55.1945],[-2.40875,55.1862],[-2.4116,55.1837],[-2.4167,55.1807],[-2.41485,55.17945],[-2.4197,55.17345],[-2.42185,55.1736],[-2.42845,55.1764],[-2.435,55.18195],[-2.44025,55.183],[-2.44455,55.18265],[-2.4499,55.18105],[-2.4523,55.18105],[-2.4527,55.1837],[-2.4559,55.18525],[-2.46115,55.1853],[-2.467,55.1831],[-2.4688,55.18015],[-2.46385,55.17605],[-2.45585,55.17705],[-2.44975,55.17865],[-2.44875,55.18055],[-2.4454,55.18195],[-2.44005,55.1823],[-2.4317,55.1786],[-2.43,55.17615],[-2.43195,55.17515],[-2.43525,55.17675],[-2.446,55.1674],[-2.44485,55.16685],[-2.4386,55.17255],[-2.4284,55.1689],[-2.42925,55.1667],[-2.43205,55.16745],[-2.43975,55.16445],[-2.444,55.16115],[-2.44145,55.16015],[-2.4386,55.16185],[-2.43355,55.1622],[-2.42885,55.16165],[-2.42725,55.164],[-2.42835,55.16515],[-2.42,55.1663],[-2.41245,55.16505],[-2.4035,55.16515],[-2.4054,55.16355],[-2.40575,55.16045],[-2.4033,55.15985],[-2.40175,55.15385],[-2.39245,55.15255],[-2.39015,55.15585],[-2.37615,55.1583],[-2.37255,55.15605],[-2.363,55.15535],[-2.3639,55.15275],[-2.36145,55.15135],[-2.36475,55.14725],[-2.37175,55.14555],[-2.3735,55.14395],[-2.37805,55.1437],[-2.3824,55.1424],[-2.38655,55.13765],[-2.388,55.13405],[-2.3927,55.1326],[-2.3957,55.1326],[-2.39315,55.12975],[-2.3959,55.127],[-2.40025,55.1246],[-2.40575,55.1251],[-2.4085,55.12285],[-2.4116,55.12295],[-2.4152,55.12425],[-2.42,55.1233],[-2.42305,55.12435],[-2.4334,55.12455],[-2.4345,55.12215],[-2.4339,55.12055],[-2.4426,55.11905],[-2.44575,55.1177],[-2.45535,55.11625],[-2.46075,55.1165],[-2.4647,55.1156],[-2.47435,55.116],[-2.4772,55.11545],[-2.48705,55.1161],[-2.49025,55.1143],[-2.495,55.10825],[-2.4954,55.106],[-2.49795,55.1026],[-2.49835,55.0995],[-2.5001,55.0974],[-2.5008,55.09335],[-2.5028,55.09135],[-2.5006,55.09015],[-2.49885,55.0876],[-2.4953,55.0865],[-2.49165,55.08625],[-2.49005,55.0835],[-2.4865,55.08315],[-2.4865,55.0811],[-2.48955,55.0807],[-2.4912,55.08225],[-2.4947,55.08185],[-2.4962,55.08045],[-2.497,55.07745],[-2.4993,55.0768],[-2.5009,55.07445],[-2.49345,55.07105],[-2.49225,55.0681],[-2.49475,55.0657],[-2.4977,55.06555],[-2.50315,55.0633],[-2.50005,55.06215],[-2.50215,55.05805],[-2.4997,55.0561],[-2.49785,55.0566],[-2.49405,55.05315],[-2.4943,55.0506],[-2.48755,55.0478],[-2.48825,55.0463],[-2.485,55.0452],[-2.4825,55.04295],[-2.48315,55.03995],[-2.4936,55.03715],[-2.5054,55.03685],[-2.5059,55.03495],[-2.51075,55.0349],[-2.52105,55.03255],[-2.5276,55.0325],[-2.52715,55.02945],[-2.5293,55.029],[-2.5321,55.03035],[-2.535,55.0282],[-2.53895,55.0289],[-2.54065,55.0274],[-2.5462,55.02575],[-2.54625,55.0239],[-2.55615,55.01975],[-2.5586,55.0209],[-2.565,55.02015],[-2.5675,55.01885],[-2.5681,55.01715],[-2.57325,55.01605],[-2.5718,55.01435],[-2.57475,55.0115],[-2.57195,55.0087],[-2.5734,55.0073],[-2.56965,55.00655],[-2.56845,55.00855],[-2.56585,55.0096],[-2.5615,55.009],[-2.5638,55.0044],[-2.55595,55.00045],[-2.5521,54.9975],[-2.5451,54.99855],[-2.5369,54.99535],[-2.53435,54.99145],[-2.5339,54.9891],[-2.5298,54.9898],[-2.52845,54.9827],[-2.5156,54.98115],[-2.4995,54.9802],[-2.4442,54.9875],[-2.43235,54.9875],[-2.4327,54.9885],[-2.42475,54.9895],[-2.4173,54.98845],[-2.40895,54.98815],[-2.40005,54.9884],[-2.36425,54.99165],[-2.36245,54.99025],[-2.3578,54.991],[-2.3544,54.99435],[-2.34105,54.9968],[-2.33055,54.99705],[-2.3258,54.99765],[-2.3036,55.00205],[-2.2923,55.004],[-2.2778,55.00595],[-2.26745,55.0068],[-2.2699,55.01135],[-2.27405,55.0151],[-2.27665,55.01655],[-2.2685,55.0183],[-2.2695,55.02395],[-2.24225,55.0257],[-2.21425,55.02995],[-2.17415,55.02755],[-2.17485,55.031],[-2.1657,55.02945],[-2.1604,55.03035],[-2.1603,55.0318],[-2.17085,55.034],[-2.17605,55.04275],[-2.1804,55.04445],[-2.1864,55.04445],[-2.19085,55.0431],[-2.19255,55.045],[-2.20145,55.04405],[-2.2067,55.04385],[-2.2157,55.04435],[-2.22005,55.04145],[-2.2235,55.04455],[-2.23175,55.04415],[-2.2355,55.0493],[-2.2385,55.0548],[-2.24205,55.0638],[-2.2449,55.06605],[-2.2448,55.0702],[-2.2527,55.0704],[-2.2606,55.0698],[-2.2721,55.07015],[-2.2889,55.0698],[-2.3123,55.0706],[-2.3085,55.07495],[-2.29885,55.07865],[-2.298,55.08025],[-2.29765,55.08645],[-2.29575,55.0888],[-2.29085,55.0898],[-2.2876,55.0934],[-2.289,55.0987],[-2.2878,55.10095],[-2.28095,55.0996],[-2.2778,55.10035],[-2.27315,55.1071],[-2.2673,55.1123],[-2.2695,55.1135],[-2.2703,55.1155],[-2.2693,55.11895],[-2.26975,55.12115],[-2.2678,55.1219],[-2.26565,55.12555],[-2.2569,55.12415],[-2.2534,55.12675],[-2.25115,55.12985],[-2.2479,55.13235],[-2.2567,55.13565],[-2.2593,55.13745],[-2.262,55.14075],[-2.262,55.14295],[-2.2664,55.1433],[-2.27385,55.1459],[-2.2754,55.14875],[-2.27485,55.1517],[-2.26985,55.1577],[-2.2696,55.1597],[-2.25915,55.1589],[-2.2529,55.15525],[-2.253,55.15335],[-2.2488,55.14965],[-2.247,55.1508],[-2.2474,55.15335],[-2.2514,55.1575],[-2.2514,55.16135],[-2.24755,55.16435],[-2.2391,55.1611],[-2.2362,55.15955],[-2.2342,55.1573],[-2.2332,55.1535],[-2.2279,55.15245],[-2.22595,55.1535],[-2.2109,55.15645],[-2.2041,55.1625],[-2.20015,55.16475],[-2.1947,55.16965],[-2.18765,55.1722],[-2.18685,55.1734],[-2.1891,55.1764],[-2.1902,55.18035],[-2.1934,55.1841],[-2.1865,55.1852],[-2.1757,55.18405],[-2.1798,55.19595],[-2.18555,55.20175],[-2.1916,55.2089],[-2.1967,55.2161],[-2.20265,55.222],[-2.2094,55.2257],[-2.21155,55.2284],[-2.21385,55.2333],[-2.22505,55.24425],[-2.2252,55.2462],[-2.22045,55.25155],[-2.2141,55.25165],[-2.2091,55.24995],[-2.20445,55.24995],[-2.19885,55.25085],[-2.18825,55.2547],[-2.18045,55.2526],[-2.1793,55.2512],[-2.1824,55.24895],[-2.1876,55.24325],[-2.18495,55.2396],[-2.1814,55.24155],[-2.17795,55.2424],[-2.1725,55.2428],[-2.1705,55.2441],[-2.16725,55.24445],[-2.16285,55.2498],[-2.161,55.25095],[-2.1492,55.25455],[-2.14585,55.2522],[-2.14565,55.24935],[-2.1425,55.2494],[-2.1185,55.24],[-2.11645,55.23615],[-2.1225,55.23525],[-2.124,55.2333],[-2.12055,55.22965],[-2.11715,55.2299],[-2.11755,55.2268],[-2.11235,55.22795],[-2.1131,55.2216],[-2.09665,55.2206],[-2.0886,55.21895],[-2.0622,55.21175],[-2.0604,55.2115],[-2.02475,55.2233],[-2.02285,55.2346],[-2.026,55.2375],[-2.0302,55.23745],[-2.03445,55.23875],[-2.03295,55.2429],[-2.0281,55.2429],[-2.0242,55.2414],[-2.01855,55.2411],[-2.01115,55.24205],[-1.99535,55.2495],[-1.9928,55.2511],[-1.9885,55.25055],[-1.9825,55.2516],[-1.97025,55.24925],[-1.9681,55.2511],[-1.9663,55.25725],[-1.9615,55.26275],[-1.9581,55.2606],[-1.94825,55.26135],[-1.9367,55.2593],[-1.9322,55.2591],[-1.92875,55.25815],[-1.927,55.25665],[-1.9155,55.2572],[-1.9119,55.2556],[-1.90815,55.25775],[-1.9057,55.26045],[-1.89895,55.2634],[-1.90765,55.27365],[-1.9038,55.2763],[-1.89975,55.28335],[-1.89695,55.2862],[-1.89535,55.2935],[-1.90845,55.29225],[-1.91415,55.2906],[-1.91865,55.29295],[-1.9277,55.28975],[-1.9359,55.28945],[-1.93675,55.29235],[-1.9439,55.2969],[-1.94465,55.3008],[-1.9493,55.30375],[-1.95935,55.3047],[-1.9636,55.3066],[-1.96675,55.30705],[-1.9686,55.306],[-1.9772,55.3053],[-1.9803,55.3057],[-1.98355,55.30505],[-1.9846,55.30365],[-1.9909,55.30095],[-2.0024,55.2984],[-2.00705,55.2963],[-2.0123,55.295],[-2.0212,55.29105],[-2.0239,55.2903],[-2.0271,55.29085],[-2.0303,55.2934],[-2.03305,55.29375],[-2.0345,55.2958],[-2.0391,55.2936],[-2.03945,55.29565],[-2.04275,55.2958],[-2.04515,55.29405],[-2.0499,55.29495],[-2.0488,55.2988],[-2.0498,55.2997],[-2.0483,55.3027],[-2.0492,55.30405],[-2.04715,55.30615],[-2.04795,55.3073],[-2.05195,55.30775],[-2.0527,55.3102],[-2.06245,55.3148],[-2.0646,55.317],[-2.06485,55.3191],[-2.0688,55.3211],[-2.0678,55.3235],[-2.0715,55.3249],[-2.0704,55.3269],[-2.0731,55.3285],[-2.07495,55.33085],[-2.08375,55.33155],[-2.09145,55.3333],[-2.10455,55.33785],[-2.10705,55.3392],[-2.1122,55.3392],[-2.11445,55.33815],[-2.1187,55.3437],[-2.12465,55.34475],[-2.1244,55.34765],[-2.11935,55.3496],[-2.11825,55.35195],[-2.11505,55.3535],[-2.1142,55.35695],[-2.11785,55.3595],[-2.11465,55.35985],[-2.11095,55.3586],[-2.1073,55.3583],[-2.0958,55.36215],[-2.08735,55.36425],[-2.08245,55.366],[-2.07255,55.36735],[-2.0676,55.3675],[-2.06115,55.36895],[-2.05815,55.36915],[-2.05,55.3709],[-2.04045,55.37115],[-2.0382,55.3704],[-2.03305,55.3707],[-2.02705,55.37435],[-2.02215,55.3764],[-2.02015,55.3793],[-2.01765,55.3797],[-2.01585,55.3848],[-2.0116,55.39],[-2.0159,55.3897],[-2.0177,55.39295],[-2.0208,55.3957],[-2.01605,55.3977],[-2.01965,55.4009],[-2.01165,55.4034],[-2.0044,55.4045],[-1.99955,55.4061],[-1.9978,55.4045],[-1.9927,55.40755],[-1.9906,55.4095],[-1.98545,55.41185],[-1.98495,55.41315],[-1.978,55.41745],[-1.9759,55.42085],[-1.9708,55.4249],[-1.9687,55.4256],[-1.9697,55.4312],[-1.96455,55.43505],[-1.9641,55.4376],[-1.9661,55.4407],[-1.9743,55.4404],[-1.9742,55.44195],[-1.9706,55.4425],[-1.9706,55.4456],[-1.97305,55.44795],[-1.97475,55.4511],[-1.97385,55.4553],[-1.9753,55.4626],[-1.9751,55.46465],[-1.9769,55.46815],[-1.97445,55.47125],[-1.9965,55.49055],[-1.99905,55.4937],[-2.00115,55.49235],[-2.005,55.49265],[-2.0099,55.49155],[-2.01155,55.4963],[-2.0156,55.5004],[-2.0221,55.50175],[-2.0241,55.504],[-2.02035,55.5052],[-2.02015,55.50725],[-2.0157,55.5085],[-2.01505,55.51055],[-2.0173,55.5114],[-2.0184,55.51345],[-2.024,55.5149],[-2.0249,55.51805],[-2.02915,55.51995],[-2.03415,55.5191],[-2.0352,55.52025],[-2.02995,55.52135],[-2.02585,55.52145],[-2.02355,55.52255],[-2.01985,55.5273],[-2.02115,55.52955],[-2.026,55.53075],[-2.03195,55.52965],[-2.0399,55.531],[-2.0385,55.535],[-2.0398,55.53565],[-2.0384,55.5385],[-2.04125,55.54145],[-2.04505,55.54215],[-2.0426,55.5457],[-2.0428,55.54935],[-2.0531,55.55285],[-2.05795,55.55405],[-2.06575,55.55795],[-2.06955,55.55835],[-2.07045,55.56095],[-2.0903,55.5641],[-2.09395,55.56435],[-2.1036,55.56635],[-2.10685,55.56755]]]},"properties":{"kind":"np","name":"NORTHUMBERLAND"}},{"type":"Feature","geometry":{"type":"Polygon","coordinates":[[[-2.5642,54.44655],[-2.564,54.44555],[-2.5597,54.44445],[-2.55725,54.44295],[-2.57135,54.442],[-2.58065,54.44035],[-2.57985,54.4388],[-2.5888,54.4343],[-2.59255,54.43165],[-2.5964,54.42685],[-2.5978,54.42255],[-2.59735,54.4188],[-2.599,54.4181],[-2.6001,54.4144],[-2.6039,54.40695],[-2.6042,54.40445],[-2.6017,54.39875],[-2.59885,54.39595],[-2.58795,54.38875],[-2.5826,54.3857],[-2.58035,54.38225],[-2.5802,54.38035],[-2.5821,54.3756],[-2.58235,54.3698],[-2.584,54.36775],[-2.5893,54.3648],[-2.5927,54.364],[-2.5922,54.3618],[-2.5947,54.3582],[-2.5936,54.3544],[-2.59485,54.3473],[-2.591,54.3439],[-2.5913,54.341],[-2.58775,54.3377],[-2.5862,54.3318],[-2.59255,54.3309],[-2.5965,54.3269],[-2.5995,54.32315],[-2.60415,54.3227],[-2.6027,54.32085],[-2.60415,54.31805],[-2.5957,54.3167],[-2.5935,54.31375],[-2.59405,54.30815],[-2.59975,54.30515],[-2.59835,54.30375],[-2.6021,54.3002],[-2.59915,54.2996],[-2.60105,54.2971],[-2.60925,54.29665],[-2.61555,54.29545],[-2.6158,54.2919],[-2.6193,54.28965],[-2.6219,54.28635],[-2.6227,54.28415],[-2.62165,54.28245],[-2.625,54.27615],[-2.624,54.27375],[-2.6185,54.2717],[-2.6194,54.2643],[-2.6179,54.2602],[-2.6175,54.25675],[-2.61975,54.2532],[-2.6198,54.25105],[-2.62175,54.2472],[-2.622,54.24295],[-2.62565,54.24265],[-2.62675,54.23965],[-2.6224,54.23615],[-2.618,54.22805],[-2.6183,54.22465],[-2.61225,54.2169],[-2.61355,54.21545],[-2.61275,54.21125],[-2.6131,54.2073],[-2.6114,54.2068],[-2.6036,54.20745],[-2.60335,54.2098],[-2.6008,54.21005],[-2.5959,54.20915],[-2.59905,54.2061],[-2.595,54.2036],[-2.5902,54.20255],[-2.58985,54.19965],[-2.5918,54.1974],[-2.58605,54.1969],[-2.5828,54.1938],[-2.571,54.1897],[-2.56455,54.18585],[-2.5637,54.1866],[-2.557,54.1818],[-2.5523,54.1779],[-2.5426,54.1736],[-2.5327,54.17025],[-2.52795,54.1683],[-2.5218,54.16655],[-2.5102,54.1627],[-2.5045,54.1614],[-2.49645,54.15695],[-2.48065,54.1563],[-2.4747,54.155],[-2.47225,54.1539],[-2.46935,54.1543],[-2.46865,54.15575],[-2.4637,54.15625],[-2.45845,54.1554],[-2.4591,54.15065],[-2.4563,54.14945],[-2.45145,54.1459],[-2.44695,54.14375],[-2.44105,54.14265],[-2.42975,54.1382],[-2.4271,54.13615],[-2.42145,54.1336],[-2.41805,54.1328],[-2.41425,54.13085],[-2.40445,54.12795],[-2.4019,54.126],[-2.3985,54.1247],[-2.3937,54.12145],[-2.39335,54.11795],[-2.38835,54.11605],[-2.38625,54.1143],[-2.38135,54.1124],[-2.3805,54.1103],[-2.3775,54.1081],[-2.3659,54.10615],[-2.3601,54.1037],[-2.33955,54.10265],[-2.3374,54.1019],[-2.3367,54.0999],[-2.33355,54.0961],[-2.3298,54.09305],[-2.3211,54.08975],[-2.30665,54.08655],[-2.30275,54.08485],[-2.29625,54.0806],[-2.2906,54.0744],[-2.2872,54.0724],[-2.2845,54.0745],[-2.2851,54.0795],[-2.2864,54.08075],[-2.28595,54.0845],[-2.28375,54.0857],[-2.28035,54.0844],[-2.27625,54.0838],[-2.2747,54.0756],[-2.2754,54.0725],[-2.27455,54.0705],[-2.2748,54.06695],[-2.27275,54.06585],[-2.27545,54.06405],[-2.27615,54.0606],[-2.27915,54.0569],[-2.2797,54.05435],[-2.28565,54.05555],[-2.2853,54.05375],[-2.286,54.04465],[-2.2855,54.0394],[-2.2844,54.03615],[-2.2822,54.03265],[-2.27835,54.0297],[-2.27365,54.02695],[-2.26395,54.0227],[-2.25825,54.0185],[-2.2544,54.01635],[-2.2469,54.0141],[-2.236,54.0132],[-2.23265,54.01325],[-2.226,54.01075],[-2.2236,54.00875],[-2.21905,54.00705],[-2.21355,54.00625],[-2.2069,54.00695],[-2.20375,54.00875],[-2.19405,54.00895],[-2.1918,54.0102],[-2.1894,54.0094],[-2.18645,54.01065],[-2.1778,54.0113],[-2.1743,54.01245],[-2.1614,54.01055],[-2.16185,54.0093],[-2.1581,54.00765],[-2.15285,54.0086],[-2.14985,54.00765],[-2.14915,54.00515],[-2.1459,54.00355],[-2.13215,54.0052],[-2.13015,54.0037],[-2.12185,53.9996],[-2.1153,53.9971],[-2.1076,53.99555],[-2.10255,53.9912],[-2.0996,53.99],[-2.09725,53.9908],[-2.09505,53.98785],[-2.0882,53.98685],[-2.08425,53.9852],[-2.0822,53.9835],[-2.07425,53.9797],[-2.071,53.97895],[-2.06725,53.97635],[-2.0648,53.97355],[-2.05295,53.9689],[-2.0455,53.96725],[-2.04405,53.9691],[-2.0445,53.97225],[-2.03995,53.97555],[-2.0373,53.9788],[-2.03915,53.98155],[-2.0323,53.9838],[-2.0237,53.98075],[-2.02305,53.97985],[-2.0147,53.9769],[-2.0125,53.974],[-2.0105,53.97285],[-2.0053,53.9723],[-1.9986,53.97385],[-1.9915,53.9766],[-1.99135,53.97995],[-1.9836,53.9812],[-1.98395,53.9854],[-1.9795,53.98525],[-1.97455,53.986],[-1.96885,53.98605],[-1.9651,53.98915],[-1.9605,53.9904],[-1.95185,53.9918],[-1.9465,53.99105],[-1.94415,53.9919],[-1.93865,53.9839],[-1.93565,53.9832],[-1.92435,53.9842],[-1.9221,53.98305],[-1.9159,53.98245],[-1.9094,53.98075],[-1.90025,53.98015],[-1.89515,53.9819],[-1.8924,53.9806],[-1.8923,53.97805],[-1.89515,53.97375],[-1.89275,53.97045],[-1.89295,53.9675],[-1.8894,53.96605],[-1.8857,53.9631],[-1.8787,53.96235],[-1.87815,53.9588],[-1.8798,53.95535],[-1.8731,53.955],[-1.87045,53.9544],[-1.86465,53.9562],[-1.8613,53.95855],[-1.86255,53.96025],[-1.86175,53.9619],[-1.8502,53.9656],[-1.8249,53.9762],[-1.81675,53.97805],[-1.81775,53.98015],[-1.82585,53.9859],[-1.82355,53.9876],[-1.82165,53.99095],[-1.8195,53.99165],[-1.8195,53.99645],[-1.82675,54.0004],[-1.831,54.00365],[-1.8317,54.00985],[-1.835,54.0136],[-1.8374,54.0149],[-1.84805,54.01365],[-1.85355,54.0288],[-1.87225,54.0354],[-1.86865,54.0421],[-1.8725,54.04605],[-1.87205,54.0471],[-1.85985,54.0521],[-1.854,54.053],[-1.85275,54.05775],[-1.8491,54.0631],[-1.846,54.0645],[-1.8418,54.06825],[-1.8406,54.0706],[-1.84585,54.0736],[-1.86165,54.08055],[-1.8671,54.09765],[-1.8712,54.09945],[-1.87505,54.09985],[-1.8798,54.1022],[-1.88755,54.1025],[-1.891,54.1044],[-1.8932,54.10965],[-1.89585,54.1144],[-1.90045,54.11635],[-1.9055,54.1225],[-1.91685,54.1206],[-1.9208,54.1203],[-1.9322,54.12245],[-1.9348,54.1223],[-1.9384,54.12355],[-1.9477,54.12515],[-1.95715,54.1326],[-1.9574,54.1356],[-1.9553,54.1367],[-1.9542,54.143],[-1.96365,54.15215],[-1.9665,54.1531],[-1.9725,54.15805],[-1.98695,54.1566],[-1.98845,54.1553],[-1.9922,54.15505],[-1.99745,54.16045],[-1.9978,54.16515],[-1.9994,54.16775],[-2.00445,54.1729],[-2.00185,54.1764],[-1.9844,54.1857],[-1.97885,54.18825],[-1.96705,54.19225],[-1.9555,54.1953],[-1.94945,54.19715],[-1.94045,54.1994],[-1.92365,54.2006],[-1.8957,54.2103],[-1.8864,54.21],[-1.8816,54.2186],[-1.87945,54.22025],[-1.86225,54.2228],[-1.84705,54.2273],[-1.8427,54.2288],[-1.8374,54.23145],[-1.82805,54.23165],[-1.8221,54.2358],[-1.8164,54.24085],[-1.8233,54.24745],[-1.82275,54.25085],[-1.817,54.2527],[-1.8101,54.2533],[-1.8037,54.25595],[-1.8004,54.2561],[-1.7875,54.2536],[-1.78245,54.25465],[-1.7787,54.2542],[-1.7731,54.2583],[-1.76875,54.25965],[-1.76345,54.2621],[-1.7665,54.26355],[-1.7737,54.2656],[-1.77545,54.2674],[-1.77875,54.2677],[-1.7796,54.26935],[-1.77925,54.27465],[-1.7797,54.2786],[-1.78315,54.27625],[-1.78765,54.2767],[-1.79035,54.27575],[-1.79715,54.2758],[-1.8028,54.2751],[-1.80545,54.27395],[-1.8108,54.27495],[-1.815,54.2737],[-1.82255,54.2743],[-1.8258,54.27355],[-1.82885,54.2741],[-1.82905,54.27675],[-1.83085,54.2773],[-1.8317,54.2796],[-1.8384,54.27965],[-1.83985,54.2802],[-1.8475,54.2797],[-1.85945,54.27985],[-1.86515,54.27935],[-1.86575,54.28205],[-1.86805,54.28365],[-1.873,54.28215],[-1.87705,54.2828],[-1.87595,54.2846],[-1.87555,54.28875],[-1.88005,54.29045],[-1.88205,54.292],[-1.87955,54.2933],[-1.88125,54.29635],[-1.87985,54.2978],[-1.8875,54.2984],[-1.89745,54.29965],[-1.90365,54.3036],[-1.90625,54.3047],[-1.9114,54.3041],[-1.9188,54.3048],[-1.92095,54.30715],[-1.92645,54.30835],[-1.93305,54.3074],[-1.93295,54.31045],[-1.93525,54.3131],[-1.93875,54.31395],[-1.9403,54.3158],[-1.93605,54.3196],[-1.935,54.32315],[-1.93485,54.3271],[-1.9354,54.3325],[-1.9371,54.33595],[-1.9391,54.3372],[-1.9462,54.33995],[-1.94835,54.3422],[-1.9534,54.34255],[-1.9518,54.34425],[-1.9468,54.3462],[-1.9447,54.35245],[-1.9393,54.3519],[-1.93205,54.35045],[-1.92615,54.3503],[-1.9246,54.3494],[-1.9182,54.3513],[-1.9099,54.35145],[-1.9051,54.35365],[-1.90035,54.3546],[-1.89205,54.3518],[-1.88275,54.35255],[-1.8805,54.3554],[-1.87695,54.35715],[-1.87385,54.3596],[-1.8705,54.36055],[-1.8632,54.36685],[-1.8642,54.3679],[-1.8606,54.3698],[-1.8627,54.3728],[-1.8604,54.37525],[-1.85515,54.3762],[-1.8476,54.37485],[-1.8456,54.37365],[-1.8427,54.37365],[-1.8399,54.37155],[-1.83575,54.3743],[-1.831,54.3749],[-1.82535,54.37695],[-1.82515,54.38045],[-1.82345,54.38275],[-1.81845,54.3877],[-1.8098,54.3934],[-1.7974,54.398],[-1.78535,54.39795],[-1.7746,54.39725],[-1.7628,54.39705],[-1.76375,54.4004],[-1.76725,54.40085],[-1.7707,54.4003],[-1.77535,54.4004],[-1.77605,54.404],[-1.7805,54.4041],[-1.7834,54.4051],[-1.7859,54.40745],[-1.7918,54.4074],[-1.7955,54.40795],[-1.802,54.4065],[-1.80565,54.41025],[-1.8033,54.41165],[-1.80535,54.41425],[-1.80185,54.4175],[-1.81415,54.41595],[-1.8192,54.41505],[-1.82605,54.41275],[-1.8297,54.41015],[-1.8322,54.4069],[-1.83355,54.40375],[-1.8368,54.4008],[-1.83895,54.40065],[-1.8471,54.3972],[-1.8495,54.3971],[-1.8579,54.39555],[-1.87885,54.3942],[-1.883,54.39305],[-1.8884,54.3902],[-1.89615,54.38775],[-1.9016,54.38465],[-1.9052,54.3851],[-1.9085,54.3845],[-1.90885,54.38625],[-1.9075,54.3887],[-1.90945,54.38985],[-1.9212,54.394],[-1.9318,54.4008],[-1.93795,54.4042],[-1.94825,54.40935],[-1.9505,54.4126],[-1.9561,54.4173],[-1.95685,54.42775],[-1.9522,54.43155],[-1.95565,54.4335],[-1.9473,54.43885],[-1.9581,54.44165],[-1.96725,54.4461],[-1.9718,54.45405],[-1.97115,54.45485],[-1.97645,54.45985],[-1.9789,54.4602],[-1.98555,54.4599],[-1.9866,54.4616],[-1.99655,54.4668],[-2.0148,54.4716],[-2.02945,54.47295],[-2.03705,54.47435],[-2.0447,54.4752],[-2.0432,54.48355],[-2.0486,54.4826],[-2.05305,54.4807],[-2.0592,54.48115],[-2.0632,54.4789],[-2.0679,54.47695],[-2.0712,54.4742],[-2.07585,54.47305],[-2.08155,54.4699],[-2.08645,54.4684],[-2.0947,54.4673],[-2.10135,54.46545],[-2.10905,54.46435],[-2.1143,54.4642],[-2.11675,54.4621],[-2.12065,54.4614],[-2.12525,54.45865],[-2.12735,54.45595],[-2.1329,54.4551],[-2.13135,54.45325],[-2.1352,54.45195],[-2.1383,54.4488],[-2.1372,54.44615],[-2.14285,54.4447],[-2.1501,54.4474],[-2.1529,54.44735],[-2.1571,54.4539],[-2.1601,54.45535],[-2.16725,54.4577],[-2.1736,54.4586],[-2.17055,54.46115],[-2.1775,54.46165],[-2.1799,54.45845],[-2.1822,54.4573],[-2.18605,54.45215],[-2.18935,54.44895],[-2.1924,54.4486],[-2.2355,54.44825],[-2.23865,54.4499],[-2.244,54.45],[-2.24525,54.45135],[-2.2514,54.4515],[-2.2569,54.4501],[-2.25975,54.4485],[-2.26285,54.4486],[-2.26815,54.44715],[-2.2654,54.44285],[-2.275,54.44065],[-2.2804,54.43895],[-2.2846,54.43845],[-2.28995,54.43885],[-2.2926,54.43755],[-2.29155,54.43615],[-2.29265,54.43235],[-2.30405,54.43595],[-2.3058,54.43855],[-2.3164,54.4418],[-2.32595,54.4462],[-2.3295,54.4507],[-2.3328,54.45235],[-2.33895,54.4528],[-2.3423,54.455],[-2.3495,54.45665],[-2.3519,54.4617],[-2.3587,54.4623],[-2.36585,54.4653],[-2.36745,54.4671],[-2.3765,54.4754],[-2.3791,54.47905],[-2.3873,54.48],[-2.3926,54.4792],[-2.3944,54.4817],[-2.39995,54.48475],[-2.40345,54.4853],[-2.4046,54.4865],[-2.4083,54.48725],[-2.42035,54.49175],[-2.4276,54.49275],[-2.42725,54.49425],[-2.4285,54.4979],[-2.43075,54.5003],[-2.43825,54.5053],[-2.44125,54.5064],[-2.44295,54.5083],[-2.4544,54.5154],[-2.45845,54.5192],[-2.4591,54.52085],[-2.464,54.52005],[-2.46445,54.5249],[-2.47435,54.5294],[-2.479,54.52805],[-2.4845,54.5285],[-2.4869,54.5306],[-2.4887,54.5348],[-2.4894,54.53895],[-2.4919,54.5409],[-2.4996,54.5455],[-2.5027,54.5461],[-2.5102,54.54525],[-2.51495,54.5453],[-2.51705,54.54705],[-2.5193,54.54665],[-2.5316,54.54615],[-2.53485,54.5524],[-2.5335,54.5528],[-2.53685,54.5577],[-2.54605,54.5557],[-2.55425,54.5601],[-2.55695,54.56085],[-2.562,54.5656],[-2.5676,54.569],[-2.5731,54.56555],[-2.57715,54.5636],[-2.5756,54.5584],[-2.57655,54.5565],[-2.58215,54.55585],[-2.58265,54.5492],[-2.58925,54.5466],[-2.5897,54.5452],[-2.59635,54.54405],[-2.59905,54.5407],[-2.59915,54.5386],[-2.60645,54.53685],[-2.60835,54.5339],[-2.61655,54.532],[-2.6219,54.5332],[-2.63005,54.53215],[-2.63615,54.53395],[-2.6336,54.53025],[-2.6321,54.5253],[-2.63,54.5254],[-2.62865,54.51875],[-2.6315,54.5166],[-2.63135,54.51415],[-2.63545,54.51315],[-2.63935,54.51335],[-2.64085,54.5119],[-2.64495,54.51195],[-2.6478,54.50765],[-2.6441,54.50045],[-2.6429,54.4941],[-2.6405,54.49055],[-2.63375,54.4845],[-2.6322,54.48035],[-2.62335,54.47665],[-2.61785,54.47565],[-2.61545,54.46805],[-2.6117,54.4662],[-2.6071,54.46625],[-2.6038,54.46185],[-2.6026,54.46125],[-2.59555,54.46505],[-2.5905,54.46055],[-2.58505,54.4589],[-2.5816,54.45715],[-2.58435,54.4531],[-2.58065,54.45045],[-2.5746,54.45105],[-2.5643,54.4539],[-2.5629,54.45255],[-2.56455,54.44915],[-2.5642,54.44655]]]},"properties":{"kind":"np","name":"YORKSHIRE DALES"}}]}