{"type":"FeatureCollection","features":[{"type":"Feature","properties":{"type":"cafe","name":"Les Penyes"},"geometry":{"type":"Point","coordinates":[-0.198787,38.676206]}},{"type":"Feature","properties":{"type":"cafe","name":"Levante"},"geometry":{"type":"Point","coordinates":[-0.198546,38.677313]}},{"type":"Feature","properties":{"type":"cafe","name":"Bar Guadalest"},"geometry":{"type":"Point","coordinates":[-0.198819,38.675953]}},{"type":"Feature","properties":{"type":"cafe","name":"Cafe Polideportiva"},"geometry":{"type":"Point","coordinates":[-0.043815,38.605784]}},{"type":"Feature","properties":{"type":"water","name":"Drinking water"},"geometry":{"type":"Point","coordinates":[-0.199007,38.676066]}},{"type":"Feature","properties":{"type":"water","name":"Drinking water"},"geometry":{"type":"Point","coordinates":[-0.121659,38.650861]}},{"type":"Feature","properties":{"type":"cafe","name":"Chocolates Valor"},"geometry":{"type":"Point","coordinates":[-0.046909,38.600636]}},{"type":"Feature","properties":{"type":"water","name":"Font de l'entrada al poble"},"geometry":{"type":"Point","coordinates":[-0.270664,38.684265]}},{"type":"Feature","properties":{"type":"water","name":"Font del carrer Alacant"},"geometry":{"type":"Point","coordinates":[-0.270199,38.683646]}},{"type":"Feature","properties":{"type":"water","name":"Font del Trinquet"},"geometry":{"type":"Point","coordinates":[-0.26827,38.684011]}},{"type":"Feature","properties":{"type":"water","name":"Fonteta del Tio Toni"},"geometry":{"type":"Point","coordinates":[-0.263366,38.681536]}},{"type":"Feature","properties":{"type":"water","name":"Drinking water"},"geometry":{"type":"Point","coordinates":[-0.04802,38.600005]}},{"type":"Feature","properties":{"type":"cafe","name":"La Bombonniere"},"geometry":{"type":"Point","coordinates":[-0.048255,38.600809]}},{"type":"Feature","properties":{"type":"cafe","name":"Mercat"},"geometry":{"type":"Point","coordinates":[-0.048455,38.600642]}},{"type":"Feature","properties":{"type":"cafe","name":"Café Filarmónica"},"geometry":{"type":"Point","coordinates":[-0.04846,38.600017]}},{"type":"Feature","properties":{"type":"cafe","name":"Internacional"},"geometry":{"type":"Point","coordinates":[-0.047289,38.60176]}},{"type":"Feature","properties":{"type":"cafe","name":"Cafetería El Poble"},"geometry":{"type":"Point","coordinates":[-0.047638,38.601713]}},{"type":"Feature","properties":{"type":"cafe","name":"Delaney's"},"geometry":{"type":"Point","coordinates":[-0.016363,38.743458]}},{"type":"Feature","properties":{"type":"cafe","name":"Café"},"geometry":{"type":"Point","coordinates":[-0.052062,38.595923]}},{"type":"Feature","properties":{"type":"cafe","name":"Ópera"},"geometry":{"type":"Point","coordinates":[-0.053888,38.593709]}},{"type":"Feature","properties":{"type":"toilet","name":"Toilets"},"geometry":{"type":"Point","coordinates":[-0.199573,38.675829]}},{"type":"Feature","properties":{"type":"cafe","name":"La Venta"},"geometry":{"type":"Point","coordinates":[-0.272638,38.685294]}},{"type":"Feature","properties":{"type":"cafe","name":"La Barra"},"geometry":{"type":"Point","coordinates":[-0.210913,38.569231]}},{"type":"Feature","properties":{"type":"water","name":"Drinking water"},"geometry":{"type":"Point","coordinates":[-0.053473,38.593433]}},{"type":"Feature","properties":{"type":"water","name":"Font Nova"},"geometry":{"type":"Point","coordinates":[-0.106336,38.753638]}},{"type":"Feature","properties":{"type":"toilet","name":"Toilets"},"geometry":{"type":"Point","coordinates":[-0.199598,38.675859]}},{"type":"Feature","properties":{"type":"cafe","name":"El jardin de los sentidos"},"geometry":{"type":"Point","coordinates":[-0.026222,38.624626]}},{"type":"Feature","properties":{"type":"water","name":"Drinking water"},"geometry":{"type":"Point","coordinates":[-0.273584,38.609267]}},{"type":"Feature","properties":{"type":"cafe","name":"Musette"},"geometry":{"type":"Point","coordinates":[-0.042349,38.751589]}},{"type":"Feature","properties":{"type":"water","name":"Drinking water"},"geometry":{"type":"Point","coordinates":[-0.19439,38.724757]}},{"type":"Feature","properties":{"type":"cafe","name":"Trenta QA3"},"geometry":{"type":"Point","coordinates":[-0.051972,38.595076]}},{"type":"Feature","properties":{"type":"cafe","name":"Rotary"},"geometry":{"type":"Point","coordinates":[-0.052053,38.595037]}},{"type":"Feature","properties":{"type":"cafe","name":"Granada"},"geometry":{"type":"Point","coordinates":[-0.052967,38.594934]}},{"type":"Feature","properties":{"type":"toilet","name":"Toilets"},"geometry":{"type":"Point","coordinates":[-0.05149,38.595017]}},{"type":"Feature","properties":{"type":"water","name":"Drinking water"},"geometry":{"type":"Point","coordinates":[-0.0503,38.598755]}},{"type":"Feature","properties":{"type":"cafe","name":"Quinoa"},"geometry":{"type":"Point","coordinates":[-0.045369,38.602198]}},{"type":"Feature","properties":{"type":"cafe","name":"Aux Delices"},"geometry":{"type":"Point","coordinates":[-0.045612,38.60195]}},{"type":"Feature","properties":{"type":"cafe","name":"Volare"},"geometry":{"type":"Point","coordinates":[-0.047964,38.600488]}},{"type":"Feature","properties":{"type":"cafe","name":"L'Ideal"},"geometry":{"type":"Point","coordinates":[-0.050674,38.596093]}},{"type":"Feature","properties":{"type":"cafe","name":"Hollands Glorie"},"geometry":{"type":"Point","coordinates":[-0.050162,38.59678]}},{"type":"Feature","properties":{"type":"cafe","name":"Rosa's"},"geometry":{"type":"Point","coordinates":[-0.055528,38.591848]}},{"type":"Feature","properties":{"type":"station","name":"Altea"},"geometry":{"type":"Point","coordinates":[-0.052178,38.5959]}},{"type":"Feature","properties":{"type":"water","name":"Drinking water"},"geometry":{"type":"Point","coordinates":[-0.043669,38.632056]}},{"type":"Feature","properties":{"type":"water","name":"Drinking water"},"geometry":{"type":"Point","coordinates":[-0.043424,38.6316]}},{"type":"Feature","properties":{"type":"water","name":"Drinking water"},"geometry":{"type":"Point","coordinates":[-0.128038,38.652362]}},{"type":"Feature","properties":{"type":"cafe","name":"El patio"},"geometry":{"type":"Point","coordinates":[-0.19866,38.675649]}},{"type":"Feature","properties":{"type":"cafe","name":"Siremar"},"geometry":{"type":"Point","coordinates":[-0.06773,38.744936]}},{"type":"Feature","properties":{"type":"water","name":"Drinking water"},"geometry":{"type":"Point","coordinates":[-0.196119,38.721405]}},{"type":"Feature","properties":{"type":"water","name":"Drinking water"},"geometry":{"type":"Point","coordinates":[-0.054876,38.592112]}},{"type":"Feature","properties":{"type":"water","name":"Drinking water"},"geometry":{"type":"Point","coordinates":[-0.066667,38.744574]}},{"type":"Feature","properties":{"type":"water","name":"Drinking water"},"geometry":{"type":"Point","coordinates":[-0.193975,38.72518]}},{"type":"Feature","properties":{"type":"water","name":"Drinking water"},"geometry":{"type":"Point","coordinates":[-0.121422,38.650786]}},{"type":"Feature","properties":{"type":"cafe","name":"Bite The Sandwich Shop"},"geometry":{"type":"Point","coordinates":[-0.054382,38.593271]}},{"type":"Feature","properties":{"type":"cafe","name":"Café"},"geometry":{"type":"Point","coordinates":[-0.048627,38.600265]}},{"type":"Feature","properties":{"type":"cafe","name":"Cafe-Bar Katanga"},"geometry":{"type":"Point","coordinates":[-0.046579,38.60225]}},{"type":"Feature","properties":{"type":"cafe","name":"Altea Park"},"geometry":{"type":"Point","coordinates":[-0.046086,38.603645]}},{"type":"Feature","properties":{"type":"water","name":"Drinking water"},"geometry":{"type":"Point","coordinates":[-0.065013,38.779421]}},{"type":"Feature","properties":{"type":"water","name":"Drinking water"},"geometry":{"type":"Point","coordinates":[-0.064202,38.780825]}},{"type":"Feature","properties":{"type":"water","name":"Drinking water"},"geometry":{"type":"Point","coordinates":[-0.358786,38.67996]}},{"type":"Feature","properties":{"type":"water","name":"Drinking water"},"geometry":{"type":"Point","coordinates":[-0.359433,38.678717]}},{"type":"Feature","properties":{"type":"toilet","name":"Toilets"},"geometry":{"type":"Point","coordinates":[-0.052216,38.59581]}},{"type":"Feature","properties":{"type":"toilet","name":"Toilets"},"geometry":{"type":"Point","coordinates":[-0.138993,38.568089]}},{"type":"Feature","properties":{"type":"water","name":"Drinking water"},"geometry":{"type":"Point","coordinates":[-0.134627,38.653768]}},{"type":"Feature","properties":{"type":"station","name":"Station"},"geometry":{"type":"Point","coordinates":[-0.051641,38.596286]}},{"type":"Feature","properties":{"type":"water","name":"Drinking water"},"geometry":{"type":"Point","coordinates":[-0.339548,38.68918]}},{"type":"Feature","properties":{"type":"cafe","name":"Cafetería Altea"},"geometry":{"type":"Point","coordinates":[-0.054709,38.593417]}},{"type":"Feature","properties":{"type":"cafe","name":"Delamar"},"geometry":{"type":"Point","coordinates":[0.046769,38.643799]}},{"type":"Feature","properties":{"type":"water","name":"Drinking water"},"geometry":{"type":"Point","coordinates":[0.125684,38.715656]}},{"type":"Feature","properties":{"type":"water","name":"Drinking water"},"geometry":{"type":"Point","coordinates":[0.084059,38.773347]}},{"type":"Feature","properties":{"type":"cafe","name":"La Lola"},"geometry":{"type":"Point","coordinates":[0.130234,38.712218]}},{"type":"Feature","properties":{"type":"cafe","name":"Arrivo"},"geometry":{"type":"Point","coordinates":[0.049263,38.642691]}},{"type":"Feature","properties":{"type":"cafe","name":"Donde Alex"},"geometry":{"type":"Point","coordinates":[0.044855,38.645605]}},{"type":"Feature","properties":{"type":"cafe","name":"Café Azul"},"geometry":{"type":"Point","coordinates":[0.049389,38.644314]}},{"type":"Feature","properties":{"type":"cafe","name":"Peter Pan"},"geometry":{"type":"Point","coordinates":[0.049262,38.644167]}},{"type":"Feature","properties":{"type":"cafe","name":"Cafetería Flandes"},"geometry":{"type":"Point","coordinates":[0.051836,38.643316]}},{"type":"Feature","properties":{"type":"cafe","name":"Deutsche Bäckerei"},"geometry":{"type":"Point","coordinates":[0.061916,38.642938]}},{"type":"Feature","properties":{"type":"toilet","name":"Toilets"},"geometry":{"type":"Point","coordinates":[0.049178,38.645768]}},{"type":"Feature","properties":{"type":"water","name":"Drinking water"},"geometry":{"type":"Point","coordinates":[0.06661,38.640951]}},{"type":"Feature","properties":{"type":"cafe","name":"Pizzeria Rico Sabor"},"geometry":{"type":"Point","coordinates":[0.0517,38.643133]}},{"type":"Feature","properties":{"type":"water","name":"Drinking water"},"geometry":{"type":"Point","coordinates":[0.093969,38.782789]}},{"type":"Feature","properties":{"type":"cafe","name":"Cafe Bar Billy"},"geometry":{"type":"Point","coordinates":[0.124374,38.685965]}},{"type":"Feature","properties":{"type":"water","name":"Font de la Jana"},"geometry":{"type":"Point","coordinates":[0.124311,38.714904]}},{"type":"Feature","properties":{"type":"cafe","name":"Bar Avinguda"},"geometry":{"type":"Point","coordinates":[0.035554,38.795506]}},{"type":"Feature","properties":{"type":"station","name":"Teulada"},"geometry":{"type":"Point","coordinates":[0.097966,38.729248]}},{"type":"Feature","properties":{"type":"water","name":"Drinking water"},"geometry":{"type":"Point","coordinates":[0.032401,38.796137]}},{"type":"Feature","properties":{"type":"cafe","name":"Café"},"geometry":{"type":"Point","coordinates":[0.033069,38.795413]}},{"type":"Feature","properties":{"type":"cafe","name":"Bugatti"},"geometry":{"type":"Point","coordinates":[0.045598,38.645898]}},{"type":"Feature","properties":{"type":"cafe","name":"La Fantasía"},"geometry":{"type":"Point","coordinates":[0.045387,38.645514]}},{"type":"Feature","properties":{"type":"cafe","name":"Cafeseamos"},"geometry":{"type":"Point","coordinates":[0.050909,38.643436]}},{"type":"Feature","properties":{"type":"water","name":"Drinking water"},"geometry":{"type":"Point","coordinates":[0.083594,38.773538]}},{"type":"Feature","properties":{"type":"toilet","name":"Toilets"},"geometry":{"type":"Point","coordinates":[0.159953,38.785319]}},{"type":"Feature","properties":{"type":"toilet","name":"Toilets"},"geometry":{"type":"Point","coordinates":[0.097955,38.729037]}},{"type":"Feature","properties":{"type":"toilet","name":"Toilets"},"geometry":{"type":"Point","coordinates":[0.098565,38.72843]}},{"type":"Feature","properties":{"type":"toilet","name":"Toilets"},"geometry":{"type":"Point","coordinates":[0.077475,38.688537]}},{"type":"Feature","properties":{"type":"water","name":"Drinking water"},"geometry":{"type":"Point","coordinates":[-0.125247,38.836541]}},{"type":"Feature","properties":{"type":"water","name":"Font de Benialí"},"geometry":{"type":"Point","coordinates":[-0.221902,38.821764]}},{"type":"Feature","properties":{"type":"water","name":"Drinking water"},"geometry":{"type":"Point","coordinates":[-0.240588,38.821199]}},{"type":"Feature","properties":{"type":"water","name":"Font d'en Pau"},"geometry":{"type":"Point","coordinates":[-0.213511,38.826366]}},{"type":"Feature","properties":{"type":"water","name":"Drinking water"},"geometry":{"type":"Point","coordinates":[-0.149054,38.848124]}},{"type":"Feature","properties":{"type":"water","name":"Drinking water"},"geometry":{"type":"Point","coordinates":[-0.12033,38.839581]}},{"type":"Feature","properties":{"type":"cafe","name":"Casino"},"geometry":{"type":"Point","coordinates":[-0.116195,38.8414]}},{"type":"Feature","properties":{"type":"cafe","name":"Cafeteria Karina"},"geometry":{"type":"Point","coordinates":[-0.119904,38.840229]}},{"type":"Feature","properties":{"type":"water","name":"Drinking water"},"geometry":{"type":"Point","coordinates":[-0.159804,38.805745]}},{"type":"Feature","properties":{"type":"toilet","name":"Toilets"},"geometry":{"type":"Point","coordinates":[-0.109538,38.842923]}},{"type":"Feature","properties":{"type":"water","name":"Drinking water"},"geometry":{"type":"Point","coordinates":[-0.110303,38.843019]}},{"type":"Feature","properties":{"type":"water","name":"Drinking water"},"geometry":{"type":"Point","coordinates":[-0.150938,38.847222]}},{"type":"Feature","properties":{"type":"cafe","name":"Bar Estació"},"geometry":{"type":"Point","coordinates":[0.112616,38.839779]}},{"type":"Feature","properties":{"type":"cafe","name":"Boca"},"geometry":{"type":"Point","coordinates":[0.112684,38.841093]}},{"type":"Feature","properties":{"type":"station","name":"Dénia"},"geometry":{"type":"Point","coordinates":[0.11271,38.839402]}},{"type":"Feature","properties":{"type":"cafe","name":"Temptacions"},"geometry":{"type":"Point","coordinates":[0.018842,38.849381]}},{"type":"Feature","properties":{"type":"cafe","name":"Jamaica Inn"},"geometry":{"type":"Point","coordinates":[0.109726,38.844659]}},{"type":"Feature","properties":{"type":"cafe","name":"Green Drinks"},"geometry":{"type":"Point","coordinates":[0.11028,38.843503]}},{"type":"Feature","properties":{"type":"cafe","name":"Florencio"},"geometry":{"type":"Point","coordinates":[0.112476,38.840566]}},{"type":"Feature","properties":{"type":"cafe","name":"Anima"},"geometry":{"type":"Point","coordinates":[0.110388,38.84314]}},{"type":"Feature","properties":{"type":"water","name":"Drinking water"},"geometry":{"type":"Point","coordinates":[0.10922,38.845044]}},{"type":"Feature","properties":{"type":"toilet","name":"Toilets"},"geometry":{"type":"Point","coordinates":[0.109152,38.841407]}},{"type":"Feature","properties":{"type":"cafe","name":"Bar Centre Social"},"geometry":{"type":"Point","coordinates":[0.111229,38.84049]}},{"type":"Feature","properties":{"type":"cafe","name":"noray"},"geometry":{"type":"Point","coordinates":[0.114023,38.838653]}},{"type":"Feature","properties":{"type":"cafe","name":"Cafetería Andreu"},"geometry":{"type":"Point","coordinates":[0.018707,38.850661]}},{"type":"Feature","properties":{"type":"toilet","name":"Toilets"},"geometry":{"type":"Point","coordinates":[0.109207,38.844366]}},{"type":"Feature","properties":{"type":"toilet","name":"Toilets"},"geometry":{"type":"Point","coordinates":[0.109265,38.844436]}},{"type":"Feature","properties":{"type":"toilet","name":"Toilets"},"geometry":{"type":"Point","coordinates":[0.121576,38.835045]}},{"type":"Feature","properties":{"type":"toilet","name":"Toilets"},"geometry":{"type":"Point","coordinates":[0.122481,38.83444]}},{"type":"Feature","properties":{"type":"cafe","name":"Casa Piaggio"},"geometry":{"type":"Point","coordinates":[0.102083,38.843258]}},{"type":"Feature","properties":{"type":"toilet","name":"Toilets"},"geometry":{"type":"Point","coordinates":[2.799369,39.851019]}},{"type":"Feature","properties":{"type":"cafe","name":"Epcot"},"geometry":{"type":"Point","coordinates":[3.1192,39.837431]}},{"type":"Feature","properties":{"type":"cafe","name":"antic forn"},"geometry":{"type":"Point","coordinates":[2.900507,39.754892]}},{"type":"Feature","properties":{"type":"toilet","name":"Toilets"},"geometry":{"type":"Point","coordinates":[2.816269,39.831877]}},{"type":"Feature","properties":{"type":"cafe","name":"Gran Café 1919"},"geometry":{"type":"Point","coordinates":[3.082715,39.906618]}},{"type":"Feature","properties":{"type":"cafe","name":"Els Arcs"},"geometry":{"type":"Point","coordinates":[2.824307,39.81632]}},{"type":"Feature","properties":{"type":"toilet","name":"Toilets"},"geometry":{"type":"Point","coordinates":[2.898113,39.83706]}},{"type":"Feature","properties":{"type":"toilet","name":"Toilets"},"geometry":{"type":"Point","coordinates":[2.894318,39.834153]}},{"type":"Feature","properties":{"type":"cafe","name":"Can Tomeu"},"geometry":{"type":"Point","coordinates":[2.902903,39.77128]}},{"type":"Feature","properties":{"type":"cafe","name":"El Perrito"},"geometry":{"type":"Point","coordinates":[3.015382,39.882192]}},{"type":"Feature","properties":{"type":"cafe","name":"Café"},"geometry":{"type":"Point","coordinates":[3.118361,39.852251]}},{"type":"Feature","properties":{"type":"cafe","name":"Store Formentor"},"geometry":{"type":"Point","coordinates":[3.092464,39.911727]}},{"type":"Feature","properties":{"type":"cafe","name":"S’Aturada"},"geometry":{"type":"Point","coordinates":[2.902343,39.77017]}},{"type":"Feature","properties":{"type":"cafe","name":"Sant Sebastià"},"geometry":{"type":"Point","coordinates":[3.119137,39.85293]}},{"type":"Feature","properties":{"type":"cafe","name":"Café"},"geometry":{"type":"Point","coordinates":[3.11433,39.821718]}},{"type":"Feature","properties":{"type":"cafe","name":"Es Mercat"},"geometry":{"type":"Point","coordinates":[3.123632,39.851598]}},{"type":"Feature","properties":{"type":"cafe","name":"Es Passeig"},"geometry":{"type":"Point","coordinates":[3.123819,39.852257]}},{"type":"Feature","properties":{"type":"water","name":"Drinking water"},"geometry":{"type":"Point","coordinates":[2.895341,39.833515]}},{"type":"Feature","properties":{"type":"cafe","name":"Ca's capellà"},"geometry":{"type":"Point","coordinates":[3.122239,39.852082]}},{"type":"Feature","properties":{"type":"cafe","name":"Xilvar"},"geometry":{"type":"Point","coordinates":[2.904364,39.756136]}},{"type":"Feature","properties":{"type":"cafe","name":"Café"},"geometry":{"type":"Point","coordinates":[3.082,39.9072]}},{"type":"Feature","properties":{"type":"station","name":"Sa Pobla"},"geometry":{"type":"Point","coordinates":[3.029259,39.764468]}},{"type":"Feature","properties":{"type":"cafe","name":"es Cantó"},"geometry":{"type":"Point","coordinates":[3.114519,39.822047]}},{"type":"Feature","properties":{"type":"cafe","name":"Güep' Cafe"},"geometry":{"type":"Point","coordinates":[3.115314,39.815298]}},{"type":"Feature","properties":{"type":"cafe","name":"Bon Apetit"},"geometry":{"type":"Point","coordinates":[3.115447,39.851918]}},{"type":"Feature","properties":{"type":"cafe","name":"Syrah"},"geometry":{"type":"Point","coordinates":[3.112522,39.831632]}},{"type":"Feature","properties":{"type":"cafe","name":"Nevada"},"geometry":{"type":"Point","coordinates":[3.108167,39.831382]}},{"type":"Feature","properties":{"type":"cafe","name":"Legends"},"geometry":{"type":"Point","coordinates":[3.107643,39.831352]}},{"type":"Feature","properties":{"type":"cafe","name":"Danny's"},"geometry":{"type":"Point","coordinates":[3.118265,39.833775]}},{"type":"Feature","properties":{"type":"cafe","name":"Patagonia"},"geometry":{"type":"Point","coordinates":[3.121666,39.840547]}},{"type":"Feature","properties":{"type":"cafe","name":"Porta de Mallorca"},"geometry":{"type":"Point","coordinates":[3.118273,39.852921]}},{"type":"Feature","properties":{"type":"toilet","name":"Toilets"},"geometry":{"type":"Point","coordinates":[3.116589,39.822269]}},{"type":"Feature","properties":{"type":"toilet","name":"Toilets"},"geometry":{"type":"Point","coordinates":[3.123829,39.851886]}},{"type":"Feature","properties":{"type":"cafe","name":"Ca les Monges"},"geometry":{"type":"Point","coordinates":[3.081755,39.905087]}},{"type":"Feature","properties":{"type":"cafe","name":"ca's Capella"},"geometry":{"type":"Point","coordinates":[3.122193,39.852142]}},{"type":"Feature","properties":{"type":"cafe","name":"Ses Forques"},"geometry":{"type":"Point","coordinates":[3.11569,39.85245]}},{"type":"Feature","properties":{"type":"cafe","name":"Café"},"geometry":{"type":"Point","coordinates":[3.124587,39.851842]}},{"type":"Feature","properties":{"type":"cafe","name":"Eleonore"},"geometry":{"type":"Point","coordinates":[3.122694,39.853245]}},{"type":"Feature","properties":{"type":"cafe","name":"Hiru"},"geometry":{"type":"Point","coordinates":[3.122081,39.840167]}},{"type":"Feature","properties":{"type":"toilet","name":"Toilets"},"geometry":{"type":"Point","coordinates":[3.112194,39.818005]}},{"type":"Feature","properties":{"type":"cafe","name":"Juanito"},"geometry":{"type":"Point","coordinates":[3.07748,39.905298]}},{"type":"Feature","properties":{"type":"cafe","name":"Cappuccino"},"geometry":{"type":"Point","coordinates":[3.085011,39.90859]}},{"type":"Feature","properties":{"type":"cafe","name":"Me Gusta"},"geometry":{"type":"Point","coordinates":[3.124129,39.853271]}},{"type":"Feature","properties":{"type":"cafe","name":"Tea house"},"geometry":{"type":"Point","coordinates":[3.124108,39.853358]}},{"type":"Feature","properties":{"type":"cafe","name":"es Coll Baix"},"geometry":{"type":"Point","coordinates":[3.12457,39.853041]}},{"type":"Feature","properties":{"type":"toilet","name":"Toilets"},"geometry":{"type":"Point","coordinates":[2.955611,39.726914]}},{"type":"Feature","properties":{"type":"cafe","name":"La Vall"},"geometry":{"type":"Point","coordinates":[3.07959,39.908483]}},{"type":"Feature","properties":{"type":"cafe","name":"Ca Na Sole"},"geometry":{"type":"Point","coordinates":[3.11952,39.852475]}},{"type":"Feature","properties":{"type":"cafe","name":"Y Punto"},"geometry":{"type":"Point","coordinates":[3.125996,39.851317]}},{"type":"Feature","properties":{"type":"water","name":"Drinking water"},"geometry":{"type":"Point","coordinates":[3.118868,39.853179]}},{"type":"Feature","properties":{"type":"cafe","name":"Café"},"geometry":{"type":"Point","coordinates":[3.084754,39.908225]}},{"type":"Feature","properties":{"type":"cafe","name":"Fusion"},"geometry":{"type":"Point","coordinates":[3.123938,39.853349]}},{"type":"Feature","properties":{"type":"cafe","name":"Bar C'an Tomeu"},"geometry":{"type":"Point","coordinates":[2.902742,39.771428]}},{"type":"Feature","properties":{"type":"cafe","name":"Holibikes Cafeteria"},"geometry":{"type":"Point","coordinates":[3.087267,39.910934]}},{"type":"Feature","properties":{"type":"toilet","name":"Toilets"},"geometry":{"type":"Point","coordinates":[3.098997,39.912438]}},{"type":"Feature","properties":{"type":"cafe","name":"Tropikal Poke"},"geometry":{"type":"Point","coordinates":[3.121808,39.840462]}},{"type":"Feature","properties":{"type":"toilet","name":"Toilets"},"geometry":{"type":"Point","coordinates":[3.082758,39.905862]}},{"type":"Feature","properties":{"type":"cafe","name":"Café"},"geometry":{"type":"Point","coordinates":[3.119626,39.839402]}},{"type":"Feature","properties":{"type":"toilet","name":"Toilets"},"geometry":{"type":"Point","coordinates":[2.891221,39.789926]}},{"type":"Feature","properties":{"type":"water","name":"Drinking water"},"geometry":{"type":"Point","coordinates":[3.014476,39.881822]}},{"type":"Feature","properties":{"type":"cafe","name":"Dixto. Healthy Fastfood Restaurant - Cafe"},"geometry":{"type":"Point","coordinates":[3.081546,39.90568]}},{"type":"Feature","properties":{"type":"cafe","name":"Malloria Alcudia"},"geometry":{"type":"Point","coordinates":[3.121403,39.852824]}},{"type":"Feature","properties":{"type":"cafe","name":"The Black Pig Bistro"},"geometry":{"type":"Point","coordinates":[3.119394,39.852911]}},{"type":"Feature","properties":{"type":"cafe","name":"Cappuccino Grand Cafe"},"geometry":{"type":"Point","coordinates":[3.084784,39.90875]}},{"type":"Feature","properties":{"type":"cafe","name":"Patagonia Café-Bistro"},"geometry":{"type":"Point","coordinates":[3.122476,39.853242]}},{"type":"Feature","properties":{"type":"toilet","name":"Toilets"},"geometry":{"type":"Point","coordinates":[2.896417,39.839202]}},{"type":"Feature","properties":{"type":"cafe","name":"sa Piscina"},"geometry":{"type":"Point","coordinates":[2.898409,39.757512]}},{"type":"Feature","properties":{"type":"cafe","name":"Maya"},"geometry":{"type":"Point","coordinates":[3.124765,39.853765]}},{"type":"Feature","properties":{"type":"cafe","name":"Ca'n Pereó"},"geometry":{"type":"Point","coordinates":[2.90097,39.755253]}},{"type":"Feature","properties":{"type":"cafe","name":"Can Tomeu"},"geometry":{"type":"Point","coordinates":[3.139545,39.861861]}},{"type":"Feature","properties":{"type":"toilet","name":"Toilets"},"geometry":{"type":"Point","coordinates":[3.078406,39.893544]}},{"type":"Feature","properties":{"type":"cafe","name":"Can Vila"},"geometry":{"type":"Point","coordinates":[2.901453,39.771227]}},{"type":"Feature","properties":{"type":"cafe","name":"Milano"},"geometry":{"type":"Point","coordinates":[3.120621,39.839988]}},{"type":"Feature","properties":{"type":"cafe","name":"Far de Formentor"},"geometry":{"type":"Point","coordinates":[3.212371,39.961324]}},{"type":"Feature","properties":{"type":"toilet","name":"Toilets"},"geometry":{"type":"Point","coordinates":[3.212272,39.961485]}},{"type":"Feature","properties":{"type":"water","name":"Drinking water"},"geometry":{"type":"Point","coordinates":[2.623345,41.969601]}},{"type":"Feature","properties":{"type":"water","name":"Drinking water"},"geometry":{"type":"Point","coordinates":[2.605839,41.98426]}},{"type":"Feature","properties":{"type":"water","name":"Drinking water"},"geometry":{"type":"Point","coordinates":[2.670789,41.857952]}},{"type":"Feature","properties":{"type":"water","name":"Drinking water"},"geometry":{"type":"Point","coordinates":[2.666188,41.85976]}},{"type":"Feature","properties":{"type":"water","name":"Drinking water"},"geometry":{"type":"Point","coordinates":[2.663886,41.862102]}},{"type":"Feature","properties":{"type":"water","name":"Drinking water"},"geometry":{"type":"Point","coordinates":[2.731487,41.912762]}},{"type":"Feature","properties":{"type":"water","name":"Drinking water"},"geometry":{"type":"Point","coordinates":[2.733777,41.912913]}},{"type":"Feature","properties":{"type":"water","name":"Drinking water"},"geometry":{"type":"Point","coordinates":[2.55592,41.945677]}},{"type":"Feature","properties":{"type":"water","name":"Font del Bordegas"},"geometry":{"type":"Point","coordinates":[2.550966,41.945373]}},{"type":"Feature","properties":{"type":"water","name":"Drinking water"},"geometry":{"type":"Point","coordinates":[2.761792,41.93866]}},{"type":"Feature","properties":{"type":"cafe","name":"El Crosto"},"geometry":{"type":"Point","coordinates":[2.50944,41.879295]}},{"type":"Feature","properties":{"type":"water","name":"Drinking water"},"geometry":{"type":"Point","coordinates":[2.783024,41.970095]}},{"type":"Feature","properties":{"type":"water","name":"Drinking water"},"geometry":{"type":"Point","coordinates":[2.785666,41.970945]}},{"type":"Feature","properties":{"type":"water","name":"Drinking water"},"geometry":{"type":"Point","coordinates":[2.788749,41.970906]}},{"type":"Feature","properties":{"type":"water","name":"Drinking water"},"geometry":{"type":"Point","coordinates":[2.788325,41.971789]}},{"type":"Feature","properties":{"type":"water","name":"Drinking water"},"geometry":{"type":"Point","coordinates":[2.791137,41.971409]}},{"type":"Feature","properties":{"type":"water","name":"Drinking water"},"geometry":{"type":"Point","coordinates":[2.798775,41.97285]}},{"type":"Feature","properties":{"type":"water","name":"Drinking water"},"geometry":{"type":"Point","coordinates":[2.79899,41.974904]}},{"type":"Feature","properties":{"type":"water","name":"Drinking water"},"geometry":{"type":"Point","coordinates":[2.786924,41.97293]}},{"type":"Feature","properties":{"type":"water","name":"Drinking water"},"geometry":{"type":"Point","coordinates":[2.785721,41.971959]}},{"type":"Feature","properties":{"type":"water","name":"Drinking water"},"geometry":{"type":"Point","coordinates":[2.741873,41.96585]}},{"type":"Feature","properties":{"type":"water","name":"Drinking water"},"geometry":{"type":"Point","coordinates":[2.684103,41.94853]}},{"type":"Feature","properties":{"type":"water","name":"Drinking water"},"geometry":{"type":"Point","coordinates":[2.556705,41.945157]}},{"type":"Feature","properties":{"type":"water","name":"Drinking water"},"geometry":{"type":"Point","coordinates":[2.554301,41.945938]}},{"type":"Feature","properties":{"type":"water","name":"Drinking water"},"geometry":{"type":"Point","coordinates":[2.623959,41.969488]}},{"type":"Feature","properties":{"type":"cafe","name":"Café"},"geometry":{"type":"Point","coordinates":[2.79067,41.973398]}},{"type":"Feature","properties":{"type":"water","name":"Drinking water"},"geometry":{"type":"Point","coordinates":[2.631048,41.960707]}},{"type":"Feature","properties":{"type":"water","name":"Drinking water"},"geometry":{"type":"Point","coordinates":[2.632982,41.9596]}},{"type":"Feature","properties":{"type":"water","name":"Drinking water"},"geometry":{"type":"Point","coordinates":[2.633157,41.956309]}},{"type":"Feature","properties":{"type":"water","name":"Drinking water"},"geometry":{"type":"Point","coordinates":[2.559333,41.947092]}},{"type":"Feature","properties":{"type":"toilet","name":"Toilets"},"geometry":{"type":"Point","coordinates":[2.635672,41.95909]}},{"type":"Feature","properties":{"type":"toilet","name":"Toilets"},"geometry":{"type":"Point","coordinates":[2.605726,41.984207]}},{"type":"Feature","properties":{"type":"toilet","name":"Toilets"},"geometry":{"type":"Point","coordinates":[2.633641,41.959146]}},{"type":"Feature","properties":{"type":"toilet","name":"Toilets"},"geometry":{"type":"Point","coordinates":[2.623663,41.969152]}},{"type":"Feature","properties":{"type":"cafe","name":"Cafe de la Placa"},"geometry":{"type":"Point","coordinates":[2.742042,41.96546]}},{"type":"Feature","properties":{"type":"cafe","name":"BdeGust"},"geometry":{"type":"Point","coordinates":[2.825398,41.977518]}},{"type":"Feature","properties":{"type":"cafe","name":"Trafic"},"geometry":{"type":"Point","coordinates":[2.818288,41.979368]}},{"type":"Feature","properties":{"type":"water","name":"Drinking water"},"geometry":{"type":"Point","coordinates":[2.820574,41.987543]}},{"type":"Feature","properties":{"type":"cafe","name":"El Cafe"},"geometry":{"type":"Point","coordinates":[2.824835,41.983415]}},{"type":"Feature","properties":{"type":"cafe","name":"Txots Girona"},"geometry":{"type":"Point","coordinates":[2.823795,41.986153]}},{"type":"Feature","properties":{"type":"cafe","name":"Lola Cafe"},"geometry":{"type":"Point","coordinates":[2.825445,41.985131]}},{"type":"Feature","properties":{"type":"cafe","name":"L'hort"},"geometry":{"type":"Point","coordinates":[2.825186,41.976053]}},{"type":"Feature","properties":{"type":"cafe","name":"l'Olivera"},"geometry":{"type":"Point","coordinates":[2.825985,41.976033]}},{"type":"Feature","properties":{"type":"toilet","name":"Toilets"},"geometry":{"type":"Point","coordinates":[2.823959,41.976556]}},{"type":"Feature","properties":{"type":"toilet","name":"Toilets"},"geometry":{"type":"Point","coordinates":[2.823716,41.982993]}},{"type":"Feature","properties":{"type":"cafe","name":"L'Arc"},"geometry":{"type":"Point","coordinates":[2.825144,41.987189]}},{"type":"Feature","properties":{"type":"cafe","name":"Cafè Royal"},"geometry":{"type":"Point","coordinates":[2.82336,41.985424]}},{"type":"Feature","properties":{"type":"water","name":"Drinking water"},"geometry":{"type":"Point","coordinates":[2.820779,41.995056]}},{"type":"Feature","properties":{"type":"water","name":"Drinking water"},"geometry":{"type":"Point","coordinates":[2.824376,41.988754]}},{"type":"Feature","properties":{"type":"cafe","name":"La Taverna"},"geometry":{"type":"Point","coordinates":[2.821861,41.984026]}},{"type":"Feature","properties":{"type":"water","name":"Drinking water"},"geometry":{"type":"Point","coordinates":[2.823746,41.981611]}},{"type":"Feature","properties":{"type":"water","name":"Drinking water"},"geometry":{"type":"Point","coordinates":[2.824543,41.986756]}},{"type":"Feature","properties":{"type":"water","name":"Font del Carrer de les Ballesteries"},"geometry":{"type":"Point","coordinates":[2.824934,41.985838]}},{"type":"Feature","properties":{"type":"cafe","name":"La Piadina"},"geometry":{"type":"Point","coordinates":[2.820852,41.977362]}},{"type":"Feature","properties":{"type":"cafe","name":"Antiga"},"geometry":{"type":"Point","coordinates":[2.824431,41.983021]}},{"type":"Feature","properties":{"type":"cafe","name":"El Pessic"},"geometry":{"type":"Point","coordinates":[2.823804,41.981944]}},{"type":"Feature","properties":{"type":"cafe","name":"Bocafe"},"geometry":{"type":"Point","coordinates":[2.824365,41.976932]}},{"type":"Feature","properties":{"type":"cafe","name":"Saratoga"},"geometry":{"type":"Point","coordinates":[2.821467,41.977236]}},{"type":"Feature","properties":{"type":"water","name":"Drinking water"},"geometry":{"type":"Point","coordinates":[3.033977,41.781181]}},{"type":"Feature","properties":{"type":"cafe","name":"Cafetería Manix"},"geometry":{"type":"Point","coordinates":[2.821875,41.984617]}},{"type":"Feature","properties":{"type":"cafe","name":"El Niu"},"geometry":{"type":"Point","coordinates":[2.820159,41.982684]}},{"type":"Feature","properties":{"type":"toilet","name":"Toilets"},"geometry":{"type":"Point","coordinates":[2.927706,41.721234]}},{"type":"Feature","properties":{"type":"water","name":"Drinking water"},"geometry":{"type":"Point","coordinates":[2.823515,41.979503]}},{"type":"Feature","properties":{"type":"cafe","name":"La Marquesina"},"geometry":{"type":"Point","coordinates":[3.031111,41.782174]}},{"type":"Feature","properties":{"type":"cafe","name":"Cafetería Sant Ponç"},"geometry":{"type":"Point","coordinates":[2.819703,41.994352]}},{"type":"Feature","properties":{"type":"cafe","name":"L'Aroma"},"geometry":{"type":"Point","coordinates":[3.029148,41.780484]}},{"type":"Feature","properties":{"type":"cafe","name":"Granja Bar Núria"},"geometry":{"type":"Point","coordinates":[3.028753,41.780214]}},{"type":"Feature","properties":{"type":"cafe","name":"El Tirol"},"geometry":{"type":"Point","coordinates":[3.026374,41.781889]}},{"type":"Feature","properties":{"type":"cafe","name":"Barri"},"geometry":{"type":"Point","coordinates":[2.823849,41.969919]}},{"type":"Feature","properties":{"type":"cafe","name":"La Buxeda"},"geometry":{"type":"Point","coordinates":[2.81803,41.983249]}},{"type":"Feature","properties":{"type":"water","name":"Font de la plaça Fidel Aguilar"},"geometry":{"type":"Point","coordinates":[2.805197,41.974147]}},{"type":"Feature","properties":{"type":"water","name":"Drinking water"},"geometry":{"type":"Point","coordinates":[2.806377,41.974511]}},{"type":"Feature","properties":{"type":"water","name":"Drinking water"},"geometry":{"type":"Point","coordinates":[2.801261,41.974901]}},{"type":"Feature","properties":{"type":"water","name":"Drinking water"},"geometry":{"type":"Point","coordinates":[2.821508,41.987611]}},{"type":"Feature","properties":{"type":"water","name":"Drinking water"},"geometry":{"type":"Point","coordinates":[2.821206,41.989356]}},{"type":"Feature","properties":{"type":"water","name":"Drinking water"},"geometry":{"type":"Point","coordinates":[2.80612,41.973968]}},{"type":"Feature","properties":{"type":"toilet","name":"Toilets"},"geometry":{"type":"Point","coordinates":[3.074207,41.822781]}},{"type":"Feature","properties":{"type":"cafe","name":"Yong"},"geometry":{"type":"Point","coordinates":[2.801025,41.974542]}},{"type":"Feature","properties":{"type":"cafe","name":"La Formentera"},"geometry":{"type":"Point","coordinates":[3.069978,41.821798]}},{"type":"Feature","properties":{"type":"cafe","name":"Aplecafe"},"geometry":{"type":"Point","coordinates":[2.805902,41.97461]}},{"type":"Feature","properties":{"type":"cafe","name":"La Granja"},"geometry":{"type":"Point","coordinates":[2.805432,41.973831]}},{"type":"Feature","properties":{"type":"cafe","name":"Pannus"},"geometry":{"type":"Point","coordinates":[2.822144,41.978828]}},{"type":"Feature","properties":{"type":"cafe","name":"Il Piccolo"},"geometry":{"type":"Point","coordinates":[2.82356,41.986556]}},{"type":"Feature","properties":{"type":"cafe","name":"La Boheme"},"geometry":{"type":"Point","coordinates":[2.822931,41.987302]}},{"type":"Feature","properties":{"type":"cafe","name":"Platea"},"geometry":{"type":"Point","coordinates":[2.823141,41.986834]}},{"type":"Feature","properties":{"type":"cafe","name":"Revox"},"geometry":{"type":"Point","coordinates":[2.823511,41.986662]}},{"type":"Feature","properties":{"type":"cafe","name":"Rick's"},"geometry":{"type":"Point","coordinates":[2.819189,41.985299]}},{"type":"Feature","properties":{"type":"cafe","name":"Lotus"},"geometry":{"type":"Point","coordinates":[2.819027,41.983875]}},{"type":"Feature","properties":{"type":"cafe","name":"Rocacorba Cafè"},"geometry":{"type":"Point","coordinates":[2.82272,41.984814]}},{"type":"Feature","properties":{"type":"cafe","name":"Mamma"},"geometry":{"type":"Point","coordinates":[2.820872,41.982782]}},{"type":"Feature","properties":{"type":"cafe","name":"Plis-Plas"},"geometry":{"type":"Point","coordinates":[2.81737,41.979757]}},{"type":"Feature","properties":{"type":"cafe","name":"La plaça"},"geometry":{"type":"Point","coordinates":[2.819305,41.981828]}},{"type":"Feature","properties":{"type":"cafe","name":"Ca l'Ivan"},"geometry":{"type":"Point","coordinates":[2.821761,41.981464]}},{"type":"Feature","properties":{"type":"cafe","name":"Xurreria la family"},"geometry":{"type":"Point","coordinates":[2.822803,41.98213]}},{"type":"Feature","properties":{"type":"cafe","name":"Apple"},"geometry":{"type":"Point","coordinates":[2.822518,41.982382]}},{"type":"Feature","properties":{"type":"cafe","name":"Savoy"},"geometry":{"type":"Point","coordinates":[2.822554,41.982652]}},{"type":"Feature","properties":{"type":"cafe","name":"Petit Berlin"},"geometry":{"type":"Point","coordinates":[2.822231,41.982655]}},{"type":"Feature","properties":{"type":"cafe","name":"Pilot"},"geometry":{"type":"Point","coordinates":[2.823038,41.980589]}},{"type":"Feature","properties":{"type":"cafe","name":"Bones Estones"},"geometry":{"type":"Point","coordinates":[2.811196,41.970333]}},{"type":"Feature","properties":{"type":"cafe","name":"Pandi"},"geometry":{"type":"Point","coordinates":[2.818437,41.975695]}},{"type":"Feature","properties":{"type":"cafe","name":"La Creu"},"geometry":{"type":"Point","coordinates":[2.822849,41.975274]}},{"type":"Feature","properties":{"type":"water","name":"Drinking water"},"geometry":{"type":"Point","coordinates":[2.827157,41.9728]}},{"type":"Feature","properties":{"type":"cafe","name":"365º"},"geometry":{"type":"Point","coordinates":[2.820758,41.979731]}},{"type":"Feature","properties":{"type":"cafe","name":"Café"},"geometry":{"type":"Point","coordinates":[2.821473,41.980131]}},{"type":"Feature","properties":{"type":"cafe","name":"Armengol"},"geometry":{"type":"Point","coordinates":[2.819405,41.979574]}},{"type":"Feature","properties":{"type":"cafe","name":"Fast Coffe"},"geometry":{"type":"Point","coordinates":[2.818423,41.978982]}},{"type":"Feature","properties":{"type":"cafe","name":"Italia"},"geometry":{"type":"Point","coordinates":[2.81788,41.976502]}},{"type":"Feature","properties":{"type":"cafe","name":"Shots"},"geometry":{"type":"Point","coordinates":[2.818853,41.978772]}},{"type":"Feature","properties":{"type":"cafe","name":"Oassis"},"geometry":{"type":"Point","coordinates":[2.819006,41.97869]}},{"type":"Feature","properties":{"type":"cafe","name":"Café"},"geometry":{"type":"Point","coordinates":[2.818712,41.978901]}},{"type":"Feature","properties":{"type":"cafe","name":"Plis Plas"},"geometry":{"type":"Point","coordinates":[2.823826,41.969719]}},{"type":"Feature","properties":{"type":"cafe","name":"La Fábrica"},"geometry":{"type":"Point","coordinates":[2.82595,41.983926]}},{"type":"Feature","properties":{"type":"cafe","name":"El confesionari"},"geometry":{"type":"Point","coordinates":[2.814969,41.971112]}},{"type":"Feature","properties":{"type":"water","name":"Drinking water"},"geometry":{"type":"Point","coordinates":[2.815612,41.972614]}},{"type":"Feature","properties":{"type":"cafe","name":"L'Exquisit"},"geometry":{"type":"Point","coordinates":[2.824948,41.985918]}},{"type":"Feature","properties":{"type":"water","name":"Mare de Déu de la Pera"},"geometry":{"type":"Point","coordinates":[2.825827,41.986884]}},{"type":"Feature","properties":{"type":"cafe","name":"Torrons i Gelats Candela"},"geometry":{"type":"Point","coordinates":[2.824559,41.984712]}},{"type":"Feature","properties":{"type":"cafe","name":"L'Arbre"},"geometry":{"type":"Point","coordinates":[2.824537,41.989293]}},{"type":"Feature","properties":{"type":"toilet","name":"Toilets"},"geometry":{"type":"Point","coordinates":[2.822583,41.987801]}},{"type":"Feature","properties":{"type":"water","name":"Font de canaletes"},"geometry":{"type":"Point","coordinates":[3.068101,41.818887]}},{"type":"Feature","properties":{"type":"cafe","name":"Espresso Mafia"},"geometry":{"type":"Point","coordinates":[2.824974,41.98466]}},{"type":"Feature","properties":{"type":"cafe","name":"Originem"},"geometry":{"type":"Point","coordinates":[2.825216,41.985493]}},{"type":"Feature","properties":{"type":"water","name":"Drinking water"},"geometry":{"type":"Point","coordinates":[2.820793,41.982268]}},{"type":"Feature","properties":{"type":"water","name":"Drinking water"},"geometry":{"type":"Point","coordinates":[2.819195,41.982152]}},{"type":"Feature","properties":{"type":"water","name":"Drinking water"},"geometry":{"type":"Point","coordinates":[2.826024,41.991648]}},{"type":"Feature","properties":{"type":"water","name":"Font del pou de la Cadena"},"geometry":{"type":"Point","coordinates":[2.824667,41.984999]}},{"type":"Feature","properties":{"type":"cafe","name":"La Fleca"},"geometry":{"type":"Point","coordinates":[2.930061,41.722053]}},{"type":"Feature","properties":{"type":"water","name":"Drinking water"},"geometry":{"type":"Point","coordinates":[3.087104,41.836236]}},{"type":"Feature","properties":{"type":"water","name":"Drinking water"},"geometry":{"type":"Point","coordinates":[3.087674,41.836153]}},{"type":"Feature","properties":{"type":"water","name":"Drinking water"},"geometry":{"type":"Point","coordinates":[3.086987,41.835449]}},{"type":"Feature","properties":{"type":"water","name":"Drinking water"},"geometry":{"type":"Point","coordinates":[3.086937,41.83582]}},{"type":"Feature","properties":{"type":"water","name":"Drinking water"},"geometry":{"type":"Point","coordinates":[3.087029,41.834036]}},{"type":"Feature","properties":{"type":"cafe","name":"Eat Sleep Cycle"},"geometry":{"type":"Point","coordinates":[2.823931,41.981666]}},{"type":"Feature","properties":{"type":"cafe","name":"Claudi"},"geometry":{"type":"Point","coordinates":[2.930951,41.721623]}},{"type":"Feature","properties":{"type":"toilet","name":"Toilets"},"geometry":{"type":"Point","coordinates":[2.821139,41.986596]}},{"type":"Feature","properties":{"type":"water","name":"Drinking water"},"geometry":{"type":"Point","coordinates":[3.037154,41.956093]}},{"type":"Feature","properties":{"type":"cafe","name":"La Comuna Café"},"geometry":{"type":"Point","coordinates":[2.824984,41.989046]}},{"type":"Feature","properties":{"type":"cafe","name":"Can Bigotis"},"geometry":{"type":"Point","coordinates":[2.931331,41.722514]}},{"type":"Feature","properties":{"type":"cafe","name":"Gelio"},"geometry":{"type":"Point","coordinates":[2.931116,41.721109]}},{"type":"Feature","properties":{"type":"cafe","name":"J. Abellan"},"geometry":{"type":"Point","coordinates":[2.928883,41.721698]}},{"type":"Feature","properties":{"type":"cafe","name":"Chesery Swiss Fondue"},"geometry":{"type":"Point","coordinates":[2.929899,41.721449]}},{"type":"Feature","properties":{"type":"cafe","name":"La Mama"},"geometry":{"type":"Point","coordinates":[2.929928,41.722369]}},{"type":"Feature","properties":{"type":"cafe","name":"Antina"},"geometry":{"type":"Point","coordinates":[2.929676,41.722687]}},{"type":"Feature","properties":{"type":"cafe","name":"Santa Clara"},"geometry":{"type":"Point","coordinates":[2.950993,41.733698]}},{"type":"Feature","properties":{"type":"toilet","name":"Toilets"},"geometry":{"type":"Point","coordinates":[2.950484,41.736451]}},{"type":"Feature","properties":{"type":"water","name":"Drinking water"},"geometry":{"type":"Point","coordinates":[3.033921,41.952707]}},{"type":"Feature","properties":{"type":"toilet","name":"Toilets"},"geometry":{"type":"Point","coordinates":[2.824086,41.97597]}},{"type":"Feature","properties":{"type":"cafe","name":"Pont de Pedra"},"geometry":{"type":"Point","coordinates":[2.823925,41.982561]}},{"type":"Feature","properties":{"type":"water","name":"Drinking water"},"geometry":{"type":"Point","coordinates":[2.8206,41.978566]}},{"type":"Feature","properties":{"type":"cafe","name":"PdePà"},"geometry":{"type":"Point","coordinates":[2.822173,41.979279]}},{"type":"Feature","properties":{"type":"water","name":"Drinking water"},"geometry":{"type":"Point","coordinates":[2.824469,41.980786]}},{"type":"Feature","properties":{"type":"water","name":"Drinking water"},"geometry":{"type":"Point","coordinates":[2.800774,41.973473]}},{"type":"Feature","properties":{"type":"water","name":"Drinking water"},"geometry":{"type":"Point","coordinates":[2.800564,41.975073]}},{"type":"Feature","properties":{"type":"water","name":"Drinking water"},"geometry":{"type":"Point","coordinates":[3.079197,41.861182]}},{"type":"Feature","properties":{"type":"cafe","name":"Federal cafe"},"geometry":{"type":"Point","coordinates":[2.825216,41.985714]}},{"type":"Feature","properties":{"type":"cafe","name":"Jaier"},"geometry":{"type":"Point","coordinates":[2.827153,41.972449]}},{"type":"Feature","properties":{"type":"water","name":"Drinking water"},"geometry":{"type":"Point","coordinates":[2.823409,41.986009]}},{"type":"Feature","properties":{"type":"cafe","name":"Café"},"geometry":{"type":"Point","coordinates":[2.823437,41.978747]}},{"type":"Feature","properties":{"type":"cafe","name":"Café del Port"},"geometry":{"type":"Point","coordinates":[3.054933,41.805465]}},{"type":"Feature","properties":{"type":"toilet","name":"Toilets"},"geometry":{"type":"Point","coordinates":[3.030884,41.780567]}},{"type":"Feature","properties":{"type":"station","name":"Girona"},"geometry":{"type":"Point","coordinates":[2.816286,41.979166]}},{"type":"Feature","properties":{"type":"water","name":"Drinking water"},"geometry":{"type":"Point","coordinates":[2.820691,41.978527]}},{"type":"Feature","properties":{"type":"cafe","name":"Dulce Pikika"},"geometry":{"type":"Point","coordinates":[3.070365,41.822254]}},{"type":"Feature","properties":{"type":"water","name":"Font"},"geometry":{"type":"Point","coordinates":[2.817313,41.993306]}},{"type":"Feature","properties":{"type":"water","name":"Drinking water"},"geometry":{"type":"Point","coordinates":[2.819688,41.977452]}},{"type":"Feature","properties":{"type":"cafe","name":"GironaPa"},"geometry":{"type":"Point","coordinates":[2.804136,41.974638]}},{"type":"Feature","properties":{"type":"cafe","name":"Nonita"},"geometry":{"type":"Point","coordinates":[2.818956,41.982915]}},{"type":"Feature","properties":{"type":"cafe","name":"Eiximenis"},"geometry":{"type":"Point","coordinates":[2.821446,41.984874]}},{"type":"Feature","properties":{"type":"cafe","name":"Bar Els Àngels"},"geometry":{"type":"Point","coordinates":[2.90902,41.984562]}},{"type":"Feature","properties":{"type":"toilet","name":"Toilets"},"geometry":{"type":"Point","coordinates":[2.823492,41.986073]}},{"type":"Feature","properties":{"type":"toilet","name":"Toilets"},"geometry":{"type":"Point","coordinates":[2.823466,41.986067]}},{"type":"Feature","properties":{"type":"cafe","name":"Essenze"},"geometry":{"type":"Point","coordinates":[2.817518,41.975615]}},{"type":"Feature","properties":{"type":"water","name":"Drinking water"},"geometry":{"type":"Point","coordinates":[2.823955,41.976386]}},{"type":"Feature","properties":{"type":"toilet","name":"Toilets"},"geometry":{"type":"Point","coordinates":[3.029028,41.778387]}},{"type":"Feature","properties":{"type":"water","name":"Drinking water"},"geometry":{"type":"Point","coordinates":[3.02869,41.780414]}},{"type":"Feature","properties":{"type":"toilet","name":"Toilets"},"geometry":{"type":"Point","coordinates":[3.084294,41.833841]}},{"type":"Feature","properties":{"type":"toilet","name":"Toilets"},"geometry":{"type":"Point","coordinates":[3.083411,41.832473]}},{"type":"Feature","properties":{"type":"water","name":"Drinking water"},"geometry":{"type":"Point","coordinates":[3.071363,41.823863]}},{"type":"Feature","properties":{"type":"water","name":"Drinking water"},"geometry":{"type":"Point","coordinates":[2.890409,41.826504]}},{"type":"Feature","properties":{"type":"water","name":"Drinking water"},"geometry":{"type":"Point","coordinates":[2.962972,41.747114]}},{"type":"Feature","properties":{"type":"water","name":"Drinking water"},"geometry":{"type":"Point","coordinates":[3.038195,41.78478]}},{"type":"Feature","properties":{"type":"water","name":"Drinking water"},"geometry":{"type":"Point","coordinates":[3.047385,41.794155]}},{"type":"Feature","properties":{"type":"water","name":"Drinking water"},"geometry":{"type":"Point","coordinates":[3.055906,41.806856]}},{"type":"Feature","properties":{"type":"cafe","name":"Vademekum kafé"},"geometry":{"type":"Point","coordinates":[3.055276,41.806519]}},{"type":"Feature","properties":{"type":"water","name":"Drinking water"},"geometry":{"type":"Point","coordinates":[3.059986,41.810084]}},{"type":"Feature","properties":{"type":"water","name":"Drinking water"},"geometry":{"type":"Point","coordinates":[2.816207,41.979102]}},{"type":"Feature","properties":{"type":"cafe","name":"Bar Restaurant Baccus"},"geometry":{"type":"Point","coordinates":[2.825324,41.973628]}},{"type":"Feature","properties":{"type":"cafe","name":"Upcycling café"},"geometry":{"type":"Point","coordinates":[3.068232,41.81999]}},{"type":"Feature","properties":{"type":"water","name":"Drinking water"},"geometry":{"type":"Point","coordinates":[2.820183,41.987458]}},{"type":"Feature","properties":{"type":"toilet","name":"Toilets"},"geometry":{"type":"Point","coordinates":[2.82062,41.979419]}},{"type":"Feature","properties":{"type":"toilet","name":"Toilets"},"geometry":{"type":"Point","coordinates":[2.960474,41.748673]}},{"type":"Feature","properties":{"type":"water","name":"Drinking water"},"geometry":{"type":"Point","coordinates":[3.022365,41.780806]}},{"type":"Feature","properties":{"type":"water","name":"Drinking water"},"geometry":{"type":"Point","coordinates":[2.826251,41.99332]}},{"type":"Feature","properties":{"type":"cafe","name":"bar cacao"},"geometry":{"type":"Point","coordinates":[2.822856,41.981632]}},{"type":"Feature","properties":{"type":"water","name":"Drinking water"},"geometry":{"type":"Point","coordinates":[2.822899,41.981557]}},{"type":"Feature","properties":{"type":"cafe","name":"Girbal"},"geometry":{"type":"Point","coordinates":[3.076154,41.861455]}},{"type":"Feature","properties":{"type":"cafe","name":"L'Altell"},"geometry":{"type":"Point","coordinates":[2.822682,41.980867]}},{"type":"Feature","properties":{"type":"cafe","name":"Verd"},"geometry":{"type":"Point","coordinates":[2.825258,41.986371]}},{"type":"Feature","properties":{"type":"water","name":"Drinking water"},"geometry":{"type":"Point","coordinates":[3.031461,41.780824]}},{"type":"Feature","properties":{"type":"water","name":"Drinking water"},"geometry":{"type":"Point","coordinates":[2.82394,41.990726]}},{"type":"Feature","properties":{"type":"toilet","name":"Toilets"},"geometry":{"type":"Point","coordinates":[3.085042,41.829693]}},{"type":"Feature","properties":{"type":"water","name":"Drinking water"},"geometry":{"type":"Point","coordinates":[3.084041,41.827466]}},{"type":"Feature","properties":{"type":"cafe","name":"Café"},"geometry":{"type":"Point","coordinates":[2.824491,41.984411]}},{"type":"Feature","properties":{"type":"cafe","name":"B12"},"geometry":{"type":"Point","coordinates":[2.822897,41.984519]}},{"type":"Feature","properties":{"type":"water","name":"Drinking water"},"geometry":{"type":"Point","coordinates":[2.889942,41.824356]}},{"type":"Feature","properties":{"type":"cafe","name":"Bali"},"geometry":{"type":"Point","coordinates":[2.820912,41.97922]}},{"type":"Feature","properties":{"type":"water","name":"Drinking water"},"geometry":{"type":"Point","coordinates":[2.825816,41.984591]}},{"type":"Feature","properties":{"type":"cafe","name":"Café"},"geometry":{"type":"Point","coordinates":[2.819352,41.980885]}},{"type":"Feature","properties":{"type":"cafe","name":"Vivari"},"geometry":{"type":"Point","coordinates":[2.820207,41.977511]}},{"type":"Feature","properties":{"type":"water","name":"Drinking water"},"geometry":{"type":"Point","coordinates":[3.022514,41.780189]}},{"type":"Feature","properties":{"type":"water","name":"Drinking water"},"geometry":{"type":"Point","coordinates":[3.063501,41.813605]}},{"type":"Feature","properties":{"type":"cafe","name":"Pa’ty"},"geometry":{"type":"Point","coordinates":[2.818114,41.979999]}},{"type":"Feature","properties":{"type":"water","name":"Drinking water"},"geometry":{"type":"Point","coordinates":[2.825987,41.977552]}},{"type":"Feature","properties":{"type":"cafe","name":"Chimney Cake Girona"},"geometry":{"type":"Point","coordinates":[2.823207,41.985375]}},{"type":"Feature","properties":{"type":"cafe","name":"Hidden Coffee Roasters"},"geometry":{"type":"Point","coordinates":[2.824104,41.984127]}},{"type":"Feature","properties":{"type":"cafe","name":"365º"},"geometry":{"type":"Point","coordinates":[2.821166,41.982735]}},{"type":"Feature","properties":{"type":"cafe","name":"Casamoner"},"geometry":{"type":"Point","coordinates":[3.048049,41.794849]}},{"type":"Feature","properties":{"type":"cafe","name":"Monercafé"},"geometry":{"type":"Point","coordinates":[2.818752,41.978]}},{"type":"Feature","properties":{"type":"water","name":"Drinking water"},"geometry":{"type":"Point","coordinates":[2.824525,41.97069]}},{"type":"Feature","properties":{"type":"cafe","name":"Cafeteria Europa"},"geometry":{"type":"Point","coordinates":[2.814587,41.97554]}},{"type":"Feature","properties":{"type":"water","name":"Drinking water"},"geometry":{"type":"Point","coordinates":[3.094603,41.843607]}},{"type":"Feature","properties":{"type":"cafe","name":"Bencha"},"geometry":{"type":"Point","coordinates":[2.824431,41.984737]}},{"type":"Feature","properties":{"type":"water","name":"Drinking water"},"geometry":{"type":"Point","coordinates":[3.024802,41.780475]}},{"type":"Feature","properties":{"type":"water","name":"Drinking water"},"geometry":{"type":"Point","coordinates":[3.040824,41.788721]}},{"type":"Feature","properties":{"type":"cafe","name":"Café"},"geometry":{"type":"Point","coordinates":[3.02725,41.780377]}},{"type":"Feature","properties":{"type":"cafe","name":"Café"},"geometry":{"type":"Point","coordinates":[3.047737,41.795195]}},{"type":"Feature","properties":{"type":"cafe","name":"Café"},"geometry":{"type":"Point","coordinates":[3.047611,41.79362]}},{"type":"Feature","properties":{"type":"cafe","name":"Café"},"geometry":{"type":"Point","coordinates":[3.04817,41.79653]}},{"type":"Feature","properties":{"type":"cafe","name":"Café"},"geometry":{"type":"Point","coordinates":[3.093018,41.843112]}},{"type":"Feature","properties":{"type":"toilet","name":"Toilets"},"geometry":{"type":"Point","coordinates":[2.816608,41.979335]}},{"type":"Feature","properties":{"type":"water","name":"Drinking water"},"geometry":{"type":"Point","coordinates":[3.028896,41.778741]}},{"type":"Feature","properties":{"type":"cafe","name":"El Ruedo"},"geometry":{"type":"Point","coordinates":[2.930229,41.722584]}},{"type":"Feature","properties":{"type":"toilet","name":"Toilets"},"geometry":{"type":"Point","coordinates":[2.80784,41.94126]}},{"type":"Feature","properties":{"type":"toilet","name":"Toilets"},"geometry":{"type":"Point","coordinates":[3.086514,41.835298]}},{"type":"Feature","properties":{"type":"toilet","name":"Casa del rellotge"},"geometry":{"type":"Point","coordinates":[2.82096,41.986926]}},{"type":"Feature","properties":{"type":"cafe","name":"SetMatch tennis cafe"},"geometry":{"type":"Point","coordinates":[3.055661,41.807701]}},{"type":"Feature","properties":{"type":"cafe","name":"Bar La Canyera"},"geometry":{"type":"Point","coordinates":[2.87013,41.830632]}},{"type":"Feature","properties":{"type":"cafe","name":"Café"},"geometry":{"type":"Point","coordinates":[2.820664,41.979599]}},{"type":"Feature","properties":{"type":"water","name":"Drinking water"},"geometry":{"type":"Point","coordinates":[2.570109,42.145451]}},{"type":"Feature","properties":{"type":"water","name":"Drinking water"},"geometry":{"type":"Point","coordinates":[2.497458,42.180797]}},{"type":"Feature","properties":{"type":"water","name":"Drinking water"},"geometry":{"type":"Point","coordinates":[2.496071,42.178329]}},{"type":"Feature","properties":{"type":"water","name":"Font del Parc de la Draga"},"geometry":{"type":"Point","coordinates":[2.760668,42.125098]}},{"type":"Feature","properties":{"type":"water","name":"Drinking water"},"geometry":{"type":"Point","coordinates":[2.710161,42.237087]}},{"type":"Feature","properties":{"type":"cafe","name":"La Xixonenca"},"geometry":{"type":"Point","coordinates":[2.765443,42.117708]}},{"type":"Feature","properties":{"type":"cafe","name":"Café"},"geometry":{"type":"Point","coordinates":[2.763638,42.118215]}},{"type":"Feature","properties":{"type":"cafe","name":"La Gelateria"},"geometry":{"type":"Point","coordinates":[2.764712,42.118157]}},{"type":"Feature","properties":{"type":"water","name":"Drinking water"},"geometry":{"type":"Point","coordinates":[2.510804,42.161455]}},{"type":"Feature","properties":{"type":"cafe","name":"Centre Cívic de Can Blanc"},"geometry":{"type":"Point","coordinates":[2.511531,42.159591]}},{"type":"Feature","properties":{"type":"water","name":"Drinking water"},"geometry":{"type":"Point","coordinates":[2.511453,42.159629]}},{"type":"Feature","properties":{"type":"water","name":"Font de ca la Quima"},"geometry":{"type":"Point","coordinates":[2.509707,42.212394]}},{"type":"Feature","properties":{"type":"water","name":"Drinking water"},"geometry":{"type":"Point","coordinates":[2.509499,42.212934]}},{"type":"Feature","properties":{"type":"water","name":"Font dels Pisos de \"la Caixa\""},"geometry":{"type":"Point","coordinates":[2.763338,42.113899]}},{"type":"Feature","properties":{"type":"water","name":"Font del Barri de Guèmol"},"geometry":{"type":"Point","coordinates":[2.766052,42.110425]}},{"type":"Feature","properties":{"type":"water","name":"Font de la Plaça d'en Xesco Boix"},"geometry":{"type":"Point","coordinates":[2.768787,42.111567]}},{"type":"Feature","properties":{"type":"water","name":"Font de les Ànimes"},"geometry":{"type":"Point","coordinates":[2.764391,42.122693]}},{"type":"Feature","properties":{"type":"water","name":"Font de l'horta de les Monges"},"geometry":{"type":"Point","coordinates":[2.764038,42.117491]}},{"type":"Feature","properties":{"type":"water","name":"Font del Carrer de Mata"},"geometry":{"type":"Point","coordinates":[2.774391,42.111536]}},{"type":"Feature","properties":{"type":"water","name":"Drinking water"},"geometry":{"type":"Point","coordinates":[2.531301,42.147878]}},{"type":"Feature","properties":{"type":"water","name":"Drinking water"},"geometry":{"type":"Point","coordinates":[2.54998,42.219275]}},{"type":"Feature","properties":{"type":"water","name":"Drinking water"},"geometry":{"type":"Point","coordinates":[2.554217,42.218171]}},{"type":"Feature","properties":{"type":"water","name":"Font de la Plaça"},"geometry":{"type":"Point","coordinates":[2.798853,42.187146]}},{"type":"Feature","properties":{"type":"cafe","name":"La Fleca"},"geometry":{"type":"Point","coordinates":[2.76309,42.123713]}},{"type":"Feature","properties":{"type":"toilet","name":"Toilets"},"geometry":{"type":"Point","coordinates":[2.544405,42.147164]}},{"type":"Feature","properties":{"type":"water","name":"Font de la Plaça de l'Ajuntament"},"geometry":{"type":"Point","coordinates":[2.795733,42.177208]}},{"type":"Feature","properties":{"type":"water","name":"Font del Carrer Pere Ordis"},"geometry":{"type":"Point","coordinates":[2.794998,42.177792]}},{"type":"Feature","properties":{"type":"water","name":"Font de la Plaça de Major"},"geometry":{"type":"Point","coordinates":[2.795461,42.069839]}},{"type":"Feature","properties":{"type":"water","name":"Font del Barri del Remei"},"geometry":{"type":"Point","coordinates":[2.766413,42.108434]}},{"type":"Feature","properties":{"type":"water","name":"Font de la Placeta d'en Ges"},"geometry":{"type":"Point","coordinates":[2.765066,42.120406]}},{"type":"Feature","properties":{"type":"water","name":"Font del Carrer Girona"},"geometry":{"type":"Point","coordinates":[2.766521,42.117777]}},{"type":"Feature","properties":{"type":"water","name":"Font de la Plaça de la Bòbila"},"geometry":{"type":"Point","coordinates":[2.765063,42.098118]}},{"type":"Feature","properties":{"type":"water","name":"Font de la Plaça de l'Ajuntament"},"geometry":{"type":"Point","coordinates":[2.767255,42.093998]}},{"type":"Feature","properties":{"type":"water","name":"Font de Can Quelot"},"geometry":{"type":"Point","coordinates":[2.799706,42.187969]}},{"type":"Feature","properties":{"type":"water","name":"Font de Cal Taco"},"geometry":{"type":"Point","coordinates":[2.79872,42.18778]}},{"type":"Feature","properties":{"type":"water","name":"Drinking water"},"geometry":{"type":"Point","coordinates":[2.508305,42.211078]}},{"type":"Feature","properties":{"type":"water","name":"Drinking water"},"geometry":{"type":"Point","coordinates":[2.552037,42.147225]}},{"type":"Feature","properties":{"type":"water","name":"Drinking water"},"geometry":{"type":"Point","coordinates":[2.709665,42.236959]}},{"type":"Feature","properties":{"type":"toilet","name":"Toilets"},"geometry":{"type":"Point","coordinates":[2.568513,42.146319]}},{"type":"Feature","properties":{"type":"water","name":"Drinking water"},"geometry":{"type":"Point","coordinates":[2.614609,42.154316]}},{"type":"Feature","properties":{"type":"toilet","name":"Toilets"},"geometry":{"type":"Point","coordinates":[2.517831,42.153947]}},{"type":"Feature","properties":{"type":"water","name":"Drinking water"},"geometry":{"type":"Point","coordinates":[2.500626,42.190987]}},{"type":"Feature","properties":{"type":"water","name":"Drinking water"},"geometry":{"type":"Point","coordinates":[2.546632,42.21973]}},{"type":"Feature","properties":{"type":"water","name":"Drinking water"},"geometry":{"type":"Point","coordinates":[2.611088,42.212606]}},{"type":"Feature","properties":{"type":"toilet","name":"Toilets"},"geometry":{"type":"Point","coordinates":[2.546012,42.2197]}},{"type":"Feature","properties":{"type":"water","name":"Drinking water"},"geometry":{"type":"Point","coordinates":[2.581148,42.147676]}},{"type":"Feature","properties":{"type":"water","name":"Drinking water"},"geometry":{"type":"Point","coordinates":[2.697182,42.198949]}},{"type":"Feature","properties":{"type":"water","name":"Drinking water"},"geometry":{"type":"Point","coordinates":[2.49813,42.17299]}},{"type":"Feature","properties":{"type":"toilet","name":"Toilets"},"geometry":{"type":"Point","coordinates":[2.544403,42.147162]}},{"type":"Feature","properties":{"type":"toilet","name":"Toilets"},"geometry":{"type":"Point","coordinates":[2.763901,42.117549]}},{"type":"Feature","properties":{"type":"cafe","name":"Bar el Casal"},"geometry":{"type":"Point","coordinates":[2.642517,42.215871]}},{"type":"Feature","properties":{"type":"water","name":"Drinking water"},"geometry":{"type":"Point","coordinates":[2.815438,42.009131]}},{"type":"Feature","properties":{"type":"water","name":"Drinking water"},"geometry":{"type":"Point","coordinates":[2.914252,42.06796]}},{"type":"Feature","properties":{"type":"cafe","name":"Els socs"},"geometry":{"type":"Point","coordinates":[2.815112,42.009462]}},{"type":"Feature","properties":{"type":"water","name":"Drinking water"},"geometry":{"type":"Point","coordinates":[2.825525,42.018484]}},{"type":"Feature","properties":{"type":"water","name":"Drinking water"},"geometry":{"type":"Point","coordinates":[2.823087,42.017601]}},{"type":"Feature","properties":{"type":"water","name":"Drinking water"},"geometry":{"type":"Point","coordinates":[2.824412,42.003455]}},{"type":"Feature","properties":{"type":"water","name":"Font de la Plaça del Poble"},"geometry":{"type":"Point","coordinates":[2.813154,42.057695]}},{"type":"Feature","properties":{"type":"water","name":"Font de la Plaça de l'Església"},"geometry":{"type":"Point","coordinates":[2.815879,42.090175]}},{"type":"Feature","properties":{"type":"water","name":"Drinking water"},"geometry":{"type":"Point","coordinates":[2.962039,42.059882]}},{"type":"Feature","properties":{"type":"water","name":"Drinking water"},"geometry":{"type":"Point","coordinates":[2.820611,42.225083]}},{"type":"Feature","properties":{"type":"water","name":"Font del Pavelló"},"geometry":{"type":"Point","coordinates":[2.816953,42.072205]}},{"type":"Feature","properties":{"type":"water","name":"Font de la Plaça de l'Església"},"geometry":{"type":"Point","coordinates":[2.818996,42.105941]}},{"type":"Feature","properties":{"type":"water","name":"Font del Cementiri"},"geometry":{"type":"Point","coordinates":[2.817778,42.093611]}},{"type":"Feature","properties":{"type":"water","name":"Font del Pavelló"},"geometry":{"type":"Point","coordinates":[2.816526,42.088956]}},{"type":"Feature","properties":{"type":"water","name":"Drinking water"},"geometry":{"type":"Point","coordinates":[2.996979,42.039495]}},{"type":"Feature","properties":{"type":"cafe","name":"Café"},"geometry":{"type":"Point","coordinates":[2.95727,42.047345]}},{"type":"Feature","properties":{"type":"water","name":"Drinking water"},"geometry":{"type":"Point","coordinates":[2.957641,42.046932]}},{"type":"Feature","properties":{"type":"water","name":"Drinking water"},"geometry":{"type":"Point","coordinates":[2.825219,42.01255]}},{"type":"Feature","properties":{"type":"water","name":"Drinking water"},"geometry":{"type":"Point","coordinates":[2.867565,42.048514]}},{"type":"Feature","properties":{"type":"station","name":"Flaçà"},"geometry":{"type":"Point","coordinates":[2.957171,42.047492]}},{"type":"Feature","properties":{"type":"cafe","name":"Bar Vicky"},"geometry":{"type":"Point","coordinates":[2.825245,42.024523]}},{"type":"Feature","properties":{"type":"water","name":"Drinking water"},"geometry":{"type":"Point","coordinates":[2.949508,42.071726]}},{"type":"Feature","properties":{"type":"toilet","name":"Toilets"},"geometry":{"type":"Point","coordinates":[-0.546079,50.810032]}},{"type":"Feature","properties":{"type":"cafe","name":"Caffè Nero"},"geometry":{"type":"Point","coordinates":[-0.488884,51.14122]}},{"type":"Feature","properties":{"type":"cafe","name":"Royal Fish & Chips"},"geometry":{"type":"Point","coordinates":[-0.543477,50.809018]}},{"type":"Feature","properties":{"type":"toilet","name":"Toilets"},"geometry":{"type":"Point","coordinates":[-0.488192,51.139885]}},{"type":"Feature","properties":{"type":"station","name":"Littlehampton"},"geometry":{"type":"Point","coordinates":[-0.546257,50.810175]}},{"type":"Feature","properties":{"type":"cafe","name":"Portuguese Grill"},"geometry":{"type":"Point","coordinates":[-0.542806,50.809658]}},{"type":"Feature","properties":{"type":"cafe","name":"Costa"},"geometry":{"type":"Point","coordinates":[-0.541823,50.809527]}},{"type":"Feature","properties":{"type":"cafe","name":"Café A Sério?!"},"geometry":{"type":"Point","coordinates":[-0.540401,50.808801]}},{"type":"Feature","properties":{"type":"cafe","name":"Cafe Seventy Two"},"geometry":{"type":"Point","coordinates":[-0.541498,50.809329]}},{"type":"Feature","properties":{"type":"cafe","name":"O Segredo"},"geometry":{"type":"Point","coordinates":[-0.540916,50.80904]}},{"type":"Feature","properties":{"type":"station","name":"Ford"},"geometry":{"type":"Point","coordinates":[-0.578301,50.829364]}},{"type":"Feature","properties":{"type":"cafe","name":"Pier Road Coffee & Art"},"geometry":{"type":"Point","coordinates":[-0.540707,50.809424]}},{"type":"Feature","properties":{"type":"cafe","name":"Vittorio's Coffee Shop"},"geometry":{"type":"Point","coordinates":[-0.54006,50.809474]}},{"type":"Feature","properties":{"type":"cafe","name":"Coco Cafe & Sugar Lounge"},"geometry":{"type":"Point","coordinates":[-0.610696,50.985962]}},{"type":"Feature","properties":{"type":"cafe","name":"Smash'D"},"geometry":{"type":"Point","coordinates":[-0.543794,50.809]}},{"type":"Feature","properties":{"type":"cafe","name":"Café"},"geometry":{"type":"Point","coordinates":[-0.543209,50.809677]}},{"type":"Feature","properties":{"type":"water","name":"Drinking water"},"geometry":{"type":"Point","coordinates":[-0.60997,50.989018]}},{"type":"Feature","properties":{"type":"toilet","name":"Toilets"},"geometry":{"type":"Point","coordinates":[-0.610264,50.993386]}},{"type":"Feature","properties":{"type":"cafe","name":"The Hungry Guest"},"geometry":{"type":"Point","coordinates":[-0.611047,50.984233]}},{"type":"Feature","properties":{"type":"cafe","name":"Wild & Green"},"geometry":{"type":"Point","coordinates":[-0.492839,51.141934]}},{"type":"Feature","properties":{"type":"cafe","name":"The Old Corn Store Bar / Bistro"},"geometry":{"type":"Point","coordinates":[-0.54158,50.809172]}},{"type":"Feature","properties":{"type":"cafe","name":"Iberica"},"geometry":{"type":"Point","coordinates":[-0.540932,50.808604]}},{"type":"Feature","properties":{"type":"cafe","name":"Birds of Paradise Deli"},"geometry":{"type":"Point","coordinates":[-0.540127,50.808517]}},{"type":"Feature","properties":{"type":"toilet","name":"Toilets"},"geometry":{"type":"Point","coordinates":[-0.497192,51.143752]}},{"type":"Feature","properties":{"type":"cafe","name":"Joanna's Boutique Tearoom"},"geometry":{"type":"Point","coordinates":[-0.489729,51.141344]}},{"type":"Feature","properties":{"type":"cafe","name":"Cromwell Coffee House"},"geometry":{"type":"Point","coordinates":[-0.48953,51.141294]}},{"type":"Feature","properties":{"type":"cafe","name":"altitude"},"geometry":{"type":"Point","coordinates":[-0.488746,51.14089]}},{"type":"Feature","properties":{"type":"cafe","name":"Audit Room Café"},"geometry":{"type":"Point","coordinates":[-0.610323,50.987793]}},{"type":"Feature","properties":{"type":"toilet","name":"Toilets"},"geometry":{"type":"Point","coordinates":[-0.610289,50.988303]}},{"type":"Feature","properties":{"type":"cafe","name":"Café"},"geometry":{"type":"Point","coordinates":[-0.580555,50.817427]}},{"type":"Feature","properties":{"type":"cafe","name":"Costrong Farm Shop & Nursery"},"geometry":{"type":"Point","coordinates":[-0.547496,51.054278]}},{"type":"Feature","properties":{"type":"toilet","name":"Toilets"},"geometry":{"type":"Point","coordinates":[-0.577437,50.826604]}},{"type":"Feature","properties":{"type":"cafe","name":"Whiteways Cafe"},"geometry":{"type":"Point","coordinates":[-0.5774,50.888398]}},{"type":"Feature","properties":{"type":"cafe","name":"Kings Head Coffee Shop"},"geometry":{"type":"Point","coordinates":[-0.411036,51.18556]}},{"type":"Feature","properties":{"type":"toilet","name":"Toilets"},"geometry":{"type":"Point","coordinates":[-0.488198,51.13988]}},{"type":"Feature","properties":{"type":"cafe","name":"Tiffins Tea Rooms"},"geometry":{"type":"Point","coordinates":[-0.608761,50.985695]}},{"type":"Feature","properties":{"type":"toilet","name":"Toilets"},"geometry":{"type":"Point","coordinates":[-0.610147,50.985239]}},{"type":"Feature","properties":{"type":"cafe","name":"Heartwork Coffee Bar"},"geometry":{"type":"Point","coordinates":[-0.407537,51.184516]}},{"type":"Feature","properties":{"type":"cafe","name":"Rotunda Cafe"},"geometry":{"type":"Point","coordinates":[-0.14362,50.837672]}},{"type":"Feature","properties":{"type":"toilet","name":"Toilets"},"geometry":{"type":"Point","coordinates":[-0.143718,50.837756]}},{"type":"Feature","properties":{"type":"cafe","name":"Blaker's Park Cafe"},"geometry":{"type":"Point","coordinates":[-0.137561,50.842512]}},{"type":"Feature","properties":{"type":"cafe","name":"Melissa's"},"geometry":{"type":"Point","coordinates":[-0.134565,50.844065]}},{"type":"Feature","properties":{"type":"cafe","name":"The Flour Pot Bakery"},"geometry":{"type":"Point","coordinates":[-0.135068,50.844259]}},{"type":"Feature","properties":{"type":"cafe","name":"Presuming Ed's"},"geometry":{"type":"Point","coordinates":[-0.136044,50.830981]}},{"type":"Feature","properties":{"type":"cafe","name":"Milos"},"geometry":{"type":"Point","coordinates":[-0.144339,50.82398]}},{"type":"Feature","properties":{"type":"cafe","name":"Okka Coffee"},"geometry":{"type":"Point","coordinates":[-0.154534,50.838273]}},{"type":"Feature","properties":{"type":"cafe","name":"1 Middle Row"},"geometry":{"type":"Point","coordinates":[-0.006575,51.123831]}},{"type":"Feature","properties":{"type":"toilet","name":"Open Market toilets"},"geometry":{"type":"Point","coordinates":[-0.13492,50.831447]}},{"type":"Feature","properties":{"type":"cafe","name":"Dyke Road Park Cafe"},"geometry":{"type":"Point","coordinates":[-0.153063,50.836464]}},{"type":"Feature","properties":{"type":"toilet","name":"Toilets"},"geometry":{"type":"Point","coordinates":[-0.114001,50.920466]}},{"type":"Feature","properties":{"type":"cafe","name":"Caffè Nero"},"geometry":{"type":"Point","coordinates":[-0.144826,50.823854]}},{"type":"Feature","properties":{"type":"cafe","name":"The Shop Café"},"geometry":{"type":"Point","coordinates":[-0.134517,50.819962]}},{"type":"Feature","properties":{"type":"cafe","name":"Katz"},"geometry":{"type":"Point","coordinates":[-0.143067,50.82014]}},{"type":"Feature","properties":{"type":"cafe","name":"The Buccaneer"},"geometry":{"type":"Point","coordinates":[-0.142929,50.820117]}},{"type":"Feature","properties":{"type":"cafe","name":"Café"},"geometry":{"type":"Point","coordinates":[-0.138202,50.819237]}},{"type":"Feature","properties":{"type":"cafe","name":"Coffee Trader"},"geometry":{"type":"Point","coordinates":[-0.136561,50.818577]}},{"type":"Feature","properties":{"type":"cafe","name":"Cowley Club Café"},"geometry":{"type":"Point","coordinates":[-0.136214,50.830288]}},{"type":"Feature","properties":{"type":"cafe","name":"Pelicano"},"geometry":{"type":"Point","coordinates":[-0.134061,50.829357]}},{"type":"Feature","properties":{"type":"cafe","name":"The Tea Cosy"},"geometry":{"type":"Point","coordinates":[-0.134866,50.821188]}},{"type":"Feature","properties":{"type":"cafe","name":"Figaros"},"geometry":{"type":"Point","coordinates":[-0.134698,50.821532]}},{"type":"Feature","properties":{"type":"cafe","name":"Cafe Bistro"},"geometry":{"type":"Point","coordinates":[-0.134679,50.821574]}},{"type":"Feature","properties":{"type":"cafe","name":"Bom-Bane's"},"geometry":{"type":"Point","coordinates":[-0.134489,50.821986]}},{"type":"Feature","properties":{"type":"cafe","name":"Costa"},"geometry":{"type":"Point","coordinates":[-0.008785,51.124986]}},{"type":"Feature","properties":{"type":"cafe","name":"Caffè Nero"},"geometry":{"type":"Point","coordinates":[-0.007188,51.124051]}},{"type":"Feature","properties":{"type":"cafe","name":"Moksha Caffè"},"geometry":{"type":"Point","coordinates":[-0.13563,50.828132]}},{"type":"Feature","properties":{"type":"cafe","name":"Blank Street Coffee"},"geometry":{"type":"Point","coordinates":[-0.139391,50.820745]}},{"type":"Feature","properties":{"type":"toilet","name":"Toilets"},"geometry":{"type":"Point","coordinates":[-0.133853,50.830626]}},{"type":"Feature","properties":{"type":"cafe","name":"High Beeches Cafe"},"geometry":{"type":"Point","coordinates":[-0.177847,51.063404]}},{"type":"Feature","properties":{"type":"cafe","name":"The Royal Pavilion Rooms"},"geometry":{"type":"Point","coordinates":[-0.138159,50.82211]}},{"type":"Feature","properties":{"type":"cafe","name":"Poppins"},"geometry":{"type":"Point","coordinates":[-0.009271,51.124659]}},{"type":"Feature","properties":{"type":"cafe","name":"Pavilion Tea Rooms"},"geometry":{"type":"Point","coordinates":[-0.137673,50.822681]}},{"type":"Feature","properties":{"type":"cafe","name":"Rust"},"geometry":{"type":"Point","coordinates":[-0.140522,50.834807]}},{"type":"Feature","properties":{"type":"cafe","name":"Rumblin' Tums Cafe"},"geometry":{"type":"Point","coordinates":[-0.034771,51.137308]}},{"type":"Feature","properties":{"type":"cafe","name":"Hello My Moon"},"geometry":{"type":"Point","coordinates":[-0.135666,50.828639]}},{"type":"Feature","properties":{"type":"cafe","name":"Cosy Cottage"},"geometry":{"type":"Point","coordinates":[-0.136698,50.831439]}},{"type":"Feature","properties":{"type":"cafe","name":"Glazed"},"geometry":{"type":"Point","coordinates":[-0.134695,50.830223]}},{"type":"Feature","properties":{"type":"cafe","name":"Meating Point"},"geometry":{"type":"Point","coordinates":[-0.136877,50.828235]}},{"type":"Feature","properties":{"type":"cafe","name":"DRNK"},"geometry":{"type":"Point","coordinates":[-0.142434,50.820392]}},{"type":"Feature","properties":{"type":"cafe","name":"The Wildflower Cafe"},"geometry":{"type":"Point","coordinates":[-0.193003,50.889187]}},{"type":"Feature","properties":{"type":"cafe","name":"Nice Slices @ Dice Saloon"},"geometry":{"type":"Point","coordinates":[-0.137246,50.832467]}},{"type":"Feature","properties":{"type":"station","name":"Dormans"},"geometry":{"type":"Point","coordinates":[-0.004227,51.155867]}},{"type":"Feature","properties":{"type":"toilet","name":"Toilets/Baby Changing Facilties"},"geometry":{"type":"Point","coordinates":[-0.145715,50.822663]}},{"type":"Feature","properties":{"type":"cafe","name":"The Green Welly"},"geometry":{"type":"Point","coordinates":[-0.115007,50.921067]}},{"type":"Feature","properties":{"type":"cafe","name":"Salvage & Sawdust Co."},"geometry":{"type":"Point","coordinates":[-0.147058,50.830258]}},{"type":"Feature","properties":{"type":"cafe","name":"The Flour Pot Bakery"},"geometry":{"type":"Point","coordinates":[-0.148011,50.831483]}},{"type":"Feature","properties":{"type":"cafe","name":"Kings Brighton Courtyard Cafe"},"geometry":{"type":"Point","coordinates":[-0.134803,50.830366]}},{"type":"Feature","properties":{"type":"cafe","name":"The Fat Seagull Cafe"},"geometry":{"type":"Point","coordinates":[-0.135669,50.828682]}},{"type":"Feature","properties":{"type":"cafe","name":"cloud9 Brighton"},"geometry":{"type":"Point","coordinates":[-0.135654,50.828418]}},{"type":"Feature","properties":{"type":"toilet","name":"Toilets"},"geometry":{"type":"Point","coordinates":[-0.137719,50.822609]}},{"type":"Feature","properties":{"type":"cafe","name":"Ala's Cafe"},"geometry":{"type":"Point","coordinates":[-0.14435,50.823366]}},{"type":"Feature","properties":{"type":"cafe","name":"Wafflemeister"},"geometry":{"type":"Point","coordinates":[-0.143607,50.823237]}},{"type":"Feature","properties":{"type":"cafe","name":"Frankie's Grinder"},"geometry":{"type":"Point","coordinates":[-0.135636,50.822684]}},{"type":"Feature","properties":{"type":"cafe","name":"Puck"},"geometry":{"type":"Point","coordinates":[-0.147048,50.831212]}},{"type":"Feature","properties":{"type":"cafe","name":"nova"},"geometry":{"type":"Point","coordinates":[-0.136134,50.831128]}},{"type":"Feature","properties":{"type":"cafe","name":"Neeko"},"geometry":{"type":"Point","coordinates":[-0.142611,50.822817]}},{"type":"Feature","properties":{"type":"cafe","name":"Cafe Arcadia"},"geometry":{"type":"Point","coordinates":[-0.144943,50.82403]}},{"type":"Feature","properties":{"type":"cafe","name":"Tutti Frutti"},"geometry":{"type":"Point","coordinates":[-0.147124,50.830433]}},{"type":"Feature","properties":{"type":"cafe","name":"T@The Dials"},"geometry":{"type":"Point","coordinates":[-0.147335,50.830171]}},{"type":"Feature","properties":{"type":"cafe","name":"Costa"},"geometry":{"type":"Point","coordinates":[-0.146157,50.824005]}},{"type":"Feature","properties":{"type":"cafe","name":"The Canopy"},"geometry":{"type":"Point","coordinates":[-0.147139,50.829708]}},{"type":"Feature","properties":{"type":"cafe","name":"T4 Tea For U"},"geometry":{"type":"Point","coordinates":[-0.143363,50.824249]}},{"type":"Feature","properties":{"type":"cafe","name":"Red Fish Art & Coffee"},"geometry":{"type":"Point","coordinates":[-0.136322,50.827924]}},{"type":"Feature","properties":{"type":"cafe","name":"Middle Street School Breakfast Club"},"geometry":{"type":"Point","coordinates":[-0.14327,50.822276]}},{"type":"Feature","properties":{"type":"cafe","name":"Old Steine Cafe"},"geometry":{"type":"Point","coordinates":[-0.137587,50.821011]}},{"type":"Feature","properties":{"type":"cafe","name":"Liotru Caffe"},"geometry":{"type":"Point","coordinates":[-0.137438,50.823979]}},{"type":"Feature","properties":{"type":"cafe","name":"Costa"},"geometry":{"type":"Point","coordinates":[-0.145504,50.821012]}},{"type":"Feature","properties":{"type":"toilet","name":"Toilets"},"geometry":{"type":"Point","coordinates":[-0.153066,50.836525]}},{"type":"Feature","properties":{"type":"station","name":"Cooksbridge"},"geometry":{"type":"Point","coordinates":[-0.009309,50.903713]}},{"type":"Feature","properties":{"type":"cafe","name":"Piazza Café"},"geometry":{"type":"Point","coordinates":[-0.151814,50.834406]}},{"type":"Feature","properties":{"type":"cafe","name":"Café"},"geometry":{"type":"Point","coordinates":[-0.379285,51.169379]}},{"type":"Feature","properties":{"type":"cafe","name":"Costa"},"geometry":{"type":"Point","coordinates":[-0.136244,50.830546]}},{"type":"Feature","properties":{"type":"cafe","name":"Espresso Yourself"},"geometry":{"type":"Point","coordinates":[-0.140889,50.833364]}},{"type":"Feature","properties":{"type":"cafe","name":"Florence Road Market Cafe"},"geometry":{"type":"Point","coordinates":[-0.135685,50.838029]}},{"type":"Feature","properties":{"type":"cafe","name":"Cafe Asia"},"geometry":{"type":"Point","coordinates":[-0.158101,50.843341]}},{"type":"Feature","properties":{"type":"water","name":"Drinking water"},"geometry":{"type":"Point","coordinates":[-0.007482,51.123878]}},{"type":"Feature","properties":{"type":"toilet","name":"Toilets"},"geometry":{"type":"Point","coordinates":[-0.138168,50.830707]}},{"type":"Feature","properties":{"type":"cafe","name":"Copper Café"},"geometry":{"type":"Point","coordinates":[-0.151556,50.83452]}},{"type":"Feature","properties":{"type":"cafe","name":"Mad Dog Coffee Lounge"},"geometry":{"type":"Point","coordinates":[-0.007583,51.123822]}},{"type":"Feature","properties":{"type":"cafe","name":"Nest"},"geometry":{"type":"Point","coordinates":[-0.00813,51.123832]}},{"type":"Feature","properties":{"type":"cafe","name":"The Mug Tree"},"geometry":{"type":"Point","coordinates":[-0.008882,51.123803]}},{"type":"Feature","properties":{"type":"toilet","name":"Toilets"},"geometry":{"type":"Point","coordinates":[-0.004407,51.126002]}},{"type":"Feature","properties":{"type":"cafe","name":"The Green Room"},"geometry":{"type":"Point","coordinates":[-0.133704,50.837391]}},{"type":"Feature","properties":{"type":"cafe","name":"Bam's Kitchen"},"geometry":{"type":"Point","coordinates":[-0.140011,50.833244]}},{"type":"Feature","properties":{"type":"cafe","name":"Bror"},"geometry":{"type":"Point","coordinates":[-0.14852,50.831747]}},{"type":"Feature","properties":{"type":"cafe","name":"Streets Cafe"},"geometry":{"type":"Point","coordinates":[-0.13491,50.831588]}},{"type":"Feature","properties":{"type":"toilet","name":"Shelter Hall"},"geometry":{"type":"Point","coordinates":[-0.145288,50.820433]}},{"type":"Feature","properties":{"type":"cafe","name":"JO.CO"},"geometry":{"type":"Point","coordinates":[-0.20023,51.054055]}},{"type":"Feature","properties":{"type":"cafe","name":"Kernel Canteen"},"geometry":{"type":"Point","coordinates":[-0.13449,50.824701]}},{"type":"Feature","properties":{"type":"cafe","name":"Phoenix Coffee Bar"},"geometry":{"type":"Point","coordinates":[-0.134047,50.828636]}},{"type":"Feature","properties":{"type":"toilet","name":"Toilets"},"geometry":{"type":"Point","coordinates":[-0.089076,50.97089]}},{"type":"Feature","properties":{"type":"cafe","name":"Twin Pines Coffee House"},"geometry":{"type":"Point","coordinates":[-0.135129,50.821053]}},{"type":"Feature","properties":{"type":"cafe","name":"The Flying Saucer"},"geometry":{"type":"Point","coordinates":[-0.135613,50.831514]}},{"type":"Feature","properties":{"type":"cafe","name":"Jazz Kissa Lazy Bird"},"geometry":{"type":"Point","coordinates":[-0.134474,50.831648]}},{"type":"Feature","properties":{"type":"water","name":"Drinking water"},"geometry":{"type":"Point","coordinates":[-0.145304,50.823704]}},{"type":"Feature","properties":{"type":"cafe","name":"Fishing Museum Coffee Shop"},"geometry":{"type":"Point","coordinates":[-0.142402,50.820005]}},{"type":"Feature","properties":{"type":"cafe","name":"Revaluit HUB"},"geometry":{"type":"Point","coordinates":[-0.138266,50.821676]}},{"type":"Feature","properties":{"type":"cafe","name":"Chatime"},"geometry":{"type":"Point","coordinates":[-0.14313,50.824036]}},{"type":"Feature","properties":{"type":"toilet","name":"Toilets"},"geometry":{"type":"Point","coordinates":[-0.010395,51.124724]}},{"type":"Feature","properties":{"type":"water","name":"Drinking water"},"geometry":{"type":"Point","coordinates":[-0.136964,50.823537]}},{"type":"Feature","properties":{"type":"cafe","name":"Heavenly Desserts"},"geometry":{"type":"Point","coordinates":[-0.135767,50.830385]}},{"type":"Feature","properties":{"type":"cafe","name":"Starbucks"},"geometry":{"type":"Point","coordinates":[-0.135736,50.830275]}},{"type":"Feature","properties":{"type":"cafe","name":"the M&S Café"},"geometry":{"type":"Point","coordinates":[-0.14564,50.824164]}},{"type":"Feature","properties":{"type":"cafe","name":"Trading Post Coffee Roasters"},"geometry":{"type":"Point","coordinates":[-0.144848,50.823531]}},{"type":"Feature","properties":{"type":"cafe","name":"The Little Green Truck Co"},"geometry":{"type":"Point","coordinates":[-0.002721,51.129647]}},{"type":"Feature","properties":{"type":"cafe","name":"Beach Hut Cafe"},"geometry":{"type":"Point","coordinates":[-0.138842,50.819184]}},{"type":"Feature","properties":{"type":"cafe","name":"The Treetop Cafe"},"geometry":{"type":"Point","coordinates":[-0.139921,50.838293]}},{"type":"Feature","properties":{"type":"cafe","name":"Coffee#1"},"geometry":{"type":"Point","coordinates":[-0.010069,51.124656]}},{"type":"Feature","properties":{"type":"cafe","name":"The Nutmeg Tree"},"geometry":{"type":"Point","coordinates":[-0.115338,50.920974]}},{"type":"Feature","properties":{"type":"cafe","name":"Curio"},"geometry":{"type":"Point","coordinates":[-0.13882,50.834234]}},{"type":"Feature","properties":{"type":"cafe","name":"Cafe Domenica"},"geometry":{"type":"Point","coordinates":[-0.139473,50.833838]}},{"type":"Feature","properties":{"type":"cafe","name":"Jacob's Bakery+ Cafe"},"geometry":{"type":"Point","coordinates":[-0.135951,50.826112]}},{"type":"Feature","properties":{"type":"cafe","name":"Cosy Corner Cafe"},"geometry":{"type":"Point","coordinates":[-0.131981,50.840331]}},{"type":"Feature","properties":{"type":"cafe","name":"Redroaster"},"geometry":{"type":"Point","coordinates":[-0.136093,50.821165]}},{"type":"Feature","properties":{"type":"cafe","name":"Costa Coffee"},"geometry":{"type":"Point","coordinates":[-0.018163,51.173964]}},{"type":"Feature","properties":{"type":"cafe","name":"Kurdish kitchen"},"geometry":{"type":"Point","coordinates":[-0.138048,50.83271]}},{"type":"Feature","properties":{"type":"cafe","name":"Pelmeni Hand Made"},"geometry":{"type":"Point","coordinates":[-0.139345,50.83406]}},{"type":"Feature","properties":{"type":"cafe","name":"Rushfields Cafe"},"geometry":{"type":"Point","coordinates":[-0.204095,50.903047]}},{"type":"Feature","properties":{"type":"cafe","name":"Bangs Brunch & Lunch"},"geometry":{"type":"Point","coordinates":[-0.089152,50.970837]}},{"type":"Feature","properties":{"type":"toilet","name":"Toilets"},"geometry":{"type":"Point","coordinates":[-0.090509,50.970867]}},{"type":"Feature","properties":{"type":"cafe","name":"NUTRIVEO"},"geometry":{"type":"Point","coordinates":[-0.144562,50.824175]}},{"type":"Feature","properties":{"type":"cafe","name":"Tee Tea"},"geometry":{"type":"Point","coordinates":[-0.144854,50.823988]}},{"type":"Feature","properties":{"type":"cafe","name":"The Milk Shed"},"geometry":{"type":"Point","coordinates":[-0.135691,50.82258]}},{"type":"Feature","properties":{"type":"cafe","name":"Trading Post Coffee Roasters"},"geometry":{"type":"Point","coordinates":[-0.141737,50.822874]}},{"type":"Feature","properties":{"type":"cafe","name":"Tivoli Cafe"},"geometry":{"type":"Point","coordinates":[-0.15738,50.842104]}},{"type":"Feature","properties":{"type":"cafe","name":"Rumour Has It"},"geometry":{"type":"Point","coordinates":[-0.14243,50.822251]}},{"type":"Feature","properties":{"type":"cafe","name":"Costa"},"geometry":{"type":"Point","coordinates":[-0.146213,50.822298]}},{"type":"Feature","properties":{"type":"cafe","name":"Cute Tea"},"geometry":{"type":"Point","coordinates":[-0.136219,50.830452]}},{"type":"Feature","properties":{"type":"cafe","name":"Coffee#1"},"geometry":{"type":"Point","coordinates":[-0.136065,50.830008]}},{"type":"Feature","properties":{"type":"cafe","name":"The Archive"},"geometry":{"type":"Point","coordinates":[-0.075552,51.141691]}},{"type":"Feature","properties":{"type":"toilet","name":"Toilets"},"geometry":{"type":"Point","coordinates":[-0.101536,50.997579]}},{"type":"Feature","properties":{"type":"cafe","name":"Kash's Beach Café"},"geometry":{"type":"Point","coordinates":[-0.136756,50.819268]}},{"type":"Feature","properties":{"type":"cafe","name":"Starbucks"},"geometry":{"type":"Point","coordinates":[-0.145479,50.823952]}},{"type":"Feature","properties":{"type":"cafe","name":"Hilltop Cafe"},"geometry":{"type":"Point","coordinates":[-0.173736,50.857579]}},{"type":"Feature","properties":{"type":"toilet","name":"Toilets"},"geometry":{"type":"Point","coordinates":[-0.002495,51.129702]}},{"type":"Feature","properties":{"type":"toilet","name":"Toilets"},"geometry":{"type":"Point","coordinates":[-0.179262,51.063244]}},{"type":"Feature","properties":{"type":"toilet","name":"Toilets"},"geometry":{"type":"Point","coordinates":[-0.03312,51.088144]}},{"type":"Feature","properties":{"type":"toilet","name":"Toilets"},"geometry":{"type":"Point","coordinates":[-0.032812,51.08797]}},{"type":"Feature","properties":{"type":"cafe","name":"Pitstop"},"geometry":{"type":"Point","coordinates":[-0.119458,51.093586]}},{"type":"Feature","properties":{"type":"cafe","name":"Costa"},"geometry":{"type":"Point","coordinates":[-0.102286,50.997065]}},{"type":"Feature","properties":{"type":"cafe","name":"The Bay Tree"},"geometry":{"type":"Point","coordinates":[-0.102462,50.997751]}},{"type":"Feature","properties":{"type":"cafe","name":"Caffè Nero"},"geometry":{"type":"Point","coordinates":[-0.102415,50.996637]}},{"type":"Feature","properties":{"type":"toilet","name":"Toilets"},"geometry":{"type":"Point","coordinates":[-0.137838,50.84195]}},{"type":"Feature","properties":{"type":"toilet","name":"Toilets"},"geometry":{"type":"Point","coordinates":[-0.082073,51.012402]}},{"type":"Feature","properties":{"type":"toilet","name":"Nymans car park toilets"},"geometry":{"type":"Point","coordinates":[-0.199613,51.052343]}},{"type":"Feature","properties":{"type":"cafe","name":"The Garden Cafe"},"geometry":{"type":"Point","coordinates":[-0.063682,51.143211]}},{"type":"Feature","properties":{"type":"toilet","name":"Toilets"},"geometry":{"type":"Point","coordinates":[-0.200848,51.055718]}},{"type":"Feature","properties":{"type":"cafe","name":"The Market Diner"},"geometry":{"type":"Point","coordinates":[-0.135085,50.825237]}},{"type":"Feature","properties":{"type":"cafe","name":"Baker Street Coffee"},"geometry":{"type":"Point","coordinates":[-0.134511,50.831984]}},{"type":"Feature","properties":{"type":"toilet","name":"Toilets"},"geometry":{"type":"Point","coordinates":[-0.090871,50.967192]}},{"type":"Feature","properties":{"type":"cafe","name":"Semolina"},"geometry":{"type":"Point","coordinates":[-0.135186,50.83194]}},{"type":"Feature","properties":{"type":"toilet","name":"Toilets"},"geometry":{"type":"Point","coordinates":[-0.14363,50.837891]}},{"type":"Feature","properties":{"type":"toilet","name":"Toilets"},"geometry":{"type":"Point","coordinates":[-0.192552,50.889162]}},{"type":"Feature","properties":{"type":"station","name":"Penshurst"},"geometry":{"type":"Point","coordinates":[0.173181,51.197273]}},{"type":"Feature","properties":{"type":"station","name":"Groombridge"},"geometry":{"type":"Point","coordinates":[0.188076,51.112282]}},{"type":"Feature","properties":{"type":"station","name":"Stonegate"},"geometry":{"type":"Point","coordinates":[0.363387,51.02014]}},{"type":"Feature","properties":{"type":"cafe","name":"Fir Tree House"},"geometry":{"type":"Point","coordinates":[0.181727,51.172978]}},{"type":"Feature","properties":{"type":"toilet","name":"Toilets"},"geometry":{"type":"Point","coordinates":[0.339436,51.061905]}},{"type":"Feature","properties":{"type":"cafe","name":"Arte Bianco"},"geometry":{"type":"Point","coordinates":[0.260283,51.127177]}},{"type":"Feature","properties":{"type":"cafe","name":"Hudsons Coffee"},"geometry":{"type":"Point","coordinates":[0.259871,51.127007]}},{"type":"Feature","properties":{"type":"toilet","name":"Toilets"},"geometry":{"type":"Point","coordinates":[0.111972,51.184947]}},{"type":"Feature","properties":{"type":"cafe","name":"Tiffin"},"geometry":{"type":"Point","coordinates":[0.2609,51.12804]}},{"type":"Feature","properties":{"type":"cafe","name":"Pooh Corner Tea Room"},"geometry":{"type":"Point","coordinates":[0.108456,51.100307]}},{"type":"Feature","properties":{"type":"cafe","name":"Café"},"geometry":{"type":"Point","coordinates":[0.389941,51.022042]}},{"type":"Feature","properties":{"type":"toilet","name":"Toilets"},"geometry":{"type":"Point","coordinates":[0.274687,51.197039]}},{"type":"Feature","properties":{"type":"cafe","name":"Pumpkin"},"geometry":{"type":"Point","coordinates":[0.269499,51.191682]}},{"type":"Feature","properties":{"type":"cafe","name":"Pumpkin"},"geometry":{"type":"Point","coordinates":[0.269572,51.191449]}},{"type":"Feature","properties":{"type":"station","name":"Wadhurst"},"geometry":{"type":"Point","coordinates":[0.313041,51.073388]}},{"type":"Feature","properties":{"type":"station","name":"Frant"},"geometry":{"type":"Point","coordinates":[0.294337,51.10409]}},{"type":"Feature","properties":{"type":"toilet","name":"Toilets"},"geometry":{"type":"Point","coordinates":[0.01918,50.925421]}},{"type":"Feature","properties":{"type":"cafe","name":"Caffè Nero"},"geometry":{"type":"Point","coordinates":[0.26269,51.129113]}},{"type":"Feature","properties":{"type":"cafe","name":"Cafe Coco"},"geometry":{"type":"Point","coordinates":[0.033689,51.098619]}},{"type":"Feature","properties":{"type":"cafe","name":"Hop Yard Brewing Co."},"geometry":{"type":"Point","coordinates":[0.034134,51.097439]}},{"type":"Feature","properties":{"type":"cafe","name":"Costa"},"geometry":{"type":"Point","coordinates":[0.064827,51.196699]}},{"type":"Feature","properties":{"type":"toilet","name":"Toilets"},"geometry":{"type":"Point","coordinates":[0.256963,51.162682]}},{"type":"Feature","properties":{"type":"cafe","name":"Chocolati"},"geometry":{"type":"Point","coordinates":[0.258442,51.126451]}},{"type":"Feature","properties":{"type":"cafe","name":"The Cake Shed"},"geometry":{"type":"Point","coordinates":[0.257959,51.126326]}},{"type":"Feature","properties":{"type":"cafe","name":"The Lodge"},"geometry":{"type":"Point","coordinates":[0.26086,51.127481]}},{"type":"Feature","properties":{"type":"cafe","name":"Fine Grind Coffee House"},"geometry":{"type":"Point","coordinates":[0.260267,51.127439]}},{"type":"Feature","properties":{"type":"station","name":"Uckfield"},"geometry":{"type":"Point","coordinates":[0.09663,50.968738]}},{"type":"Feature","properties":{"type":"station","name":"Eridge"},"geometry":{"type":"Point","coordinates":[0.200955,51.089239]}},{"type":"Feature","properties":{"type":"station","name":"Cowden"},"geometry":{"type":"Point","coordinates":[0.109898,51.15563]}},{"type":"Feature","properties":{"type":"cafe","name":"The Cake Shed"},"geometry":{"type":"Point","coordinates":[0.258099,51.126409]}},{"type":"Feature","properties":{"type":"station","name":"Tonbridge"},"geometry":{"type":"Point","coordinates":[0.269997,51.191509]}},{"type":"Feature","properties":{"type":"station","name":"Leigh"},"geometry":{"type":"Point","coordinates":[0.211259,51.193993]}},{"type":"Feature","properties":{"type":"cafe","name":"Sixty Five mm Coffee"},"geometry":{"type":"Point","coordinates":[0.274403,51.195398]}},{"type":"Feature","properties":{"type":"cafe","name":"Finch House Cafe"},"geometry":{"type":"Point","coordinates":[0.272852,51.192961]}},{"type":"Feature","properties":{"type":"cafe","name":"Hattusa"},"geometry":{"type":"Point","coordinates":[0.272016,51.192597]}},{"type":"Feature","properties":{"type":"cafe","name":"Nancy's Tearoom"},"geometry":{"type":"Point","coordinates":[0.272456,51.193624]}},{"type":"Feature","properties":{"type":"cafe","name":"Perryhill Orchards Tea Rooms"},"geometry":{"type":"Point","coordinates":[0.112062,51.117569]}},{"type":"Feature","properties":{"type":"cafe","name":"Café"},"geometry":{"type":"Point","coordinates":[0.092228,51.032141]}},{"type":"Feature","properties":{"type":"cafe","name":"Café"},"geometry":{"type":"Point","coordinates":[0.255854,51.059922]}},{"type":"Feature","properties":{"type":"cafe","name":"Starbucks"},"geometry":{"type":"Point","coordinates":[0.274006,51.194674]}},{"type":"Feature","properties":{"type":"cafe","name":"Escape Art Centre"},"geometry":{"type":"Point","coordinates":[0.274447,51.19713]}},{"type":"Feature","properties":{"type":"cafe","name":"The Pantiles Cafe"},"geometry":{"type":"Point","coordinates":[0.257775,51.12618]}},{"type":"Feature","properties":{"type":"cafe","name":"Southborough Cafe"},"geometry":{"type":"Point","coordinates":[0.259786,51.156374]}},{"type":"Feature","properties":{"type":"cafe","name":"The Earl Grey Tea Rooms"},"geometry":{"type":"Point","coordinates":[0.259747,51.157181]}},{"type":"Feature","properties":{"type":"toilet","name":"Toilets"},"geometry":{"type":"Point","coordinates":[0.11216,51.186434]}},{"type":"Feature","properties":{"type":"toilet","name":"Toilets"},"geometry":{"type":"Point","coordinates":[0.111915,51.184983]}},{"type":"Feature","properties":{"type":"toilet","name":"Toilets"},"geometry":{"type":"Point","coordinates":[0.111827,51.184934]}},{"type":"Feature","properties":{"type":"cafe","name":"The Blacksmith's Tea and Coffee Shop"},"geometry":{"type":"Point","coordinates":[0.385589,50.997649]}},{"type":"Feature","properties":{"type":"cafe","name":"Basil"},"geometry":{"type":"Point","coordinates":[0.272655,51.193192]}},{"type":"Feature","properties":{"type":"cafe","name":"Caffè Nero"},"geometry":{"type":"Point","coordinates":[0.27276,51.193295]}},{"type":"Feature","properties":{"type":"cafe","name":"Costa"},"geometry":{"type":"Point","coordinates":[0.273188,51.19334]}},{"type":"Feature","properties":{"type":"cafe","name":"Eden Bakes"},"geometry":{"type":"Point","coordinates":[0.065155,51.19559]}},{"type":"Feature","properties":{"type":"cafe","name":"Hennessy's Tea Room & Farm Shop"},"geometry":{"type":"Point","coordinates":[0.065564,51.195707]}},{"type":"Feature","properties":{"type":"cafe","name":"Piccolo Cafe"},"geometry":{"type":"Point","coordinates":[0.338355,51.062636]}},{"type":"Feature","properties":{"type":"cafe","name":"Emilio's"},"geometry":{"type":"Point","coordinates":[0.033717,51.098464]}},{"type":"Feature","properties":{"type":"cafe","name":"Blended"},"geometry":{"type":"Point","coordinates":[0.257711,51.16019]}},{"type":"Feature","properties":{"type":"cafe","name":"Little Sister Cafe"},"geometry":{"type":"Point","coordinates":[0.260315,51.154111]}},{"type":"Feature","properties":{"type":"cafe","name":"Get Glazed"},"geometry":{"type":"Point","coordinates":[0.260337,51.154075]}},{"type":"Feature","properties":{"type":"toilet","name":"Toilets"},"geometry":{"type":"Point","coordinates":[0.200493,51.089527]}},{"type":"Feature","properties":{"type":"cafe","name":"Juliets"},"geometry":{"type":"Point","coordinates":[0.261551,51.128086]}},{"type":"Feature","properties":{"type":"toilet","name":"Falmouth Place"},"geometry":{"type":"Point","coordinates":[0.360622,51.183027]}},{"type":"Feature","properties":{"type":"cafe","name":"The Tulip Tree"},"geometry":{"type":"Point","coordinates":[0.146327,51.18566]}},{"type":"Feature","properties":{"type":"toilet","name":"Toilets"},"geometry":{"type":"Point","coordinates":[0.270925,51.190834]}},{"type":"Feature","properties":{"type":"cafe","name":"Aroma Cafe"},"geometry":{"type":"Point","coordinates":[0.095913,50.970318]}},{"type":"Feature","properties":{"type":"cafe","name":"Courtyard Coffee Shop"},"geometry":{"type":"Point","coordinates":[0.096146,50.97168]}},{"type":"Feature","properties":{"type":"cafe","name":"Coffee Barn Kitchen & Deli"},"geometry":{"type":"Point","coordinates":[0.096928,50.970799]}},{"type":"Feature","properties":{"type":"cafe","name":"Mojava"},"geometry":{"type":"Point","coordinates":[0.096189,50.96906]}},{"type":"Feature","properties":{"type":"cafe","name":"Craft Coffee And Roastery"},"geometry":{"type":"Point","coordinates":[0.096687,50.971293]}},{"type":"Feature","properties":{"type":"cafe","name":"Foresters Coffee"},"geometry":{"type":"Point","coordinates":[0.096515,50.970801]}},{"type":"Feature","properties":{"type":"cafe","name":"Cafe 212"},"geometry":{"type":"Point","coordinates":[0.097493,50.973382]}},{"type":"Feature","properties":{"type":"cafe","name":"Proper Cycling And Coffee"},"geometry":{"type":"Point","coordinates":[0.097532,50.973556]}},{"type":"Feature","properties":{"type":"cafe","name":"Tpodz Cafe"},"geometry":{"type":"Point","coordinates":[0.244386,50.935457]}},{"type":"Feature","properties":{"type":"toilet","name":"Toilets"},"geometry":{"type":"Point","coordinates":[0.383645,50.996904]}},{"type":"Feature","properties":{"type":"cafe","name":"Quarry Café & Community Fridge"},"geometry":{"type":"Point","coordinates":[0.002678,51.138344]}},{"type":"Feature","properties":{"type":"cafe","name":"Basil"},"geometry":{"type":"Point","coordinates":[0.260468,51.141079]}},{"type":"Feature","properties":{"type":"cafe","name":"Blended"},"geometry":{"type":"Point","coordinates":[0.257644,51.160297]}},{"type":"Feature","properties":{"type":"cafe","name":"Costa"},"geometry":{"type":"Point","coordinates":[0.260477,51.143106]}},{"type":"Feature","properties":{"type":"station","name":"Wittersham Road"},"geometry":{"type":"Point","coordinates":[0.661111,51.027901]}},{"type":"Feature","properties":{"type":"cafe","name":"Simon the Pieman"},"geometry":{"type":"Point","coordinates":[0.733973,50.950392]}},{"type":"Feature","properties":{"type":"cafe","name":"The Mermaid Street Café"},"geometry":{"type":"Point","coordinates":[0.730731,50.949787]}},{"type":"Feature","properties":{"type":"cafe","name":"Café"},"geometry":{"type":"Point","coordinates":[0.788709,51.030398]}},{"type":"Feature","properties":{"type":"cafe","name":"Platos Cafe and Takeaway"},"geometry":{"type":"Point","coordinates":[0.586381,50.855322]}},{"type":"Feature","properties":{"type":"cafe","name":"Cornish Bakery"},"geometry":{"type":"Point","coordinates":[0.589387,50.856212]}},{"type":"Feature","properties":{"type":"toilet","name":"Toilets"},"geometry":{"type":"Point","coordinates":[0.729843,50.949587]}},{"type":"Feature","properties":{"type":"cafe","name":"The Savannah cafe"},"geometry":{"type":"Point","coordinates":[0.689139,51.068831]}},{"type":"Feature","properties":{"type":"station","name":"Marine Parade Station"},"geometry":{"type":"Point","coordinates":[0.588731,50.85509]}},{"type":"Feature","properties":{"type":"cafe","name":"Cafe Royale"},"geometry":{"type":"Point","coordinates":[0.582746,50.855264]}},{"type":"Feature","properties":{"type":"toilet","name":"Toilets"},"geometry":{"type":"Point","coordinates":[0.642013,50.876246]}},{"type":"Feature","properties":{"type":"toilet","name":"Toilets"},"geometry":{"type":"Point","coordinates":[0.591652,50.855754]}},{"type":"Feature","properties":{"type":"toilet","name":"Ore Village"},"geometry":{"type":"Point","coordinates":[0.6089,50.872154]}},{"type":"Feature","properties":{"type":"cafe","name":"Café Capri"},"geometry":{"type":"Point","coordinates":[0.556523,50.868723]}},{"type":"Feature","properties":{"type":"cafe","name":"TiffinTime"},"geometry":{"type":"Point","coordinates":[0.555774,50.868216]}},{"type":"Feature","properties":{"type":"cafe","name":"Hanushkas"},"geometry":{"type":"Point","coordinates":[0.577317,50.854979]}},{"type":"Feature","properties":{"type":"cafe","name":"Stooge Coffee"},"geometry":{"type":"Point","coordinates":[0.576786,50.855291]}},{"type":"Feature","properties":{"type":"cafe","name":"Waterfalls"},"geometry":{"type":"Point","coordinates":[0.577749,50.85519]}},{"type":"Feature","properties":{"type":"cafe","name":"The Cake Room"},"geometry":{"type":"Point","coordinates":[0.577217,50.854923]}},{"type":"Feature","properties":{"type":"cafe","name":"Cafe Fleurs"},"geometry":{"type":"Point","coordinates":[0.73047,50.949241]}},{"type":"Feature","properties":{"type":"cafe","name":"Cafe on the Quay"},"geometry":{"type":"Point","coordinates":[0.728858,50.950161]}},{"type":"Feature","properties":{"type":"cafe","name":"Fletcher's"},"geometry":{"type":"Point","coordinates":[0.734001,50.950313]}},{"type":"Feature","properties":{"type":"cafe","name":"The Apothecary"},"geometry":{"type":"Point","coordinates":[0.734379,50.951266]}},{"type":"Feature","properties":{"type":"cafe","name":"Whitehouse Cafe and Bakery"},"geometry":{"type":"Point","coordinates":[0.732845,50.951006]}},{"type":"Feature","properties":{"type":"cafe","name":"Corridor Cafe"},"geometry":{"type":"Point","coordinates":[0.734702,50.951408]}},{"type":"Feature","properties":{"type":"cafe","name":"Stella"},"geometry":{"type":"Point","coordinates":[0.734617,50.951536]}},{"type":"Feature","properties":{"type":"cafe","name":"The Fig"},"geometry":{"type":"Point","coordinates":[0.735045,50.951725]}},{"type":"Feature","properties":{"type":"cafe","name":"The Old Grain Store"},"geometry":{"type":"Point","coordinates":[0.730341,50.949734]}},{"type":"Feature","properties":{"type":"cafe","name":"Jempsons"},"geometry":{"type":"Point","coordinates":[0.731939,50.951483]}},{"type":"Feature","properties":{"type":"cafe","name":"Rye Sushi"},"geometry":{"type":"Point","coordinates":[0.73373,50.95238]}},{"type":"Feature","properties":{"type":"cafe","name":"Swan Cottage Tea Rooms"},"geometry":{"type":"Point","coordinates":[0.730797,50.95066]}},{"type":"Feature","properties":{"type":"cafe","name":"Rye Internet Cafe"},"geometry":{"type":"Point","coordinates":[0.729231,50.951253]}},{"type":"Feature","properties":{"type":"toilet","name":"Toilets"},"geometry":{"type":"Point","coordinates":[0.481972,50.91777]}},{"type":"Feature","properties":{"type":"cafe","name":"Fornello"},"geometry":{"type":"Point","coordinates":[0.484885,50.916213]}},{"type":"Feature","properties":{"type":"cafe","name":"Isabella"},"geometry":{"type":"Point","coordinates":[0.58852,50.855674]}},{"type":"Feature","properties":{"type":"cafe","name":"Hanushka Coffee House"},"geometry":{"type":"Point","coordinates":[0.588583,50.855711]}},{"type":"Feature","properties":{"type":"cafe","name":"The Coffee Corner"},"geometry":{"type":"Point","coordinates":[0.490778,50.914313]}},{"type":"Feature","properties":{"type":"toilet","name":"Marden Car Park"},"geometry":{"type":"Point","coordinates":[0.495513,51.173444]}},{"type":"Feature","properties":{"type":"cafe","name":"Knoops"},"geometry":{"type":"Point","coordinates":[0.735505,50.952712]}},{"type":"Feature","properties":{"type":"toilet","name":"Toilets"},"geometry":{"type":"Point","coordinates":[0.485009,50.914828]}},{"type":"Feature","properties":{"type":"cafe","name":"Café"},"geometry":{"type":"Point","coordinates":[0.485218,50.914895]}},{"type":"Feature","properties":{"type":"cafe","name":"Caffè Nero"},"geometry":{"type":"Point","coordinates":[0.689626,51.069004]}},{"type":"Feature","properties":{"type":"cafe","name":"Petit Fi"},"geometry":{"type":"Point","coordinates":[0.589357,50.856037]}},{"type":"Feature","properties":{"type":"cafe","name":"The Green House"},"geometry":{"type":"Point","coordinates":[0.58928,50.856192]}},{"type":"Feature","properties":{"type":"cafe","name":"La Cantina"},"geometry":{"type":"Point","coordinates":[0.589085,50.856059]}},{"type":"Feature","properties":{"type":"cafe","name":"Aroma Coffee Lounge"},"geometry":{"type":"Point","coordinates":[0.589282,50.856003]}},{"type":"Feature","properties":{"type":"cafe","name":"Cafe des Fleurs"},"geometry":{"type":"Point","coordinates":[0.730843,50.952421]}},{"type":"Feature","properties":{"type":"cafe","name":"Cobbles Tearoom"},"geometry":{"type":"Point","coordinates":[0.731533,50.950535]}},{"type":"Feature","properties":{"type":"cafe","name":"The Outlook Tearooms"},"geometry":{"type":"Point","coordinates":[0.732051,50.94913]}},{"type":"Feature","properties":{"type":"station","name":"Marden"},"geometry":{"type":"Point","coordinates":[0.492988,51.175441]}},{"type":"Feature","properties":{"type":"station","name":"Winchelsea"},"geometry":{"type":"Point","coordinates":[0.702519,50.933913]}},{"type":"Feature","properties":{"type":"station","name":"Rye"},"geometry":{"type":"Point","coordinates":[0.731021,50.952632]}},{"type":"Feature","properties":{"type":"cafe","name":"Coffee shop"},"geometry":{"type":"Point","coordinates":[0.512993,51.085219]}},{"type":"Feature","properties":{"type":"toilet","name":"Toilets"},"geometry":{"type":"Point","coordinates":[0.643113,51.114707]}},{"type":"Feature","properties":{"type":"water","name":"Drinking water"},"geometry":{"type":"Point","coordinates":[0.690446,51.068484]}},{"type":"Feature","properties":{"type":"toilet","name":"Toilets"},"geometry":{"type":"Point","coordinates":[0.477872,50.918461]}},{"type":"Feature","properties":{"type":"station","name":"Station"},"geometry":{"type":"Point","coordinates":[0.587668,50.855745]}},{"type":"Feature","properties":{"type":"cafe","name":"Cafe 67"},"geometry":{"type":"Point","coordinates":[0.559417,50.862888]}},{"type":"Feature","properties":{"type":"toilet","name":"Toilets"},"geometry":{"type":"Point","coordinates":[0.572589,50.852114]}},{"type":"Feature","properties":{"type":"cafe","name":"Bullet Coffee House"},"geometry":{"type":"Point","coordinates":[0.576501,50.854783]}},{"type":"Feature","properties":{"type":"cafe","name":"Baby Latte"},"geometry":{"type":"Point","coordinates":[0.482621,50.918065]}},{"type":"Feature","properties":{"type":"cafe","name":"Castle View Cafe"},"geometry":{"type":"Point","coordinates":[0.577663,50.855326]}},{"type":"Feature","properties":{"type":"toilet","name":"Toilets"},"geometry":{"type":"Point","coordinates":[0.570094,50.85443]}},{"type":"Feature","properties":{"type":"cafe","name":"Judges Bakery"},"geometry":{"type":"Point","coordinates":[0.687743,51.068288]}},{"type":"Feature","properties":{"type":"cafe","name":"Meeting Point"},"geometry":{"type":"Point","coordinates":[0.687327,51.068384]}},{"type":"Feature","properties":{"type":"cafe","name":"Café"},"geometry":{"type":"Point","coordinates":[0.689948,51.068254]}},{"type":"Feature","properties":{"type":"cafe","name":"Brunch & Brew"},"geometry":{"type":"Point","coordinates":[0.684458,51.067666]}},{"type":"Feature","properties":{"type":"cafe","name":"Bosun's Bite"},"geometry":{"type":"Point","coordinates":[0.763768,50.938305]}},{"type":"Feature","properties":{"type":"cafe","name":"Café"},"geometry":{"type":"Point","coordinates":[0.521053,51.08175]}},{"type":"Feature","properties":{"type":"cafe","name":"Cecis Corner"},"geometry":{"type":"Point","coordinates":[0.685678,51.068423]}},{"type":"Feature","properties":{"type":"cafe","name":"Bottega Montalbano"},"geometry":{"type":"Point","coordinates":[0.685845,51.06724]}},{"type":"Feature","properties":{"type":"cafe","name":"Echo Beach Coffee"},"geometry":{"type":"Point","coordinates":[0.589155,50.855573]}},{"type":"Feature","properties":{"type":"cafe","name":"Café"},"geometry":{"type":"Point","coordinates":[0.415755,51.023283]}},{"type":"Feature","properties":{"type":"cafe","name":"The Grumpy Cook"},"geometry":{"type":"Point","coordinates":[0.579902,50.855447]}},{"type":"Feature","properties":{"type":"cafe","name":"Café la Mer"},"geometry":{"type":"Point","coordinates":[0.580208,50.855466]}},{"type":"Feature","properties":{"type":"toilet","name":"Toilets"},"geometry":{"type":"Point","coordinates":[0.482895,50.917685]}},{"type":"Feature","properties":{"type":"toilet","name":"Toilets"},"geometry":{"type":"Point","coordinates":[0.574999,50.853948]}},{"type":"Feature","properties":{"type":"toilet","name":"Toilets"},"geometry":{"type":"Point","coordinates":[0.787395,50.935738]}},{"type":"Feature","properties":{"type":"toilet","name":"Toilets"},"geometry":{"type":"Point","coordinates":[0.787198,50.935799]}},{"type":"Feature","properties":{"type":"toilet","name":"Toilets"},"geometry":{"type":"Point","coordinates":[0.787303,50.935709]}},{"type":"Feature","properties":{"type":"cafe","name":"Poppy's Cafe'"},"geometry":{"type":"Point","coordinates":[0.576665,50.854853]}},{"type":"Feature","properties":{"type":"toilet","name":"Toilets"},"geometry":{"type":"Point","coordinates":[0.585803,50.854824]}},{"type":"Feature","properties":{"type":"cafe","name":"eat @ The Stade"},"geometry":{"type":"Point","coordinates":[0.592132,50.85595]}},{"type":"Feature","properties":{"type":"toilet","name":"Toilets"},"geometry":{"type":"Point","coordinates":[0.76252,50.938035]}},{"type":"Feature","properties":{"type":"toilet","name":"Toilets"},"geometry":{"type":"Point","coordinates":[0.736212,50.952408]}},{"type":"Feature","properties":{"type":"toilet","name":"Toilets"},"geometry":{"type":"Point","coordinates":[0.731282,50.952342]}},{"type":"Feature","properties":{"type":"cafe","name":"Winchelsea Beach Cafe"},"geometry":{"type":"Point","coordinates":[0.719171,50.908546]}},{"type":"Feature","properties":{"type":"toilet","name":"Toilets"},"geometry":{"type":"Point","coordinates":[0.625179,50.875374]}},{"type":"Feature","properties":{"type":"cafe","name":"Café"},"geometry":{"type":"Point","coordinates":[0.572631,50.85201]}},{"type":"Feature","properties":{"type":"cafe","name":"Burtons"},"geometry":{"type":"Point","coordinates":[0.485556,50.915219]}},{"type":"Feature","properties":{"type":"cafe","name":"Costa"},"geometry":{"type":"Point","coordinates":[0.688739,51.068558]}},{"type":"Feature","properties":{"type":"cafe","name":"Hoolie Cafe"},"geometry":{"type":"Point","coordinates":[0.755798,50.947789]}},{"type":"Feature","properties":{"type":"toilet","name":"Toilets"},"geometry":{"type":"Point","coordinates":[0.690466,51.068452]}},{"type":"Feature","properties":{"type":"cafe","name":"Miss Mollett's Tea Room"},"geometry":{"type":"Point","coordinates":[0.788699,51.030384]}},{"type":"Feature","properties":{"type":"toilet","name":"Toilets"},"geometry":{"type":"Point","coordinates":[0.788092,51.034129]}},{"type":"Feature","properties":{"type":"toilet","name":"St George's Hall"},"geometry":{"type":"Point","coordinates":[0.558914,51.10894]}},{"type":"Feature","properties":{"type":"toilet","name":"Toilets"},"geometry":{"type":"Point","coordinates":[0.683712,50.888496]}},{"type":"Feature","properties":{"type":"cafe","name":"Number Eighty"},"geometry":{"type":"Point","coordinates":[0.485845,50.915789]}},{"type":"Feature","properties":{"type":"cafe","name":"Battle Deli & Coffee Shop"},"geometry":{"type":"Point","coordinates":[0.485725,50.915888]}},{"type":"Feature","properties":{"type":"cafe","name":"Bonney's"},"geometry":{"type":"Point","coordinates":[0.485352,50.916172]}},{"type":"Feature","properties":{"type":"cafe","name":"Battle Bakes & Cakes"},"geometry":{"type":"Point","coordinates":[0.484781,50.916643]}},{"type":"Feature","properties":{"type":"toilet","name":"Toilets"},"geometry":{"type":"Point","coordinates":[0.685392,51.06826]}},{"type":"Feature","properties":{"type":"toilet","name":"Toilets"},"geometry":{"type":"Point","coordinates":[0.735812,50.949758]}},{"type":"Feature","properties":{"type":"toilet","name":"Toilets"},"geometry":{"type":"Point","coordinates":[0.56957,50.855778]}},{"type":"Feature","properties":{"type":"cafe","name":"The Village Café"},"geometry":{"type":"Point","coordinates":[0.581181,50.855757]}},{"type":"Feature","properties":{"type":"cafe","name":"Costa"},"geometry":{"type":"Point","coordinates":[0.580525,50.855726]}},{"type":"Feature","properties":{"type":"cafe","name":"Rainbow Restaurant"},"geometry":{"type":"Point","coordinates":[0.586946,50.85545]}},{"type":"Feature","properties":{"type":"cafe","name":"Rye Bakery"},"geometry":{"type":"Point","coordinates":[0.580403,50.855426]}},{"type":"Feature","properties":{"type":"cafe","name":"Café"},"geometry":{"type":"Point","coordinates":[0.466538,51.186163]}},{"type":"Feature","properties":{"type":"cafe","name":"Café"},"geometry":{"type":"Point","coordinates":[0.553414,50.873828]}},{"type":"Feature","properties":{"type":"cafe","name":"Café"},"geometry":{"type":"Point","coordinates":[0.598573,50.865959]}},{"type":"Feature","properties":{"type":"cafe","name":"Camber Cafe"},"geometry":{"type":"Point","coordinates":[0.793284,50.935479]}},{"type":"Feature","properties":{"type":"toilet","name":"Toilets"},"geometry":{"type":"Point","coordinates":[0.571862,50.853031]}},{"type":"Feature","properties":{"type":"toilet","name":"Toilets"},"geometry":{"type":"Point","coordinates":[0.571969,50.852749]}},{"type":"Feature","properties":{"type":"station","name":"New Romney"},"geometry":{"type":"Point","coordinates":[0.954204,50.985947]}},{"type":"Feature","properties":{"type":"station","name":"Romney Sands"},"geometry":{"type":"Point","coordinates":[0.963136,50.95873]}},{"type":"Feature","properties":{"type":"cafe","name":"Costa"},"geometry":{"type":"Point","coordinates":[0.864793,51.123305]}},{"type":"Feature","properties":{"type":"cafe","name":"Starbucks"},"geometry":{"type":"Point","coordinates":[0.875044,51.143178]}},{"type":"Feature","properties":{"type":"water","name":"Drinking water"},"geometry":{"type":"Point","coordinates":[0.968372,50.98106]}},{"type":"Feature","properties":{"type":"station","name":"Wye"},"geometry":{"type":"Point","coordinates":[0.92967,51.18559]}},{"type":"Feature","properties":{"type":"cafe","name":"Caffe Tazza D'Orro"},"geometry":{"type":"Point","coordinates":[0.874088,51.143266]}},{"type":"Feature","properties":{"type":"cafe","name":"Costa"},"geometry":{"type":"Point","coordinates":[0.876424,51.143713]}},{"type":"Feature","properties":{"type":"cafe","name":"Pumpkin"},"geometry":{"type":"Point","coordinates":[0.876048,51.143211]}},{"type":"Feature","properties":{"type":"station","name":"Ashford International"},"geometry":{"type":"Point","coordinates":[0.875232,51.143379]}},{"type":"Feature","properties":{"type":"toilet","name":"Toilets"},"geometry":{"type":"Point","coordinates":[0.876078,51.143196]}},{"type":"Feature","properties":{"type":"toilet","name":"Toilets"},"geometry":{"type":"Point","coordinates":[0.875764,51.143346]}},{"type":"Feature","properties":{"type":"cafe","name":"The Hub Wye"},"geometry":{"type":"Point","coordinates":[0.932599,51.185846]}},{"type":"Feature","properties":{"type":"cafe","name":"Café"},"geometry":{"type":"Point","coordinates":[0.954241,50.985603]}},{"type":"Feature","properties":{"type":"cafe","name":"Ness-Café"},"geometry":{"type":"Point","coordinates":[0.975889,50.919349]}},{"type":"Feature","properties":{"type":"toilet","name":"Toilets"},"geometry":{"type":"Point","coordinates":[0.962917,50.968207]}},{"type":"Feature","properties":{"type":"toilet","name":"Toilets"},"geometry":{"type":"Point","coordinates":[0.96787,50.97966]}},{"type":"Feature","properties":{"type":"toilet","name":"Toilets"},"geometry":{"type":"Point","coordinates":[0.966752,50.948784]}},{"type":"Feature","properties":{"type":"toilet","name":"Toilets"},"geometry":{"type":"Point","coordinates":[0.936851,51.183985]}},{"type":"Feature","properties":{"type":"cafe","name":"The Stour Centre Cafe"},"geometry":{"type":"Point","coordinates":[0.878281,51.145497]}},{"type":"Feature","properties":{"type":"toilet","name":"Toilets"},"geometry":{"type":"Point","coordinates":[0.858922,51.128028]}},{"type":"Feature","properties":{"type":"toilet","name":"Toilets"},"geometry":{"type":"Point","coordinates":[0.906011,50.950753]}},{"type":"Feature","properties":{"type":"cafe","name":"Brew at 32"},"geometry":{"type":"Point","coordinates":[0.90514,50.951313]}},{"type":"Feature","properties":{"type":"cafe","name":"Littlestone Meeting Hub"},"geometry":{"type":"Point","coordinates":[0.955269,50.984807]}},{"type":"Feature","properties":{"type":"cafe","name":"Orlandos Cafe"},"geometry":{"type":"Point","coordinates":[0.952783,50.985456]}},{"type":"Feature","properties":{"type":"cafe","name":"Couch Potato"},"geometry":{"type":"Point","coordinates":[0.942255,50.986465]}},{"type":"Feature","properties":{"type":"cafe","name":"Bakery 64"},"geometry":{"type":"Point","coordinates":[0.940966,50.986238]}},{"type":"Feature","properties":{"type":"cafe","name":"Deblyns Teashop & Garden"},"geometry":{"type":"Point","coordinates":[0.939472,50.985683]}},{"type":"Feature","properties":{"type":"cafe","name":"Costa"},"geometry":{"type":"Point","coordinates":[0.93982,50.985528]}},{"type":"Feature","properties":{"type":"toilet","name":"Toilets"},"geometry":{"type":"Point","coordinates":[0.94096,50.98543]}},{"type":"Feature","properties":{"type":"cafe","name":"Dispersal Hut Cafe"},"geometry":{"type":"Point","coordinates":[0.862306,51.009177]}},{"type":"Feature","properties":{"type":"cafe","name":"Café"},"geometry":{"type":"Point","coordinates":[0.932524,51.185902]}},{"type":"Feature","properties":{"type":"station","name":"Taplow"},"geometry":{"type":"Point","coordinates":[-0.681886,51.523333]}},{"type":"Feature","properties":{"type":"cafe","name":"Starbucks"},"geometry":{"type":"Point","coordinates":[-0.421486,51.38463]}},{"type":"Feature","properties":{"type":"cafe","name":"The Dabbling Duck"},"geometry":{"type":"Point","coordinates":[-0.464711,51.219879]}},{"type":"Feature","properties":{"type":"cafe","name":"The Little Green Boat Company"},"geometry":{"type":"Point","coordinates":[-0.775069,51.568925]}},{"type":"Feature","properties":{"type":"toilet","name":"Toilets"},"geometry":{"type":"Point","coordinates":[-0.774891,51.568946]}},{"type":"Feature","properties":{"type":"cafe","name":"Jenners Riverside Café"},"geometry":{"type":"Point","coordinates":[-0.701581,51.528834]}},{"type":"Feature","properties":{"type":"toilet","name":"Toilets"},"geometry":{"type":"Point","coordinates":[-0.592469,51.409738]}},{"type":"Feature","properties":{"type":"toilet","name":"Toilets"},"geometry":{"type":"Point","coordinates":[-0.562241,51.402012]}},{"type":"Feature","properties":{"type":"cafe","name":"Starbucks"},"geometry":{"type":"Point","coordinates":[-0.520261,51.432303]}},{"type":"Feature","properties":{"type":"toilet","name":"Gentlemen"},"geometry":{"type":"Point","coordinates":[-0.607212,51.482185]}},{"type":"Feature","properties":{"type":"station","name":"Virginia Water"},"geometry":{"type":"Point","coordinates":[-0.562083,51.401524]}},{"type":"Feature","properties":{"type":"toilet","name":"Toilets"},"geometry":{"type":"Point","coordinates":[-0.607819,51.480324]}},{"type":"Feature","properties":{"type":"toilet","name":"Runnymede NT Cafe"},"geometry":{"type":"Point","coordinates":[-0.56767,51.448405]}},{"type":"Feature","properties":{"type":"toilet","name":"Toilets"},"geometry":{"type":"Point","coordinates":[-0.408761,51.405837]}},{"type":"Feature","properties":{"type":"cafe","name":"Teapot Teashop"},"geometry":{"type":"Point","coordinates":[-0.708866,51.559745]}},{"type":"Feature","properties":{"type":"cafe","name":"Caffè Capital"},"geometry":{"type":"Point","coordinates":[-0.411639,51.328864]}},{"type":"Feature","properties":{"type":"cafe","name":"Le Petit Cafe"},"geometry":{"type":"Point","coordinates":[-0.42004,51.386495]}},{"type":"Feature","properties":{"type":"cafe","name":"Wilde Brunch"},"geometry":{"type":"Point","coordinates":[-0.431002,51.386062]}},{"type":"Feature","properties":{"type":"toilet","name":"Toilets"},"geometry":{"type":"Point","coordinates":[-0.430816,51.386083]}},{"type":"Feature","properties":{"type":"cafe","name":"Chertsey Cafe"},"geometry":{"type":"Point","coordinates":[-0.504116,51.391266]}},{"type":"Feature","properties":{"type":"cafe","name":"Hobb's Kitchen"},"geometry":{"type":"Point","coordinates":[-0.51519,51.435076]}},{"type":"Feature","properties":{"type":"cafe","name":"Costa"},"geometry":{"type":"Point","coordinates":[-0.503599,51.390861]}},{"type":"Feature","properties":{"type":"toilet","name":"Toilets"},"geometry":{"type":"Point","coordinates":[-0.489601,51.389774]}},{"type":"Feature","properties":{"type":"station","name":"Effingham Junction"},"geometry":{"type":"Point","coordinates":[-0.420062,51.291297]}},{"type":"Feature","properties":{"type":"cafe","name":"Little Italy"},"geometry":{"type":"Point","coordinates":[-0.40607,51.406371]}},{"type":"Feature","properties":{"type":"toilet","name":"Toilets"},"geometry":{"type":"Point","coordinates":[-0.421638,51.385246]}},{"type":"Feature","properties":{"type":"station","name":"Cookham"},"geometry":{"type":"Point","coordinates":[-0.72225,51.557369]}},{"type":"Feature","properties":{"type":"cafe","name":"Craft Coffee House"},"geometry":{"type":"Point","coordinates":[-0.607639,51.484753]}},{"type":"Feature","properties":{"type":"cafe","name":"Olivia"},"geometry":{"type":"Point","coordinates":[-0.60765,51.485085]}},{"type":"Feature","properties":{"type":"cafe","name":"Willow"},"geometry":{"type":"Point","coordinates":[-0.608805,51.486191]}},{"type":"Feature","properties":{"type":"toilet","name":"Toilets"},"geometry":{"type":"Point","coordinates":[-0.611368,51.483749]}},{"type":"Feature","properties":{"type":"cafe","name":"Abinger Hammer Tea Rooms"},"geometry":{"type":"Point","coordinates":[-0.431616,51.215803]}},{"type":"Feature","properties":{"type":"toilet","name":"Toilets"},"geometry":{"type":"Point","coordinates":[-0.549885,51.440883]}},{"type":"Feature","properties":{"type":"cafe","name":"Eliza Coffee Company"},"geometry":{"type":"Point","coordinates":[-0.606442,51.485718]}},{"type":"Feature","properties":{"type":"toilet","name":"Toilets"},"geometry":{"type":"Point","coordinates":[-0.60651,51.485688]}},{"type":"Feature","properties":{"type":"toilet","name":"Toilets"},"geometry":{"type":"Point","coordinates":[-0.592433,51.410274]}},{"type":"Feature","properties":{"type":"cafe","name":"Café"},"geometry":{"type":"Point","coordinates":[-0.592471,51.410312]}},{"type":"Feature","properties":{"type":"cafe","name":"Costa"},"geometry":{"type":"Point","coordinates":[-0.562891,51.401865]}},{"type":"Feature","properties":{"type":"toilet","name":"Toilets"},"geometry":{"type":"Point","coordinates":[-0.421433,51.384861]}},{"type":"Feature","properties":{"type":"toilet","name":"Toilets"},"geometry":{"type":"Point","coordinates":[-0.609019,51.482909]}},{"type":"Feature","properties":{"type":"station","name":"Windsor and Eton Central"},"geometry":{"type":"Point","coordinates":[-0.610564,51.483274]}},{"type":"Feature","properties":{"type":"toilet","name":"Toilets"},"geometry":{"type":"Point","coordinates":[-0.503034,51.391268]}},{"type":"Feature","properties":{"type":"toilet","name":"Toilets"},"geometry":{"type":"Point","coordinates":[-0.5858,51.462027]}},{"type":"Feature","properties":{"type":"cafe","name":"Caffè Nero"},"geometry":{"type":"Point","coordinates":[-0.41063,51.328701]}},{"type":"Feature","properties":{"type":"cafe","name":"Hillys Tea Shop"},"geometry":{"type":"Point","coordinates":[-0.464516,51.219307]}},{"type":"Feature","properties":{"type":"water","name":"Drinking water"},"geometry":{"type":"Point","coordinates":[-0.607178,51.482247]}},{"type":"Feature","properties":{"type":"toilet","name":"Toilets"},"geometry":{"type":"Point","coordinates":[-0.412532,51.328651]}},{"type":"Feature","properties":{"type":"cafe","name":"The Juice Smith"},"geometry":{"type":"Point","coordinates":[-0.411265,51.329539]}},{"type":"Feature","properties":{"type":"cafe","name":"Café"},"geometry":{"type":"Point","coordinates":[-0.578049,51.45741]}},{"type":"Feature","properties":{"type":"cafe","name":"Carb Up and Go"},"geometry":{"type":"Point","coordinates":[-0.468628,51.233188]}},{"type":"Feature","properties":{"type":"cafe","name":"Fortescues"},"geometry":{"type":"Point","coordinates":[-0.606655,51.482386]}},{"type":"Feature","properties":{"type":"toilet","name":"Toilets"},"geometry":{"type":"Point","coordinates":[-0.605725,51.482781]}},{"type":"Feature","properties":{"type":"toilet","name":"Toilets"},"geometry":{"type":"Point","coordinates":[-0.605693,51.48263]}},{"type":"Feature","properties":{"type":"cafe","name":"Costa"},"geometry":{"type":"Point","coordinates":[-0.608686,51.486445]}},{"type":"Feature","properties":{"type":"cafe","name":"Tudors"},"geometry":{"type":"Point","coordinates":[-0.609297,51.490171]}},{"type":"Feature","properties":{"type":"cafe","name":"The Eaten Cafe"},"geometry":{"type":"Point","coordinates":[-0.60885,51.487619]}},{"type":"Feature","properties":{"type":"cafe","name":"Navrang"},"geometry":{"type":"Point","coordinates":[-0.515219,51.435122]}},{"type":"Feature","properties":{"type":"cafe","name":"Enigma"},"geometry":{"type":"Point","coordinates":[-0.609301,51.488572]}},{"type":"Feature","properties":{"type":"cafe","name":"Anytime Coffee"},"geometry":{"type":"Point","coordinates":[-0.609478,51.48957]}},{"type":"Feature","properties":{"type":"cafe","name":"Tinytowne"},"geometry":{"type":"Point","coordinates":[-0.609258,51.489882]}},{"type":"Feature","properties":{"type":"water","name":"Drinking water"},"geometry":{"type":"Point","coordinates":[-0.605727,51.482756]}},{"type":"Feature","properties":{"type":"cafe","name":"Casa Del Gelato"},"geometry":{"type":"Point","coordinates":[-0.609002,51.484734]}},{"type":"Feature","properties":{"type":"cafe","name":"Virginia Water Café"},"geometry":{"type":"Point","coordinates":[-0.592629,51.410213]}},{"type":"Feature","properties":{"type":"toilet","name":"Ladies"},"geometry":{"type":"Point","coordinates":[-0.607064,51.482059]}},{"type":"Feature","properties":{"type":"water","name":"Drinking water"},"geometry":{"type":"Point","coordinates":[-0.607172,51.482246]}},{"type":"Feature","properties":{"type":"cafe","name":"Caffè Nero"},"geometry":{"type":"Point","coordinates":[-0.419397,51.385761]}},{"type":"Feature","properties":{"type":"cafe","name":"J & D Sandwich Bar"},"geometry":{"type":"Point","coordinates":[-0.411967,51.391689]}},{"type":"Feature","properties":{"type":"cafe","name":"Cafe Parea"},"geometry":{"type":"Point","coordinates":[-0.70969,51.559949]}},{"type":"Feature","properties":{"type":"cafe","name":"Ramsey's Grill"},"geometry":{"type":"Point","coordinates":[-0.607283,51.484628]}},{"type":"Feature","properties":{"type":"toilet","name":"Toilets"},"geometry":{"type":"Point","coordinates":[-0.574594,51.449149]}},{"type":"Feature","properties":{"type":"cafe","name":"Ohanas Café - Bistro"},"geometry":{"type":"Point","coordinates":[-0.504219,51.392496]}},{"type":"Feature","properties":{"type":"cafe","name":"Café"},"geometry":{"type":"Point","coordinates":[-0.605349,51.484436]}},{"type":"Feature","properties":{"type":"cafe","name":"SuperStars PlayCafe"},"geometry":{"type":"Point","coordinates":[-0.503842,51.391083]}},{"type":"Feature","properties":{"type":"water","name":"Windsor Platinum Jubilee Fountain"},"geometry":{"type":"Point","coordinates":[-0.607563,51.482686]}},{"type":"Feature","properties":{"type":"cafe","name":"The Sassy Apron"},"geometry":{"type":"Point","coordinates":[-0.403546,51.407019]}},{"type":"Feature","properties":{"type":"cafe","name":"Costa"},"geometry":{"type":"Point","coordinates":[-0.420997,51.38486]}},{"type":"Feature","properties":{"type":"cafe","name":"Mooboo"},"geometry":{"type":"Point","coordinates":[-0.419225,51.385404]}},{"type":"Feature","properties":{"type":"cafe","name":"Crooked House of Windsor"},"geometry":{"type":"Point","coordinates":[-0.607076,51.482288]}},{"type":"Feature","properties":{"type":"cafe","name":"Dr Chocs"},"geometry":{"type":"Point","coordinates":[-0.608448,51.483961]}},{"type":"Feature","properties":{"type":"cafe","name":"The Crown Café"},"geometry":{"type":"Point","coordinates":[-0.608593,51.483927]}},{"type":"Feature","properties":{"type":"cafe","name":"Magna Carta Tea Room at Runnymede"},"geometry":{"type":"Point","coordinates":[-0.567596,51.448443]}},{"type":"Feature","properties":{"type":"cafe","name":"Cafe Barry"},"geometry":{"type":"Point","coordinates":[-0.614514,51.485089]}},{"type":"Feature","properties":{"type":"cafe","name":"Just Relish"},"geometry":{"type":"Point","coordinates":[-0.504289,51.391704]}},{"type":"Feature","properties":{"type":"cafe","name":"Joe's Cafe"},"geometry":{"type":"Point","coordinates":[-0.503717,51.391769]}},{"type":"Feature","properties":{"type":"cafe","name":"Caffè Nero"},"geometry":{"type":"Point","coordinates":[-0.511416,51.433705]}},{"type":"Feature","properties":{"type":"cafe","name":"Eggham on Toast"},"geometry":{"type":"Point","coordinates":[-0.511947,51.434217]}},{"type":"Feature","properties":{"type":"toilet","name":"Toilets"},"geometry":{"type":"Point","coordinates":[-0.707405,51.559508]}},{"type":"Feature","properties":{"type":"cafe","name":"Caffè Nero"},"geometry":{"type":"Point","coordinates":[-0.609285,51.482919]}},{"type":"Feature","properties":{"type":"cafe","name":"Cinnamon Cafe"},"geometry":{"type":"Point","coordinates":[-0.608748,51.482859]}},{"type":"Feature","properties":{"type":"cafe","name":"Costa"},"geometry":{"type":"Point","coordinates":[-0.608933,51.482942]}},{"type":"Feature","properties":{"type":"cafe","name":"Rose Blend Cafe"},"geometry":{"type":"Point","coordinates":[-0.503163,51.391874]}},{"type":"Feature","properties":{"type":"cafe","name":"Café"},"geometry":{"type":"Point","coordinates":[-0.698939,51.533993]}},{"type":"Feature","properties":{"type":"toilet","name":"Toilets"},"geometry":{"type":"Point","coordinates":[-0.698984,51.533902]}},{"type":"Feature","properties":{"type":"toilet","name":"Toilets"},"geometry":{"type":"Point","coordinates":[-0.464828,51.219735]}},{"type":"Feature","properties":{"type":"cafe","name":"Costa"},"geometry":{"type":"Point","coordinates":[-0.722803,51.55758]}},{"type":"Feature","properties":{"type":"cafe","name":"Daisy Love Cookham"},"geometry":{"type":"Point","coordinates":[-0.721345,51.557261]}},{"type":"Feature","properties":{"type":"cafe","name":"Starbucks"},"geometry":{"type":"Point","coordinates":[-0.775778,51.570362]}},{"type":"Feature","properties":{"type":"cafe","name":"Drury House"},"geometry":{"type":"Point","coordinates":[-0.606525,51.482423]}},{"type":"Feature","properties":{"type":"cafe","name":"Clarence Brasserie & Tea Room"},"geometry":{"type":"Point","coordinates":[-0.606358,51.482216]}},{"type":"Feature","properties":{"type":"cafe","name":"Cafe de Royale"},"geometry":{"type":"Point","coordinates":[-0.607174,51.482395]}},{"type":"Feature","properties":{"type":"toilet","name":"Toilets"},"geometry":{"type":"Point","coordinates":[-0.777837,51.572594]}},{"type":"Feature","properties":{"type":"cafe","name":"Starbucks"},"geometry":{"type":"Point","coordinates":[-0.608284,51.482442]}},{"type":"Feature","properties":{"type":"cafe","name":"Black Sheep Coffee"},"geometry":{"type":"Point","coordinates":[-0.608388,51.482411]}},{"type":"Feature","properties":{"type":"cafe","name":"Esquires Coffee"},"geometry":{"type":"Point","coordinates":[-0.60748,51.482149]}},{"type":"Feature","properties":{"type":"cafe","name":"Nell Gwynn Tearoom"},"geometry":{"type":"Point","coordinates":[-0.606469,51.482381]}},{"type":"Feature","properties":{"type":"cafe","name":"Clairmont's"},"geometry":{"type":"Point","coordinates":[-0.606359,51.481155]}},{"type":"Feature","properties":{"type":"cafe","name":"Costa"},"geometry":{"type":"Point","coordinates":[-0.777459,51.571821]}},{"type":"Feature","properties":{"type":"cafe","name":"The Cedar"},"geometry":{"type":"Point","coordinates":[-0.77785,51.571525]}},{"type":"Feature","properties":{"type":"cafe","name":"Fego"},"geometry":{"type":"Point","coordinates":[-0.774835,51.570203]}},{"type":"Feature","properties":{"type":"toilet","name":"Toilets"},"geometry":{"type":"Point","coordinates":[-0.401039,51.341268]}},{"type":"Feature","properties":{"type":"cafe","name":"Good Day Cafe"},"geometry":{"type":"Point","coordinates":[-0.58542,51.462454]}},{"type":"Feature","properties":{"type":"toilet","name":"Toilets"},"geometry":{"type":"Point","coordinates":[-0.609554,51.487487]}},{"type":"Feature","properties":{"type":"toilet","name":"Toilets"},"geometry":{"type":"Point","coordinates":[-0.608888,51.484616]}},{"type":"Feature","properties":{"type":"cafe","name":"The Corner Cafe"},"geometry":{"type":"Point","coordinates":[-0.636066,51.497673]}},{"type":"Feature","properties":{"type":"station","name":"Mansion House"},"geometry":{"type":"Point","coordinates":[-0.095223,51.511892]}},{"type":"Feature","properties":{"type":"toilet","name":"Toilets"},"geometry":{"type":"Point","coordinates":[-0.336028,51.405912]}},{"type":"Feature","properties":{"type":"station","name":"Tooting Bec"},"geometry":{"type":"Point","coordinates":[-0.159719,51.435623]}},{"type":"Feature","properties":{"type":"station","name":"Clapham North"},"geometry":{"type":"Point","coordinates":[-0.129639,51.465303]}},{"type":"Feature","properties":{"type":"station","name":"Oval"},"geometry":{"type":"Point","coordinates":[-0.112395,51.481834]}},{"type":"Feature","properties":{"type":"station","name":"Kennington"},"geometry":{"type":"Point","coordinates":[-0.105883,51.488286]}},{"type":"Feature","properties":{"type":"station","name":"Dalston Junction"},"geometry":{"type":"Point","coordinates":[-0.074968,51.545284]}},{"type":"Feature","properties":{"type":"station","name":"North Dulwich"},"geometry":{"type":"Point","coordinates":[-0.088329,51.454178]}},{"type":"Feature","properties":{"type":"station","name":"Westminster"},"geometry":{"type":"Point","coordinates":[-0.12493,51.501356]}},{"type":"Feature","properties":{"type":"cafe","name":"Jack's Cafe"},"geometry":{"type":"Point","coordinates":[-0.072478,51.550905]}},{"type":"Feature","properties":{"type":"cafe","name":"Springfield Park Cafe"},"geometry":{"type":"Point","coordinates":[-0.059863,51.569151]}},{"type":"Feature","properties":{"type":"station","name":"Blackhorse Road"},"geometry":{"type":"Point","coordinates":[-0.041645,51.586717]}},{"type":"Feature","properties":{"type":"station","name":"Clapham South"},"geometry":{"type":"Point","coordinates":[-0.147552,51.452837]}},{"type":"Feature","properties":{"type":"station","name":"Balham"},"geometry":{"type":"Point","coordinates":[-0.152898,51.443386]}},{"type":"Feature","properties":{"type":"station","name":"Tooting Broadway"},"geometry":{"type":"Point","coordinates":[-0.168291,51.427739]}},{"type":"Feature","properties":{"type":"station","name":"Old Street"},"geometry":{"type":"Point","coordinates":[-0.087609,51.525628]}},{"type":"Feature","properties":{"type":"cafe","name":"Box Hill Café & Visitor Centre"},"geometry":{"type":"Point","coordinates":[-0.313374,51.248977]}},{"type":"Feature","properties":{"type":"station","name":"Stockwell"},"geometry":{"type":"Point","coordinates":[-0.122501,51.472211]}},{"type":"Feature","properties":{"type":"cafe","name":"Beans & Beyond"},"geometry":{"type":"Point","coordinates":[-0.075281,51.524692]}},{"type":"Feature","properties":{"type":"cafe","name":"Kalendar"},"geometry":{"type":"Point","coordinates":[-0.149679,51.562041]}},{"type":"Feature","properties":{"type":"cafe","name":"Starbucks"},"geometry":{"type":"Point","coordinates":[-0.124047,51.578655]}},{"type":"Feature","properties":{"type":"cafe","name":"Colicci Roehampton Gate"},"geometry":{"type":"Point","coordinates":[-0.255394,51.452711]}},{"type":"Feature","properties":{"type":"cafe","name":"Neds Noodle Bar"},"geometry":{"type":"Point","coordinates":[-0.083754,51.527025]}},{"type":"Feature","properties":{"type":"cafe","name":"Costa"},"geometry":{"type":"Point","coordinates":[-0.192013,51.489]}},{"type":"Feature","properties":{"type":"cafe","name":"Caffè du Coin"},"geometry":{"type":"Point","coordinates":[-0.190421,51.489987]}},{"type":"Feature","properties":{"type":"toilet","name":"Toilets"},"geometry":{"type":"Point","coordinates":[-0.151517,51.445132]}},{"type":"Feature","properties":{"type":"cafe","name":"Archway Cafe"},"geometry":{"type":"Point","coordinates":[-0.073642,51.49913]}},{"type":"Feature","properties":{"type":"toilet","name":"Ryka's Car Park"},"geometry":{"type":"Point","coordinates":[-0.322302,51.255237]}},{"type":"Feature","properties":{"type":"cafe","name":"Box Hill Servery"},"geometry":{"type":"Point","coordinates":[-0.313113,51.2492]}},{"type":"Feature","properties":{"type":"toilet","name":"Box Hill NT"},"geometry":{"type":"Point","coordinates":[-0.313352,51.249048]}},{"type":"Feature","properties":{"type":"cafe","name":"Twists Sandwich Bar"},"geometry":{"type":"Point","coordinates":[-0.091429,51.500554]}},{"type":"Feature","properties":{"type":"cafe","name":"Black Cat Cafe"},"geometry":{"type":"Point","coordinates":[-0.055537,51.551375]}},{"type":"Feature","properties":{"type":"cafe","name":"The Grove Café"},"geometry":{"type":"Point","coordinates":[-0.137423,51.592086]}},{"type":"Feature","properties":{"type":"cafe","name":"Starbucks"},"geometry":{"type":"Point","coordinates":[-0.122788,51.507446]}},{"type":"Feature","properties":{"type":"cafe","name":"Gloucester Road Cafe"},"geometry":{"type":"Point","coordinates":[-0.18012,51.491428]}},{"type":"Feature","properties":{"type":"cafe","name":"Pear Tree Cafe"},"geometry":{"type":"Point","coordinates":[-0.148693,51.458363]}},{"type":"Feature","properties":{"type":"cafe","name":"Sunrise Cafe"},"geometry":{"type":"Point","coordinates":[-0.042671,51.398894]}},{"type":"Feature","properties":{"type":"cafe","name":"Costa"},"geometry":{"type":"Point","coordinates":[-0.125605,51.514041]}},{"type":"Feature","properties":{"type":"toilet","name":"Toilets"},"geometry":{"type":"Point","coordinates":[-0.334348,51.230518]}},{"type":"Feature","properties":{"type":"toilet","name":"Toilets"},"geometry":{"type":"Point","coordinates":[-0.185046,51.568077]}},{"type":"Feature","properties":{"type":"cafe","name":"Cafe Silam"},"geometry":{"type":"Point","coordinates":[-0.093381,51.484243]}},{"type":"Feature","properties":{"type":"cafe","name":"Echo Expresso"},"geometry":{"type":"Point","coordinates":[-0.093555,51.484349]}},{"type":"Feature","properties":{"type":"cafe","name":"Urban Social Coffee"},"geometry":{"type":"Point","coordinates":[-0.103575,51.544742]}},{"type":"Feature","properties":{"type":"cafe","name":"Amici"},"geometry":{"type":"Point","coordinates":[-0.103503,51.546514]}},{"type":"Feature","properties":{"type":"toilet","name":"Toilets"},"geometry":{"type":"Point","coordinates":[-0.194198,51.572088]}},{"type":"Feature","properties":{"type":"cafe","name":"Basement Cafe"},"geometry":{"type":"Point","coordinates":[-0.08411,51.523696]}},{"type":"Feature","properties":{"type":"cafe","name":"Caffè Nero"},"geometry":{"type":"Point","coordinates":[-0.119387,51.517813]}},{"type":"Feature","properties":{"type":"cafe","name":"Costa"},"geometry":{"type":"Point","coordinates":[-0.120083,51.517571]}},{"type":"Feature","properties":{"type":"cafe","name":"Espresso House"},"geometry":{"type":"Point","coordinates":[-0.120913,51.51825]}},{"type":"Feature","properties":{"type":"cafe","name":"Sawyer & Gray"},"geometry":{"type":"Point","coordinates":[-0.101139,51.546267]}},{"type":"Feature","properties":{"type":"toilet","name":"Trafalgar Square Toilets"},"geometry":{"type":"Point","coordinates":[-0.128527,51.508244]}},{"type":"Feature","properties":{"type":"cafe","name":"Gadz"},"geometry":{"type":"Point","coordinates":[-0.107777,51.565517]}},{"type":"Feature","properties":{"type":"cafe","name":"The Arch Cafe"},"geometry":{"type":"Point","coordinates":[-0.106712,51.565734]}},{"type":"Feature","properties":{"type":"cafe","name":"Jen Tea"},"geometry":{"type":"Point","coordinates":[-0.077688,51.518185]}},{"type":"Feature","properties":{"type":"cafe","name":"BBH"},"geometry":{"type":"Point","coordinates":[-0.10649,51.547959]}},{"type":"Feature","properties":{"type":"cafe","name":"The Hope"},"geometry":{"type":"Point","coordinates":[-0.106903,51.548242]}},{"type":"Feature","properties":{"type":"cafe","name":"Vagabond N7"},"geometry":{"type":"Point","coordinates":[-0.10674,51.54812]}},{"type":"Feature","properties":{"type":"cafe","name":"Caffè Concerto"},"geometry":{"type":"Point","coordinates":[-0.132835,51.511454]}},{"type":"Feature","properties":{"type":"toilet","name":"Toilets"},"geometry":{"type":"Point","coordinates":[-0.085803,51.510921]}},{"type":"Feature","properties":{"type":"cafe","name":"Deti's Deli Cafe"},"geometry":{"type":"Point","coordinates":[-0.122454,51.567761]}},{"type":"Feature","properties":{"type":"cafe","name":"Hamlet Cafe"},"geometry":{"type":"Point","coordinates":[-0.122326,51.56721]}},{"type":"Feature","properties":{"type":"cafe","name":"Morsi & Co."},"geometry":{"type":"Point","coordinates":[-0.108234,51.549276]}},{"type":"Feature","properties":{"type":"cafe","name":"Temptations"},"geometry":{"type":"Point","coordinates":[-0.10421,51.546587]}},{"type":"Feature","properties":{"type":"cafe","name":"Master Chef Cafe"},"geometry":{"type":"Point","coordinates":[-0.108437,51.549446]}},{"type":"Feature","properties":{"type":"cafe","name":"Le Péché Mignon"},"geometry":{"type":"Point","coordinates":[-0.1078,51.550054]}},{"type":"Feature","properties":{"type":"cafe","name":"314"},"geometry":{"type":"Point","coordinates":[-0.102363,51.546248]}},{"type":"Feature","properties":{"type":"cafe","name":"Cafe Vertige"},"geometry":{"type":"Point","coordinates":[-0.101958,51.545905]}},{"type":"Feature","properties":{"type":"cafe","name":"Urban Café and Bistro"},"geometry":{"type":"Point","coordinates":[-0.101641,51.546025]}},{"type":"Feature","properties":{"type":"cafe","name":"Stop Over"},"geometry":{"type":"Point","coordinates":[-0.072865,51.565405]}},{"type":"Feature","properties":{"type":"cafe","name":"Leo's Cafe"},"geometry":{"type":"Point","coordinates":[-0.073352,51.562397]}},{"type":"Feature","properties":{"type":"cafe","name":"Moio"},"geometry":{"type":"Point","coordinates":[-0.073451,51.562025]}},{"type":"Feature","properties":{"type":"cafe","name":"DB Music"},"geometry":{"type":"Point","coordinates":[-0.074151,51.557865]}},{"type":"Feature","properties":{"type":"cafe","name":"The Poetry Cafe"},"geometry":{"type":"Point","coordinates":[-0.12402,51.514995]}},{"type":"Feature","properties":{"type":"cafe","name":"Bar Italia"},"geometry":{"type":"Point","coordinates":[-0.131235,51.513421]}},{"type":"Feature","properties":{"type":"cafe","name":"Liv's Telecafe"},"geometry":{"type":"Point","coordinates":[-0.340316,51.444593]}},{"type":"Feature","properties":{"type":"cafe","name":"Starbucks"},"geometry":{"type":"Point","coordinates":[-0.087979,51.526198]}},{"type":"Feature","properties":{"type":"cafe","name":"Ravello"},"geometry":{"type":"Point","coordinates":[-0.127035,51.494964]}},{"type":"Feature","properties":{"type":"cafe","name":"Café Euro"},"geometry":{"type":"Point","coordinates":[-0.113517,51.553963]}},{"type":"Feature","properties":{"type":"cafe","name":"Granary Thai Cafe"},"geometry":{"type":"Point","coordinates":[-0.114598,51.570268]}},{"type":"Feature","properties":{"type":"cafe","name":"The Blue Owl"},"geometry":{"type":"Point","coordinates":[-0.113974,51.569977]}},{"type":"Feature","properties":{"type":"cafe","name":"Olive Bakery"},"geometry":{"type":"Point","coordinates":[-0.111244,51.568721]}},{"type":"Feature","properties":{"type":"cafe","name":"Coressy Sharma"},"geometry":{"type":"Point","coordinates":[-0.111175,51.568686]}},{"type":"Feature","properties":{"type":"cafe","name":"Purcha"},"geometry":{"type":"Point","coordinates":[-0.128694,51.512891]}},{"type":"Feature","properties":{"type":"cafe","name":"Snack Bar & Café"},"geometry":{"type":"Point","coordinates":[-0.129467,51.514361]}},{"type":"Feature","properties":{"type":"cafe","name":"Coffee-Uni"},"geometry":{"type":"Point","coordinates":[-0.119282,51.530747]}},{"type":"Feature","properties":{"type":"cafe","name":"Costa"},"geometry":{"type":"Point","coordinates":[-0.122295,51.531984]}},{"type":"Feature","properties":{"type":"cafe","name":"Cafe Express"},"geometry":{"type":"Point","coordinates":[-0.121882,51.536563]}},{"type":"Feature","properties":{"type":"cafe","name":"Venezia Cafe"},"geometry":{"type":"Point","coordinates":[-0.121895,51.536731]}},{"type":"Feature","properties":{"type":"cafe","name":"Blank Street Coffee"},"geometry":{"type":"Point","coordinates":[-0.122114,51.530896]}},{"type":"Feature","properties":{"type":"cafe","name":"Sunrise Cafe"},"geometry":{"type":"Point","coordinates":[-0.119056,51.533402]}},{"type":"Feature","properties":{"type":"cafe","name":"Costa"},"geometry":{"type":"Point","coordinates":[-0.097665,51.57653]}},{"type":"Feature","properties":{"type":"cafe","name":"Cappadocia"},"geometry":{"type":"Point","coordinates":[-0.120558,51.529659]}},{"type":"Feature","properties":{"type":"cafe","name":"Cafe Plaka"},"geometry":{"type":"Point","coordinates":[-0.12111,51.530267]}},{"type":"Feature","properties":{"type":"cafe","name":"Coffee by Real Eating Co"},"geometry":{"type":"Point","coordinates":[-0.159602,51.514247]}},{"type":"Feature","properties":{"type":"cafe","name":"Holybella"},"geometry":{"type":"Point","coordinates":[-0.147122,51.599694]}},{"type":"Feature","properties":{"type":"toilet","name":"Cutty Sark Toilets"},"geometry":{"type":"Point","coordinates":[-0.010165,51.482165]}},{"type":"Feature","properties":{"type":"cafe","name":"Café 1"},"geometry":{"type":"Point","coordinates":[-0.270222,51.333012]}},{"type":"Feature","properties":{"type":"cafe","name":"Costa"},"geometry":{"type":"Point","coordinates":[-0.268032,51.331966]}},{"type":"Feature","properties":{"type":"toilet","name":"Toilets"},"geometry":{"type":"Point","coordinates":[-0.331932,51.233432]}},{"type":"Feature","properties":{"type":"cafe","name":"Fothergills"},"geometry":{"type":"Point","coordinates":[-0.331175,51.232693]}},{"type":"Feature","properties":{"type":"cafe","name":"Chimes for Lunch"},"geometry":{"type":"Point","coordinates":[-0.331566,51.232937]}},{"type":"Feature","properties":{"type":"cafe","name":"Costa"},"geometry":{"type":"Point","coordinates":[-0.332939,51.231468]}},{"type":"Feature","properties":{"type":"cafe","name":"Esquires"},"geometry":{"type":"Point","coordinates":[-0.332206,51.231644]}},{"type":"Feature","properties":{"type":"cafe","name":"Cafe House"},"geometry":{"type":"Point","coordinates":[-0.096481,51.489834]}},{"type":"Feature","properties":{"type":"cafe","name":"Ranya Cafe"},"geometry":{"type":"Point","coordinates":[-0.094763,51.486377]}},{"type":"Feature","properties":{"type":"cafe","name":"Enjoy Cafe"},"geometry":{"type":"Point","coordinates":[-0.072674,51.566623]}},{"type":"Feature","properties":{"type":"cafe","name":"Costa"},"geometry":{"type":"Point","coordinates":[-0.163851,51.515881]}},{"type":"Feature","properties":{"type":"cafe","name":"B/alt Bakery"},"geometry":{"type":"Point","coordinates":[-0.124536,51.580732]}},{"type":"Feature","properties":{"type":"cafe","name":"VV Cafe"},"geometry":{"type":"Point","coordinates":[-0.209525,51.4694]}},{"type":"Feature","properties":{"type":"cafe","name":"Caffè Nero"},"geometry":{"type":"Point","coordinates":[-0.124616,51.50112]}},{"type":"Feature","properties":{"type":"cafe","name":"La Forchetta"},"geometry":{"type":"Point","coordinates":[-0.107548,51.519325]}},{"type":"Feature","properties":{"type":"cafe","name":"Bicafe"},"geometry":{"type":"Point","coordinates":[-0.107153,51.519849]}},{"type":"Feature","properties":{"type":"cafe","name":"Tide Tables"},"geometry":{"type":"Point","coordinates":[-0.306246,51.457787]}},{"type":"Feature","properties":{"type":"toilet","name":"Toilets"},"geometry":{"type":"Point","coordinates":[-0.081601,51.517678]}},{"type":"Feature","properties":{"type":"cafe","name":"Caffè Nero"},"geometry":{"type":"Point","coordinates":[-0.128365,51.507277]}},{"type":"Feature","properties":{"type":"station","name":"Finsbury Park"},"geometry":{"type":"Point","coordinates":[-0.106414,51.564835]}},{"type":"Feature","properties":{"type":"toilet","name":"Toilets"},"geometry":{"type":"Point","coordinates":[-0.178129,51.480033]}},{"type":"Feature","properties":{"type":"water","name":"Pimlico Gardens, Grosvenor Road"},"geometry":{"type":"Point","coordinates":[-0.134278,51.485355]}},{"type":"Feature","properties":{"type":"cafe","name":"Costa"},"geometry":{"type":"Point","coordinates":[-0.122887,51.507258]}},{"type":"Feature","properties":{"type":"cafe","name":"Starbucks"},"geometry":{"type":"Point","coordinates":[-0.122338,51.507051]}},{"type":"Feature","properties":{"type":"cafe","name":"Roni's Cafe"},"geometry":{"type":"Point","coordinates":[-0.10353,51.522466]}},{"type":"Feature","properties":{"type":"cafe","name":"Knockbox Coffee"},"geometry":{"type":"Point","coordinates":[-0.103421,51.522482]}},{"type":"Feature","properties":{"type":"cafe","name":"Costa"},"geometry":{"type":"Point","coordinates":[-0.126768,51.5075]}},{"type":"Feature","properties":{"type":"toilet","name":"Embankment Toilets"},"geometry":{"type":"Point","coordinates":[-0.121849,51.507564]}},{"type":"Feature","properties":{"type":"cafe","name":"Caffee Concerto"},"geometry":{"type":"Point","coordinates":[-0.133266,51.509704]}},{"type":"Feature","properties":{"type":"cafe","name":"Caffè Nero"},"geometry":{"type":"Point","coordinates":[-0.132353,51.509471]}},{"type":"Feature","properties":{"type":"cafe","name":"Starbucks"},"geometry":{"type":"Point","coordinates":[-0.104019,51.512596]}},{"type":"Feature","properties":{"type":"cafe","name":"Cafe Mano"},"geometry":{"type":"Point","coordinates":[-0.108788,51.52106]}},{"type":"Feature","properties":{"type":"cafe","name":"Tuffo's Place"},"geometry":{"type":"Point","coordinates":[-0.108877,51.521416]}},{"type":"Feature","properties":{"type":"cafe","name":"Candy Cafe"},"geometry":{"type":"Point","coordinates":[-0.13136,51.511873]}},{"type":"Feature","properties":{"type":"cafe","name":"Honeymoon Dessert 满记甜品"},"geometry":{"type":"Point","coordinates":[-0.133185,51.51153]}},{"type":"Feature","properties":{"type":"cafe","name":"Local Hero"},"geometry":{"type":"Point","coordinates":[-0.306632,51.410753]}},{"type":"Feature","properties":{"type":"cafe","name":"My Tea Shop"},"geometry":{"type":"Point","coordinates":[-0.087685,51.505967]}},{"type":"Feature","properties":{"type":"cafe","name":"Markus Coffee Co Ltd"},"geometry":{"type":"Point","coordinates":[-0.164975,51.514556]}},{"type":"Feature","properties":{"type":"cafe","name":"Stuzzico..."},"geometry":{"type":"Point","coordinates":[-0.166583,51.51466]}},{"type":"Feature","properties":{"type":"cafe","name":"Caffè Nero"},"geometry":{"type":"Point","coordinates":[-0.116493,51.520857]}},{"type":"Feature","properties":{"type":"cafe","name":"barrio"},"geometry":{"type":"Point","coordinates":[-0.07814,51.526124]}},{"type":"Feature","properties":{"type":"cafe","name":"The Cat & Cucumber"},"geometry":{"type":"Point","coordinates":[-0.07786,51.501316]}},{"type":"Feature","properties":{"type":"cafe","name":"Snacks 'n' things"},"geometry":{"type":"Point","coordinates":[-0.072633,51.563334]}},{"type":"Feature","properties":{"type":"cafe","name":"Warbler Cafe"},"geometry":{"type":"Point","coordinates":[-0.072287,51.563208]}},{"type":"Feature","properties":{"type":"toilet","name":"Toilets"},"geometry":{"type":"Point","coordinates":[-0.072583,51.547415]}},{"type":"Feature","properties":{"type":"cafe","name":"Cafe Amore"},"geometry":{"type":"Point","coordinates":[-0.096525,51.48997]}},{"type":"Feature","properties":{"type":"cafe","name":"Builders Cafe"},"geometry":{"type":"Point","coordinates":[-0.100025,51.492824]}},{"type":"Feature","properties":{"type":"cafe","name":"Café"},"geometry":{"type":"Point","coordinates":[-0.075168,51.551186]}},{"type":"Feature","properties":{"type":"cafe","name":"Espresso & Shakes"},"geometry":{"type":"Point","coordinates":[-0.075097,51.551479]}},{"type":"Feature","properties":{"type":"cafe","name":"The Borough Barista"},"geometry":{"type":"Point","coordinates":[-0.132128,51.508435]}},{"type":"Feature","properties":{"type":"cafe","name":"Harris + Hoole"},"geometry":{"type":"Point","coordinates":[-0.124036,51.578707]}},{"type":"Feature","properties":{"type":"cafe","name":"Costa Coffee"},"geometry":{"type":"Point","coordinates":[-0.074046,51.506681]}},{"type":"Feature","properties":{"type":"cafe","name":"Cafe Below"},"geometry":{"type":"Point","coordinates":[-0.093531,51.513869]}},{"type":"Feature","properties":{"type":"cafe","name":"Oasis"},"geometry":{"type":"Point","coordinates":[-0.074603,51.510474]}},{"type":"Feature","properties":{"type":"cafe","name":"Weighbridge Cafe"},"geometry":{"type":"Point","coordinates":[-0.056169,51.591592]}},{"type":"Feature","properties":{"type":"cafe","name":"Starbucks"},"geometry":{"type":"Point","coordinates":[-0.090075,51.512603]}},{"type":"Feature","properties":{"type":"cafe","name":"apostrophe"},"geometry":{"type":"Point","coordinates":[-0.117109,51.518053]}},{"type":"Feature","properties":{"type":"cafe","name":"Costa"},"geometry":{"type":"Point","coordinates":[-0.092428,51.502486]}},{"type":"Feature","properties":{"type":"cafe","name":"EC1 Coffee House"},"geometry":{"type":"Point","coordinates":[-0.103974,51.522402]}},{"type":"Feature","properties":{"type":"cafe","name":"cafe La Forchetta"},"geometry":{"type":"Point","coordinates":[-0.101821,51.522315]}},{"type":"Feature","properties":{"type":"cafe","name":"La Torre"},"geometry":{"type":"Point","coordinates":[-0.125142,51.514958]}},{"type":"Feature","properties":{"type":"toilet","name":"Toilets"},"geometry":{"type":"Point","coordinates":[-0.117747,51.510378]}},{"type":"Feature","properties":{"type":"cafe","name":"Cafe 'B'"},"geometry":{"type":"Point","coordinates":[-0.027614,51.39031]}},{"type":"Feature","properties":{"type":"cafe","name":"Café"},"geometry":{"type":"Point","coordinates":[-0.193614,51.571157]}},{"type":"Feature","properties":{"type":"cafe","name":"Cafe La Tulipe"},"geometry":{"type":"Point","coordinates":[-0.197803,51.481259]}},{"type":"Feature","properties":{"type":"cafe","name":"Matchbox Cafe"},"geometry":{"type":"Point","coordinates":[-0.164721,51.554434]}},{"type":"Feature","properties":{"type":"cafe","name":"Café Olé"},"geometry":{"type":"Point","coordinates":[-0.199231,51.481634]}},{"type":"Feature","properties":{"type":"cafe","name":"Royal Cafe & Sandwhich bar"},"geometry":{"type":"Point","coordinates":[-0.162192,51.55371]}},{"type":"Feature","properties":{"type":"cafe","name":"Ravel's Bistro"},"geometry":{"type":"Point","coordinates":[-0.158591,51.553191]}},{"type":"Feature","properties":{"type":"cafe","name":"Giacobazzi's"},"geometry":{"type":"Point","coordinates":[-0.164273,51.553979]}},{"type":"Feature","properties":{"type":"cafe","name":"Zamazingo"},"geometry":{"type":"Point","coordinates":[-0.164871,51.553957]}},{"type":"Feature","properties":{"type":"cafe","name":"Buffet Service"},"geometry":{"type":"Point","coordinates":[-0.11902,51.517476]}},{"type":"Feature","properties":{"type":"cafe","name":"Cafe Metro"},"geometry":{"type":"Point","coordinates":[-0.134841,51.565394]}},{"type":"Feature","properties":{"type":"cafe","name":"Joe & The Juice"},"geometry":{"type":"Point","coordinates":[-0.084105,51.51078]}},{"type":"Feature","properties":{"type":"cafe","name":"Pod"},"geometry":{"type":"Point","coordinates":[-0.088144,51.513042]}},{"type":"Feature","properties":{"type":"cafe","name":"Gino's Coffee Bar"},"geometry":{"type":"Point","coordinates":[-0.162183,51.522226]}},{"type":"Feature","properties":{"type":"cafe","name":"Beck's cafe"},"geometry":{"type":"Point","coordinates":[-0.117111,51.519642]}},{"type":"Feature","properties":{"type":"cafe","name":"Kozzy Cafe"},"geometry":{"type":"Point","coordinates":[-0.117328,51.519547]}},{"type":"Feature","properties":{"type":"cafe","name":"Moonrise Maid Café"},"geometry":{"type":"Point","coordinates":[-0.117083,51.519578]}},{"type":"Feature","properties":{"type":"cafe","name":"Pod"},"geometry":{"type":"Point","coordinates":[-0.080352,51.519537]}},{"type":"Feature","properties":{"type":"cafe","name":"Camden Coffee House"},"geometry":{"type":"Point","coordinates":[-0.14059,51.540005]}},{"type":"Feature","properties":{"type":"cafe","name":"Cinnamon Village"},"geometry":{"type":"Point","coordinates":[-0.13922,51.555406]}},{"type":"Feature","properties":{"type":"cafe","name":"Cafe Forum"},"geometry":{"type":"Point","coordinates":[-0.133441,51.565025]}},{"type":"Feature","properties":{"type":"cafe","name":"Elmers End Cafe"},"geometry":{"type":"Point","coordinates":[-0.046525,51.398145]}},{"type":"Feature","properties":{"type":"cafe","name":"Costa"},"geometry":{"type":"Point","coordinates":[-0.124117,51.578493]}},{"type":"Feature","properties":{"type":"cafe","name":"Brunch on the Hill"},"geometry":{"type":"Point","coordinates":[-0.124813,51.577734]}},{"type":"Feature","properties":{"type":"cafe","name":"Cafe Savvies"},"geometry":{"type":"Point","coordinates":[-0.130336,51.564306]}},{"type":"Feature","properties":{"type":"cafe","name":"Broadway Cafe"},"geometry":{"type":"Point","coordinates":[-0.282731,51.380804]}},{"type":"Feature","properties":{"type":"cafe","name":"Sunshine Cafe"},"geometry":{"type":"Point","coordinates":[-0.282924,51.380975]}},{"type":"Feature","properties":{"type":"cafe","name":"Costa"},"geometry":{"type":"Point","coordinates":[-0.105383,51.564422]}},{"type":"Feature","properties":{"type":"cafe","name":"M1LK"},"geometry":{"type":"Point","coordinates":[-0.150821,51.444463]}},{"type":"Feature","properties":{"type":"cafe","name":"Café"},"geometry":{"type":"Point","coordinates":[-0.150199,51.443939]}},{"type":"Feature","properties":{"type":"cafe","name":"Caffè Nero"},"geometry":{"type":"Point","coordinates":[-0.151749,51.44447]}},{"type":"Feature","properties":{"type":"cafe","name":"The Nightingale"},"geometry":{"type":"Point","coordinates":[-0.15407,51.441693]}},{"type":"Feature","properties":{"type":"cafe","name":"Caffè Nero"},"geometry":{"type":"Point","coordinates":[-0.137469,51.462274]}},{"type":"Feature","properties":{"type":"cafe","name":"Cake Boutique"},"geometry":{"type":"Point","coordinates":[-0.152156,51.466083]}},{"type":"Feature","properties":{"type":"cafe","name":"Caffè Nero"},"geometry":{"type":"Point","coordinates":[-0.14989,51.358956]}},{"type":"Feature","properties":{"type":"toilet","name":"Toilets"},"geometry":{"type":"Point","coordinates":[-0.37314,51.277339]}},{"type":"Feature","properties":{"type":"cafe","name":"Rawcous Kitchen"},"geometry":{"type":"Point","coordinates":[-0.373341,51.278543]}},{"type":"Feature","properties":{"type":"cafe","name":"Internet Cafe"},"geometry":{"type":"Point","coordinates":[-0.132365,51.564577]}},{"type":"Feature","properties":{"type":"cafe","name":"68 Speciality Coffee"},"geometry":{"type":"Point","coordinates":[-0.131137,51.564498]}},{"type":"Feature","properties":{"type":"cafe","name":"Notes"},"geometry":{"type":"Point","coordinates":[-0.089942,51.519299]}},{"type":"Feature","properties":{"type":"cafe","name":"Claire's"},"geometry":{"type":"Point","coordinates":[-0.373289,51.276781]}},{"type":"Feature","properties":{"type":"cafe","name":"Costa"},"geometry":{"type":"Point","coordinates":[-0.072933,51.515011]}},{"type":"Feature","properties":{"type":"cafe","name":"Bistro Laz"},"geometry":{"type":"Point","coordinates":[-0.150842,51.561293]}},{"type":"Feature","properties":{"type":"toilet","name":"Toilets"},"geometry":{"type":"Point","coordinates":[-0.125136,51.570223]}},{"type":"Feature","properties":{"type":"cafe","name":"WA Bakery"},"geometry":{"type":"Point","coordinates":[-0.151638,51.517817]}},{"type":"Feature","properties":{"type":"station","name":"Baker Street"},"geometry":{"type":"Point","coordinates":[-0.156743,51.522585]}},{"type":"Feature","properties":{"type":"cafe","name":"l'eau a la bouche"},"geometry":{"type":"Point","coordinates":[-0.061846,51.536746]}},{"type":"Feature","properties":{"type":"cafe","name":"Carolinas"},"geometry":{"type":"Point","coordinates":[-0.375321,51.279995]}},{"type":"Feature","properties":{"type":"cafe","name":"Costa"},"geometry":{"type":"Point","coordinates":[-0.327981,51.295698]}},{"type":"Feature","properties":{"type":"cafe","name":"Lucio's"},"geometry":{"type":"Point","coordinates":[-0.328881,51.295203]}},{"type":"Feature","properties":{"type":"cafe","name":"Art St Kitchen"},"geometry":{"type":"Point","coordinates":[-0.126438,51.493155]}},{"type":"Feature","properties":{"type":"cafe","name":"The Georgian"},"geometry":{"type":"Point","coordinates":[-0.147535,51.452157]}},{"type":"Feature","properties":{"type":"cafe","name":"The Pepper Tree"},"geometry":{"type":"Point","coordinates":[-0.138659,51.461035]}},{"type":"Feature","properties":{"type":"cafe","name":"Sequoia Lounge"},"geometry":{"type":"Point","coordinates":[-0.146349,51.453724]}},{"type":"Feature","properties":{"type":"cafe","name":"Costa"},"geometry":{"type":"Point","coordinates":[-0.147303,51.452635]}},{"type":"Feature","properties":{"type":"cafe","name":"21 Grams"},"geometry":{"type":"Point","coordinates":[-0.146134,51.453956]}},{"type":"Feature","properties":{"type":"toilet","name":"Paul's Walk"},"geometry":{"type":"Point","coordinates":[-0.100605,51.510876]}},{"type":"Feature","properties":{"type":"cafe","name":"The Living Room"},"geometry":{"type":"Point","coordinates":[-0.134416,51.512509]}},{"type":"Feature","properties":{"type":"cafe","name":"Sara Cafe Shisha"},"geometry":{"type":"Point","coordinates":[-0.158664,51.52004]}},{"type":"Feature","properties":{"type":"station","name":"Archway"},"geometry":{"type":"Point","coordinates":[-0.134819,51.565312]}},{"type":"Feature","properties":{"type":"toilet","name":"Putney Library"},"geometry":{"type":"Point","coordinates":[-0.21592,51.461668]}},{"type":"Feature","properties":{"type":"toilet","name":"Toilets"},"geometry":{"type":"Point","coordinates":[-0.189321,51.481271]}},{"type":"Feature","properties":{"type":"cafe","name":"Starbucks"},"geometry":{"type":"Point","coordinates":[-0.118854,51.557718]}},{"type":"Feature","properties":{"type":"cafe","name":"Starbucks"},"geometry":{"type":"Point","coordinates":[-0.083664,51.520019]}},{"type":"Feature","properties":{"type":"toilet","name":"Toilets"},"geometry":{"type":"Point","coordinates":[-0.323494,51.447785]}},{"type":"Feature","properties":{"type":"cafe","name":"Campania"},"geometry":{"type":"Point","coordinates":[-0.069601,51.529722]}},{"type":"Feature","properties":{"type":"toilet","name":"Toilets"},"geometry":{"type":"Point","coordinates":[-0.150086,51.579698]}},{"type":"Feature","properties":{"type":"water","name":"Carter Lane Gardens"},"geometry":{"type":"Point","coordinates":[-0.098405,51.513]}},{"type":"Feature","properties":{"type":"water","name":"East Heath Road 2"},"geometry":{"type":"Point","coordinates":[-0.167614,51.5575]}},{"type":"Feature","properties":{"type":"water","name":"Kennington Park fountain"},"geometry":{"type":"Point","coordinates":[-0.108385,51.483746]}},{"type":"Feature","properties":{"type":"water","name":"Regents Park 2"},"geometry":{"type":"Point","coordinates":[-0.16171,51.5291]}},{"type":"Feature","properties":{"type":"water","name":"Spa Fields Extension 1"},"geometry":{"type":"Point","coordinates":[-0.108868,51.525578]}},{"type":"Feature","properties":{"type":"water","name":"St Lawrence Jewry"},"geometry":{"type":"Point","coordinates":[-0.097314,51.512937]}},{"type":"Feature","properties":{"type":"cafe","name":"mooboo"},"geometry":{"type":"Point","coordinates":[-0.118892,51.557974]}},{"type":"Feature","properties":{"type":"cafe","name":"Curious Yellow Kafe"},"geometry":{"type":"Point","coordinates":[-0.083672,51.529659]}},{"type":"Feature","properties":{"type":"cafe","name":"Café"},"geometry":{"type":"Point","coordinates":[-0.325386,51.234622]}},{"type":"Feature","properties":{"type":"cafe","name":"Cafe Roma"},"geometry":{"type":"Point","coordinates":[-0.17307,51.491182]}},{"type":"Feature","properties":{"type":"cafe","name":"Heavenly Desserts"},"geometry":{"type":"Point","coordinates":[-0.158163,51.522204]}},{"type":"Feature","properties":{"type":"cafe","name":"Yew & Co"},"geometry":{"type":"Point","coordinates":[-0.166318,51.372108]}},{"type":"Feature","properties":{"type":"cafe","name":"Leila's Cafe"},"geometry":{"type":"Point","coordinates":[-0.075535,51.526201]}},{"type":"Feature","properties":{"type":"cafe","name":"Bagel Master"},"geometry":{"type":"Point","coordinates":[-0.076765,51.530736]}},{"type":"Feature","properties":{"type":"station","name":"Bank"},"geometry":{"type":"Point","coordinates":[-0.089375,51.513105]}},{"type":"Feature","properties":{"type":"cafe","name":"Sunshine Cafe"},"geometry":{"type":"Point","coordinates":[-0.167304,51.372265]}},{"type":"Feature","properties":{"type":"cafe","name":"Starbucks"},"geometry":{"type":"Point","coordinates":[-0.182032,51.485106]}},{"type":"Feature","properties":{"type":"cafe","name":"Matte Black Cafe"},"geometry":{"type":"Point","coordinates":[-0.152948,51.36653]}},{"type":"Feature","properties":{"type":"cafe","name":"Costa"},"geometry":{"type":"Point","coordinates":[-0.149802,51.358566]}},{"type":"Feature","properties":{"type":"cafe","name":"The Crown"},"geometry":{"type":"Point","coordinates":[-0.111533,51.55176]}},{"type":"Feature","properties":{"type":"station","name":"Camden Town"},"geometry":{"type":"Point","coordinates":[-0.142696,51.53944]}},{"type":"Feature","properties":{"type":"station","name":"East Finchley"},"geometry":{"type":"Point","coordinates":[-0.164814,51.587188]}},{"type":"Feature","properties":{"type":"station","name":"Highgate"},"geometry":{"type":"Point","coordinates":[-0.145832,51.577683]}},{"type":"Feature","properties":{"type":"cafe","name":"1st Class Cafe"},"geometry":{"type":"Point","coordinates":[-0.111279,51.524204]}},{"type":"Feature","properties":{"type":"cafe","name":"The Courts Café at Hyde Park"},"geometry":{"type":"Point","coordinates":[-0.173743,51.502507]}},{"type":"Feature","properties":{"type":"cafe","name":"Caffè Nero"},"geometry":{"type":"Point","coordinates":[-0.198034,51.480511]}},{"type":"Feature","properties":{"type":"cafe","name":"Etsu Cafe"},"geometry":{"type":"Point","coordinates":[-0.094592,51.510926]}},{"type":"Feature","properties":{"type":"toilet","name":"Toilets"},"geometry":{"type":"Point","coordinates":[-0.090704,51.509297]}},{"type":"Feature","properties":{"type":"cafe","name":"Costa"},"geometry":{"type":"Point","coordinates":[-0.082634,51.517792]}},{"type":"Feature","properties":{"type":"toilet","name":"Toilets"},"geometry":{"type":"Point","coordinates":[-0.162685,51.484953]}},{"type":"Feature","properties":{"type":"water","name":"Drinking water"},"geometry":{"type":"Point","coordinates":[-0.286447,51.420231]}},{"type":"Feature","properties":{"type":"cafe","name":"Pod"},"geometry":{"type":"Point","coordinates":[-0.087025,51.511524]}},{"type":"Feature","properties":{"type":"cafe","name":"Aya & Suki"},"geometry":{"type":"Point","coordinates":[-0.061215,51.537199]}},{"type":"Feature","properties":{"type":"cafe","name":"Costa"},"geometry":{"type":"Point","coordinates":[-0.168599,51.24036]}},{"type":"Feature","properties":{"type":"cafe","name":"Taggs Coffee Co."},"geometry":{"type":"Point","coordinates":[-0.094545,51.480621]}},{"type":"Feature","properties":{"type":"cafe","name":"Mary's Cafe"},"geometry":{"type":"Point","coordinates":[-0.09436,51.482634]}},{"type":"Feature","properties":{"type":"cafe","name":"Star Cafe"},"geometry":{"type":"Point","coordinates":[-0.093434,51.48464]}},{"type":"Feature","properties":{"type":"cafe","name":"Sierra Spot"},"geometry":{"type":"Point","coordinates":[-0.093349,51.484644]}},{"type":"Feature","properties":{"type":"cafe","name":"Billy's Cafe"},"geometry":{"type":"Point","coordinates":[-0.061246,51.532376]}},{"type":"Feature","properties":{"type":"cafe","name":"Black Box"},"geometry":{"type":"Point","coordinates":[-0.083602,51.525876]}},{"type":"Feature","properties":{"type":"cafe","name":"Deeney's Cafe"},"geometry":{"type":"Point","coordinates":[-0.020168,51.591357]}},{"type":"Feature","properties":{"type":"cafe","name":"Montegino"},"geometry":{"type":"Point","coordinates":[-0.073669,51.573966]}},{"type":"Feature","properties":{"type":"cafe","name":"Brown & Green"},"geometry":{"type":"Point","coordinates":[-0.072585,51.418326]}},{"type":"Feature","properties":{"type":"cafe","name":"Crussh Bar"},"geometry":{"type":"Point","coordinates":[-0.126169,51.496677]}},{"type":"Feature","properties":{"type":"toilet","name":"CityLoos"},"geometry":{"type":"Point","coordinates":[-0.123805,51.501328]}},{"type":"Feature","properties":{"type":"cafe","name":"Amici"},"geometry":{"type":"Point","coordinates":[-0.32833,51.295274]}},{"type":"Feature","properties":{"type":"cafe","name":"The Nile Cafe"},"geometry":{"type":"Point","coordinates":[-0.087738,51.529447]}},{"type":"Feature","properties":{"type":"cafe","name":"Stripes Cafe @ sixty one"},"geometry":{"type":"Point","coordinates":[-0.088459,51.529357]}},{"type":"Feature","properties":{"type":"cafe","name":"Black Sheep Coffee"},"geometry":{"type":"Point","coordinates":[-0.194148,51.456755]}},{"type":"Feature","properties":{"type":"cafe","name":"Taylor St Baristas"},"geometry":{"type":"Point","coordinates":[-0.086445,51.514567]}},{"type":"Feature","properties":{"type":"cafe","name":"Docklands Diner"},"geometry":{"type":"Point","coordinates":[-0.025861,51.507321]}},{"type":"Feature","properties":{"type":"cafe","name":"Pitfield London"},"geometry":{"type":"Point","coordinates":[-0.083724,51.52733]}},{"type":"Feature","properties":{"type":"cafe","name":"Muzzy's Cafe"},"geometry":{"type":"Point","coordinates":[-0.08367,51.529411]}},{"type":"Feature","properties":{"type":"cafe","name":"Fashion Sushi & Cafe"},"geometry":{"type":"Point","coordinates":[-0.07397,51.518297]}},{"type":"Feature","properties":{"type":"cafe","name":"Saray Broadway Café"},"geometry":{"type":"Point","coordinates":[-0.061333,51.537033]}},{"type":"Feature","properties":{"type":"cafe","name":"La Cafeteria"},"geometry":{"type":"Point","coordinates":[-0.006169,51.591533]}},{"type":"Feature","properties":{"type":"cafe","name":"Picnic Sandwich Bar"},"geometry":{"type":"Point","coordinates":[-0.00795,51.591144]}},{"type":"Feature","properties":{"type":"cafe","name":"沪上阿姨 Auntea Jenny"},"geometry":{"type":"Point","coordinates":[-0.133575,51.511961]}},{"type":"Feature","properties":{"type":"cafe","name":"Coco Playa"},"geometry":{"type":"Point","coordinates":[-0.133541,51.511923]}},{"type":"Feature","properties":{"type":"cafe","name":"Twenty Two to Twenty Six"},"geometry":{"type":"Point","coordinates":[-0.10685,51.522918]}},{"type":"Feature","properties":{"type":"toilet","name":"Toilets"},"geometry":{"type":"Point","coordinates":[-0.14248,51.538868]}},{"type":"Feature","properties":{"type":"toilet","name":"Toilets"},"geometry":{"type":"Point","coordinates":[-0.142858,51.538894]}},{"type":"Feature","properties":{"type":"toilet","name":"Crystal Palace Station platform 1 toilets"},"geometry":{"type":"Point","coordinates":[-0.072572,51.417601]}},{"type":"Feature","properties":{"type":"toilet","name":"Crystal Palace station ticket hall toilets"},"geometry":{"type":"Point","coordinates":[-0.07277,51.418]}},{"type":"Feature","properties":{"type":"cafe","name":"Biju Bubble Teas"},"geometry":{"type":"Point","coordinates":[-0.132205,51.512737]}},{"type":"Feature","properties":{"type":"water","name":"Drinking water"},"geometry":{"type":"Point","coordinates":[-0.036853,51.541577]}},{"type":"Feature","properties":{"type":"cafe","name":"River Cafe"},"geometry":{"type":"Point","coordinates":[-0.209264,51.467963]}},{"type":"Feature","properties":{"type":"cafe","name":"WatchHouse"},"geometry":{"type":"Point","coordinates":[-0.160866,51.514426]}},{"type":"Feature","properties":{"type":"water","name":"Drinking water"},"geometry":{"type":"Point","coordinates":[-0.184606,51.573763]}},{"type":"Feature","properties":{"type":"station","name":"Edgware Road"},"geometry":{"type":"Point","coordinates":[-0.166764,51.520193]}},{"type":"Feature","properties":{"type":"cafe","name":"Chalet Cafe"},"geometry":{"type":"Point","coordinates":[-0.077189,51.534619]}},{"type":"Feature","properties":{"type":"cafe","name":"Parkside Café"},"geometry":{"type":"Point","coordinates":[-0.005824,51.480254]}},{"type":"Feature","properties":{"type":"station","name":"Battersea Park"},"geometry":{"type":"Point","coordinates":[-0.147585,51.47761]}},{"type":"Feature","properties":{"type":"cafe","name":"Aobaba"},"geometry":{"type":"Point","coordinates":[-0.09789,51.491324]}},{"type":"Feature","properties":{"type":"cafe","name":"Café"},"geometry":{"type":"Point","coordinates":[-0.108411,51.565749]}},{"type":"Feature","properties":{"type":"cafe","name":"O'be Joyful"},"geometry":{"type":"Point","coordinates":[-0.130433,51.508983]}},{"type":"Feature","properties":{"type":"cafe","name":"Sandwhich Express"},"geometry":{"type":"Point","coordinates":[-0.130491,51.509073]}},{"type":"Feature","properties":{"type":"toilet","name":"Toilets"},"geometry":{"type":"Point","coordinates":[-0.020084,51.54461]}},{"type":"Feature","properties":{"type":"toilet","name":"Toilets"},"geometry":{"type":"Point","coordinates":[-0.014867,51.547722]}},{"type":"Feature","properties":{"type":"water","name":"Drinking water"},"geometry":{"type":"Point","coordinates":[-0.256449,51.436329]}},{"type":"Feature","properties":{"type":"cafe","name":"Le-Vap Vape and Shisha Bar"},"geometry":{"type":"Point","coordinates":[-0.159545,51.522895]}},{"type":"Feature","properties":{"type":"toilet","name":"Disabled WC"},"geometry":{"type":"Point","coordinates":[-0.151343,51.555451]}},{"type":"Feature","properties":{"type":"toilet","name":"Toilets"},"geometry":{"type":"Point","coordinates":[-0.328249,51.445245]}},{"type":"Feature","properties":{"type":"toilet","name":"Toilets"},"geometry":{"type":"Point","coordinates":[-0.325948,51.447758]}},{"type":"Feature","properties":{"type":"cafe","name":"Starbucks"},"geometry":{"type":"Point","coordinates":[-0.167686,51.427592]}},{"type":"Feature","properties":{"type":"station","name":"Haggerston"},"geometry":{"type":"Point","coordinates":[-0.075583,51.538657]}},{"type":"Feature","properties":{"type":"station","name":"Surrey Quays"},"geometry":{"type":"Point","coordinates":[-0.047832,51.493421]}},{"type":"Feature","properties":{"type":"station","name":"Denmark Hill"},"geometry":{"type":"Point","coordinates":[-0.089603,51.468043]}},{"type":"Feature","properties":{"type":"station","name":"Clapham High Street"},"geometry":{"type":"Point","coordinates":[-0.132314,51.465485]}},{"type":"Feature","properties":{"type":"station","name":"Hoxton"},"geometry":{"type":"Point","coordinates":[-0.075654,51.531592]}},{"type":"Feature","properties":{"type":"cafe","name":"Paper & Cup"},"geometry":{"type":"Point","coordinates":[-0.07684,51.526215]}},{"type":"Feature","properties":{"type":"cafe","name":"Boho"},"geometry":{"type":"Point","coordinates":[-0.296793,51.418651]}},{"type":"Feature","properties":{"type":"water","name":"Drinking water"},"geometry":{"type":"Point","coordinates":[-0.092422,51.481576]}},{"type":"Feature","properties":{"type":"cafe","name":"Brickwood"},"geometry":{"type":"Point","coordinates":[-0.138402,51.461167]}},{"type":"Feature","properties":{"type":"water","name":"Drinking water"},"geometry":{"type":"Point","coordinates":[-0.01498,51.547656]}},{"type":"Feature","properties":{"type":"cafe","name":"Starbucks"},"geometry":{"type":"Point","coordinates":[-0.103391,51.545451]}},{"type":"Feature","properties":{"type":"cafe","name":"Farm Girl Café"},"geometry":{"type":"Point","coordinates":[-0.173273,51.494962]}},{"type":"Feature","properties":{"type":"cafe","name":"City Brunch"},"geometry":{"type":"Point","coordinates":[-0.084417,51.51015]}},{"type":"Feature","properties":{"type":"cafe","name":"Chimney Fire Coffee"},"geometry":{"type":"Point","coordinates":[-0.33166,51.24741]}},{"type":"Feature","properties":{"type":"cafe","name":"Redemption Roasters"},"geometry":{"type":"Point","coordinates":[-0.118928,51.516832]}},{"type":"Feature","properties":{"type":"cafe","name":"My Pasta Bar"},"geometry":{"type":"Point","coordinates":[-0.079194,51.52112]}},{"type":"Feature","properties":{"type":"cafe","name":"Tsuru"},"geometry":{"type":"Point","coordinates":[-0.079313,51.521014]}},{"type":"Feature","properties":{"type":"cafe","name":"Hagen"},"geometry":{"type":"Point","coordinates":[-0.086605,51.513634]}},{"type":"Feature","properties":{"type":"cafe","name":"Rosslyn"},"geometry":{"type":"Point","coordinates":[-0.086732,51.513896]}},{"type":"Feature","properties":{"type":"cafe","name":"Tossed"},"geometry":{"type":"Point","coordinates":[-0.087349,51.51132]}},{"type":"Feature","properties":{"type":"cafe","name":"Cafe Manon"},"geometry":{"type":"Point","coordinates":[-0.087815,51.516602]}},{"type":"Feature","properties":{"type":"cafe","name":"Starbucks"},"geometry":{"type":"Point","coordinates":[-0.087281,51.516072]}},{"type":"Feature","properties":{"type":"cafe","name":"Dee Light Bakery"},"geometry":{"type":"Point","coordinates":[-0.155545,51.438186]}},{"type":"Feature","properties":{"type":"cafe","name":"Costa"},"geometry":{"type":"Point","coordinates":[-0.088892,51.519186]}},{"type":"Feature","properties":{"type":"cafe","name":"Collective Cakes"},"geometry":{"type":"Point","coordinates":[-0.111082,51.483661]}},{"type":"Feature","properties":{"type":"cafe","name":"Nosh"},"geometry":{"type":"Point","coordinates":[-0.111131,51.480844]}},{"type":"Feature","properties":{"type":"toilet","name":"Toilets"},"geometry":{"type":"Point","coordinates":[-0.00075,51.476693]}},{"type":"Feature","properties":{"type":"cafe","name":"Colaires"},"geometry":{"type":"Point","coordinates":[-0.324044,51.240916]}},{"type":"Feature","properties":{"type":"cafe","name":"Astronomy Café"},"geometry":{"type":"Point","coordinates":[-0.000688,51.476838]}},{"type":"Feature","properties":{"type":"toilet","name":"Toilets"},"geometry":{"type":"Point","coordinates":[-0.001737,51.47777]}},{"type":"Feature","properties":{"type":"cafe","name":"Sexi Coffi"},"geometry":{"type":"Point","coordinates":[-0.112718,51.481805]}},{"type":"Feature","properties":{"type":"cafe","name":"Cable Cafe"},"geometry":{"type":"Point","coordinates":[-0.111197,51.480685]}},{"type":"Feature","properties":{"type":"cafe","name":"Starbucks"},"geometry":{"type":"Point","coordinates":[-0.105966,51.564396]}},{"type":"Feature","properties":{"type":"cafe","name":"Starbucks"},"geometry":{"type":"Point","coordinates":[-0.143484,51.521384]}},{"type":"Feature","properties":{"type":"water","name":"Drinking water"},"geometry":{"type":"Point","coordinates":[-0.015144,51.548423]}},{"type":"Feature","properties":{"type":"cafe","name":"Dorset Brasserie"},"geometry":{"type":"Point","coordinates":[-0.15951,51.5227]}},{"type":"Feature","properties":{"type":"cafe","name":"Harry's Place"},"geometry":{"type":"Point","coordinates":[-0.087441,51.525533]}},{"type":"Feature","properties":{"type":"cafe","name":"City Càphê"},"geometry":{"type":"Point","coordinates":[-0.091587,51.514764]}},{"type":"Feature","properties":{"type":"cafe","name":"carpo Piccadilly"},"geometry":{"type":"Point","coordinates":[-0.135516,51.510505]}},{"type":"Feature","properties":{"type":"cafe","name":"Blue Cafe"},"geometry":{"type":"Point","coordinates":[-0.32892,51.294198]}},{"type":"Feature","properties":{"type":"cafe","name":"Crusssh"},"geometry":{"type":"Point","coordinates":[-0.160405,51.514147]}},{"type":"Feature","properties":{"type":"cafe","name":"Cafe Moka"},"geometry":{"type":"Point","coordinates":[-0.269723,51.332482]}},{"type":"Feature","properties":{"type":"cafe","name":"Costa"},"geometry":{"type":"Point","coordinates":[-0.268197,51.334286]}},{"type":"Feature","properties":{"type":"water","name":"Drinking water"},"geometry":{"type":"Point","coordinates":[-0.075846,51.507286]}},{"type":"Feature","properties":{"type":"cafe","name":"Costa"},"geometry":{"type":"Point","coordinates":[-0.211404,51.45938]}},{"type":"Feature","properties":{"type":"cafe","name":"Root 52 Cafe"},"geometry":{"type":"Point","coordinates":[-0.283166,51.381153]}},{"type":"Feature","properties":{"type":"cafe","name":"Café"},"geometry":{"type":"Point","coordinates":[-0.076097,51.531228]}},{"type":"Feature","properties":{"type":"cafe","name":"Boyce Da Roca"},"geometry":{"type":"Point","coordinates":[-0.079542,51.418998]}},{"type":"Feature","properties":{"type":"cafe","name":"The Haberdashery"},"geometry":{"type":"Point","coordinates":[-0.123506,51.581203]}},{"type":"Feature","properties":{"type":"cafe","name":"The Ovalhouse Cafe"},"geometry":{"type":"Point","coordinates":[-0.113888,51.482532]}},{"type":"Feature","properties":{"type":"cafe","name":"Moonstar Cafe"},"geometry":{"type":"Point","coordinates":[-0.111589,51.480107]}},{"type":"Feature","properties":{"type":"cafe","name":"Blank Street Coffee"},"geometry":{"type":"Point","coordinates":[-0.167741,51.461943]}},{"type":"Feature","properties":{"type":"station","name":"Mile End"},"geometry":{"type":"Point","coordinates":[-0.033435,51.525338]}},{"type":"Feature","properties":{"type":"station","name":"Monument"},"geometry":{"type":"Point","coordinates":[-0.086127,51.510633]}},{"type":"Feature","properties":{"type":"cafe","name":"Kastner and Ovens"},"geometry":{"type":"Point","coordinates":[-0.076338,51.517867]}},{"type":"Feature","properties":{"type":"cafe","name":"Nha-Mor"},"geometry":{"type":"Point","coordinates":[-0.076388,51.518909]}},{"type":"Feature","properties":{"type":"cafe","name":"The Grand Caffè"},"geometry":{"type":"Point","coordinates":[-0.126517,51.507816]}},{"type":"Feature","properties":{"type":"cafe","name":"Love Brownies Clapham JCT"},"geometry":{"type":"Point","coordinates":[-0.167263,51.461502]}},{"type":"Feature","properties":{"type":"cafe","name":"Café"},"geometry":{"type":"Point","coordinates":[-0.167275,51.461551]}},{"type":"Feature","properties":{"type":"toilet","name":"Toilets"},"geometry":{"type":"Point","coordinates":[-0.05021,51.59769]}},{"type":"Feature","properties":{"type":"cafe","name":"Putney Pantry"},"geometry":{"type":"Point","coordinates":[-0.213834,51.465565]}},{"type":"Feature","properties":{"type":"cafe","name":"Costa"},"geometry":{"type":"Point","coordinates":[-0.082772,51.517367]}},{"type":"Feature","properties":{"type":"cafe","name":"Nomad Books Café"},"geometry":{"type":"Point","coordinates":[-0.204152,51.476395]}},{"type":"Feature","properties":{"type":"cafe","name":"Attendant"},"geometry":{"type":"Point","coordinates":[-0.078922,51.52127]}},{"type":"Feature","properties":{"type":"cafe","name":"Dobar"},"geometry":{"type":"Point","coordinates":[-0.096134,51.571434]}},{"type":"Feature","properties":{"type":"cafe","name":"Liliana Coffee"},"geometry":{"type":"Point","coordinates":[-0.120747,51.531501]}},{"type":"Feature","properties":{"type":"cafe","name":"Ikoi Japanese Cafe"},"geometry":{"type":"Point","coordinates":[-0.118793,51.533268]}},{"type":"Feature","properties":{"type":"cafe","name":"Sapore Coffee Bar"},"geometry":{"type":"Point","coordinates":[-0.099459,51.498946]}},{"type":"Feature","properties":{"type":"toilet","name":"Toilets"},"geometry":{"type":"Point","coordinates":[-0.095254,51.513473]}},{"type":"Feature","properties":{"type":"cafe","name":"Kaffa Coffee"},"geometry":{"type":"Point","coordinates":[-0.076235,51.548726]}},{"type":"Feature","properties":{"type":"station","name":"Farringdon"},"geometry":{"type":"Point","coordinates":[-0.104555,51.519964]}},{"type":"Feature","properties":{"type":"cafe","name":"Blank Street Coffee"},"geometry":{"type":"Point","coordinates":[-0.085407,51.510612]}},{"type":"Feature","properties":{"type":"cafe","name":"The Molesey Lock Cafe"},"geometry":{"type":"Point","coordinates":[-0.346446,51.404731]}},{"type":"Feature","properties":{"type":"cafe","name":"Costa"},"geometry":{"type":"Point","coordinates":[-0.087005,51.510892]}},{"type":"Feature","properties":{"type":"cafe","name":"Press"},"geometry":{"type":"Point","coordinates":[-0.184257,51.457631]}},{"type":"Feature","properties":{"type":"cafe","name":"Cafe Fleur"},"geometry":{"type":"Point","coordinates":[-0.189004,51.455757]}},{"type":"Feature","properties":{"type":"cafe","name":"Huguenots Rendezvous"},"geometry":{"type":"Point","coordinates":[-0.183667,51.457738]}},{"type":"Feature","properties":{"type":"cafe","name":"Hello Boba"},"geometry":{"type":"Point","coordinates":[-0.146394,51.477058]}},{"type":"Feature","properties":{"type":"cafe","name":"The Power Station"},"geometry":{"type":"Point","coordinates":[-0.146502,51.477007]}},{"type":"Feature","properties":{"type":"cafe","name":"Mike's Kitchen"},"geometry":{"type":"Point","coordinates":[-0.14662,51.476953]}},{"type":"Feature","properties":{"type":"cafe","name":"Costa"},"geometry":{"type":"Point","coordinates":[-0.075449,51.521489]}},{"type":"Feature","properties":{"type":"cafe","name":"Doctor Espresso"},"geometry":{"type":"Point","coordinates":[-0.209307,51.467881]}},{"type":"Feature","properties":{"type":"water","name":"Drinking water"},"geometry":{"type":"Point","coordinates":[-0.18648,51.567989]}},{"type":"Feature","properties":{"type":"station","name":"Queenstown Road"},"geometry":{"type":"Point","coordinates":[-0.146293,51.475216]}},{"type":"Feature","properties":{"type":"toilet","name":"Toilets"},"geometry":{"type":"Point","coordinates":[-0.07565,51.508739]}},{"type":"Feature","properties":{"type":"cafe","name":"Save The Date"},"geometry":{"type":"Point","coordinates":[-0.07435,51.547259]}},{"type":"Feature","properties":{"type":"cafe","name":"WatchHouse"},"geometry":{"type":"Point","coordinates":[-0.075263,51.520903]}},{"type":"Feature","properties":{"type":"cafe","name":"Black Sheep Coffee"},"geometry":{"type":"Point","coordinates":[-0.071924,51.515022]}},{"type":"Feature","properties":{"type":"toilet","name":"Petrol Station Toilet"},"geometry":{"type":"Point","coordinates":[-0.324509,51.237538]}},{"type":"Feature","properties":{"type":"toilet","name":"Petrol Station Toilets"},"geometry":{"type":"Point","coordinates":[-0.058918,51.564191]}},{"type":"Feature","properties":{"type":"cafe","name":"Héfaure"},"geometry":{"type":"Point","coordinates":[-0.130977,51.512299]}},{"type":"Feature","properties":{"type":"cafe","name":"Tiltyard Café"},"geometry":{"type":"Point","coordinates":[-0.338854,51.405604]}},{"type":"Feature","properties":{"type":"water","name":"Drinking water"},"geometry":{"type":"Point","coordinates":[-0.042759,51.533383]}},{"type":"Feature","properties":{"type":"station","name":"Penge West"},"geometry":{"type":"Point","coordinates":[-0.060661,51.417503]}},{"type":"Feature","properties":{"type":"cafe","name":"Don's Coffee"},"geometry":{"type":"Point","coordinates":[-0.344887,51.441444]}},{"type":"Feature","properties":{"type":"station","name":"Dorking West"},"geometry":{"type":"Point","coordinates":[-0.33985,51.236355]}},{"type":"Feature","properties":{"type":"cafe","name":"Truedan"},"geometry":{"type":"Point","coordinates":[-0.120245,51.516843]}},{"type":"Feature","properties":{"type":"toilet","name":"Toilets"},"geometry":{"type":"Point","coordinates":[-0.006049,51.480252]}},{"type":"Feature","properties":{"type":"toilet","name":"Toilets"},"geometry":{"type":"Point","coordinates":[-0.008663,51.482591]}},{"type":"Feature","properties":{"type":"cafe","name":"Marangoni by La Pietra"},"geometry":{"type":"Point","coordinates":[-0.072588,51.518312]}},{"type":"Feature","properties":{"type":"station","name":"City Thameslink"},"geometry":{"type":"Point","coordinates":[-0.103564,51.515126]}},{"type":"Feature","properties":{"type":"station","name":"Liverpool Street"},"geometry":{"type":"Point","coordinates":[-0.08252,51.517678]}},{"type":"Feature","properties":{"type":"station","name":"London Liverpool Street"},"geometry":{"type":"Point","coordinates":[-0.081427,51.518211]}},{"type":"Feature","properties":{"type":"station","name":"Cannon Street"},"geometry":{"type":"Point","coordinates":[-0.090363,51.511381]}},{"type":"Feature","properties":{"type":"station","name":"London Cannon Street"},"geometry":{"type":"Point","coordinates":[-0.090605,51.510669]}},{"type":"Feature","properties":{"type":"station","name":"Piccadilly Circus"},"geometry":{"type":"Point","coordinates":[-0.134548,51.509819]}},{"type":"Feature","properties":{"type":"cafe","name":"Coffee Shop"},"geometry":{"type":"Point","coordinates":[-0.077526,51.525802]}},{"type":"Feature","properties":{"type":"cafe","name":"Rindo"},"geometry":{"type":"Point","coordinates":[-0.109519,51.550723]}},{"type":"Feature","properties":{"type":"cafe","name":"Black Sheep Coffee"},"geometry":{"type":"Point","coordinates":[-0.104035,51.546397]}},{"type":"Feature","properties":{"type":"cafe","name":"The Barn"},"geometry":{"type":"Point","coordinates":[-0.107192,51.548836]}},{"type":"Feature","properties":{"type":"cafe","name":"Take a Sip"},"geometry":{"type":"Point","coordinates":[-0.30162,51.412963]}},{"type":"Feature","properties":{"type":"toilet","name":"Toilets"},"geometry":{"type":"Point","coordinates":[-0.301715,51.412833]}},{"type":"Feature","properties":{"type":"cafe","name":"Emy's Kitchen"},"geometry":{"type":"Point","coordinates":[-0.116545,51.570697]}},{"type":"Feature","properties":{"type":"cafe","name":"Diwan Kitchen"},"geometry":{"type":"Point","coordinates":[-0.121094,51.559134]}},{"type":"Feature","properties":{"type":"station","name":"Tolworth"},"geometry":{"type":"Point","coordinates":[-0.279442,51.376875]}},{"type":"Feature","properties":{"type":"cafe","name":"h.o.m.e"},"geometry":{"type":"Point","coordinates":[-0.09736,51.522313]}},{"type":"Feature","properties":{"type":"station","name":"Charing Cross"},"geometry":{"type":"Point","coordinates":[-0.126394,51.507966]}},{"type":"Feature","properties":{"type":"station","name":"Elephant & Castle"},"geometry":{"type":"Point","coordinates":[-0.098717,51.494043]}},{"type":"Feature","properties":{"type":"station","name":"Elephant & Castle"},"geometry":{"type":"Point","coordinates":[-0.100573,51.494888]}},{"type":"Feature","properties":{"type":"cafe","name":"Pottery Cafe"},"geometry":{"type":"Point","coordinates":[-0.202479,51.476836]}},{"type":"Feature","properties":{"type":"cafe","name":"Riderepublic & Tanya's"},"geometry":{"type":"Point","coordinates":[-0.201924,51.477044]}},{"type":"Feature","properties":{"type":"cafe","name":"2Love Tea & Coffee House"},"geometry":{"type":"Point","coordinates":[-0.167034,51.461051]}},{"type":"Feature","properties":{"type":"station","name":"Barnes"},"geometry":{"type":"Point","coordinates":[-0.241182,51.466783]}},{"type":"Feature","properties":{"type":"station","name":"Esher"},"geometry":{"type":"Point","coordinates":[-0.353204,51.380053]}},{"type":"Feature","properties":{"type":"station","name":"Holborn"},"geometry":{"type":"Point","coordinates":[-0.120066,51.517115]}},{"type":"Feature","properties":{"type":"cafe","name":"Rosemary"},"geometry":{"type":"Point","coordinates":[-0.124618,51.580553]}},{"type":"Feature","properties":{"type":"cafe","name":"Cafe Lina"},"geometry":{"type":"Point","coordinates":[-0.186172,51.469087]}},{"type":"Feature","properties":{"type":"cafe","name":"Birley"},"geometry":{"type":"Point","coordinates":[-0.083629,51.516543]}},{"type":"Feature","properties":{"type":"cafe","name":"Boathouse Café"},"geometry":{"type":"Point","coordinates":[-0.130425,51.59671]}},{"type":"Feature","properties":{"type":"cafe","name":"Hagen"},"geometry":{"type":"Point","coordinates":[-0.173999,51.493507]}},{"type":"Feature","properties":{"type":"station","name":"Imperial Wharf"},"geometry":{"type":"Point","coordinates":[-0.182927,51.475103]}},{"type":"Feature","properties":{"type":"cafe","name":"Katsute100 Broadway Market"},"geometry":{"type":"Point","coordinates":[-0.062418,51.536142]}},{"type":"Feature","properties":{"type":"station","name":"Tooting"},"geometry":{"type":"Point","coordinates":[-0.161323,51.419846]}},{"type":"Feature","properties":{"type":"cafe","name":"MUD"},"geometry":{"type":"Point","coordinates":[-0.163566,51.424888]}},{"type":"Feature","properties":{"type":"cafe","name":"Victoria & Albert Cafe"},"geometry":{"type":"Point","coordinates":[-0.172466,51.497348]}},{"type":"Feature","properties":{"type":"station","name":"Blackfriars"},"geometry":{"type":"Point","coordinates":[-0.103767,51.511585]}},{"type":"Feature","properties":{"type":"cafe","name":"Café Z"},"geometry":{"type":"Point","coordinates":[-0.083907,51.52351]}},{"type":"Feature","properties":{"type":"cafe","name":"Boxcar"},"geometry":{"type":"Point","coordinates":[-0.166947,51.514466]}},{"type":"Feature","properties":{"type":"cafe","name":"Costa"},"geometry":{"type":"Point","coordinates":[-0.306028,51.409459]}},{"type":"Feature","properties":{"type":"station","name":"Dorking"},"geometry":{"type":"Point","coordinates":[-0.324136,51.241165]}},{"type":"Feature","properties":{"type":"toilet","name":"Toilets"},"geometry":{"type":"Point","coordinates":[-0.081621,51.517613]}},{"type":"Feature","properties":{"type":"cafe","name":"The Tennis Café"},"geometry":{"type":"Point","coordinates":[-0.092328,51.481548]}},{"type":"Feature","properties":{"type":"cafe","name":"Wuxian Tea 雾鲜"},"geometry":{"type":"Point","coordinates":[-0.125929,51.516715]}},{"type":"Feature","properties":{"type":"cafe","name":"Trade"},"geometry":{"type":"Point","coordinates":[-0.073848,51.517502]}},{"type":"Feature","properties":{"type":"cafe","name":"Park View Cafe"},"geometry":{"type":"Point","coordinates":[-0.096455,51.570906]}},{"type":"Feature","properties":{"type":"cafe","name":"Molly Tea"},"geometry":{"type":"Point","coordinates":[-0.130282,51.511657]}},{"type":"Feature","properties":{"type":"station","name":"Dorking Deepdene"},"geometry":{"type":"Point","coordinates":[-0.323981,51.238816]}},{"type":"Feature","properties":{"type":"station","name":"Redhill"},"geometry":{"type":"Point","coordinates":[-0.165577,51.240055]}},{"type":"Feature","properties":{"type":"toilet","name":"Toilets"},"geometry":{"type":"Point","coordinates":[-0.165468,51.240457]}},{"type":"Feature","properties":{"type":"cafe","name":"Mooboo"},"geometry":{"type":"Point","coordinates":[-0.168934,51.238795]}},{"type":"Feature","properties":{"type":"toilet","name":"Toilets"},"geometry":{"type":"Point","coordinates":[-0.088616,51.513481]}},{"type":"Feature","properties":{"type":"cafe","name":"Brera"},"geometry":{"type":"Point","coordinates":[-0.027894,51.506042]}},{"type":"Feature","properties":{"type":"toilet","name":"Mount Gate Toilets"},"geometry":{"type":"Point","coordinates":[-0.175276,51.503485]}},{"type":"Feature","properties":{"type":"station","name":"Balham"},"geometry":{"type":"Point","coordinates":[-0.151443,51.442828]}},{"type":"Feature","properties":{"type":"cafe","name":"Barista & brunch"},"geometry":{"type":"Point","coordinates":[-0.110867,51.569001]}},{"type":"Feature","properties":{"type":"cafe","name":"Sun Cafe"},"geometry":{"type":"Point","coordinates":[-0.099328,51.524291]}},{"type":"Feature","properties":{"type":"cafe","name":"Venezia"},"geometry":{"type":"Point","coordinates":[-0.105252,51.563903]}},{"type":"Feature","properties":{"type":"cafe","name":"Frame Cafe & Bar"},"geometry":{"type":"Point","coordinates":[-0.108211,51.565581]}},{"type":"Feature","properties":{"type":"cafe","name":"Starbucks"},"geometry":{"type":"Point","coordinates":[-0.107917,51.565336]}},{"type":"Feature","properties":{"type":"cafe","name":"Snowflake Gelato"},"geometry":{"type":"Point","coordinates":[-0.161968,51.514606]}},{"type":"Feature","properties":{"type":"cafe","name":"Caffè Nero"},"geometry":{"type":"Point","coordinates":[-0.150705,51.466147]}},{"type":"Feature","properties":{"type":"cafe","name":"Starbucks Coffee"},"geometry":{"type":"Point","coordinates":[-0.103405,51.516479]}},{"type":"Feature","properties":{"type":"cafe","name":"Grind"},"geometry":{"type":"Point","coordinates":[-0.083509,51.518619]}},{"type":"Feature","properties":{"type":"cafe","name":"Enjoy Sandwich & Cafe Bar"},"geometry":{"type":"Point","coordinates":[-0.030059,51.57693]}},{"type":"Feature","properties":{"type":"cafe","name":"Jimmy's Cafe"},"geometry":{"type":"Point","coordinates":[-0.029723,51.576894]}},{"type":"Feature","properties":{"type":"cafe","name":"Onion Cafe"},"geometry":{"type":"Point","coordinates":[-0.120927,51.51829]}},{"type":"Feature","properties":{"type":"cafe","name":"Costa"},"geometry":{"type":"Point","coordinates":[-0.080873,51.517605]}},{"type":"Feature","properties":{"type":"cafe","name":"Jefferson's Balham"},"geometry":{"type":"Point","coordinates":[-0.154032,51.441734]}},{"type":"Feature","properties":{"type":"cafe","name":"Rosie Lee's"},"geometry":{"type":"Point","coordinates":[-0.065672,51.411276]}},{"type":"Feature","properties":{"type":"toilet","name":"Toilets"},"geometry":{"type":"Point","coordinates":[-0.061373,51.581699]}},{"type":"Feature","properties":{"type":"cafe","name":"Harris + Hoole"},"geometry":{"type":"Point","coordinates":[-0.18282,51.474298]}},{"type":"Feature","properties":{"type":"cafe","name":"Le Pain Quotidien"},"geometry":{"type":"Point","coordinates":[-0.181697,51.485672]}},{"type":"Feature","properties":{"type":"cafe","name":"B Bagel Bakery Bar"},"geometry":{"type":"Point","coordinates":[-0.182514,51.485198]}},{"type":"Feature","properties":{"type":"cafe","name":"Alexandra Palace Garden Centre Cafe"},"geometry":{"type":"Point","coordinates":[-0.133473,51.591413]}},{"type":"Feature","properties":{"type":"cafe","name":"Cafe Memz"},"geometry":{"type":"Point","coordinates":[-0.126909,51.582266]}},{"type":"Feature","properties":{"type":"cafe","name":"The Terrace"},"geometry":{"type":"Point","coordinates":[-0.108008,51.565415]}},{"type":"Feature","properties":{"type":"cafe","name":"Pretty Little Cupcakes"},"geometry":{"type":"Point","coordinates":[-0.058761,51.417779]}},{"type":"Feature","properties":{"type":"cafe","name":"Pride Of Venice"},"geometry":{"type":"Point","coordinates":[-0.058633,51.417743]}},{"type":"Feature","properties":{"type":"cafe","name":"Naka Cafe"},"geometry":{"type":"Point","coordinates":[-0.057531,51.417369]}},{"type":"Feature","properties":{"type":"cafe","name":"Mable Cafe"},"geometry":{"type":"Point","coordinates":[-0.054601,51.415127]}},{"type":"Feature","properties":{"type":"cafe","name":"Maple Cafe"},"geometry":{"type":"Point","coordinates":[-0.054901,51.414827]}},{"type":"Feature","properties":{"type":"cafe","name":"Tudor Rose"},"geometry":{"type":"Point","coordinates":[-0.051815,51.413552]}},{"type":"Feature","properties":{"type":"cafe","name":"Penge Cafe"},"geometry":{"type":"Point","coordinates":[-0.053073,51.415674]}},{"type":"Feature","properties":{"type":"cafe","name":"Conuco"},"geometry":{"type":"Point","coordinates":[-0.111275,51.480554]}},{"type":"Feature","properties":{"type":"cafe","name":"Costa"},"geometry":{"type":"Point","coordinates":[-0.305346,51.458275]}},{"type":"Feature","properties":{"type":"cafe","name":"Quad Cafe"},"geometry":{"type":"Point","coordinates":[-0.121381,51.533462]}},{"type":"Feature","properties":{"type":"cafe","name":"Black Sheep Coffee"},"geometry":{"type":"Point","coordinates":[-0.14381,51.52377]}},{"type":"Feature","properties":{"type":"cafe","name":"Pali Kitchen"},"geometry":{"type":"Point","coordinates":[-0.143848,51.523813]}},{"type":"Feature","properties":{"type":"cafe","name":"College Café"},"geometry":{"type":"Point","coordinates":[-0.175027,51.49919]}},{"type":"Feature","properties":{"type":"cafe","name":"Rabbit Hole"},"geometry":{"type":"Point","coordinates":[-0.120199,51.558057]}},{"type":"Feature","properties":{"type":"cafe","name":"Aroma Cafe"},"geometry":{"type":"Point","coordinates":[-0.157684,51.581887]}},{"type":"Feature","properties":{"type":"cafe","name":"Hagen"},"geometry":{"type":"Point","coordinates":[-0.305559,51.458548]}},{"type":"Feature","properties":{"type":"cafe","name":"GAIL's"},"geometry":{"type":"Point","coordinates":[-0.300384,51.461196]}},{"type":"Feature","properties":{"type":"cafe","name":"Cafe Milano"},"geometry":{"type":"Point","coordinates":[-0.300871,51.46124]}},{"type":"Feature","properties":{"type":"toilet","name":"Toilets"},"geometry":{"type":"Point","coordinates":[-0.228327,51.468206]}},{"type":"Feature","properties":{"type":"water","name":"Drinking water"},"geometry":{"type":"Point","coordinates":[-0.074274,51.563803]}},{"type":"Feature","properties":{"type":"cafe","name":"Daisy Green"},"geometry":{"type":"Point","coordinates":[-0.157967,51.514897]}},{"type":"Feature","properties":{"type":"cafe","name":"Istanbul Cafe & Bistro"},"geometry":{"type":"Point","coordinates":[-0.143928,51.523649]}},{"type":"Feature","properties":{"type":"cafe","name":"Peterborough Café"},"geometry":{"type":"Point","coordinates":[-0.199395,51.472297]}},{"type":"Feature","properties":{"type":"cafe","name":"Benugo"},"geometry":{"type":"Point","coordinates":[-0.081723,51.517633]}},{"type":"Feature","properties":{"type":"cafe","name":"Simit Sarayi"},"geometry":{"type":"Point","coordinates":[-0.133679,51.510185]}},{"type":"Feature","properties":{"type":"cafe","name":"Costa"},"geometry":{"type":"Point","coordinates":[-0.122718,51.472419]}},{"type":"Feature","properties":{"type":"cafe","name":"Blue Nile Cafe"},"geometry":{"type":"Point","coordinates":[-0.124561,51.471049]}},{"type":"Feature","properties":{"type":"cafe","name":"Cantinho do Goias"},"geometry":{"type":"Point","coordinates":[-0.124984,51.470452]}},{"type":"Feature","properties":{"type":"cafe","name":"Cafe Sol Dos"},"geometry":{"type":"Point","coordinates":[-0.132807,51.463855]}},{"type":"Feature","properties":{"type":"toilet","name":"Toilets"},"geometry":{"type":"Point","coordinates":[-0.186839,51.467618]}},{"type":"Feature","properties":{"type":"cafe","name":"Café"},"geometry":{"type":"Point","coordinates":[-0.186783,51.467634]}},{"type":"Feature","properties":{"type":"cafe","name":"West Central"},"geometry":{"type":"Point","coordinates":[-0.168369,51.240792]}},{"type":"Feature","properties":{"type":"cafe","name":"White Rabbit Cafe"},"geometry":{"type":"Point","coordinates":[-0.078985,51.525566]}},{"type":"Feature","properties":{"type":"cafe","name":"The Milk Float"},"geometry":{"type":"Point","coordinates":[-0.021184,51.542315]}},{"type":"Feature","properties":{"type":"cafe","name":"Signorelli"},"geometry":{"type":"Point","coordinates":[-0.012263,51.546756]}},{"type":"Feature","properties":{"type":"cafe","name":"Coffee Bay"},"geometry":{"type":"Point","coordinates":[-0.342625,51.402485]}},{"type":"Feature","properties":{"type":"cafe","name":"Sendero Coffee"},"geometry":{"type":"Point","coordinates":[-0.150726,51.466384]}},{"type":"Feature","properties":{"type":"toilet","name":"Toilets"},"geometry":{"type":"Point","coordinates":[-0.342664,51.402283]}},{"type":"Feature","properties":{"type":"cafe","name":"Royal Exchange Grind"},"geometry":{"type":"Point","coordinates":[-0.087779,51.513682]}},{"type":"Feature","properties":{"type":"cafe","name":"Nar Cafe"},"geometry":{"type":"Point","coordinates":[-0.08994,51.571221]}},{"type":"Feature","properties":{"type":"cafe","name":"Annie"},"geometry":{"type":"Point","coordinates":[-0.327916,51.295447]}},{"type":"Feature","properties":{"type":"cafe","name":"London Grind"},"geometry":{"type":"Point","coordinates":[-0.088534,51.506607]}},{"type":"Feature","properties":{"type":"cafe","name":"Gonuts Boba Tea"},"geometry":{"type":"Point","coordinates":[-0.111971,51.552592]}},{"type":"Feature","properties":{"type":"cafe","name":"eroma cafe"},"geometry":{"type":"Point","coordinates":[-0.112004,51.552625]}},{"type":"Feature","properties":{"type":"cafe","name":"Mouse Tail Coffee"},"geometry":{"type":"Point","coordinates":[-0.092383,51.501807]}},{"type":"Feature","properties":{"type":"cafe","name":"Chicken Shop & Dirtyburger"},"geometry":{"type":"Point","coordinates":[-0.153318,51.443629]}},{"type":"Feature","properties":{"type":"cafe","name":"Costa"},"geometry":{"type":"Point","coordinates":[-0.056196,51.547528]}},{"type":"Feature","properties":{"type":"cafe","name":"Bacari"},"geometry":{"type":"Point","coordinates":[-0.090916,51.51557]}},{"type":"Feature","properties":{"type":"cafe","name":"Costa"},"geometry":{"type":"Point","coordinates":[-0.090599,51.514998]}},{"type":"Feature","properties":{"type":"station","name":"Clapham Common"},"geometry":{"type":"Point","coordinates":[-0.137359,51.462075]}},{"type":"Feature","properties":{"type":"cafe","name":"Costa"},"geometry":{"type":"Point","coordinates":[-0.087749,51.515953]}},{"type":"Feature","properties":{"type":"cafe","name":"Starbucks"},"geometry":{"type":"Point","coordinates":[-0.093392,51.500879]}},{"type":"Feature","properties":{"type":"cafe","name":"Starbucks"},"geometry":{"type":"Point","coordinates":[-0.138119,51.462065]}},{"type":"Feature","properties":{"type":"water","name":"Drinking water"},"geometry":{"type":"Point","coordinates":[-0.042001,51.541556]}},{"type":"Feature","properties":{"type":"cafe","name":"Bagelmania"},"geometry":{"type":"Point","coordinates":[-0.087382,51.517212]}},{"type":"Feature","properties":{"type":"cafe","name":"Costa"},"geometry":{"type":"Point","coordinates":[-0.089337,51.519654]}},{"type":"Feature","properties":{"type":"cafe","name":"Lane Eight Coffee"},"geometry":{"type":"Point","coordinates":[-0.138815,51.461856]}},{"type":"Feature","properties":{"type":"cafe","name":"Joe Public"},"geometry":{"type":"Point","coordinates":[-0.138433,51.461779]}},{"type":"Feature","properties":{"type":"cafe","name":"Bobo & Wild"},"geometry":{"type":"Point","coordinates":[-0.088686,51.535567]}},{"type":"Feature","properties":{"type":"water","name":"Drinking water"},"geometry":{"type":"Point","coordinates":[-0.148311,51.458515]}},{"type":"Feature","properties":{"type":"cafe","name":"Gianni's"},"geometry":{"type":"Point","coordinates":[-0.127244,51.494969]}},{"type":"Feature","properties":{"type":"cafe","name":"La Chatica"},"geometry":{"type":"Point","coordinates":[-0.098796,51.493392]}},{"type":"Feature","properties":{"type":"cafe","name":"Fresh Ground Coffee House"},"geometry":{"type":"Point","coordinates":[-0.166636,51.46096]}},{"type":"Feature","properties":{"type":"toilet","name":"Toilets"},"geometry":{"type":"Point","coordinates":[-0.190199,51.457329]}},{"type":"Feature","properties":{"type":"toilet","name":"Toilets"},"geometry":{"type":"Point","coordinates":[-0.123532,51.535803]}},{"type":"Feature","properties":{"type":"cafe","name":"Phyllo Bakehouse"},"geometry":{"type":"Point","coordinates":[-0.131643,51.564276]}},{"type":"Feature","properties":{"type":"cafe","name":"Dilara's Cafe"},"geometry":{"type":"Point","coordinates":[-0.054249,51.54591]}},{"type":"Feature","properties":{"type":"cafe","name":"Street & Co Cafe"},"geometry":{"type":"Point","coordinates":[-0.011167,51.540071]}},{"type":"Feature","properties":{"type":"cafe","name":"Rosslyn"},"geometry":{"type":"Point","coordinates":[-0.087454,51.510984]}},{"type":"Feature","properties":{"type":"cafe","name":"Black Sheep Coffee"},"geometry":{"type":"Point","coordinates":[-0.136658,51.462167]}},{"type":"Feature","properties":{"type":"cafe","name":"UK Coffee Shop"},"geometry":{"type":"Point","coordinates":[-0.133714,51.463151]}},{"type":"Feature","properties":{"type":"toilet","name":"Toilets"},"geometry":{"type":"Point","coordinates":[-0.108929,51.594169]}},{"type":"Feature","properties":{"type":"cafe","name":"Mani's"},"geometry":{"type":"Point","coordinates":[-0.177522,51.555756]}},{"type":"Feature","properties":{"type":"cafe","name":"LLS Café Deli"},"geometry":{"type":"Point","coordinates":[-0.178554,51.559079]}},{"type":"Feature","properties":{"type":"cafe","name":"Skygarden - Sky Pod Café/Bar"},"geometry":{"type":"Point","coordinates":[-0.083758,51.511194]}},{"type":"Feature","properties":{"type":"cafe","name":"Highgate Cafe"},"geometry":{"type":"Point","coordinates":[-0.145853,51.576963]}},{"type":"Feature","properties":{"type":"cafe","name":"Be'la Cafe"},"geometry":{"type":"Point","coordinates":[-0.146409,51.577208]}},{"type":"Feature","properties":{"type":"cafe","name":"Sourdough Sophia"},"geometry":{"type":"Point","coordinates":[-0.123502,51.581262]}},{"type":"Feature","properties":{"type":"cafe","name":"Coffee Wake Cup"},"geometry":{"type":"Point","coordinates":[-0.13675,51.461248]}},{"type":"Feature","properties":{"type":"cafe","name":"WHSmith"},"geometry":{"type":"Point","coordinates":[-0.164376,51.218637]}},{"type":"Feature","properties":{"type":"cafe","name":"Market Restaurant"},"geometry":{"type":"Point","coordinates":[-0.093369,51.523957]}},{"type":"Feature","properties":{"type":"cafe","name":"Ace Internet Cafe"},"geometry":{"type":"Point","coordinates":[-0.094384,51.479459]}},{"type":"Feature","properties":{"type":"cafe","name":"Three Wheels Coffee"},"geometry":{"type":"Point","coordinates":[-0.087253,51.50496]}},{"type":"Feature","properties":{"type":"cafe","name":"Ole & Steen"},"geometry":{"type":"Point","coordinates":[-0.125916,51.514446]}},{"type":"Feature","properties":{"type":"cafe","name":"Caffe Paradiso"},"geometry":{"type":"Point","coordinates":[-0.074838,51.50377]}},{"type":"Feature","properties":{"type":"cafe","name":"WatchHouse"},"geometry":{"type":"Point","coordinates":[-0.074418,51.503651]}},{"type":"Feature","properties":{"type":"water","name":"Drinking water"},"geometry":{"type":"Point","coordinates":[-0.174844,51.503643]}},{"type":"Feature","properties":{"type":"cafe","name":"Department of Coffee and Social Affairs"},"geometry":{"type":"Point","coordinates":[-0.073493,51.514847]}},{"type":"Feature","properties":{"type":"cafe","name":"The Veg Box"},"geometry":{"type":"Point","coordinates":[-0.158088,51.522216]}},{"type":"Feature","properties":{"type":"cafe","name":"Jack Garcia Coffee"},"geometry":{"type":"Point","coordinates":[-0.069008,51.529526]}},{"type":"Feature","properties":{"type":"toilet","name":"Toilets"},"geometry":{"type":"Point","coordinates":[-0.072765,51.506854]}},{"type":"Feature","properties":{"type":"cafe","name":"Au Ciel"},"geometry":{"type":"Point","coordinates":[-0.085289,51.450988]}},{"type":"Feature","properties":{"type":"cafe","name":"Redemption"},"geometry":{"type":"Point","coordinates":[-0.085844,51.451304]}},{"type":"Feature","properties":{"type":"cafe","name":"Porters Barber & Barista"},"geometry":{"type":"Point","coordinates":[-0.08538,51.449348]}},{"type":"Feature","properties":{"type":"cafe","name":"GAIL's"},"geometry":{"type":"Point","coordinates":[-0.085005,51.448937]}},{"type":"Feature","properties":{"type":"cafe","name":"FCB Coffee"},"geometry":{"type":"Point","coordinates":[-0.089558,51.467958]}},{"type":"Feature","properties":{"type":"cafe","name":"Nostra"},"geometry":{"type":"Point","coordinates":[-0.042646,51.547296]}},{"type":"Feature","properties":{"type":"station","name":"Oxshott"},"geometry":{"type":"Point","coordinates":[-0.362542,51.3361]}},{"type":"Feature","properties":{"type":"cafe","name":"Titanic"},"geometry":{"type":"Point","coordinates":[-0.11466,51.554794]}},{"type":"Feature","properties":{"type":"cafe","name":"Flotsam & Jetsam"},"geometry":{"type":"Point","coordinates":[-0.085779,51.44601]}},{"type":"Feature","properties":{"type":"toilet","name":"Toilets"},"geometry":{"type":"Point","coordinates":[-0.085655,51.446111]}},{"type":"Feature","properties":{"type":"toilet","name":"Toilets"},"geometry":{"type":"Point","coordinates":[-0.152086,51.443127]}},{"type":"Feature","properties":{"type":"toilet","name":"Toilets"},"geometry":{"type":"Point","coordinates":[-0.146386,51.566611]}},{"type":"Feature","properties":{"type":"toilet","name":"Toilets"},"geometry":{"type":"Point","coordinates":[-0.146841,51.566692]}},{"type":"Feature","properties":{"type":"cafe","name":"Costa"},"geometry":{"type":"Point","coordinates":[-0.131488,51.510152]}},{"type":"Feature","properties":{"type":"station","name":"Box Hill & Westhumble"},"geometry":{"type":"Point","coordinates":[-0.328672,51.253987]}},{"type":"Feature","properties":{"type":"station","name":"Hampton Court"},"geometry":{"type":"Point","coordinates":[-0.34252,51.402016]}},{"type":"Feature","properties":{"type":"cafe","name":"Costa"},"geometry":{"type":"Point","coordinates":[-0.13411,51.508734]}},{"type":"Feature","properties":{"type":"cafe","name":"Freyja"},"geometry":{"type":"Point","coordinates":[-0.141063,51.573296]}},{"type":"Feature","properties":{"type":"cafe","name":"Fairly Square"},"geometry":{"type":"Point","coordinates":[-0.11744,51.519787]}},{"type":"Feature","properties":{"type":"cafe","name":"Jampot Cafe"},"geometry":{"type":"Point","coordinates":[-0.336544,51.234831]}},{"type":"Feature","properties":{"type":"cafe","name":"Caffè Nero"},"geometry":{"type":"Point","coordinates":[-0.091449,51.503347]}},{"type":"Feature","properties":{"type":"toilet","name":"Toilets"},"geometry":{"type":"Point","coordinates":[-0.090181,51.504378]}},{"type":"Feature","properties":{"type":"cafe","name":"Rude Health Cafe"},"geometry":{"type":"Point","coordinates":[-0.209052,51.469463]}},{"type":"Feature","properties":{"type":"cafe","name":"Lamingtons"},"geometry":{"type":"Point","coordinates":[-0.100364,51.240569]}},{"type":"Feature","properties":{"type":"station","name":"Aldgate East"},"geometry":{"type":"Point","coordinates":[-0.070839,51.515619]}},{"type":"Feature","properties":{"type":"cafe","name":"La Casetta Cafe"},"geometry":{"type":"Point","coordinates":[-0.110898,51.522103]}},{"type":"Feature","properties":{"type":"cafe","name":"Costa"},"geometry":{"type":"Point","coordinates":[-0.124769,51.501308]}},{"type":"Feature","properties":{"type":"cafe","name":"Little Dinosaurs"},"geometry":{"type":"Point","coordinates":[-0.138,51.591273]}},{"type":"Feature","properties":{"type":"cafe","name":"ORTUS Cafe"},"geometry":{"type":"Point","coordinates":[-0.087665,51.469486]}},{"type":"Feature","properties":{"type":"cafe","name":"ICA Café Bar"},"geometry":{"type":"Point","coordinates":[-0.130634,51.506367]}},{"type":"Feature","properties":{"type":"cafe","name":"Pain Quotidien"},"geometry":{"type":"Point","coordinates":[-0.090453,51.518079]}},{"type":"Feature","properties":{"type":"cafe","name":"Velasquez and Van Wezel"},"geometry":{"type":"Point","coordinates":[-0.126519,51.581878]}},{"type":"Feature","properties":{"type":"cafe","name":"New Armouries Cafe"},"geometry":{"type":"Point","coordinates":[-0.075198,51.507784]}},{"type":"Feature","properties":{"type":"cafe","name":"Starbucks"},"geometry":{"type":"Point","coordinates":[-0.174362,51.493567]}},{"type":"Feature","properties":{"type":"cafe","name":"Sunrise Cafe"},"geometry":{"type":"Point","coordinates":[-0.093339,51.474353]}},{"type":"Feature","properties":{"type":"cafe","name":"Attendant"},"geometry":{"type":"Point","coordinates":[-0.109969,51.52111]}},{"type":"Feature","properties":{"type":"cafe","name":"Costa"},"geometry":{"type":"Point","coordinates":[-0.139195,51.541253]}},{"type":"Feature","properties":{"type":"cafe","name":"Black Sheep Coffee"},"geometry":{"type":"Point","coordinates":[-0.090148,51.51548]}},{"type":"Feature","properties":{"type":"toilet","name":"Toilets"},"geometry":{"type":"Point","coordinates":[-0.169404,51.239573]}},{"type":"Feature","properties":{"type":"cafe","name":"Joe & The Juice"},"geometry":{"type":"Point","coordinates":[-0.083186,51.514909]}},{"type":"Feature","properties":{"type":"cafe","name":"Paul in Tower 42"},"geometry":{"type":"Point","coordinates":[-0.084203,51.515139]}},{"type":"Feature","properties":{"type":"station","name":"West Brompton"},"geometry":{"type":"Point","coordinates":[-0.195185,51.486976]}},{"type":"Feature","properties":{"type":"station","name":"Putney Bridge"},"geometry":{"type":"Point","coordinates":[-0.208795,51.4683]}},{"type":"Feature","properties":{"type":"station","name":"London Bridge"},"geometry":{"type":"Point","coordinates":[-0.088699,51.505412]}},{"type":"Feature","properties":{"type":"station","name":"South Kensington"},"geometry":{"type":"Point","coordinates":[-0.172907,51.49408]}},{"type":"Feature","properties":{"type":"station","name":"Marylebone"},"geometry":{"type":"Point","coordinates":[-0.163505,51.522236]}},{"type":"Feature","properties":{"type":"station","name":"Embankment"},"geometry":{"type":"Point","coordinates":[-0.122241,51.507214]}},{"type":"Feature","properties":{"type":"cafe","name":"Soho Coffee Co."},"geometry":{"type":"Point","coordinates":[-0.099644,51.513237]}},{"type":"Feature","properties":{"type":"toilet","name":"Toilets"},"geometry":{"type":"Point","coordinates":[-0.167716,51.241433]}},{"type":"Feature","properties":{"type":"toilet","name":"Toilets"},"geometry":{"type":"Point","coordinates":[-0.167592,51.241423]}},{"type":"Feature","properties":{"type":"cafe","name":"Primrose Cafe"},"geometry":{"type":"Point","coordinates":[-0.126024,51.543023]}},{"type":"Feature","properties":{"type":"cafe","name":"Villa Cafe"},"geometry":{"type":"Point","coordinates":[-0.125743,51.543226]}},{"type":"Feature","properties":{"type":"station","name":"Woldingham"},"geometry":{"type":"Point","coordinates":[-0.051667,51.289698]}},{"type":"Feature","properties":{"type":"cafe","name":"The Wren Coffee"},"geometry":{"type":"Point","coordinates":[-0.096978,51.512091]}},{"type":"Feature","properties":{"type":"cafe","name":"Kids N Joy"},"geometry":{"type":"Point","coordinates":[-0.124442,51.580514]}},{"type":"Feature","properties":{"type":"cafe","name":"Quaker Street Coffee & Bubble Tea"},"geometry":{"type":"Point","coordinates":[-0.075136,51.522253]}},{"type":"Feature","properties":{"type":"cafe","name":"Establishment Coffee"},"geometry":{"type":"Point","coordinates":[-0.105126,51.514686]}},{"type":"Feature","properties":{"type":"cafe","name":"Puccino's"},"geometry":{"type":"Point","coordinates":[-0.166021,51.240234]}},{"type":"Feature","properties":{"type":"cafe","name":"Black Sheep Coffee"},"geometry":{"type":"Point","coordinates":[-0.082426,51.514017]}},{"type":"Feature","properties":{"type":"cafe","name":"The Good Yard"},"geometry":{"type":"Point","coordinates":[-0.083809,51.512337]}},{"type":"Feature","properties":{"type":"station","name":"Kentish Town"},"geometry":{"type":"Point","coordinates":[-0.138865,51.550173]}},{"type":"Feature","properties":{"type":"cafe","name":"Coffee House"},"geometry":{"type":"Point","coordinates":[-0.130122,51.464783]}},{"type":"Feature","properties":{"type":"cafe","name":"Black Sheep Coffee"},"geometry":{"type":"Point","coordinates":[-0.082963,51.511648]}},{"type":"Feature","properties":{"type":"cafe","name":"EEE Café"},"geometry":{"type":"Point","coordinates":[-0.176293,51.499099]}},{"type":"Feature","properties":{"type":"cafe","name":"Library Café"},"geometry":{"type":"Point","coordinates":[-0.177943,51.498074]}},{"type":"Feature","properties":{"type":"toilet","name":"Toilets"},"geometry":{"type":"Point","coordinates":[-0.074021,51.546444]}},{"type":"Feature","properties":{"type":"cafe","name":"Boba"},"geometry":{"type":"Point","coordinates":[-0.132294,51.511978]}},{"type":"Feature","properties":{"type":"cafe","name":"TSUJIRI Matcha House"},"geometry":{"type":"Point","coordinates":[-0.129003,51.511981]}},{"type":"Feature","properties":{"type":"cafe","name":"El Ganso Cafe"},"geometry":{"type":"Point","coordinates":[-0.061485,51.537179]}},{"type":"Feature","properties":{"type":"cafe","name":"Roasting Plant coffee"},"geometry":{"type":"Point","coordinates":[-0.11816,51.517907]}},{"type":"Feature","properties":{"type":"station","name":"Hampstead"},"geometry":{"type":"Point","coordinates":[-0.178425,51.556597]}},{"type":"Feature","properties":{"type":"station","name":"Holloway Road"},"geometry":{"type":"Point","coordinates":[-0.113009,51.552867]}},{"type":"Feature","properties":{"type":"cafe","name":"Chatime"},"geometry":{"type":"Point","coordinates":[-0.133659,51.511184]}},{"type":"Feature","properties":{"type":"cafe","name":"Jumbo Eats"},"geometry":{"type":"Point","coordinates":[-0.135505,51.511455]}},{"type":"Feature","properties":{"type":"cafe","name":"Over Under Coffee"},"geometry":{"type":"Point","coordinates":[-0.134729,51.51099]}},{"type":"Feature","properties":{"type":"toilet","name":"Toilets"},"geometry":{"type":"Point","coordinates":[-0.07408,51.546456]}},{"type":"Feature","properties":{"type":"cafe","name":"Glamarama Green"},"geometry":{"type":"Point","coordinates":[-0.17329,51.49506]}},{"type":"Feature","properties":{"type":"cafe","name":"Costa"},"geometry":{"type":"Point","coordinates":[-0.103439,51.511174]}},{"type":"Feature","properties":{"type":"cafe","name":"Jacob the Angel"},"geometry":{"type":"Point","coordinates":[-0.126166,51.51438]}},{"type":"Feature","properties":{"type":"cafe","name":"Saint Aymes"},"geometry":{"type":"Point","coordinates":[-0.166713,51.514258]}},{"type":"Feature","properties":{"type":"cafe","name":"GAIL's"},"geometry":{"type":"Point","coordinates":[-0.149446,51.562068]}},{"type":"Feature","properties":{"type":"cafe","name":"Flying Horse Coffee"},"geometry":{"type":"Point","coordinates":[-0.0571,51.534186]}},{"type":"Feature","properties":{"type":"cafe","name":"Brunswick East"},"geometry":{"type":"Point","coordinates":[-0.076903,51.549189]}},{"type":"Feature","properties":{"type":"cafe","name":"Coffee and Juice Bar"},"geometry":{"type":"Point","coordinates":[-0.352805,51.3799]}},{"type":"Feature","properties":{"type":"toilet","name":"Toilets"},"geometry":{"type":"Point","coordinates":[-0.352689,51.379935]}},{"type":"Feature","properties":{"type":"cafe","name":"Piggy's"},"geometry":{"type":"Point","coordinates":[-0.136034,51.509569]}},{"type":"Feature","properties":{"type":"water","name":"Drinking water"},"geometry":{"type":"Point","coordinates":[-0.313221,51.249093]}},{"type":"Feature","properties":{"type":"cafe","name":"Ginger Frog cafe"},"geometry":{"type":"Point","coordinates":[-0.149268,51.358105]}},{"type":"Feature","properties":{"type":"cafe","name":"Mazzi's Cafe"},"geometry":{"type":"Point","coordinates":[-0.150037,51.359831]}},{"type":"Feature","properties":{"type":"station","name":"Moorgate"},"geometry":{"type":"Point","coordinates":[-0.089063,51.518252]}},{"type":"Feature","properties":{"type":"cafe","name":"Silverberry"},"geometry":{"type":"Point","coordinates":[-0.165022,51.553992]}},{"type":"Feature","properties":{"type":"cafe","name":"The Old Station Yard Cafe"},"geometry":{"type":"Point","coordinates":[-0.002823,51.586128]}},{"type":"Feature","properties":{"type":"water","name":"Drinking water"},"geometry":{"type":"Point","coordinates":[-0.292075,51.43221]}},{"type":"Feature","properties":{"type":"water","name":"Drinking water"},"geometry":{"type":"Point","coordinates":[-0.275739,51.425897]}},{"type":"Feature","properties":{"type":"cafe","name":"YI•CHA"},"geometry":{"type":"Point","coordinates":[-0.071849,51.515542]}},{"type":"Feature","properties":{"type":"cafe","name":"Jaconelli's Espresso Bar"},"geometry":{"type":"Point","coordinates":[-0.138055,51.31567]}},{"type":"Feature","properties":{"type":"water","name":"Drinking water"},"geometry":{"type":"Point","coordinates":[-0.08197,51.517687]}},{"type":"Feature","properties":{"type":"cafe","name":"Boost"},"geometry":{"type":"Point","coordinates":[-0.082454,51.517713]}},{"type":"Feature","properties":{"type":"cafe","name":"Cox Pippin Cafe"},"geometry":{"type":"Point","coordinates":[-0.14847,51.358474]}},{"type":"Feature","properties":{"type":"cafe","name":"Brother Marcus"},"geometry":{"type":"Point","coordinates":[-0.153286,51.443578]}},{"type":"Feature","properties":{"type":"cafe","name":"Wicked Vegan"},"geometry":{"type":"Point","coordinates":[-0.15116,51.444409]}},{"type":"Feature","properties":{"type":"cafe","name":"GAIL's"},"geometry":{"type":"Point","coordinates":[-0.153199,51.442679]}},{"type":"Feature","properties":{"type":"cafe","name":"Blue Tit"},"geometry":{"type":"Point","coordinates":[-0.020272,51.481167]}},{"type":"Feature","properties":{"type":"station","name":"Carshalton"},"geometry":{"type":"Point","coordinates":[-0.166381,51.368577]}},{"type":"Feature","properties":{"type":"cafe","name":"Costa"},"geometry":{"type":"Point","coordinates":[-0.015483,51.482668]}},{"type":"Feature","properties":{"type":"cafe","name":"Café"},"geometry":{"type":"Point","coordinates":[-0.157937,51.522587]}},{"type":"Feature","properties":{"type":"station","name":"Clock House"},"geometry":{"type":"Point","coordinates":[-0.040818,51.408345]}},{"type":"Feature","properties":{"type":"station","name":"West Wickham"},"geometry":{"type":"Point","coordinates":[-0.014733,51.381514]}},{"type":"Feature","properties":{"type":"station","name":"Eden Park"},"geometry":{"type":"Point","coordinates":[-0.026369,51.39018]}},{"type":"Feature","properties":{"type":"station","name":"Elmers End"},"geometry":{"type":"Point","coordinates":[-0.049702,51.398012]}},{"type":"Feature","properties":{"type":"water","name":"Drinking water"},"geometry":{"type":"Point","coordinates":[-0.124741,51.495401]}},{"type":"Feature","properties":{"type":"cafe","name":"Starbucks"},"geometry":{"type":"Point","coordinates":[-0.161249,51.514155]}},{"type":"Feature","properties":{"type":"cafe","name":"Nero Express"},"geometry":{"type":"Point","coordinates":[-0.167994,51.519668]}},{"type":"Feature","properties":{"type":"cafe","name":"Table 13"},"geometry":{"type":"Point","coordinates":[-0.057101,51.589718]}},{"type":"Feature","properties":{"type":"cafe","name":"The Junction"},"geometry":{"type":"Point","coordinates":[-0.111195,51.552203]}},{"type":"Feature","properties":{"type":"cafe","name":"The Coffee Lounge"},"geometry":{"type":"Point","coordinates":[-0.170158,51.356762]}},{"type":"Feature","properties":{"type":"cafe","name":"Water Lane~"},"geometry":{"type":"Point","coordinates":[-0.327821,51.446392]}},{"type":"Feature","properties":{"type":"water","name":"Drinking water"},"geometry":{"type":"Point","coordinates":[-0.075655,51.508729]}},{"type":"Feature","properties":{"type":"toilet","name":"Toilets"},"geometry":{"type":"Point","coordinates":[-0.075873,51.507261]}},{"type":"Feature","properties":{"type":"cafe","name":"Raven's Cafe"},"geometry":{"type":"Point","coordinates":[-0.076008,51.507434]}},{"type":"Feature","properties":{"type":"cafe","name":"Museum Cafe"},"geometry":{"type":"Point","coordinates":[-0.023928,51.50769]}},{"type":"Feature","properties":{"type":"cafe","name":"Corner Cafe"},"geometry":{"type":"Point","coordinates":[-0.146466,51.474447]}},{"type":"Feature","properties":{"type":"cafe","name":"Caffè Dolce"},"geometry":{"type":"Point","coordinates":[-0.148279,51.47269]}},{"type":"Feature","properties":{"type":"cafe","name":"Cravings Cafe"},"geometry":{"type":"Point","coordinates":[-0.162636,51.404889]}},{"type":"Feature","properties":{"type":"cafe","name":"Petit Pret"},"geometry":{"type":"Point","coordinates":[-0.103883,51.511593]}},{"type":"Feature","properties":{"type":"cafe","name":"Flow Coffee"},"geometry":{"type":"Point","coordinates":[-0.103581,51.511901]}},{"type":"Feature","properties":{"type":"cafe","name":"Farha"},"geometry":{"type":"Point","coordinates":[-0.004547,51.552208]}},{"type":"Feature","properties":{"type":"cafe","name":"The Old Yard"},"geometry":{"type":"Point","coordinates":[-0.165655,51.369119]}},{"type":"Feature","properties":{"type":"station","name":"Hackbridge"},"geometry":{"type":"Point","coordinates":[-0.15372,51.378028]}},{"type":"Feature","properties":{"type":"cafe","name":"Manor Cafe"},"geometry":{"type":"Point","coordinates":[-0.150619,51.361382]}},{"type":"Feature","properties":{"type":"cafe","name":"Blue Met Lounge"},"geometry":{"type":"Point","coordinates":[-0.111195,51.552239]}},{"type":"Feature","properties":{"type":"station","name":"Stamford Hill"},"geometry":{"type":"Point","coordinates":[-0.076279,51.574883]}},{"type":"Feature","properties":{"type":"station","name":"Stoke Newington"},"geometry":{"type":"Point","coordinates":[-0.072548,51.565039]}},{"type":"Feature","properties":{"type":"station","name":"Rectory Road"},"geometry":{"type":"Point","coordinates":[-0.068617,51.559112]}},{"type":"Feature","properties":{"type":"station","name":"Clapton"},"geometry":{"type":"Point","coordinates":[-0.056865,51.561652]}},{"type":"Feature","properties":{"type":"cafe","name":"Bubbleology"},"geometry":{"type":"Point","coordinates":[-0.174478,51.494615]}},{"type":"Feature","properties":{"type":"toilet","name":"Toilets"},"geometry":{"type":"Point","coordinates":[-0.267628,51.465454]}},{"type":"Feature","properties":{"type":"cafe","name":"Cafe Carraro"},"geometry":{"type":"Point","coordinates":[-0.264064,51.333929]}},{"type":"Feature","properties":{"type":"cafe","name":"Organico"},"geometry":{"type":"Point","coordinates":[-0.268367,51.332993]}},{"type":"Feature","properties":{"type":"cafe","name":"Senzo"},"geometry":{"type":"Point","coordinates":[-0.268046,51.334315]}},{"type":"Feature","properties":{"type":"toilet","name":"Ashley Centre Toilets"},"geometry":{"type":"Point","coordinates":[-0.269428,51.332134]}},{"type":"Feature","properties":{"type":"station","name":"Mitcham Junction"},"geometry":{"type":"Point","coordinates":[-0.157777,51.392945]}},{"type":"Feature","properties":{"type":"water","name":"Drinking water"},"geometry":{"type":"Point","coordinates":[-0.006661,51.479669]}},{"type":"Feature","properties":{"type":"water","name":"Hudson's"},"geometry":{"type":"Point","coordinates":[-0.22141,51.467679]}},{"type":"Feature","properties":{"type":"cafe","name":"Armoni Coffee"},"geometry":{"type":"Point","coordinates":[-0.122606,51.580426]}},{"type":"Feature","properties":{"type":"cafe","name":"Black Sheep Coffee"},"geometry":{"type":"Point","coordinates":[-0.079189,51.522052]}},{"type":"Feature","properties":{"type":"toilet","name":"Toilets"},"geometry":{"type":"Point","coordinates":[-0.118206,51.510936]}},{"type":"Feature","properties":{"type":"water","name":"Drinking water"},"geometry":{"type":"Point","coordinates":[-0.081797,51.517649]}},{"type":"Feature","properties":{"type":"cafe","name":"ZigZag Café"},"geometry":{"type":"Point","coordinates":[-0.264498,51.33424]}},{"type":"Feature","properties":{"type":"cafe","name":"Los Amigos Cafe"},"geometry":{"type":"Point","coordinates":[-0.263622,51.334982]}},{"type":"Feature","properties":{"type":"cafe","name":"Fast Foods Cafe"},"geometry":{"type":"Point","coordinates":[-0.168307,51.240918]}},{"type":"Feature","properties":{"type":"cafe","name":"WatchHouse"},"geometry":{"type":"Point","coordinates":[-0.150317,51.518704]}},{"type":"Feature","properties":{"type":"cafe","name":"easyCoffee"},"geometry":{"type":"Point","coordinates":[-0.180092,51.486609]}},{"type":"Feature","properties":{"type":"cafe","name":"Caffè Nero"},"geometry":{"type":"Point","coordinates":[-0.180331,51.486424]}},{"type":"Feature","properties":{"type":"cafe","name":"River Cafe"},"geometry":{"type":"Point","coordinates":[-0.209188,51.468696]}},{"type":"Feature","properties":{"type":"toilet","name":"Toilets"},"geometry":{"type":"Point","coordinates":[-0.273379,51.325089]}},{"type":"Feature","properties":{"type":"toilet","name":"Toilets"},"geometry":{"type":"Point","coordinates":[-0.272514,51.32511]}},{"type":"Feature","properties":{"type":"station","name":"Golders Green"},"geometry":{"type":"Point","coordinates":[-0.194027,51.5723]}},{"type":"Feature","properties":{"type":"cafe","name":"Souli"},"geometry":{"type":"Point","coordinates":[-0.1537,51.51762]}},{"type":"Feature","properties":{"type":"cafe","name":"Tasty Corner"},"geometry":{"type":"Point","coordinates":[-0.154466,51.518425]}},{"type":"Feature","properties":{"type":"cafe","name":"Café Havana"},"geometry":{"type":"Point","coordinates":[-0.16279,51.43358]}},{"type":"Feature","properties":{"type":"cafe","name":"The Monocle Café"},"geometry":{"type":"Point","coordinates":[-0.154643,51.518814]}},{"type":"Feature","properties":{"type":"cafe","name":"Caffe Pistachio"},"geometry":{"type":"Point","coordinates":[-0.044949,51.492096]}},{"type":"Feature","properties":{"type":"water","name":"Drinking water"},"geometry":{"type":"Point","coordinates":[-0.174331,51.496915]}},{"type":"Feature","properties":{"type":"water","name":"Drinking water"},"geometry":{"type":"Point","coordinates":[-0.092809,51.475104]}},{"type":"Feature","properties":{"type":"cafe","name":"106 Baker Street"},"geometry":{"type":"Point","coordinates":[-0.156707,51.52083]}},{"type":"Feature","properties":{"type":"cafe","name":"Starbucks"},"geometry":{"type":"Point","coordinates":[-0.157085,51.5216]}},{"type":"Feature","properties":{"type":"cafe","name":"Joe & The Juice"},"geometry":{"type":"Point","coordinates":[-0.157193,51.520975]}},{"type":"Feature","properties":{"type":"cafe","name":"Joe & The Juice"},"geometry":{"type":"Point","coordinates":[-0.155443,51.517026]}},{"type":"Feature","properties":{"type":"cafe","name":"Café"},"geometry":{"type":"Point","coordinates":[-0.007897,51.414235]}},{"type":"Feature","properties":{"type":"cafe","name":"Caffè Nero"},"geometry":{"type":"Point","coordinates":[-0.106736,51.516508]}},{"type":"Feature","properties":{"type":"cafe","name":"The Olive Branch Cafe"},"geometry":{"type":"Point","coordinates":[-0.024334,51.496108]}},{"type":"Feature","properties":{"type":"cafe","name":"Boxcar"},"geometry":{"type":"Point","coordinates":[-0.161583,51.519516]}},{"type":"Feature","properties":{"type":"cafe","name":"Eddie's"},"geometry":{"type":"Point","coordinates":[-0.163066,51.519554]}},{"type":"Feature","properties":{"type":"station","name":"East Putney"},"geometry":{"type":"Point","coordinates":[-0.211243,51.458614]}},{"type":"Feature","properties":{"type":"station","name":"Temple"},"geometry":{"type":"Point","coordinates":[-0.114335,51.510966]}},{"type":"Feature","properties":{"type":"cafe","name":"Filtr"},"geometry":{"type":"Point","coordinates":[-0.170848,51.309445]}},{"type":"Feature","properties":{"type":"cafe","name":"Red Bean Roastery"},"geometry":{"type":"Point","coordinates":[-0.070831,51.514744]}},{"type":"Feature","properties":{"type":"cafe","name":"Grand Cafe"},"geometry":{"type":"Point","coordinates":[-0.163317,51.51938]}},{"type":"Feature","properties":{"type":"cafe","name":"The Marylebone Kitchen"},"geometry":{"type":"Point","coordinates":[-0.163996,51.519701]}},{"type":"Feature","properties":{"type":"station","name":"Anerley"},"geometry":{"type":"Point","coordinates":[-0.065494,51.412577]}},{"type":"Feature","properties":{"type":"cafe","name":"Coffee Island"},"geometry":{"type":"Point","coordinates":[-0.168683,51.519179]}},{"type":"Feature","properties":{"type":"station","name":"Bermondsey"},"geometry":{"type":"Point","coordinates":[-0.064345,51.4977]}},{"type":"Feature","properties":{"type":"station","name":"Great Portland Street"},"geometry":{"type":"Point","coordinates":[-0.143705,51.523815]}},{"type":"Feature","properties":{"type":"station","name":"Highbury & Islington"},"geometry":{"type":"Point","coordinates":[-0.103654,51.546368]}},{"type":"Feature","properties":{"type":"cafe","name":"Paga Cafe"},"geometry":{"type":"Point","coordinates":[-0.032714,51.567725]}},{"type":"Feature","properties":{"type":"cafe","name":"Cafe Benor"},"geometry":{"type":"Point","coordinates":[-0.033361,51.567481]}},{"type":"Feature","properties":{"type":"cafe","name":"Kophi"},"geometry":{"type":"Point","coordinates":[-0.033689,51.567348]}},{"type":"Feature","properties":{"type":"cafe","name":"Izabella"},"geometry":{"type":"Point","coordinates":[-0.157982,51.52269]}},{"type":"Feature","properties":{"type":"cafe","name":"Fastline"},"geometry":{"type":"Point","coordinates":[-0.024314,51.570793]}},{"type":"Feature","properties":{"type":"cafe","name":"Ballroom"},"geometry":{"type":"Point","coordinates":[-0.083557,51.510729]}},{"type":"Feature","properties":{"type":"cafe","name":"Rake's Cafe Bar"},"geometry":{"type":"Point","coordinates":[-0.08078,51.517419]}},{"type":"Feature","properties":{"type":"cafe","name":"Paris's Café"},"geometry":{"type":"Point","coordinates":[-0.162189,51.526005]}},{"type":"Feature","properties":{"type":"cafe","name":"Savis Felafel"},"geometry":{"type":"Point","coordinates":[-0.086869,51.506099]}},{"type":"Feature","properties":{"type":"water","name":"Water"},"geometry":{"type":"Point","coordinates":[-0.306007,51.409525]}},{"type":"Feature","properties":{"type":"cafe","name":"Redemption Roasters"},"geometry":{"type":"Point","coordinates":[-0.083923,51.51912]}},{"type":"Feature","properties":{"type":"station","name":"Camden Road"},"geometry":{"type":"Point","coordinates":[-0.139528,51.54195]}},{"type":"Feature","properties":{"type":"toilet","name":"Toilets"},"geometry":{"type":"Point","coordinates":[-0.30835,51.401326]}},{"type":"Feature","properties":{"type":"station","name":"Cutty Sark for Maritime Greenwich"},"geometry":{"type":"Point","coordinates":[-0.010752,51.481727]}},{"type":"Feature","properties":{"type":"cafe","name":"Host"},"geometry":{"type":"Point","coordinates":[-0.093441,51.51272]}},{"type":"Feature","properties":{"type":"cafe","name":"Starbucks"},"geometry":{"type":"Point","coordinates":[-0.328348,51.446652]}},{"type":"Feature","properties":{"type":"cafe","name":"Rumblin Tums Cafe"},"geometry":{"type":"Point","coordinates":[-0.150377,51.359218]}},{"type":"Feature","properties":{"type":"station","name":"Tower Gateway"},"geometry":{"type":"Point","coordinates":[-0.073951,51.510629]}},{"type":"Feature","properties":{"type":"cafe","name":"Fodal"},"geometry":{"type":"Point","coordinates":[-0.024807,51.492407]}},{"type":"Feature","properties":{"type":"cafe","name":"The Bright Store"},"geometry":{"type":"Point","coordinates":[-0.068891,51.530904]}},{"type":"Feature","properties":{"type":"station","name":"Wood Street"},"geometry":{"type":"Point","coordinates":[-0.001679,51.587041]}},{"type":"Feature","properties":{"type":"cafe","name":"The secret"},"geometry":{"type":"Point","coordinates":[-0.088893,51.506625]}},{"type":"Feature","properties":{"type":"cafe","name":"fantail"},"geometry":{"type":"Point","coordinates":[-0.100373,51.546456]}},{"type":"Feature","properties":{"type":"cafe","name":"Costa"},"geometry":{"type":"Point","coordinates":[-0.116792,51.530113]}},{"type":"Feature","properties":{"type":"cafe","name":"Quills"},"geometry":{"type":"Point","coordinates":[-0.116516,51.529999]}},{"type":"Feature","properties":{"type":"cafe","name":"Frequency"},"geometry":{"type":"Point","coordinates":[-0.115927,51.529175]}},{"type":"Feature","properties":{"type":"cafe","name":"Eat O'Clock"},"geometry":{"type":"Point","coordinates":[-0.120516,51.53101]}},{"type":"Feature","properties":{"type":"cafe","name":"foodilic"},"geometry":{"type":"Point","coordinates":[-0.120391,51.531016]}},{"type":"Feature","properties":{"type":"cafe","name":"deli-licious"},"geometry":{"type":"Point","coordinates":[-0.119339,51.530758]}},{"type":"Feature","properties":{"type":"toilet","name":"Toilets"},"geometry":{"type":"Point","coordinates":[-0.089468,51.505489]}},{"type":"Feature","properties":{"type":"cafe","name":"Sable D'Or"},"geometry":{"type":"Point","coordinates":[-0.123989,51.579927]}},{"type":"Feature","properties":{"type":"cafe","name":"Udderlicious Ice Cream"},"geometry":{"type":"Point","coordinates":[-0.123364,51.580094]}},{"type":"Feature","properties":{"type":"cafe","name":"Lovage"},"geometry":{"type":"Point","coordinates":[-0.122564,51.580756]}},{"type":"Feature","properties":{"type":"cafe","name":"Punk Cake"},"geometry":{"type":"Point","coordinates":[-0.122447,51.580831]}},{"type":"Feature","properties":{"type":"cafe","name":"BEAM"},"geometry":{"type":"Point","coordinates":[-0.12218,51.581031]}},{"type":"Feature","properties":{"type":"cafe","name":"Café Nova"},"geometry":{"type":"Point","coordinates":[-0.308468,51.456408]}},{"type":"Feature","properties":{"type":"water","name":"Drinking water"},"geometry":{"type":"Point","coordinates":[-0.124153,51.535453]}},{"type":"Feature","properties":{"type":"toilet","name":"Toilets"},"geometry":{"type":"Point","coordinates":[-0.175097,51.504692]}},{"type":"Feature","properties":{"type":"station","name":"Sydenham Hill"},"geometry":{"type":"Point","coordinates":[-0.08015,51.43261]}},{"type":"Feature","properties":{"type":"station","name":"Kent House"},"geometry":{"type":"Point","coordinates":[-0.045213,51.412275]}},{"type":"Feature","properties":{"type":"cafe","name":"H's Cafe"},"geometry":{"type":"Point","coordinates":[-0.053577,51.499]}},{"type":"Feature","properties":{"type":"station","name":"Ravensbourne"},"geometry":{"type":"Point","coordinates":[-0.007629,51.414313]}},{"type":"Feature","properties":{"type":"cafe","name":"The Dorking Deli"},"geometry":{"type":"Point","coordinates":[-0.336589,51.231836]}},{"type":"Feature","properties":{"type":"water","name":"Drinking water"},"geometry":{"type":"Point","coordinates":[-0.079888,51.515437]}},{"type":"Feature","properties":{"type":"station","name":"Upper Holloway"},"geometry":{"type":"Point","coordinates":[-0.129647,51.563474]}},{"type":"Feature","properties":{"type":"station","name":"Crouch Hill"},"geometry":{"type":"Point","coordinates":[-0.116874,51.571431]}},{"type":"Feature","properties":{"type":"water","name":"Drinking water"},"geometry":{"type":"Point","coordinates":[-0.146333,51.566788]}},{"type":"Feature","properties":{"type":"cafe","name":"Gospel Coffee"},"geometry":{"type":"Point","coordinates":[-0.151801,51.555623]}},{"type":"Feature","properties":{"type":"station","name":"Gospel Oak"},"geometry":{"type":"Point","coordinates":[-0.151577,51.555487]}},{"type":"Feature","properties":{"type":"station","name":"Regent's Park"},"geometry":{"type":"Point","coordinates":[-0.146636,51.523628]}},{"type":"Feature","properties":{"type":"station","name":"Manor House"},"geometry":{"type":"Point","coordinates":[-0.096397,51.570321]}},{"type":"Feature","properties":{"type":"station","name":"Carshalton Beeches"},"geometry":{"type":"Point","coordinates":[-0.169351,51.357196]}},{"type":"Feature","properties":{"type":"station","name":"Wallington"},"geometry":{"type":"Point","coordinates":[-0.15059,51.360235]}},{"type":"Feature","properties":{"type":"cafe","name":"TIRAFFE"},"geometry":{"type":"Point","coordinates":[-0.120735,51.518022]}},{"type":"Feature","properties":{"type":"station","name":"Borough"},"geometry":{"type":"Point","coordinates":[-0.093293,51.501144]}},{"type":"Feature","properties":{"type":"cafe","name":"We Are Vegan Everything"},"geometry":{"type":"Point","coordinates":[-0.054445,51.54888]}},{"type":"Feature","properties":{"type":"cafe","name":"Cups & Co."},"geometry":{"type":"Point","coordinates":[-0.331027,51.232197]}},{"type":"Feature","properties":{"type":"cafe","name":"Crol & Co"},"geometry":{"type":"Point","coordinates":[-0.091051,51.50292]}},{"type":"Feature","properties":{"type":"cafe","name":"Cosy Moose"},"geometry":{"type":"Point","coordinates":[-0.333028,51.231632]}},{"type":"Feature","properties":{"type":"cafe","name":"Starbucks"},"geometry":{"type":"Point","coordinates":[-0.332648,51.231703]}},{"type":"Feature","properties":{"type":"cafe","name":"Waitrose"},"geometry":{"type":"Point","coordinates":[-0.334867,51.231288]}},{"type":"Feature","properties":{"type":"cafe","name":"Two Many Cooks"},"geometry":{"type":"Point","coordinates":[-0.333851,51.231105]}},{"type":"Feature","properties":{"type":"cafe","name":"Cakerider"},"geometry":{"type":"Point","coordinates":[-0.333129,51.231363]}},{"type":"Feature","properties":{"type":"cafe","name":"Mullins"},"geometry":{"type":"Point","coordinates":[-0.334007,51.231678]}},{"type":"Feature","properties":{"type":"cafe","name":"Café"},"geometry":{"type":"Point","coordinates":[-0.178491,51.502848]}},{"type":"Feature","properties":{"type":"cafe","name":"Jax"},"geometry":{"type":"Point","coordinates":[-0.334722,51.229018]}},{"type":"Feature","properties":{"type":"cafe","name":"Peppe's Cafe"},"geometry":{"type":"Point","coordinates":[-0.334707,51.230374]}},{"type":"Feature","properties":{"type":"cafe","name":"Starbucks"},"geometry":{"type":"Point","coordinates":[-0.168846,51.518917]}},{"type":"Feature","properties":{"type":"cafe","name":"Cafe No. 92"},"geometry":{"type":"Point","coordinates":[-0.010146,51.487569]}},{"type":"Feature","properties":{"type":"cafe","name":"Jaffa Corner"},"geometry":{"type":"Point","coordinates":[-0.168481,51.518658]}},{"type":"Feature","properties":{"type":"cafe","name":"Café"},"geometry":{"type":"Point","coordinates":[-0.172634,51.496895]}},{"type":"Feature","properties":{"type":"water","name":"Drinking water"},"geometry":{"type":"Point","coordinates":[-0.172526,51.497264]}},{"type":"Feature","properties":{"type":"cafe","name":"Georgias Kitchen"},"geometry":{"type":"Point","coordinates":[-0.356482,51.426059]}},{"type":"Feature","properties":{"type":"cafe","name":"Cafe Panache"},"geometry":{"type":"Point","coordinates":[-0.172313,51.516801]}},{"type":"Feature","properties":{"type":"cafe","name":"Long White Cloud"},"geometry":{"type":"Point","coordinates":[-0.073626,51.530481]}},{"type":"Feature","properties":{"type":"water","name":"Drinking water"},"geometry":{"type":"Point","coordinates":[-0.081162,51.517567]}},{"type":"Feature","properties":{"type":"cafe","name":"Cafe La Creme"},"geometry":{"type":"Point","coordinates":[-0.366175,51.241131]}},{"type":"Feature","properties":{"type":"cafe","name":"V69 Coffee"},"geometry":{"type":"Point","coordinates":[-0.093598,51.514605]}},{"type":"Feature","properties":{"type":"cafe","name":"Café"},"geometry":{"type":"Point","coordinates":[-0.150207,51.561638]}},{"type":"Feature","properties":{"type":"station","name":"Hampstead Heath"},"geometry":{"type":"Point","coordinates":[-0.165391,51.55524]}},{"type":"Feature","properties":{"type":"station","name":"Dalston Kingsland"},"geometry":{"type":"Point","coordinates":[-0.076053,51.548191]}},{"type":"Feature","properties":{"type":"cafe","name":"Helma"},"geometry":{"type":"Point","coordinates":[-0.07763,51.538917]}},{"type":"Feature","properties":{"type":"station","name":"Cambridge Heath"},"geometry":{"type":"Point","coordinates":[-0.057422,51.531954]}},{"type":"Feature","properties":{"type":"station","name":"Hackney Central"},"geometry":{"type":"Point","coordinates":[-0.056875,51.547061]}},{"type":"Feature","properties":{"type":"cafe","name":"Attendant"},"geometry":{"type":"Point","coordinates":[-0.110013,51.521093]}},{"type":"Feature","properties":{"type":"cafe","name":"Florrie's Park Cafe"},"geometry":{"type":"Point","coordinates":[-0.165991,51.243195]}},{"type":"Feature","properties":{"type":"cafe","name":"Mola"},"geometry":{"type":"Point","coordinates":[-0.093741,51.524048]}},{"type":"Feature","properties":{"type":"water","name":"Drinking water"},"geometry":{"type":"Point","coordinates":[-0.152707,51.535751]}},{"type":"Feature","properties":{"type":"cafe","name":"Neama"},"geometry":{"type":"Point","coordinates":[-0.02389,51.501298]}},{"type":"Feature","properties":{"type":"cafe","name":"Café"},"geometry":{"type":"Point","coordinates":[-0.219546,51.461333]}},{"type":"Feature","properties":{"type":"cafe","name":"Illy Caffè"},"geometry":{"type":"Point","coordinates":[-0.174612,51.493572]}},{"type":"Feature","properties":{"type":"cafe","name":"Café"},"geometry":{"type":"Point","coordinates":[-0.305456,51.460092]}},{"type":"Feature","properties":{"type":"station","name":"Westferry"},"geometry":{"type":"Point","coordinates":[-0.026644,51.509403]}},{"type":"Feature","properties":{"type":"station","name":"Island Gardens"},"geometry":{"type":"Point","coordinates":[-0.010505,51.488068]}},{"type":"Feature","properties":{"type":"cafe","name":"HWK Coffee"},"geometry":{"type":"Point","coordinates":[-0.024836,51.543082]}},{"type":"Feature","properties":{"type":"station","name":"Charing Cross"},"geometry":{"type":"Point","coordinates":[-0.123689,51.507497]}},{"type":"Feature","properties":{"type":"cafe","name":"Maize Blaze"},"geometry":{"type":"Point","coordinates":[-0.022449,51.5428]}},{"type":"Feature","properties":{"type":"cafe","name":"Rise & Bloom"},"geometry":{"type":"Point","coordinates":[-0.076333,51.527692]}},{"type":"Feature","properties":{"type":"station","name":"Hackney Downs"},"geometry":{"type":"Point","coordinates":[-0.060686,51.548645]}},{"type":"Feature","properties":{"type":"station","name":"Homerton"},"geometry":{"type":"Point","coordinates":[-0.043121,51.547079]}},{"type":"Feature","properties":{"type":"station","name":"Hackney Wick"},"geometry":{"type":"Point","coordinates":[-0.024154,51.543438]}},{"type":"Feature","properties":{"type":"station","name":"London Fields"},"geometry":{"type":"Point","coordinates":[-0.057774,51.541052]}},{"type":"Feature","properties":{"type":"cafe","name":"Sweet Tree"},"geometry":{"type":"Point","coordinates":[-0.123208,51.599006]}},{"type":"Feature","properties":{"type":"station","name":"Putney"},"geometry":{"type":"Point","coordinates":[-0.215348,51.460934]}},{"type":"Feature","properties":{"type":"station","name":"London King's Cross"},"geometry":{"type":"Point","coordinates":[-0.123022,51.532395]}},{"type":"Feature","properties":{"type":"station","name":"Coulsdon South"},"geometry":{"type":"Point","coordinates":[-0.137974,51.315543]}},{"type":"Feature","properties":{"type":"station","name":"London Blackfriars"},"geometry":{"type":"Point","coordinates":[-0.103242,51.510487]}},{"type":"Feature","properties":{"type":"station","name":"Lea Bridge"},"geometry":{"type":"Point","coordinates":[-0.037122,51.566751]}},{"type":"Feature","properties":{"type":"station","name":"Kingston"},"geometry":{"type":"Point","coordinates":[-0.30182,51.412933]}},{"type":"Feature","properties":{"type":"cafe","name":"Caffè Nero"},"geometry":{"type":"Point","coordinates":[-0.163423,51.460833]}},{"type":"Feature","properties":{"type":"cafe","name":"Beans Love Greens"},"geometry":{"type":"Point","coordinates":[-0.077311,51.526278]}},{"type":"Feature","properties":{"type":"cafe","name":"Headley Village Stores and Tea Room"},"geometry":{"type":"Point","coordinates":[-0.273886,51.278892]}},{"type":"Feature","properties":{"type":"cafe","name":"Café"},"geometry":{"type":"Point","coordinates":[-0.153087,51.517572]}},{"type":"Feature","properties":{"type":"cafe","name":"Caffè Nero"},"geometry":{"type":"Point","coordinates":[-0.128097,51.515671]}},{"type":"Feature","properties":{"type":"cafe","name":"Good To Go"},"geometry":{"type":"Point","coordinates":[-0.088838,51.526135]}},{"type":"Feature","properties":{"type":"water","name":"Drinking water"},"geometry":{"type":"Point","coordinates":[-0.170666,51.482832]}},{"type":"Feature","properties":{"type":"cafe","name":"SHED Clapham South"},"geometry":{"type":"Point","coordinates":[-0.147669,51.452793]}},{"type":"Feature","properties":{"type":"cafe","name":"Mooboo"},"geometry":{"type":"Point","coordinates":[-0.167732,51.460856]}},{"type":"Feature","properties":{"type":"cafe","name":"A Portuguese Love Affair"},"geometry":{"type":"Point","coordinates":[-0.066629,51.531097]}},{"type":"Feature","properties":{"type":"cafe","name":"Cafe Columbia"},"geometry":{"type":"Point","coordinates":[-0.069296,51.529322]}},{"type":"Feature","properties":{"type":"cafe","name":"Cake Hole Cafe / Vintage Heaven"},"geometry":{"type":"Point","coordinates":[-0.070908,51.528413]}},{"type":"Feature","properties":{"type":"cafe","name":"Nero Express"},"geometry":{"type":"Point","coordinates":[-0.090509,51.511201]}},{"type":"Feature","properties":{"type":"cafe","name":"Essential Vegan Cafe"},"geometry":{"type":"Point","coordinates":[-0.021978,51.542555]}},{"type":"Feature","properties":{"type":"cafe","name":"Knockbox Coffee"},"geometry":{"type":"Point","coordinates":[-0.1183,51.521299]}},{"type":"Feature","properties":{"type":"cafe","name":"Coffee Blooms"},"geometry":{"type":"Point","coordinates":[-0.118452,51.521542]}},{"type":"Feature","properties":{"type":"cafe","name":"Joe & The Juice"},"geometry":{"type":"Point","coordinates":[-0.178001,51.492131]}},{"type":"Feature","properties":{"type":"cafe","name":"Alex's Cafe & BIstro"},"geometry":{"type":"Point","coordinates":[-0.122995,51.598946]}},{"type":"Feature","properties":{"type":"cafe","name":"Suba"},"geometry":{"type":"Point","coordinates":[-0.074203,51.518425]}},{"type":"Feature","properties":{"type":"cafe","name":"The Green Cafe"},"geometry":{"type":"Point","coordinates":[-0.009969,51.479687]}},{"type":"Feature","properties":{"type":"cafe","name":"Gallery Cafe Bar"},"geometry":{"type":"Point","coordinates":[-0.00962,51.47957]}},{"type":"Feature","properties":{"type":"cafe","name":"Wallacespace"},"geometry":{"type":"Point","coordinates":[-0.078213,51.518605]}},{"type":"Feature","properties":{"type":"cafe","name":"Espressino"},"geometry":{"type":"Point","coordinates":[-0.194874,51.456819]}},{"type":"Feature","properties":{"type":"water","name":"Drinking water"},"geometry":{"type":"Point","coordinates":[-0.078045,51.51769]}},{"type":"Feature","properties":{"type":"cafe","name":"Black Rabbit Cafe"},"geometry":{"type":"Point","coordinates":[-0.193585,51.488348]}},{"type":"Feature","properties":{"type":"water","name":"Drinking water"},"geometry":{"type":"Point","coordinates":[-0.107533,51.568915]}},{"type":"Feature","properties":{"type":"cafe","name":"DreamX"},"geometry":{"type":"Point","coordinates":[-0.111684,51.552877]}},{"type":"Feature","properties":{"type":"cafe","name":"Tried & True"},"geometry":{"type":"Point","coordinates":[-0.226348,51.462784]}},{"type":"Feature","properties":{"type":"cafe","name":"Sweet Tooth Cafe"},"geometry":{"type":"Point","coordinates":[-0.226212,51.462778]}},{"type":"Feature","properties":{"type":"cafe","name":"Green Room Cafe"},"geometry":{"type":"Point","coordinates":[-0.122295,51.559395]}},{"type":"Feature","properties":{"type":"cafe","name":"Harmony Place Cafe"},"geometry":{"type":"Point","coordinates":[-0.017826,51.480988]}},{"type":"Feature","properties":{"type":"cafe","name":"Costa"},"geometry":{"type":"Point","coordinates":[-0.281857,51.380492]}},{"type":"Feature","properties":{"type":"cafe","name":"Chelsea Creperie"},"geometry":{"type":"Point","coordinates":[-0.182892,51.485005]}},{"type":"Feature","properties":{"type":"station","name":"Alexandra Palace"},"geometry":{"type":"Point","coordinates":[-0.120663,51.598202]}},{"type":"Feature","properties":{"type":"station","name":"Birkbeck"},"geometry":{"type":"Point","coordinates":[-0.056539,51.403456]}},{"type":"Feature","properties":{"type":"cafe","name":"Burgundy & Black"},"geometry":{"type":"Point","coordinates":[-0.331702,51.233357]}},{"type":"Feature","properties":{"type":"cafe","name":"Poppins Cafe"},"geometry":{"type":"Point","coordinates":[-0.105162,51.514593]}},{"type":"Feature","properties":{"type":"cafe","name":"Urban Baristas"},"geometry":{"type":"Point","coordinates":[-0.178156,51.494016]}},{"type":"Feature","properties":{"type":"cafe","name":"Caffè Nero"},"geometry":{"type":"Point","coordinates":[-0.176866,51.492938]}},{"type":"Feature","properties":{"type":"cafe","name":"La Brioche"},"geometry":{"type":"Point","coordinates":[-0.175812,51.493446]}},{"type":"Feature","properties":{"type":"cafe","name":"Kova Patisserie"},"geometry":{"type":"Point","coordinates":[-0.175012,51.493814]}},{"type":"Feature","properties":{"type":"cafe","name":"HOME"},"geometry":{"type":"Point","coordinates":[-0.055428,51.541585]}},{"type":"Feature","properties":{"type":"cafe","name":"The Drawing Rooms"},"geometry":{"type":"Point","coordinates":[-0.175343,51.494251]}},{"type":"Feature","properties":{"type":"cafe","name":"Stationers Park Cafe"},"geometry":{"type":"Point","coordinates":[-0.112624,51.579926]}},{"type":"Feature","properties":{"type":"cafe","name":"Richmond Deli"},"geometry":{"type":"Point","coordinates":[-0.302042,51.460854]}},{"type":"Feature","properties":{"type":"cafe","name":"Old Spike"},"geometry":{"type":"Point","coordinates":[-0.023782,51.504928]}},{"type":"Feature","properties":{"type":"cafe","name":"Café"},"geometry":{"type":"Point","coordinates":[-0.057392,51.537838]}},{"type":"Feature","properties":{"type":"cafe","name":"Toconoco"},"geometry":{"type":"Point","coordinates":[-0.07821,51.538382]}},{"type":"Feature","properties":{"type":"cafe","name":"Blank Street Coffee"},"geometry":{"type":"Point","coordinates":[-0.174495,51.494459]}},{"type":"Feature","properties":{"type":"cafe","name":"Quatre Seasons Cafè"},"geometry":{"type":"Point","coordinates":[-0.173623,51.494641]}},{"type":"Feature","properties":{"type":"cafe","name":"The Whale Tea & Bakery"},"geometry":{"type":"Point","coordinates":[-0.173834,51.494361]}},{"type":"Feature","properties":{"type":"cafe","name":"Frequency Coffee Aldgate"},"geometry":{"type":"Point","coordinates":[-0.070963,51.514426]}},{"type":"Feature","properties":{"type":"cafe","name":"Espresso Bar"},"geometry":{"type":"Point","coordinates":[-0.060356,51.548666]}},{"type":"Feature","properties":{"type":"cafe","name":"Chucs Cafe"},"geometry":{"type":"Point","coordinates":[-0.177301,51.492439]}},{"type":"Feature","properties":{"type":"water","name":"Drinking water"},"geometry":{"type":"Point","coordinates":[-0.060828,51.537652]}},{"type":"Feature","properties":{"type":"cafe","name":"Christ Church Spitalfields Cafe"},"geometry":{"type":"Point","coordinates":[-0.074005,51.519102]}},{"type":"Feature","properties":{"type":"water","name":"Drinking water"},"geometry":{"type":"Point","coordinates":[-0.054915,51.54751]}},{"type":"Feature","properties":{"type":"cafe","name":"Starbucks"},"geometry":{"type":"Point","coordinates":[-0.19125,51.489038]}},{"type":"Feature","properties":{"type":"cafe","name":"Tea Stall"},"geometry":{"type":"Point","coordinates":[-0.111628,51.552899]}},{"type":"Feature","properties":{"type":"cafe","name":"St. Anna"},"geometry":{"type":"Point","coordinates":[-0.185579,51.483117]}},{"type":"Feature","properties":{"type":"cafe","name":"Fig House"},"geometry":{"type":"Point","coordinates":[-0.058621,51.549774]}},{"type":"Feature","properties":{"type":"cafe","name":"Joe & The Juice"},"geometry":{"type":"Point","coordinates":[-0.179099,51.486948]}},{"type":"Feature","properties":{"type":"cafe","name":"Badiani Gelato Chelsea"},"geometry":{"type":"Point","coordinates":[-0.179225,51.48686]}},{"type":"Feature","properties":{"type":"cafe","name":"Kiss the hippo"},"geometry":{"type":"Point","coordinates":[-0.178533,51.487344]}},{"type":"Feature","properties":{"type":"cafe","name":"Waterside Cafe"},"geometry":{"type":"Point","coordinates":[-0.050269,51.59762]}},{"type":"Feature","properties":{"type":"cafe","name":"Buddy’s"},"geometry":{"type":"Point","coordinates":[-0.140193,51.462364]}},{"type":"Feature","properties":{"type":"water","name":"Drinking water"},"geometry":{"type":"Point","coordinates":[-0.058251,51.552956]}},{"type":"Feature","properties":{"type":"water","name":"Drinking water"},"geometry":{"type":"Point","coordinates":[-0.145785,51.457035]}},{"type":"Feature","properties":{"type":"cafe","name":"Raife's"},"geometry":{"type":"Point","coordinates":[-0.014021,51.38034]}},{"type":"Feature","properties":{"type":"cafe","name":"Railway Grill"},"geometry":{"type":"Point","coordinates":[-0.014131,51.380268]}},{"type":"Feature","properties":{"type":"cafe","name":"The Grind Cafe"},"geometry":{"type":"Point","coordinates":[-0.014183,51.380234]}},{"type":"Feature","properties":{"type":"cafe","name":"Lots Larder"},"geometry":{"type":"Point","coordinates":[-0.182712,51.479119]}},{"type":"Feature","properties":{"type":"cafe","name":"Kitchen Therapy"},"geometry":{"type":"Point","coordinates":[-0.183772,51.478099]}},{"type":"Feature","properties":{"type":"water","name":"Drinking water"},"geometry":{"type":"Point","coordinates":[-0.036671,51.558099]}},{"type":"Feature","properties":{"type":"cafe","name":"The Hard Rock Cafe"},"geometry":{"type":"Point","coordinates":[-0.133498,51.509939]}},{"type":"Feature","properties":{"type":"toilet","name":"Toilets"},"geometry":{"type":"Point","coordinates":[-0.165875,51.240173]}},{"type":"Feature","properties":{"type":"toilet","name":"Toilets"},"geometry":{"type":"Point","coordinates":[-0.123766,51.536446]}},{"type":"Feature","properties":{"type":"water","name":"Drinking water"},"geometry":{"type":"Point","coordinates":[-0.124447,51.285102]}},{"type":"Feature","properties":{"type":"cafe","name":"Fowlds"},"geometry":{"type":"Point","coordinates":[-0.093446,51.480785]}},{"type":"Feature","properties":{"type":"cafe","name":"Love Bella Cafe"},"geometry":{"type":"Point","coordinates":[-0.093283,51.473824]}},{"type":"Feature","properties":{"type":"toilet","name":"Toilets"},"geometry":{"type":"Point","coordinates":[-0.166016,51.428948]}},{"type":"Feature","properties":{"type":"cafe","name":"Brickwood"},"geometry":{"type":"Point","coordinates":[-0.165952,51.42874]}},{"type":"Feature","properties":{"type":"cafe","name":"Ambala Foods"},"geometry":{"type":"Point","coordinates":[-0.164954,51.430784]}},{"type":"Feature","properties":{"type":"toilet","name":"Toilets"},"geometry":{"type":"Point","coordinates":[-0.166393,51.428415]}},{"type":"Feature","properties":{"type":"cafe","name":"Rucama Cafe"},"geometry":{"type":"Point","coordinates":[-0.166463,51.428083]}},{"type":"Feature","properties":{"type":"cafe","name":"Cycle Culture"},"geometry":{"type":"Point","coordinates":[-0.1625,51.434266]}},{"type":"Feature","properties":{"type":"cafe","name":"Molton Toffee"},"geometry":{"type":"Point","coordinates":[-0.160043,51.436006]}},{"type":"Feature","properties":{"type":"cafe","name":"Coffee Max"},"geometry":{"type":"Point","coordinates":[-0.165854,51.430323]}},{"type":"Feature","properties":{"type":"cafe","name":"Lahori Kulfi"},"geometry":{"type":"Point","coordinates":[-0.163267,51.433544]}},{"type":"Feature","properties":{"type":"cafe","name":"Chaiiwala"},"geometry":{"type":"Point","coordinates":[-0.160967,51.435206]}},{"type":"Feature","properties":{"type":"water","name":"Drinking water"},"geometry":{"type":"Point","coordinates":[-0.04363,51.535755]}},{"type":"Feature","properties":{"type":"cafe","name":"Cafe Route Haggerston"},"geometry":{"type":"Point","coordinates":[-0.078343,51.536831]}},{"type":"Feature","properties":{"type":"cafe","name":"Cafe Ole"},"geometry":{"type":"Point","coordinates":[-0.165471,51.425723]}},{"type":"Feature","properties":{"type":"cafe","name":"Juliet’s"},"geometry":{"type":"Point","coordinates":[-0.164789,51.425423]}},{"type":"Feature","properties":{"type":"cafe","name":"21 Sid Tarot & Coffee"},"geometry":{"type":"Point","coordinates":[-0.057343,51.53933]}},{"type":"Feature","properties":{"type":"cafe","name":"Finch Cafe"},"geometry":{"type":"Point","coordinates":[-0.057559,51.539679]}},{"type":"Feature","properties":{"type":"cafe","name":"Café"},"geometry":{"type":"Point","coordinates":[-0.302247,51.414924]}},{"type":"Feature","properties":{"type":"water","name":"Drinking water"},"geometry":{"type":"Point","coordinates":[-0.301744,51.412744]}},{"type":"Feature","properties":{"type":"cafe","name":"Hopper Coffee"},"geometry":{"type":"Point","coordinates":[-0.140466,51.550723]}},{"type":"Feature","properties":{"type":"cafe","name":"Dandie dog cafe"},"geometry":{"type":"Point","coordinates":[-0.178361,51.558836]}},{"type":"Feature","properties":{"type":"cafe","name":"Diner’s Delight"},"geometry":{"type":"Point","coordinates":[-0.161237,51.420193]}},{"type":"Feature","properties":{"type":"cafe","name":"Cafe de la Poste"},"geometry":{"type":"Point","coordinates":[-0.375038,51.27962]}},{"type":"Feature","properties":{"type":"cafe","name":"Bubbles & Shakes"},"geometry":{"type":"Point","coordinates":[-0.160768,51.435016]}},{"type":"Feature","properties":{"type":"cafe","name":"Joy Cafe"},"geometry":{"type":"Point","coordinates":[-0.160012,51.435374]}},{"type":"Feature","properties":{"type":"cafe","name":"Joice"},"geometry":{"type":"Point","coordinates":[-0.15681,51.437431]}},{"type":"Feature","properties":{"type":"cafe","name":"Arise Coffee Roasters"},"geometry":{"type":"Point","coordinates":[-0.210551,51.459547]}},{"type":"Feature","properties":{"type":"cafe","name":"Dear Diana"},"geometry":{"type":"Point","coordinates":[-0.089651,51.57164]}},{"type":"Feature","properties":{"type":"cafe","name":"Notes"},"geometry":{"type":"Point","coordinates":[-0.087404,51.515079]}},{"type":"Feature","properties":{"type":"cafe","name":"Persia Iranian Cuisine"},"geometry":{"type":"Point","coordinates":[-0.194753,51.571519]}},{"type":"Feature","properties":{"type":"cafe","name":"Darling's at Town Hall"},"geometry":{"type":"Point","coordinates":[-0.012777,51.590829]}},{"type":"Feature","properties":{"type":"cafe","name":"Black Cowboy Coffee"},"geometry":{"type":"Point","coordinates":[-0.101476,51.495432]}},{"type":"Feature","properties":{"type":"cafe","name":"NoNo"},"geometry":{"type":"Point","coordinates":[-0.060272,51.499016]}},{"type":"Feature","properties":{"type":"cafe","name":"Bar Linda"},"geometry":{"type":"Point","coordinates":[-0.195037,51.572052]}},{"type":"Feature","properties":{"type":"toilet","name":"Toilets"},"geometry":{"type":"Point","coordinates":[-0.021539,51.54474]}},{"type":"Feature","properties":{"type":"cafe","name":"Café"},"geometry":{"type":"Point","coordinates":[-0.102485,51.492457]}},{"type":"Feature","properties":{"type":"cafe","name":"Sidecar Cafe"},"geometry":{"type":"Point","coordinates":[-0.09908,51.492112]}},{"type":"Feature","properties":{"type":"cafe","name":"Megan's"},"geometry":{"type":"Point","coordinates":[-0.306275,51.458959]}},{"type":"Feature","properties":{"type":"cafe","name":"Colicci Coffee"},"geometry":{"type":"Point","coordinates":[-0.286669,51.420437]}},{"type":"Feature","properties":{"type":"cafe","name":"Malavenda Cafè"},"geometry":{"type":"Point","coordinates":[-0.057815,51.539447]}},{"type":"Feature","properties":{"type":"cafe","name":"Caffee Manal"},"geometry":{"type":"Point","coordinates":[-0.168615,51.428167]}},{"type":"Feature","properties":{"type":"cafe","name":"Ligaya"},"geometry":{"type":"Point","coordinates":[-0.168523,51.428129]}},{"type":"Feature","properties":{"type":"cafe","name":"menta"},"geometry":{"type":"Point","coordinates":[-0.365954,51.369506]}},{"type":"Feature","properties":{"type":"cafe","name":"Caffè Nero"},"geometry":{"type":"Point","coordinates":[-0.364999,51.370099]}},{"type":"Feature","properties":{"type":"cafe","name":"Soul"},"geometry":{"type":"Point","coordinates":[-0.336985,51.445183]}},{"type":"Feature","properties":{"type":"cafe","name":"Buongiorno"},"geometry":{"type":"Point","coordinates":[-0.336793,51.445197]}},{"type":"Feature","properties":{"type":"cafe","name":"WatchHouse"},"geometry":{"type":"Point","coordinates":[-0.080418,51.515231]}},{"type":"Feature","properties":{"type":"water","name":"Drinking water"},"geometry":{"type":"Point","coordinates":[-0.104605,51.5483]}},{"type":"Feature","properties":{"type":"water","name":"Drinking water"},"geometry":{"type":"Point","coordinates":[-0.103655,51.546283]}},{"type":"Feature","properties":{"type":"cafe","name":"Sabretooth"},"geometry":{"type":"Point","coordinates":[-0.080981,51.534715]}},{"type":"Feature","properties":{"type":"cafe","name":"WatchHouse"},"geometry":{"type":"Point","coordinates":[-0.116779,51.511447]}},{"type":"Feature","properties":{"type":"water","name":"Drinking water"},"geometry":{"type":"Point","coordinates":[-0.059109,51.541143]}},{"type":"Feature","properties":{"type":"water","name":"Drinking water"},"geometry":{"type":"Point","coordinates":[-0.14055,51.550674]}},{"type":"Feature","properties":{"type":"cafe","name":"East & Tea.Co"},"geometry":{"type":"Point","coordinates":[-0.16875,51.427129]}},{"type":"Feature","properties":{"type":"cafe","name":"On the go"},"geometry":{"type":"Point","coordinates":[-0.15738,51.522659]}},{"type":"Feature","properties":{"type":"cafe","name":"An Nur Cafe"},"geometry":{"type":"Point","coordinates":[-0.085843,51.575078]}},{"type":"Feature","properties":{"type":"cafe","name":"Burnt Umber"},"geometry":{"type":"Point","coordinates":[-0.025308,51.542679]}},{"type":"Feature","properties":{"type":"cafe","name":"Putney Tea Room"},"geometry":{"type":"Point","coordinates":[-0.217995,51.461158]}},{"type":"Feature","properties":{"type":"water","name":"Drinking water"},"geometry":{"type":"Point","coordinates":[-0.075177,51.53851]}},{"type":"Feature","properties":{"type":"cafe","name":"Bartons"},"geometry":{"type":"Point","coordinates":[-0.07251,51.500249]}},{"type":"Feature","properties":{"type":"cafe","name":"Coppernose Cafe"},"geometry":{"type":"Point","coordinates":[-0.342049,51.404798]}},{"type":"Feature","properties":{"type":"cafe","name":"Mocka"},"geometry":{"type":"Point","coordinates":[-0.344176,51.402595]}},{"type":"Feature","properties":{"type":"cafe","name":"Petite M"},"geometry":{"type":"Point","coordinates":[-0.025136,51.504022]}},{"type":"Feature","properties":{"type":"cafe","name":"GAIL's"},"geometry":{"type":"Point","coordinates":[-0.124686,51.53744]}},{"type":"Feature","properties":{"type":"cafe","name":"Hermanos Colombian Coffee Roasters"},"geometry":{"type":"Point","coordinates":[-0.097017,51.487773]}},{"type":"Feature","properties":{"type":"cafe","name":"Bread By Bike Cafe"},"geometry":{"type":"Point","coordinates":[-0.130046,51.549712]}},{"type":"Feature","properties":{"type":"cafe","name":"Sunshine Cafe"},"geometry":{"type":"Point","coordinates":[-0.129643,51.549329]}},{"type":"Feature","properties":{"type":"cafe","name":"Coffee Way Bistro"},"geometry":{"type":"Point","coordinates":[-0.128952,51.548647]}},{"type":"Feature","properties":{"type":"cafe","name":"Cheeky Chops Play Cafe"},"geometry":{"type":"Point","coordinates":[-0.326534,51.447838]}},{"type":"Feature","properties":{"type":"cafe","name":"Groundup Society"},"geometry":{"type":"Point","coordinates":[-0.127988,51.548482]}},{"type":"Feature","properties":{"type":"cafe","name":"J'amocha"},"geometry":{"type":"Point","coordinates":[-0.061608,51.498237]}},{"type":"Feature","properties":{"type":"cafe","name":"Saint Espresso"},"geometry":{"type":"Point","coordinates":[-0.157901,51.523288]}},{"type":"Feature","properties":{"type":"toilet","name":"Toilets"},"geometry":{"type":"Point","coordinates":[-0.194177,51.572082]}},{"type":"Feature","properties":{"type":"toilet","name":"Toilets"},"geometry":{"type":"Point","coordinates":[-0.194157,51.572076]}},{"type":"Feature","properties":{"type":"cafe","name":"Cafe Gospoda"},"geometry":{"type":"Point","coordinates":[-0.147286,51.599229]}},{"type":"Feature","properties":{"type":"cafe","name":"Exotic Cafe Bar"},"geometry":{"type":"Point","coordinates":[-0.147611,51.599695]}},{"type":"Feature","properties":{"type":"cafe","name":"North & Ten"},"geometry":{"type":"Point","coordinates":[-0.14575,51.589582]}},{"type":"Feature","properties":{"type":"cafe","name":"Lara's"},"geometry":{"type":"Point","coordinates":[-0.103674,51.564107]}},{"type":"Feature","properties":{"type":"cafe","name":"CoffeeLovers"},"geometry":{"type":"Point","coordinates":[-0.060729,51.549052]}},{"type":"Feature","properties":{"type":"cafe","name":"Coffee Trailer"},"geometry":{"type":"Point","coordinates":[-0.060959,51.417624]}},{"type":"Feature","properties":{"type":"cafe","name":"Kiss the Hippo"},"geometry":{"type":"Point","coordinates":[-0.302166,51.461176]}},{"type":"Feature","properties":{"type":"cafe","name":"Costa"},"geometry":{"type":"Point","coordinates":[-0.181847,51.484599]}},{"type":"Feature","properties":{"type":"toilet","name":"Toilets"},"geometry":{"type":"Point","coordinates":[-0.024504,51.569437]}},{"type":"Feature","properties":{"type":"toilet","name":"Toilets"},"geometry":{"type":"Point","coordinates":[-0.07445,51.548493]}},{"type":"Feature","properties":{"type":"cafe","name":"Costa"},"geometry":{"type":"Point","coordinates":[-0.108191,51.59375]}},{"type":"Feature","properties":{"type":"water","name":"Drinking water"},"geometry":{"type":"Point","coordinates":[-0.083312,51.529924]}},{"type":"Feature","properties":{"type":"cafe","name":"The Old Clunker Cafe"},"geometry":{"type":"Point","coordinates":[-0.337295,51.23422]}},{"type":"Feature","properties":{"type":"cafe","name":"Potter & Reid"},"geometry":{"type":"Point","coordinates":[-0.074562,51.517615]}},{"type":"Feature","properties":{"type":"water","name":"Drinking water"},"geometry":{"type":"Point","coordinates":[-0.009919,51.541555]}},{"type":"Feature","properties":{"type":"cafe","name":"Old Spike"},"geometry":{"type":"Point","coordinates":[-0.135993,51.510985]}},{"type":"Feature","properties":{"type":"cafe","name":"Dance Attic Cafe"},"geometry":{"type":"Point","coordinates":[-0.199496,51.481147]}},{"type":"Feature","properties":{"type":"cafe","name":"The Vintage Scoop"},"geometry":{"type":"Point","coordinates":[-0.19932,51.48096]}},{"type":"Feature","properties":{"type":"cafe","name":"Margins Cafe"},"geometry":{"type":"Point","coordinates":[-0.102216,51.544844]}},{"type":"Feature","properties":{"type":"cafe","name":"Lady Dinah's Cat Emporium"},"geometry":{"type":"Point","coordinates":[-0.008658,51.481713]}},{"type":"Feature","properties":{"type":"cafe","name":"Sun Deck Cafe"},"geometry":{"type":"Point","coordinates":[-0.357994,51.418451]}},{"type":"Feature","properties":{"type":"water","name":"Drinking water"},"geometry":{"type":"Point","coordinates":[-0.283337,51.381346]}},{"type":"Feature","properties":{"type":"water","name":"Drinking water"},"geometry":{"type":"Point","coordinates":[-0.075852,51.531038]}},{"type":"Feature","properties":{"type":"cafe","name":"The Black Pig"},"geometry":{"type":"Point","coordinates":[-0.090894,51.505968]}},{"type":"Feature","properties":{"type":"cafe","name":"Franzè & Evans Café"},"geometry":{"type":"Point","coordinates":[-0.055431,51.541157]}},{"type":"Feature","properties":{"type":"water","name":"Drinking water"},"geometry":{"type":"Point","coordinates":[-0.089532,51.50535]}},{"type":"Feature","properties":{"type":"cafe","name":"Caffè Nero"},"geometry":{"type":"Point","coordinates":[-0.174438,51.55543]}},{"type":"Feature","properties":{"type":"cafe","name":"The Yard Cafe"},"geometry":{"type":"Point","coordinates":[-0.119892,51.598124]}},{"type":"Feature","properties":{"type":"cafe","name":"The Yard"},"geometry":{"type":"Point","coordinates":[-0.119995,51.597908]}},{"type":"Feature","properties":{"type":"cafe","name":"Black Sheep Coffee"},"geometry":{"type":"Point","coordinates":[-0.083893,51.510762]}},{"type":"Feature","properties":{"type":"cafe","name":"Tokkia"},"geometry":{"type":"Point","coordinates":[-0.126696,51.514932]}},{"type":"Feature","properties":{"type":"cafe","name":"Layla's"},"geometry":{"type":"Point","coordinates":[-0.399153,51.269637]}},{"type":"Feature","properties":{"type":"water","name":"Drinking water"},"geometry":{"type":"Point","coordinates":[-0.056301,51.546744]}},{"type":"Feature","properties":{"type":"water","name":"Drinking water"},"geometry":{"type":"Point","coordinates":[-0.119333,51.518886]}},{"type":"Feature","properties":{"type":"cafe","name":"Coffee Zee"},"geometry":{"type":"Point","coordinates":[-0.113382,51.553851]}},{"type":"Feature","properties":{"type":"cafe","name":"CuppaPug"},"geometry":{"type":"Point","coordinates":[-0.075964,51.539022]}},{"type":"Feature","properties":{"type":"water","name":"Drinking water"},"geometry":{"type":"Point","coordinates":[-0.25541,51.452865]}},{"type":"Feature","properties":{"type":"water","name":"Drinking water"},"geometry":{"type":"Point","coordinates":[-0.255363,51.452724]}},{"type":"Feature","properties":{"type":"cafe","name":"Costa"},"geometry":{"type":"Point","coordinates":[-0.208953,51.472388]}},{"type":"Feature","properties":{"type":"cafe","name":"Amor's Cafe"},"geometry":{"type":"Point","coordinates":[-0.199062,51.479716]}},{"type":"Feature","properties":{"type":"cafe","name":"Sendero Specialty Coffee"},"geometry":{"type":"Point","coordinates":[-0.147991,51.4762]}},{"type":"Feature","properties":{"type":"cafe","name":"Joe & The Juice"},"geometry":{"type":"Point","coordinates":[-0.08206,51.51725]}},{"type":"Feature","properties":{"type":"water","name":"Drinking water"},"geometry":{"type":"Point","coordinates":[-0.105812,51.51974]}},{"type":"Feature","properties":{"type":"cafe","name":"Studio17"},"geometry":{"type":"Point","coordinates":[-0.309629,51.455721]}},{"type":"Feature","properties":{"type":"cafe","name":"Nkora Coffee - Cambridge Heath"},"geometry":{"type":"Point","coordinates":[-0.056915,51.532658]}},{"type":"Feature","properties":{"type":"cafe","name":"Shotsmiths"},"geometry":{"type":"Point","coordinates":[-0.039835,51.40864]}},{"type":"Feature","properties":{"type":"cafe","name":"Nkora"},"geometry":{"type":"Point","coordinates":[-0.076929,51.52759]}},{"type":"Feature","properties":{"type":"water","name":"Drinking water"},"geometry":{"type":"Point","coordinates":[-0.074827,51.519896]}},{"type":"Feature","properties":{"type":"cafe","name":"Feel Good Café"},"geometry":{"type":"Point","coordinates":[-0.01437,51.376519]}},{"type":"Feature","properties":{"type":"cafe","name":"Ollie Polly Play Cafe"},"geometry":{"type":"Point","coordinates":[-0.015834,51.375824]}},{"type":"Feature","properties":{"type":"cafe","name":"Costa"},"geometry":{"type":"Point","coordinates":[-0.016326,51.376108]}},{"type":"Feature","properties":{"type":"cafe","name":"Cafe Talis"},"geometry":{"type":"Point","coordinates":[-0.015694,51.375988]}},{"type":"Feature","properties":{"type":"cafe","name":"Roni's Bagel Bakery"},"geometry":{"type":"Point","coordinates":[-0.150637,51.561673]}},{"type":"Feature","properties":{"type":"cafe","name":"Rosslyn"},"geometry":{"type":"Point","coordinates":[-0.088974,51.517687]}},{"type":"Feature","properties":{"type":"water","name":"Drinking water"},"geometry":{"type":"Point","coordinates":[-0.105379,51.522885]}},{"type":"Feature","properties":{"type":"cafe","name":"Chaiiwala"},"geometry":{"type":"Point","coordinates":[-0.121653,51.519646]}},{"type":"Feature","properties":{"type":"water","name":"Drinking water"},"geometry":{"type":"Point","coordinates":[-0.081411,51.519938]}},{"type":"Feature","properties":{"type":"cafe","name":"Store Street Espresso"},"geometry":{"type":"Point","coordinates":[-0.079325,51.518535]}},{"type":"Feature","properties":{"type":"cafe","name":"Photobook cafe"},"geometry":{"type":"Point","coordinates":[-0.083817,51.524563]}},{"type":"Feature","properties":{"type":"cafe","name":"Old Spike"},"geometry":{"type":"Point","coordinates":[-0.079124,51.523477]}},{"type":"Feature","properties":{"type":"toilet","name":"Toilets"},"geometry":{"type":"Point","coordinates":[-0.127125,51.515863]}},{"type":"Feature","properties":{"type":"cafe","name":"Cafe W"},"geometry":{"type":"Point","coordinates":[-0.010277,51.481791]}},{"type":"Feature","properties":{"type":"water","name":"Drinking water"},"geometry":{"type":"Point","coordinates":[-0.202685,51.470285]}},{"type":"Feature","properties":{"type":"cafe","name":"Hana"},"geometry":{"type":"Point","coordinates":[-0.096935,51.49308]}},{"type":"Feature","properties":{"type":"cafe","name":"Hermanos Colombian Coffee Roasters"},"geometry":{"type":"Point","coordinates":[-0.069653,51.529105]}},{"type":"Feature","properties":{"type":"cafe","name":"Chelsea Café"},"geometry":{"type":"Point","coordinates":[-0.129329,51.490335]}},{"type":"Feature","properties":{"type":"cafe","name":"Black Sheep Coffee"},"geometry":{"type":"Point","coordinates":[-0.079864,51.518594]}},{"type":"Feature","properties":{"type":"cafe","name":"Galley Cafe"},"geometry":{"type":"Point","coordinates":[-0.007281,51.481968]}},{"type":"Feature","properties":{"type":"water","name":"Drinking water"},"geometry":{"type":"Point","coordinates":[-0.306024,51.458413]}},{"type":"Feature","properties":{"type":"cafe","name":"Mento"},"geometry":{"type":"Point","coordinates":[-0.105318,51.564842]}},{"type":"Feature","properties":{"type":"cafe","name":"Costa"},"geometry":{"type":"Point","coordinates":[-0.159778,51.522652]}},{"type":"Feature","properties":{"type":"cafe","name":"Mare Street Market Deli"},"geometry":{"type":"Point","coordinates":[-0.057258,51.537729]}},{"type":"Feature","properties":{"type":"water","name":"Drinking water"},"geometry":{"type":"Point","coordinates":[-0.192613,51.455456]}},{"type":"Feature","properties":{"type":"cafe","name":"Fortunella Cafe"},"geometry":{"type":"Point","coordinates":[-0.305808,51.409368]}},{"type":"Feature","properties":{"type":"cafe","name":"Batch Baby"},"geometry":{"type":"Point","coordinates":[-0.08141,51.539059]}},{"type":"Feature","properties":{"type":"cafe","name":"Tea n Talk"},"geometry":{"type":"Point","coordinates":[-0.164064,51.522138]}},{"type":"Feature","properties":{"type":"water","name":"Drinking water"},"geometry":{"type":"Point","coordinates":[-0.112748,51.481682]}},{"type":"Feature","properties":{"type":"cafe","name":"Pool Street Café"},"geometry":{"type":"Point","coordinates":[-0.009734,51.538579]}},{"type":"Feature","properties":{"type":"cafe","name":"Greenwich Morning"},"geometry":{"type":"Point","coordinates":[-0.009912,51.481034]}},{"type":"Feature","properties":{"type":"cafe","name":"Banh Mi Yum"},"geometry":{"type":"Point","coordinates":[-0.009971,51.48109]}},{"type":"Feature","properties":{"type":"cafe","name":"Hefaure"},"geometry":{"type":"Point","coordinates":[-0.010037,51.481158]}},{"type":"Feature","properties":{"type":"cafe","name":"Monsoon Cafe"},"geometry":{"type":"Point","coordinates":[-0.009184,51.481187]}},{"type":"Feature","properties":{"type":"cafe","name":"Peyton and Byrne"},"geometry":{"type":"Point","coordinates":[-0.00963,51.481157]}},{"type":"Feature","properties":{"type":"cafe","name":"T4 Tea For U"},"geometry":{"type":"Point","coordinates":[-0.009694,51.481207]}},{"type":"Feature","properties":{"type":"cafe","name":"15grams"},"geometry":{"type":"Point","coordinates":[-0.009764,51.481276]}},{"type":"Feature","properties":{"type":"cafe","name":"Cutty Sark Cafe Restaurant & bar"},"geometry":{"type":"Point","coordinates":[-0.009865,51.481424]}},{"type":"Feature","properties":{"type":"cafe","name":"Starbucks"},"geometry":{"type":"Point","coordinates":[-0.009856,51.482149]}},{"type":"Feature","properties":{"type":"cafe","name":"Joe & The Juice"},"geometry":{"type":"Point","coordinates":[-0.010281,51.481724]}},{"type":"Feature","properties":{"type":"cafe","name":"The Whale Tea & Bakery"},"geometry":{"type":"Point","coordinates":[-0.010275,51.481678]}},{"type":"Feature","properties":{"type":"cafe","name":"Heap's Sausages"},"geometry":{"type":"Point","coordinates":[-0.007843,51.479614]}},{"type":"Feature","properties":{"type":"cafe","name":"Drury 188-189"},"geometry":{"type":"Point","coordinates":[-0.074249,51.556012]}},{"type":"Feature","properties":{"type":"cafe","name":"Paradox Coffee"},"geometry":{"type":"Point","coordinates":[-0.058754,51.537587]}},{"type":"Feature","properties":{"type":"water","name":"Drinking water"},"geometry":{"type":"Point","coordinates":[-0.193685,51.487713]}},{"type":"Feature","properties":{"type":"cafe","name":"Buzz Coffee"},"geometry":{"type":"Point","coordinates":[-0.103499,51.511401]}},{"type":"Feature","properties":{"type":"cafe","name":"Lola's"},"geometry":{"type":"Point","coordinates":[-0.174074,51.49432]}},{"type":"Feature","properties":{"type":"cafe","name":"The Bell"},"geometry":{"type":"Point","coordinates":[-0.013711,51.480438]}},{"type":"Feature","properties":{"type":"cafe","name":"Green & Fortune Cafe"},"geometry":{"type":"Point","coordinates":[-0.121846,51.535002]}},{"type":"Feature","properties":{"type":"cafe","name":"Grind"},"geometry":{"type":"Point","coordinates":[-0.075496,51.519261]}},{"type":"Feature","properties":{"type":"cafe","name":"The Terrace"},"geometry":{"type":"Point","coordinates":[-0.305786,51.409295]}},{"type":"Feature","properties":{"type":"cafe","name":"Bridget's Cafe"},"geometry":{"type":"Point","coordinates":[-0.00949,51.54967]}},{"type":"Feature","properties":{"type":"cafe","name":"Kūbō Garden"},"geometry":{"type":"Point","coordinates":[-0.020267,51.545044]}},{"type":"Feature","properties":{"type":"cafe","name":"RSH Cafe"},"geometry":{"type":"Point","coordinates":[-0.160481,51.525016]}},{"type":"Feature","properties":{"type":"cafe","name":"zero to one"},"geometry":{"type":"Point","coordinates":[-0.078028,51.51813]}},{"type":"Feature","properties":{"type":"cafe","name":"Beans & Beyond"},"geometry":{"type":"Point","coordinates":[-0.028211,51.512132]}},{"type":"Feature","properties":{"type":"cafe","name":"Climpson & Sons Coffee Bar"},"geometry":{"type":"Point","coordinates":[-0.074933,51.519763]}},{"type":"Feature","properties":{"type":"toilet","name":"Toilets"},"geometry":{"type":"Point","coordinates":[-0.1287,51.508777]}},{"type":"Feature","properties":{"type":"cafe","name":"Soho"},"geometry":{"type":"Point","coordinates":[-0.081912,51.517664]}},{"type":"Feature","properties":{"type":"cafe","name":"Costa"},"geometry":{"type":"Point","coordinates":[-0.093333,51.468608]}},{"type":"Feature","properties":{"type":"cafe","name":"Costa"},"geometry":{"type":"Point","coordinates":[-0.093732,51.467998]}},{"type":"Feature","properties":{"type":"toilet","name":"Toilets"},"geometry":{"type":"Point","coordinates":[-0.093871,51.468228]}},{"type":"Feature","properties":{"type":"water","name":"Drinking water"},"geometry":{"type":"Point","coordinates":[-0.13476,51.565447]}},{"type":"Feature","properties":{"type":"cafe","name":"Curved Angel Cafe"},"geometry":{"type":"Point","coordinates":[-0.10542,51.523341]}},{"type":"Feature","properties":{"type":"cafe","name":"Keystone Coffee"},"geometry":{"type":"Point","coordinates":[-0.120728,51.53168]}},{"type":"Feature","properties":{"type":"toilet","name":"Toilets"},"geometry":{"type":"Point","coordinates":[-0.059953,51.569082]}},{"type":"Feature","properties":{"type":"water","name":"Drinking water"},"geometry":{"type":"Point","coordinates":[-0.055056,51.547578]}},{"type":"Feature","properties":{"type":"cafe","name":"Bromley Hill Cafe"},"geometry":{"type":"Point","coordinates":[-0.001849,51.421208]}},{"type":"Feature","properties":{"type":"toilet","name":"Toilets"},"geometry":{"type":"Point","coordinates":[-0.157708,51.535909]}},{"type":"Feature","properties":{"type":"water","name":"Drinking water"},"geometry":{"type":"Point","coordinates":[-0.040563,51.586943]}},{"type":"Feature","properties":{"type":"cafe","name":"Dark Arts Coffee"},"geometry":{"type":"Point","coordinates":[-0.077815,51.52386]}},{"type":"Feature","properties":{"type":"cafe","name":"Jewel Tower Cafe"},"geometry":{"type":"Point","coordinates":[-0.126396,51.498463]}},{"type":"Feature","properties":{"type":"cafe","name":"Bobo & Wild"},"geometry":{"type":"Point","coordinates":[-0.13857,51.461079]}},{"type":"Feature","properties":{"type":"cafe","name":"The River Thames Visitor Centre & Cafe"},"geometry":{"type":"Point","coordinates":[-0.305786,51.456968]}},{"type":"Feature","properties":{"type":"cafe","name":"West Ham United Coffee Co."},"geometry":{"type":"Point","coordinates":[-0.015093,51.537406]}},{"type":"Feature","properties":{"type":"water","name":"Drinking water"},"geometry":{"type":"Point","coordinates":[-0.085766,51.533565]}},{"type":"Feature","properties":{"type":"cafe","name":"Charlie's"},"geometry":{"type":"Point","coordinates":[-0.109114,51.594747]}},{"type":"Feature","properties":{"type":"water","name":"Drinking water"},"geometry":{"type":"Point","coordinates":[-0.134538,51.298486]}},{"type":"Feature","properties":{"type":"water","name":"Drinking water"},"geometry":{"type":"Point","coordinates":[-0.085439,51.510061]}},{"type":"Feature","properties":{"type":"water","name":"Drinking water"},"geometry":{"type":"Point","coordinates":[-0.042892,51.533465]}},{"type":"Feature","properties":{"type":"cafe","name":"Oriund Coffee Bar"},"geometry":{"type":"Point","coordinates":[-0.328571,51.233435]}},{"type":"Feature","properties":{"type":"cafe","name":"Old Kings Head Court"},"geometry":{"type":"Point","coordinates":[-0.332975,51.231828]}},{"type":"Feature","properties":{"type":"toilet","name":"Toilets"},"geometry":{"type":"Point","coordinates":[-0.148616,51.534977]}},{"type":"Feature","properties":{"type":"cafe","name":"Common"},"geometry":{"type":"Point","coordinates":[-0.139629,51.461859]}},{"type":"Feature","properties":{"type":"cafe","name":"Café"},"geometry":{"type":"Point","coordinates":[-0.036648,51.558107]}},{"type":"Feature","properties":{"type":"cafe","name":"Crepe Delicious"},"geometry":{"type":"Point","coordinates":[-0.11024,51.521464]}},{"type":"Feature","properties":{"type":"cafe","name":"Old Spike"},"geometry":{"type":"Point","coordinates":[-0.099819,51.496879]}},{"type":"Feature","properties":{"type":"cafe","name":"Koala & Bean Caffé"},"geometry":{"type":"Point","coordinates":[-0.075767,51.540394]}},{"type":"Feature","properties":{"type":"cafe","name":"Corretto By The Canal"},"geometry":{"type":"Point","coordinates":[-0.143029,51.541958]}},{"type":"Feature","properties":{"type":"cafe","name":"Café"},"geometry":{"type":"Point","coordinates":[-0.142824,51.542046]}},{"type":"Feature","properties":{"type":"cafe","name":"Vaffan Coffee"},"geometry":{"type":"Point","coordinates":[-0.023958,51.544205]}},{"type":"Feature","properties":{"type":"cafe","name":"Starbucks"},"geometry":{"type":"Point","coordinates":[-0.087758,51.51872]}},{"type":"Feature","properties":{"type":"cafe","name":"Liloo"},"geometry":{"type":"Point","coordinates":[-0.114395,51.480744]}},{"type":"Feature","properties":{"type":"cafe","name":"Blues & Royals"},"geometry":{"type":"Point","coordinates":[-0.122583,51.507304]}},{"type":"Feature","properties":{"type":"cafe","name":"The Green Hut"},"geometry":{"type":"Point","coordinates":[-0.123,51.506764]}},{"type":"Feature","properties":{"type":"cafe","name":"Cafe Treat & Bistro"},"geometry":{"type":"Point","coordinates":[-0.003927,51.424841]}},{"type":"Feature","properties":{"type":"cafe","name":"Caffe Cinos"},"geometry":{"type":"Point","coordinates":[-0.005099,51.425114]}},{"type":"Feature","properties":{"type":"cafe","name":"Mega Breakfast"},"geometry":{"type":"Point","coordinates":[-0.00478,51.425119]}},{"type":"Feature","properties":{"type":"cafe","name":"George's Cafe"},"geometry":{"type":"Point","coordinates":[-0.003153,51.42371]}},{"type":"Feature","properties":{"type":"cafe","name":"Alchemy Coffee"},"geometry":{"type":"Point","coordinates":[-0.084145,51.523682]}},{"type":"Feature","properties":{"type":"toilet","name":"Toilets"},"geometry":{"type":"Point","coordinates":[-0.023762,51.507566]}},{"type":"Feature","properties":{"type":"toilet","name":"Toilets"},"geometry":{"type":"Point","coordinates":[-0.173649,51.502513]}},{"type":"Feature","properties":{"type":"toilet","name":"Toilets"},"geometry":{"type":"Point","coordinates":[-0.060697,51.417609]}},{"type":"Feature","properties":{"type":"cafe","name":"My Chaii LDN"},"geometry":{"type":"Point","coordinates":[-0.106589,51.49009]}},{"type":"Feature","properties":{"type":"cafe","name":"Kapucin"},"geometry":{"type":"Point","coordinates":[-0.304894,51.457913]}},{"type":"Feature","properties":{"type":"cafe","name":"Hide Away Coffee House"},"geometry":{"type":"Point","coordinates":[-0.13524,51.511348]}},{"type":"Feature","properties":{"type":"cafe","name":"Moko Made"},"geometry":{"type":"Point","coordinates":[-0.077255,51.533719]}},{"type":"Feature","properties":{"type":"cafe","name":"Nostos Coffee"},"geometry":{"type":"Point","coordinates":[-0.147039,51.476999]}},{"type":"Feature","properties":{"type":"cafe","name":"Aroma de Cafe"},"geometry":{"type":"Point","coordinates":[-0.100548,51.492473]}},{"type":"Feature","properties":{"type":"cafe","name":"Golden Tea"},"geometry":{"type":"Point","coordinates":[-0.100635,51.492611]}},{"type":"Feature","properties":{"type":"cafe","name":"Café"},"geometry":{"type":"Point","coordinates":[-0.099256,51.492564]}},{"type":"Feature","properties":{"type":"cafe","name":"Java Whiskers Cat Café Marylebone"},"geometry":{"type":"Point","coordinates":[-0.14264,51.51955]}},{"type":"Feature","properties":{"type":"cafe","name":"Bonga Coffee"},"geometry":{"type":"Point","coordinates":[-0.122778,51.566591]}},{"type":"Feature","properties":{"type":"cafe","name":"Dauns Cafe"},"geometry":{"type":"Point","coordinates":[-0.073851,51.516979]}},{"type":"Feature","properties":{"type":"toilet","name":"Toilets"},"geometry":{"type":"Point","coordinates":[-0.098715,51.49858]}},{"type":"Feature","properties":{"type":"toilet","name":"Toilets"},"geometry":{"type":"Point","coordinates":[-0.098081,51.493601]}},{"type":"Feature","properties":{"type":"cafe","name":"Hackbridge Cafe"},"geometry":{"type":"Point","coordinates":[-0.155177,51.379056]}},{"type":"Feature","properties":{"type":"cafe","name":"Change Please"},"geometry":{"type":"Point","coordinates":[-0.098103,51.492525]}},{"type":"Feature","properties":{"type":"cafe","name":"Cutty Sark Café"},"geometry":{"type":"Point","coordinates":[-0.00948,51.48254]}},{"type":"Feature","properties":{"type":"toilet","name":"Toilets"},"geometry":{"type":"Point","coordinates":[-0.009288,51.48271]}},{"type":"Feature","properties":{"type":"cafe","name":"Hally's"},"geometry":{"type":"Point","coordinates":[-0.201352,51.472569]}},{"type":"Feature","properties":{"type":"cafe","name":"The Hoarder coffee"},"geometry":{"type":"Point","coordinates":[-0.197429,51.486893]}},{"type":"Feature","properties":{"type":"cafe","name":"Caffè Nero"},"geometry":{"type":"Point","coordinates":[-0.303485,51.411557]}},{"type":"Feature","properties":{"type":"cafe","name":"Bread & Oregano"},"geometry":{"type":"Point","coordinates":[-0.040995,51.548823]}},{"type":"Feature","properties":{"type":"cafe","name":"hōm"},"geometry":{"type":"Point","coordinates":[-0.074628,51.54523]}},{"type":"Feature","properties":{"type":"cafe","name":"Djanogly Café"},"geometry":{"type":"Point","coordinates":[-0.126963,51.49117]}},{"type":"Feature","properties":{"type":"toilet","name":"Toilets"},"geometry":{"type":"Point","coordinates":[-0.127625,51.491016]}},{"type":"Feature","properties":{"type":"cafe","name":"Kings"},"geometry":{"type":"Point","coordinates":[-0.11369,51.526721]}},{"type":"Feature","properties":{"type":"toilet","name":"Toilets"},"geometry":{"type":"Point","coordinates":[-0.126302,51.513962]}},{"type":"Feature","properties":{"type":"cafe","name":"Mel's Cafe"},"geometry":{"type":"Point","coordinates":[-0.076674,51.533033]}},{"type":"Feature","properties":{"type":"cafe","name":"Starbucks"},"geometry":{"type":"Point","coordinates":[-0.075434,51.546561]}},{"type":"Feature","properties":{"type":"cafe","name":"Coffee & Cates"},"geometry":{"type":"Point","coordinates":[-0.07685,51.532763]}},{"type":"Feature","properties":{"type":"cafe","name":"Starbucks"},"geometry":{"type":"Point","coordinates":[-0.085629,51.510631]}},{"type":"Feature","properties":{"type":"cafe","name":"The Café at Foyles"},"geometry":{"type":"Point","coordinates":[-0.130055,51.514284]}},{"type":"Feature","properties":{"type":"cafe","name":"Caravan"},"geometry":{"type":"Point","coordinates":[-0.011586,51.537614]}},{"type":"Feature","properties":{"type":"toilet","name":"Toilets"},"geometry":{"type":"Point","coordinates":[-0.153383,51.536143]}},{"type":"Feature","properties":{"type":"toilet","name":"Toilets"},"geometry":{"type":"Point","coordinates":[-0.156091,51.535265]}},{"type":"Feature","properties":{"type":"toilet","name":"Toilets"},"geometry":{"type":"Point","coordinates":[-0.057158,51.543681]}},{"type":"Feature","properties":{"type":"cafe","name":"Blend"},"geometry":{"type":"Point","coordinates":[-0.082637,51.514271]}},{"type":"Feature","properties":{"type":"cafe","name":"VeloPark Cafe"},"geometry":{"type":"Point","coordinates":[-0.015034,51.549996]}},{"type":"Feature","properties":{"type":"cafe","name":"Memories Coffee House"},"geometry":{"type":"Point","coordinates":[-0.010796,51.375376]}},{"type":"Feature","properties":{"type":"cafe","name":"Carnival Coffee Roasters"},"geometry":{"type":"Point","coordinates":[-0.051672,51.413565]}},{"type":"Feature","properties":{"type":"cafe","name":"Café"},"geometry":{"type":"Point","coordinates":[-0.077416,51.526973]}},{"type":"Feature","properties":{"type":"cafe","name":"Humdingers"},"geometry":{"type":"Point","coordinates":[-0.130525,51.549949]}},{"type":"Feature","properties":{"type":"cafe","name":"Roast Bistro"},"geometry":{"type":"Point","coordinates":[-0.014102,51.375612]}},{"type":"Feature","properties":{"type":"cafe","name":"Ellie's Cafe"},"geometry":{"type":"Point","coordinates":[-0.138688,51.541208]}},{"type":"Feature","properties":{"type":"cafe","name":"Bubb Yogu"},"geometry":{"type":"Point","coordinates":[-0.08696,51.50484]}},{"type":"Feature","properties":{"type":"cafe","name":"Ta' Turu Store"},"geometry":{"type":"Point","coordinates":[-0.164442,51.518976]}},{"type":"Feature","properties":{"type":"cafe","name":"Beans and Bubbles"},"geometry":{"type":"Point","coordinates":[-0.160542,51.436041]}},{"type":"Feature","properties":{"type":"cafe","name":"The Drawing Room"},"geometry":{"type":"Point","coordinates":[-0.126117,51.505166]}},{"type":"Feature","properties":{"type":"cafe","name":"Creamor"},"geometry":{"type":"Point","coordinates":[-0.146331,51.477083]}},{"type":"Feature","properties":{"type":"cafe","name":"Cafe'ine"},"geometry":{"type":"Point","coordinates":[-0.331893,51.307097]}},{"type":"Feature","properties":{"type":"cafe","name":"Athi's Cafe"},"geometry":{"type":"Point","coordinates":[-0.332577,51.309767]}},{"type":"Feature","properties":{"type":"cafe","name":"Romeo & Juliet's"},"geometry":{"type":"Point","coordinates":[-0.180471,51.585816]}},{"type":"Feature","properties":{"type":"cafe","name":"Cherry Blossom Cafe"},"geometry":{"type":"Point","coordinates":[-0.147269,51.5858]}},{"type":"Feature","properties":{"type":"cafe","name":"T4 Tea For U"},"geometry":{"type":"Point","coordinates":[-0.075881,51.545891]}},{"type":"Feature","properties":{"type":"cafe","name":"artfix"},"geometry":{"type":"Point","coordinates":[-0.009564,51.481322]}},{"type":"Feature","properties":{"type":"toilet","name":"Toilets"},"geometry":{"type":"Point","coordinates":[-0.256546,51.436268]}},{"type":"Feature","properties":{"type":"cafe","name":"The Nook"},"geometry":{"type":"Point","coordinates":[-0.166349,51.55513]}},{"type":"Feature","properties":{"type":"toilet","name":"Toilets"},"geometry":{"type":"Point","coordinates":[-0.175852,51.496806]}},{"type":"Feature","properties":{"type":"cafe","name":"Cafe Hope"},"geometry":{"type":"Point","coordinates":[-0.08978,51.467485]}},{"type":"Feature","properties":{"type":"water","name":"Drinking water"},"geometry":{"type":"Point","coordinates":[-0.092502,51.469247]}},{"type":"Feature","properties":{"type":"water","name":"Drinking water"},"geometry":{"type":"Point","coordinates":[-0.067695,51.532893]}},{"type":"Feature","properties":{"type":"cafe","name":"Ginger & Mint"},"geometry":{"type":"Point","coordinates":[-0.0128,51.541026]}},{"type":"Feature","properties":{"type":"cafe","name":"Draughts"},"geometry":{"type":"Point","coordinates":[-0.012448,51.540849]}},{"type":"Feature","properties":{"type":"toilet","name":"Toilets"},"geometry":{"type":"Point","coordinates":[-0.09057,51.511071]}},{"type":"Feature","properties":{"type":"cafe","name":"Crux Coffee"},"geometry":{"type":"Point","coordinates":[-0.047296,51.494627]}},{"type":"Feature","properties":{"type":"cafe","name":"Thrifty Beans"},"geometry":{"type":"Point","coordinates":[-0.130439,51.549838]}},{"type":"Feature","properties":{"type":"toilet","name":"Toilets"},"geometry":{"type":"Point","coordinates":[-0.028715,51.505233]}},{"type":"Feature","properties":{"type":"toilet","name":"Toilets"},"geometry":{"type":"Point","coordinates":[-0.028691,51.505197]}},{"type":"Feature","properties":{"type":"water","name":"Drinking water"},"geometry":{"type":"Point","coordinates":[-0.074645,51.507242]}},{"type":"Feature","properties":{"type":"cafe","name":"50K London"},"geometry":{"type":"Point","coordinates":[-0.163233,51.519206]}},{"type":"Feature","properties":{"type":"toilet","name":"Toilets"},"geometry":{"type":"Point","coordinates":[-0.075943,51.507276]}},{"type":"Feature","properties":{"type":"toilet","name":"Toilets"},"geometry":{"type":"Point","coordinates":[-0.075277,51.507417]}},{"type":"Feature","properties":{"type":"cafe","name":"Archway Natural & Organics"},"geometry":{"type":"Point","coordinates":[-0.134373,51.565771]}},{"type":"Feature","properties":{"type":"cafe","name":"WatchHouse"},"geometry":{"type":"Point","coordinates":[-0.127288,51.512849]}},{"type":"Feature","properties":{"type":"cafe","name":"Cafe Gourmand"},"geometry":{"type":"Point","coordinates":[-0.12294,51.58015]}},{"type":"Feature","properties":{"type":"cafe","name":"Mooboo"},"geometry":{"type":"Point","coordinates":[-0.093974,51.476186]}},{"type":"Feature","properties":{"type":"cafe","name":"Uchi Bake"},"geometry":{"type":"Point","coordinates":[-0.055977,51.553649]}},{"type":"Feature","properties":{"type":"cafe","name":"Dirt Coffee Co"},"geometry":{"type":"Point","coordinates":[-0.116173,51.587649]}},{"type":"Feature","properties":{"type":"cafe","name":"Roasting Plant Coffee"},"geometry":{"type":"Point","coordinates":[-0.085599,51.510861]}},{"type":"Feature","properties":{"type":"toilet","name":"Toilets"},"geometry":{"type":"Point","coordinates":[-0.142903,51.540038]}},{"type":"Feature","properties":{"type":"cafe","name":"Golden Piggies"},"geometry":{"type":"Point","coordinates":[-0.007977,51.479584]}},{"type":"Feature","properties":{"type":"cafe","name":"Megan's"},"geometry":{"type":"Point","coordinates":[-0.085994,51.451409]}},{"type":"Feature","properties":{"type":"water","name":"Drinking water"},"geometry":{"type":"Point","coordinates":[-0.143025,51.459865]}},{"type":"Feature","properties":{"type":"cafe","name":"Starbucks"},"geometry":{"type":"Point","coordinates":[-0.088493,51.505822]}},{"type":"Feature","properties":{"type":"cafe","name":"Bodeguita"},"geometry":{"type":"Point","coordinates":[-0.098081,51.491607]}},{"type":"Feature","properties":{"type":"cafe","name":"The Common"},"geometry":{"type":"Point","coordinates":[-0.136847,51.461339]}},{"type":"Feature","properties":{"type":"cafe","name":"Running Late"},"geometry":{"type":"Point","coordinates":[-0.05546,51.542571]}},{"type":"Feature","properties":{"type":"cafe","name":"Petit Pret"},"geometry":{"type":"Point","coordinates":[-0.174021,51.494239]}},{"type":"Feature","properties":{"type":"toilet","name":"Toilets"},"geometry":{"type":"Point","coordinates":[-0.177584,51.496231]}},{"type":"Feature","properties":{"type":"cafe","name":"Shake Bar"},"geometry":{"type":"Point","coordinates":[-0.17762,51.496189]}},{"type":"Feature","properties":{"type":"cafe","name":"Cafe Di Ross"},"geometry":{"type":"Point","coordinates":[-0.07734,51.528124]}},{"type":"Feature","properties":{"type":"cafe","name":"Sacred Grounds"},"geometry":{"type":"Point","coordinates":[-0.131794,51.512357]}},{"type":"Feature","properties":{"type":"cafe","name":"Costa"},"geometry":{"type":"Point","coordinates":[-0.093804,51.468173]}},{"type":"Feature","properties":{"type":"cafe","name":"Costa"},"geometry":{"type":"Point","coordinates":[-0.092007,51.468171]}},{"type":"Feature","properties":{"type":"water","name":"Drinking water"},"geometry":{"type":"Point","coordinates":[-0.167755,51.42772]}},{"type":"Feature","properties":{"type":"water","name":"Drinking water"},"geometry":{"type":"Point","coordinates":[-0.090033,51.505217]}},{"type":"Feature","properties":{"type":"cafe","name":"Larch"},"geometry":{"type":"Point","coordinates":[-0.083759,51.510943]}},{"type":"Feature","properties":{"type":"cafe","name":"Kippo's"},"geometry":{"type":"Point","coordinates":[-0.122191,51.507642]}},{"type":"Feature","properties":{"type":"cafe","name":"Café"},"geometry":{"type":"Point","coordinates":[-0.073231,51.551099]}},{"type":"Feature","properties":{"type":"water","name":"Drinking water"},"geometry":{"type":"Point","coordinates":[-0.089418,51.509252]}},{"type":"Feature","properties":{"type":"water","name":"Drinking water"},"geometry":{"type":"Point","coordinates":[-0.093726,51.513966]}},{"type":"Feature","properties":{"type":"water","name":"Drinking water"},"geometry":{"type":"Point","coordinates":[-0.138195,51.461564]}},{"type":"Feature","properties":{"type":"water","name":"Drinking water"},"geometry":{"type":"Point","coordinates":[-0.078974,51.503073]}},{"type":"Feature","properties":{"type":"cafe","name":"Patisserie Les 3 Chocolats"},"geometry":{"type":"Point","coordinates":[-0.306618,51.410822]}},{"type":"Feature","properties":{"type":"cafe","name":"Paula's"},"geometry":{"type":"Point","coordinates":[-0.099176,51.492879]}},{"type":"Feature","properties":{"type":"toilet","name":"Toilets"},"geometry":{"type":"Point","coordinates":[-0.072446,51.520426]}},{"type":"Feature","properties":{"type":"cafe","name":"Henge"},"geometry":{"type":"Point","coordinates":[-0.093455,51.474024]}},{"type":"Feature","properties":{"type":"cafe","name":"Eden Cafe"},"geometry":{"type":"Point","coordinates":[-0.093785,51.474138]}},{"type":"Feature","properties":{"type":"cafe","name":"Spice Cafe"},"geometry":{"type":"Point","coordinates":[-0.093743,51.474121]}},{"type":"Feature","properties":{"type":"toilet","name":"Toilets"},"geometry":{"type":"Point","coordinates":[-0.104752,51.519778]}},{"type":"Feature","properties":{"type":"cafe","name":"Redemption Roasters"},"geometry":{"type":"Point","coordinates":[-0.145721,51.589473]}},{"type":"Feature","properties":{"type":"cafe","name":"Café"},"geometry":{"type":"Point","coordinates":[-0.292009,51.43219]}},{"type":"Feature","properties":{"type":"cafe","name":"Prosecco Café"},"geometry":{"type":"Point","coordinates":[-0.130998,51.513033]}},{"type":"Feature","properties":{"type":"water","name":"Drinking water"},"geometry":{"type":"Point","coordinates":[-0.012148,51.542368]}},{"type":"Feature","properties":{"type":"toilet","name":"Toilets"},"geometry":{"type":"Point","coordinates":[-0.148517,51.458287]}},{"type":"Feature","properties":{"type":"cafe","name":"Caffe d'Arte"},"geometry":{"type":"Point","coordinates":[-0.088875,51.517854]}},{"type":"Feature","properties":{"type":"cafe","name":"Kova"},"geometry":{"type":"Point","coordinates":[-0.068441,51.513899]}},{"type":"Feature","properties":{"type":"cafe","name":"Spring Cafe"},"geometry":{"type":"Point","coordinates":[-0.141246,51.552227]}},{"type":"Feature","properties":{"type":"cafe","name":"Lilac"},"geometry":{"type":"Point","coordinates":[-0.140486,51.551053]}},{"type":"Feature","properties":{"type":"cafe","name":"Kentish Town Stores"},"geometry":{"type":"Point","coordinates":[-0.178399,51.555488]}},{"type":"Feature","properties":{"type":"cafe","name":"Bibi's Soho"},"geometry":{"type":"Point","coordinates":[-0.135135,51.511485]}},{"type":"Feature","properties":{"type":"station","name":"Liverpool Street"},"geometry":{"type":"Point","coordinates":[-0.086441,51.517647]}},{"type":"Feature","properties":{"type":"water","name":"Drinking water"},"geometry":{"type":"Point","coordinates":[-0.009671,51.541871]}},{"type":"Feature","properties":{"type":"toilet","name":"Toilets"},"geometry":{"type":"Point","coordinates":[-0.135462,51.509246]}},{"type":"Feature","properties":{"type":"toilet","name":"Toilets"},"geometry":{"type":"Point","coordinates":[-0.143769,51.539974]}},{"type":"Feature","properties":{"type":"cafe","name":"Brew's"},"geometry":{"type":"Point","coordinates":[-0.14373,51.54058]}},{"type":"Feature","properties":{"type":"toilet","name":"Toilets"},"geometry":{"type":"Point","coordinates":[-0.053267,51.546969]}},{"type":"Feature","properties":{"type":"water","name":"Drinking water"},"geometry":{"type":"Point","coordinates":[-0.092394,51.501832]}},{"type":"Feature","properties":{"type":"cafe","name":"fantail"},"geometry":{"type":"Point","coordinates":[-0.105655,51.563932]}},{"type":"Feature","properties":{"type":"cafe","name":"TRADE Highgate"},"geometry":{"type":"Point","coordinates":[-0.15075,51.561756]}},{"type":"Feature","properties":{"type":"cafe","name":"Hello Boba"},"geometry":{"type":"Point","coordinates":[-0.045108,51.491672]}},{"type":"Feature","properties":{"type":"cafe","name":"The Lane Cafe"},"geometry":{"type":"Point","coordinates":[-0.115622,51.584519]}},{"type":"Feature","properties":{"type":"cafe","name":"Cloud7"},"geometry":{"type":"Point","coordinates":[-0.112416,51.586591]}},{"type":"Feature","properties":{"type":"cafe","name":"Bonjorno Cafe"},"geometry":{"type":"Point","coordinates":[-0.355277,51.428095]}},{"type":"Feature","properties":{"type":"toilet","name":"Toilets"},"geometry":{"type":"Point","coordinates":[-0.022551,51.541832]}},{"type":"Feature","properties":{"type":"cafe","name":"Blank Street Coffee"},"geometry":{"type":"Point","coordinates":[-0.119847,51.517104]}},{"type":"Feature","properties":{"type":"cafe","name":"Vanilla Cafe"},"geometry":{"type":"Point","coordinates":[-0.149206,51.578426]}},{"type":"Feature","properties":{"type":"water","name":"Drinking water"},"geometry":{"type":"Point","coordinates":[-0.035882,51.552963]}},{"type":"Feature","properties":{"type":"cafe","name":"Lockdown Bakehouse"},"geometry":{"type":"Point","coordinates":[-0.147498,51.451307]}},{"type":"Feature","properties":{"type":"cafe","name":"Starbucks"},"geometry":{"type":"Point","coordinates":[-0.074669,51.545665]}},{"type":"Feature","properties":{"type":"cafe","name":"The Well"},"geometry":{"type":"Point","coordinates":[-0.011546,51.540907]}},{"type":"Feature","properties":{"type":"cafe","name":"Pause"},"geometry":{"type":"Point","coordinates":[-0.074643,51.51829]}},{"type":"Feature","properties":{"type":"water","name":"Drinking water"},"geometry":{"type":"Point","coordinates":[-0.074662,51.548001]}},{"type":"Feature","properties":{"type":"toilet","name":"Toilets"},"geometry":{"type":"Point","coordinates":[-0.072765,51.520824]}},{"type":"Feature","properties":{"type":"cafe","name":"Artsadmin’s Arts Bar & Café"},"geometry":{"type":"Point","coordinates":[-0.072202,51.516536]}},{"type":"Feature","properties":{"type":"cafe","name":"Lift Coffee Shoreditch"},"geometry":{"type":"Point","coordinates":[-0.079528,51.526282]}},{"type":"Feature","properties":{"type":"cafe","name":"Love Walk Cafe"},"geometry":{"type":"Point","coordinates":[-0.092737,51.470893]}},{"type":"Feature","properties":{"type":"cafe","name":"Viet Café"},"geometry":{"type":"Point","coordinates":[-0.092753,51.471044]}},{"type":"Feature","properties":{"type":"cafe","name":"Delly's Caribbean Cuisine"},"geometry":{"type":"Point","coordinates":[-0.092761,51.471094]}},{"type":"Feature","properties":{"type":"cafe","name":"Caffé Pronto"},"geometry":{"type":"Point","coordinates":[-0.09283,51.471459]}},{"type":"Feature","properties":{"type":"cafe","name":"Rock Steady Eddie's"},"geometry":{"type":"Point","coordinates":[-0.093385,51.472059]}},{"type":"Feature","properties":{"type":"cafe","name":"Costa"},"geometry":{"type":"Point","coordinates":[-0.093342,51.472902]}},{"type":"Feature","properties":{"type":"cafe","name":"Cafe Saffron"},"geometry":{"type":"Point","coordinates":[-0.112994,51.52655]}},{"type":"Feature","properties":{"type":"toilet","name":"Toilets"},"geometry":{"type":"Point","coordinates":[-0.008113,51.482741]}},{"type":"Feature","properties":{"type":"cafe","name":"Sour Leaf Cafe"},"geometry":{"type":"Point","coordinates":[-0.092221,51.484188]}},{"type":"Feature","properties":{"type":"cafe","name":"Hagen"},"geometry":{"type":"Point","coordinates":[-0.305503,51.458484]}},{"type":"Feature","properties":{"type":"cafe","name":"Coffee Circus"},"geometry":{"type":"Point","coordinates":[-0.12347,51.577903]}},{"type":"Feature","properties":{"type":"cafe","name":"Caffeinate"},"geometry":{"type":"Point","coordinates":[-0.123518,51.577984]}},{"type":"Feature","properties":{"type":"cafe","name":"Lydia Brasserie"},"geometry":{"type":"Point","coordinates":[-0.123144,51.577614]}},{"type":"Feature","properties":{"type":"cafe","name":"Visitor Centre Café"},"geometry":{"type":"Point","coordinates":[-0.008751,51.482884]}},{"type":"Feature","properties":{"type":"cafe","name":"SAPHI"},"geometry":{"type":"Point","coordinates":[-0.08961,51.468241]}},{"type":"Feature","properties":{"type":"cafe","name":"Cafe Alula"},"geometry":{"type":"Point","coordinates":[-0.121923,51.472157]}},{"type":"Feature","properties":{"type":"toilet","name":"Toilets"},"geometry":{"type":"Point","coordinates":[-0.10298,51.511458]}},{"type":"Feature","properties":{"type":"cafe","name":"Locke coffee club"},"geometry":{"type":"Point","coordinates":[-0.096902,51.510544]}},{"type":"Feature","properties":{"type":"water","name":"Drinking water"},"geometry":{"type":"Point","coordinates":[-0.126009,51.514143]}},{"type":"Feature","properties":{"type":"cafe","name":"Charlie & Ginger Epsom"},"geometry":{"type":"Point","coordinates":[-0.267865,51.333298]}},{"type":"Feature","properties":{"type":"cafe","name":"Ex Cellar"},"geometry":{"type":"Point","coordinates":[-0.309064,51.391277]}},{"type":"Feature","properties":{"type":"cafe","name":"Monte Bianco"},"geometry":{"type":"Point","coordinates":[-0.308922,51.39091]}},{"type":"Feature","properties":{"type":"toilet","name":"Toilets"},"geometry":{"type":"Point","coordinates":[-0.072744,51.506735]}},{"type":"Feature","properties":{"type":"toilet","name":"Toilets"},"geometry":{"type":"Point","coordinates":[-0.072769,51.506841]}},{"type":"Feature","properties":{"type":"cafe","name":"Caffè Nero"},"geometry":{"type":"Point","coordinates":[-0.104353,51.515588]}},{"type":"Feature","properties":{"type":"cafe","name":"Froth & Mallow"},"geometry":{"type":"Point","coordinates":[-0.113044,51.592101]}},{"type":"Feature","properties":{"type":"cafe","name":"The Deli"},"geometry":{"type":"Point","coordinates":[-0.325522,51.389437]}},{"type":"Feature","properties":{"type":"water","name":"Drinking water"},"geometry":{"type":"Point","coordinates":[-0.075694,51.528925]}},{"type":"Feature","properties":{"type":"cafe","name":"El Rincón Caribeño"},"geometry":{"type":"Point","coordinates":[-0.093826,51.474398]}},{"type":"Feature","properties":{"type":"cafe","name":"Cuppa Pug"},"geometry":{"type":"Point","coordinates":[-0.051483,51.547272]}},{"type":"Feature","properties":{"type":"cafe","name":"Flying Horse Coffee"},"geometry":{"type":"Point","coordinates":[-0.077903,51.524001]}},{"type":"Feature","properties":{"type":"cafe","name":"Starbucks"},"geometry":{"type":"Point","coordinates":[-0.042246,51.587202]}},{"type":"Feature","properties":{"type":"cafe","name":"WatchHouse"},"geometry":{"type":"Point","coordinates":[-0.089203,51.505202]}},{"type":"Feature","properties":{"type":"cafe","name":"Oat"},"geometry":{"type":"Point","coordinates":[-0.077984,51.524643]}},{"type":"Feature","properties":{"type":"cafe","name":"Dāku"},"geometry":{"type":"Point","coordinates":[-0.085791,51.50992]}},{"type":"Feature","properties":{"type":"cafe","name":"Pistons & Cups"},"geometry":{"type":"Point","coordinates":[-0.272284,51.46403]}},{"type":"Feature","properties":{"type":"cafe","name":"GAIL's"},"geometry":{"type":"Point","coordinates":[-0.098256,51.511277]}},{"type":"Feature","properties":{"type":"cafe","name":"Special Guests"},"geometry":{"type":"Point","coordinates":[-0.152829,51.519121]}},{"type":"Feature","properties":{"type":"cafe","name":"WatchHouse"},"geometry":{"type":"Point","coordinates":[-0.166773,51.555836]}},{"type":"Feature","properties":{"type":"cafe","name":"Fika"},"geometry":{"type":"Point","coordinates":[-0.289176,51.419777]}},{"type":"Feature","properties":{"type":"cafe","name":"T4 Tea For U"},"geometry":{"type":"Point","coordinates":[-0.078686,51.518884]}},{"type":"Feature","properties":{"type":"cafe","name":"TWG Tea"},"geometry":{"type":"Point","coordinates":[-0.131208,51.510291]}},{"type":"Feature","properties":{"type":"cafe","name":"Abney Park Cafe"},"geometry":{"type":"Point","coordinates":[-0.07353,51.563757]}},{"type":"Feature","properties":{"type":"cafe","name":"Bar Giorgio"},"geometry":{"type":"Point","coordinates":[-0.129984,51.508661]}},{"type":"Feature","properties":{"type":"cafe","name":"Tsjuri"},"geometry":{"type":"Point","coordinates":[-0.012713,51.540978]}},{"type":"Feature","properties":{"type":"cafe","name":"Arcana Coffee"},"geometry":{"type":"Point","coordinates":[-0.12294,51.518008]}},{"type":"Feature","properties":{"type":"toilet","name":"Toilets"},"geometry":{"type":"Point","coordinates":[-0.12924,51.508714]}},{"type":"Feature","properties":{"type":"cafe","name":"Milk Run"},"geometry":{"type":"Point","coordinates":[-0.155437,51.438172]}},{"type":"Feature","properties":{"type":"cafe","name":"Tas Deli"},"geometry":{"type":"Point","coordinates":[-0.091457,51.503734]}},{"type":"Feature","properties":{"type":"cafe","name":"BBC Club"},"geometry":{"type":"Point","coordinates":[-0.143985,51.518752]}},{"type":"Feature","properties":{"type":"cafe","name":"Monmouth Coffee Company"},"geometry":{"type":"Point","coordinates":[-0.1268,51.514366]}},{"type":"Feature","properties":{"type":"cafe","name":"Heytea"},"geometry":{"type":"Point","coordinates":[-0.125536,51.516918]}},{"type":"Feature","properties":{"type":"toilet","name":"Toilets"},"geometry":{"type":"Point","coordinates":[-0.077184,51.526168]}},{"type":"Feature","properties":{"type":"water","name":"Drinking water"},"geometry":{"type":"Point","coordinates":[-0.08539,51.450815]}},{"type":"Feature","properties":{"type":"toilet","name":"Toilets"},"geometry":{"type":"Point","coordinates":[-0.338792,51.405517]}},{"type":"Feature","properties":{"type":"toilet","name":"Toilets"},"geometry":{"type":"Point","coordinates":[-0.156269,51.522388]}},{"type":"Feature","properties":{"type":"toilet","name":"Toilets"},"geometry":{"type":"Point","coordinates":[-0.156736,51.522541]}},{"type":"Feature","properties":{"type":"cafe","name":"Caffè Nero"},"geometry":{"type":"Point","coordinates":[-0.117427,51.556785]}},{"type":"Feature","properties":{"type":"cafe","name":"Black Sheep Coffee"},"geometry":{"type":"Point","coordinates":[-0.086801,51.516886]}},{"type":"Feature","properties":{"type":"cafe","name":"Starbucks"},"geometry":{"type":"Point","coordinates":[-0.156736,51.522664]}},{"type":"Feature","properties":{"type":"water","name":"Drinking water"},"geometry":{"type":"Point","coordinates":[-0.16582,51.554503]}},{"type":"Feature","properties":{"type":"toilet","name":"Toilets"},"geometry":{"type":"Point","coordinates":[-0.16624,51.368676]}},{"type":"Feature","properties":{"type":"cafe","name":"Caffè Nero express"},"geometry":{"type":"Point","coordinates":[-0.082537,51.517582]}},{"type":"Feature","properties":{"type":"cafe","name":"Doh'hut Spitalfields Market"},"geometry":{"type":"Point","coordinates":[-0.075654,51.520082]}},{"type":"Feature","properties":{"type":"cafe","name":"Doh'hut"},"geometry":{"type":"Point","coordinates":[-0.109189,51.525782]}},{"type":"Feature","properties":{"type":"cafe","name":"The Coffee Studio - Battersea"},"geometry":{"type":"Point","coordinates":[-0.147168,51.476705]}},{"type":"Feature","properties":{"type":"cafe","name":"The Coffee Studio"},"geometry":{"type":"Point","coordinates":[-0.016951,51.481148]}},{"type":"Feature","properties":{"type":"cafe","name":"New River Studios"},"geometry":{"type":"Point","coordinates":[-0.087964,51.574877]}},{"type":"Feature","properties":{"type":"cafe","name":"Kitty's"},"geometry":{"type":"Point","coordinates":[-0.099004,51.546748]}},{"type":"Feature","properties":{"type":"toilet","name":"Toilets"},"geometry":{"type":"Point","coordinates":[-0.07564,51.528917]}},{"type":"Feature","properties":{"type":"water","name":"Drinking water"},"geometry":{"type":"Point","coordinates":[-0.143136,51.539619]}},{"type":"Feature","properties":{"type":"cafe","name":"GOLDIE SALOON"},"geometry":{"type":"Point","coordinates":[-0.062551,51.55087]}},{"type":"Feature","properties":{"type":"cafe","name":"Corner Cafe"},"geometry":{"type":"Point","coordinates":[-0.083761,51.51352]}},{"type":"Feature","properties":{"type":"cafe","name":"Zega"},"geometry":{"type":"Point","coordinates":[-0.305858,51.409655]}},{"type":"Feature","properties":{"type":"toilet","name":"Toilets"},"geometry":{"type":"Point","coordinates":[-0.33011,51.301941]}},{"type":"Feature","properties":{"type":"cafe","name":"Coffee#1"},"geometry":{"type":"Point","coordinates":[-0.266524,51.333657]}},{"type":"Feature","properties":{"type":"cafe","name":"G Cafe"},"geometry":{"type":"Point","coordinates":[-0.100869,51.495791]}},{"type":"Feature","properties":{"type":"cafe","name":"Early Bees Coffee"},"geometry":{"type":"Point","coordinates":[-0.087681,51.524114]}},{"type":"Feature","properties":{"type":"cafe","name":"Amelia"},"geometry":{"type":"Point","coordinates":[-0.126741,51.514794]}},{"type":"Feature","properties":{"type":"cafe","name":"Chaiiwala"},"geometry":{"type":"Point","coordinates":[-0.075833,51.546703]}},{"type":"Feature","properties":{"type":"cafe","name":"Café"},"geometry":{"type":"Point","coordinates":[-0.072161,51.518414]}},{"type":"Feature","properties":{"type":"water","name":"Drinking water"},"geometry":{"type":"Point","coordinates":[-0.373082,51.277346]}},{"type":"Feature","properties":{"type":"cafe","name":"Treats"},"geometry":{"type":"Point","coordinates":[-0.1245,51.501117]}},{"type":"Feature","properties":{"type":"cafe","name":"Nude Coffee Roasters"},"geometry":{"type":"Point","coordinates":[-0.072776,51.520367]}},{"type":"Feature","properties":{"type":"cafe","name":"Costa"},"geometry":{"type":"Point","coordinates":[-0.095402,51.487924]}},{"type":"Feature","properties":{"type":"cafe","name":"Cafebotanical"},"geometry":{"type":"Point","coordinates":[-0.122317,51.517601]}},{"type":"Feature","properties":{"type":"cafe","name":"Café"},"geometry":{"type":"Point","coordinates":[-0.072303,51.562964]}},{"type":"Feature","properties":{"type":"cafe","name":"The Olive Tree"},"geometry":{"type":"Point","coordinates":[-0.28315,51.311756]}},{"type":"Feature","properties":{"type":"water","name":"Drinking water"},"geometry":{"type":"Point","coordinates":[-0.00038,51.477703]}},{"type":"Feature","properties":{"type":"cafe","name":"Wolfe Statue Kiosk"},"geometry":{"type":"Point","coordinates":[-0.000352,51.477665]}},{"type":"Feature","properties":{"type":"toilet","name":"Toilets"},"geometry":{"type":"Point","coordinates":[-0.038708,51.487686]}},{"type":"Feature","properties":{"type":"water","name":"Drinking water"},"geometry":{"type":"Point","coordinates":[-0.038711,51.487507]}},{"type":"Feature","properties":{"type":"cafe","name":"Café"},"geometry":{"type":"Point","coordinates":[-0.344723,51.441806]}},{"type":"Feature","properties":{"type":"cafe","name":"Black Sheep Coffee"},"geometry":{"type":"Point","coordinates":[-0.123483,51.516661]}},{"type":"Feature","properties":{"type":"water","name":"Drinking water"},"geometry":{"type":"Point","coordinates":[-0.010136,51.482175]}},{"type":"Feature","properties":{"type":"cafe","name":"Delizia"},"geometry":{"type":"Point","coordinates":[-0.033961,51.522974]}},{"type":"Feature","properties":{"type":"cafe","name":"Regents Lounge"},"geometry":{"type":"Point","coordinates":[-0.036321,51.524663]}},{"type":"Feature","properties":{"type":"cafe","name":"Majesty Lounge"},"geometry":{"type":"Point","coordinates":[-0.033611,51.521929]}},{"type":"Feature","properties":{"type":"cafe","name":"The Coffee Room"},"geometry":{"type":"Point","coordinates":[-0.034801,51.525641]}},{"type":"Feature","properties":{"type":"cafe","name":"Rise and Roast"},"geometry":{"type":"Point","coordinates":[-0.034504,51.525289]}},{"type":"Feature","properties":{"type":"cafe","name":"Cafe Meeshee"},"geometry":{"type":"Point","coordinates":[-0.034419,51.52495]}},{"type":"Feature","properties":{"type":"cafe","name":"The International Comrades"},"geometry":{"type":"Point","coordinates":[-0.034313,51.524389]}},{"type":"Feature","properties":{"type":"toilet","name":"Toilets"},"geometry":{"type":"Point","coordinates":[-0.073684,51.563746]}},{"type":"Feature","properties":{"type":"cafe","name":"Ngopi UK"},"geometry":{"type":"Point","coordinates":[-0.07018,51.546084]}},{"type":"Feature","properties":{"type":"cafe","name":"East Court Cafe"},"geometry":{"type":"Point","coordinates":[-0.130481,51.594904]}},{"type":"Feature","properties":{"type":"cafe","name":"Garden Cafe"},"geometry":{"type":"Point","coordinates":[-0.278148,51.314439]}},{"type":"Feature","properties":{"type":"cafe","name":"Clean Hearts"},"geometry":{"type":"Point","coordinates":[-0.095841,51.570977]}},{"type":"Feature","properties":{"type":"cafe","name":"Leo's Café"},"geometry":{"type":"Point","coordinates":[-0.074891,51.550976]}},{"type":"Feature","properties":{"type":"cafe","name":"Ngopi"},"geometry":{"type":"Point","coordinates":[-0.070244,51.546082]}},{"type":"Feature","properties":{"type":"water","name":"Drinking water"},"geometry":{"type":"Point","coordinates":[-0.073097,51.417953]}},{"type":"Feature","properties":{"type":"cafe","name":"Glass Cafe"},"geometry":{"type":"Point","coordinates":[-0.166026,51.553872]}},{"type":"Feature","properties":{"type":"cafe","name":"Corner Deli"},"geometry":{"type":"Point","coordinates":[-0.069379,51.52944]}},{"type":"Feature","properties":{"type":"cafe","name":"Pop In Cafe"},"geometry":{"type":"Point","coordinates":[-0.169849,51.236626]}},{"type":"Feature","properties":{"type":"cafe","name":"Park Brew & Kitchen"},"geometry":{"type":"Point","coordinates":[-0.288993,51.418472]}},{"type":"Feature","properties":{"type":"cafe","name":"Rupert & Teddy Artisan Deli"},"geometry":{"type":"Point","coordinates":[-0.013109,51.48271]}},{"type":"Feature","properties":{"type":"cafe","name":"Bagel Factory"},"geometry":{"type":"Point","coordinates":[-0.086333,51.505723]}},{"type":"Feature","properties":{"type":"cafe","name":"Fig Tree Cafe"},"geometry":{"type":"Point","coordinates":[-0.098704,51.546909]}},{"type":"Feature","properties":{"type":"cafe","name":"Bubble Bee Bubble Tea"},"geometry":{"type":"Point","coordinates":[-0.098613,51.547006]}},{"type":"Feature","properties":{"type":"cafe","name":"Parkside Shake Bar"},"geometry":{"type":"Point","coordinates":[-0.005934,51.480303]}},{"type":"Feature","properties":{"type":"cafe","name":"Nero Express"},"geometry":{"type":"Point","coordinates":[-0.080732,51.517626]}},{"type":"Feature","properties":{"type":"cafe","name":"Coffee Temptations"},"geometry":{"type":"Point","coordinates":[-0.182064,51.585616]}},{"type":"Feature","properties":{"type":"cafe","name":"T4 Tea For U"},"geometry":{"type":"Point","coordinates":[-0.097878,51.492254]}},{"type":"Feature","properties":{"type":"cafe","name":"Cafe Delight"},"geometry":{"type":"Point","coordinates":[-0.285149,51.382125]}},{"type":"Feature","properties":{"type":"cafe","name":"小确茶 Lucky Tea"},"geometry":{"type":"Point","coordinates":[-0.128824,51.511969]}},{"type":"Feature","properties":{"type":"cafe","name":"抿茶 Min Tea"},"geometry":{"type":"Point","coordinates":[-0.128926,51.511976]}},{"type":"Feature","properties":{"type":"cafe","name":"Milksha"},"geometry":{"type":"Point","coordinates":[-0.131975,51.512104]}},{"type":"Feature","properties":{"type":"cafe","name":"Theatre cafe"},"geometry":{"type":"Point","coordinates":[-0.307524,51.408799]}},{"type":"Feature","properties":{"type":"cafe","name":"Lion Gate"},"geometry":{"type":"Point","coordinates":[-0.336893,51.406669]}},{"type":"Feature","properties":{"type":"cafe","name":"Church cafe"},"geometry":{"type":"Point","coordinates":[-0.30593,51.410383]}},{"type":"Feature","properties":{"type":"cafe","name":"Cheeky Pea"},"geometry":{"type":"Point","coordinates":[-0.304896,51.409621]}},{"type":"Feature","properties":{"type":"toilet","name":"Toilets"},"geometry":{"type":"Point","coordinates":[-0.312415,51.411106]}},{"type":"Feature","properties":{"type":"cafe","name":"Cafe"},"geometry":{"type":"Point","coordinates":[-0.305221,51.40962]}},{"type":"Feature","properties":{"type":"cafe","name":"Bombolone Doughnuts"},"geometry":{"type":"Point","coordinates":[-0.130451,51.508978]}},{"type":"Feature","properties":{"type":"cafe","name":"Forbes and Hamilton Coffee House"},"geometry":{"type":"Point","coordinates":[-0.088164,51.517096]}},{"type":"Feature","properties":{"type":"cafe","name":"Joy Tea"},"geometry":{"type":"Point","coordinates":[-0.129257,51.511919]}},{"type":"Feature","properties":{"type":"cafe","name":"乌叶 Woo Tea"},"geometry":{"type":"Point","coordinates":[-0.131921,51.511284]}},{"type":"Feature","properties":{"type":"cafe","name":"Chatime"},"geometry":{"type":"Point","coordinates":[-0.130291,51.512164]}},{"type":"Feature","properties":{"type":"cafe","name":"Happy Lemon"},"geometry":{"type":"Point","coordinates":[-0.129186,51.511906]}},{"type":"Feature","properties":{"type":"cafe","name":"Cuppacha"},"geometry":{"type":"Point","coordinates":[-0.129104,51.511899]}},{"type":"Feature","properties":{"type":"cafe","name":"御黑堂 Yunique"},"geometry":{"type":"Point","coordinates":[-0.129049,51.511815]}},{"type":"Feature","properties":{"type":"cafe","name":"The Lavery"},"geometry":{"type":"Point","coordinates":[-0.174748,51.495111]}},{"type":"Feature","properties":{"type":"cafe","name":"Thames coffee"},"geometry":{"type":"Point","coordinates":[-0.308013,51.402922]}},{"type":"Feature","properties":{"type":"cafe","name":"Balans Soho Society Cafe"},"geometry":{"type":"Point","coordinates":[-0.131167,51.513323]}},{"type":"Feature","properties":{"type":"cafe","name":"Brook Café"},"geometry":{"type":"Point","coordinates":[-0.112666,51.59339]}},{"type":"Feature","properties":{"type":"cafe","name":"Lewis Coffee Espresso Bar"},"geometry":{"type":"Point","coordinates":[-0.154835,51.554069]}},{"type":"Feature","properties":{"type":"cafe","name":"Gospel Oak Cafe"},"geometry":{"type":"Point","coordinates":[-0.155224,51.553993]}},{"type":"Feature","properties":{"type":"cafe","name":"The WaterWorks"},"geometry":{"type":"Point","coordinates":[-0.035889,51.564699]}},{"type":"Feature","properties":{"type":"cafe","name":"Costa"},"geometry":{"type":"Point","coordinates":[-0.304488,51.412046]}},{"type":"Feature","properties":{"type":"cafe","name":"Campbell & Syme"},"geometry":{"type":"Point","coordinates":[-0.16325,51.589567]}},{"type":"Feature","properties":{"type":"cafe","name":"Kiani Tea"},"geometry":{"type":"Point","coordinates":[-0.086689,51.513853]}},{"type":"Feature","properties":{"type":"cafe","name":"Blighty"},"geometry":{"type":"Point","coordinates":[-0.102911,51.563928]}},{"type":"Feature","properties":{"type":"cafe","name":"Damsel Collective"},"geometry":{"type":"Point","coordinates":[-0.077393,51.529415]}},{"type":"Feature","properties":{"type":"cafe","name":"gram'n degrees"},"geometry":{"type":"Point","coordinates":[-0.077411,51.530446]}},{"type":"Feature","properties":{"type":"cafe","name":"Café Hebe"},"geometry":{"type":"Point","coordinates":[-0.076421,51.537321]}},{"type":"Feature","properties":{"type":"cafe","name":"Munch and Wiggles"},"geometry":{"type":"Point","coordinates":[-0.356575,51.331635]}},{"type":"Feature","properties":{"type":"cafe","name":"OBA Coffee"},"geometry":{"type":"Point","coordinates":[-0.091054,51.51675]}},{"type":"Feature","properties":{"type":"cafe","name":"Saint Louie"},"geometry":{"type":"Point","coordinates":[-0.092642,51.486644]}},{"type":"Feature","properties":{"type":"cafe","name":"Nero Express"},"geometry":{"type":"Point","coordinates":[-0.082174,51.517547]}},{"type":"Feature","properties":{"type":"water","name":"Drinking water"},"geometry":{"type":"Point","coordinates":[-0.308356,51.401382]}},{"type":"Feature","properties":{"type":"cafe","name":"Jusu Brothers"},"geometry":{"type":"Point","coordinates":[-0.096899,51.491087]}},{"type":"Feature","properties":{"type":"cafe","name":"Cafe Jikoni"},"geometry":{"type":"Point","coordinates":[-0.013872,51.541766]}},{"type":"Feature","properties":{"type":"cafe","name":"Moon"},"geometry":{"type":"Point","coordinates":[-0.295354,51.385459]}},{"type":"Feature","properties":{"type":"cafe","name":"Lion Gate Cafe"},"geometry":{"type":"Point","coordinates":[-0.336927,51.406668]}},{"type":"Feature","properties":{"type":"cafe","name":"Molan Tea"},"geometry":{"type":"Point","coordinates":[-0.097188,51.492698]}},{"type":"Feature","properties":{"type":"cafe","name":"Green & Bean"},"geometry":{"type":"Point","coordinates":[-0.265058,51.333827]}},{"type":"Feature","properties":{"type":"cafe","name":"Mehmet Efendi 1953"},"geometry":{"type":"Point","coordinates":[-0.164441,51.515864]}},{"type":"Feature","properties":{"type":"cafe","name":"Canapa House"},"geometry":{"type":"Point","coordinates":[-0.072695,51.518503]}},{"type":"Feature","properties":{"type":"cafe","name":"Cafe Mission"},"geometry":{"type":"Point","coordinates":[-0.073668,51.518486]}},{"type":"Feature","properties":{"type":"cafe","name":"Black Cat Café"},"geometry":{"type":"Point","coordinates":[-0.055461,51.551398]}},{"type":"Feature","properties":{"type":"cafe","name":"Noxy Brothers"},"geometry":{"type":"Point","coordinates":[-0.076273,51.519453]}},{"type":"Feature","properties":{"type":"cafe","name":"Bird & Blend Tea Co."},"geometry":{"type":"Point","coordinates":[-0.12675,51.514757]}},{"type":"Feature","properties":{"type":"cafe","name":"Chayan 茶宴"},"geometry":{"type":"Point","coordinates":[-0.126565,51.51675]}},{"type":"Feature","properties":{"type":"cafe","name":"Wolfox"},"geometry":{"type":"Point","coordinates":[-0.126773,51.514553]}},{"type":"Feature","properties":{"type":"cafe","name":"Eff cafe"},"geometry":{"type":"Point","coordinates":[-0.305746,51.409399]}},{"type":"Feature","properties":{"type":"cafe","name":"Jamaica Blue"},"geometry":{"type":"Point","coordinates":[-0.304599,51.41114]}},{"type":"Feature","properties":{"type":"cafe","name":"Haggerston Perk"},"geometry":{"type":"Point","coordinates":[-0.065556,51.532349]}},{"type":"Feature","properties":{"type":"cafe","name":"Feedwell Cafe"},"geometry":{"type":"Point","coordinates":[-0.294304,51.384782]}},{"type":"Feature","properties":{"type":"cafe","name":"Intervallo"},"geometry":{"type":"Point","coordinates":[-0.026422,51.480708]}},{"type":"Feature","properties":{"type":"cafe","name":"Ole and Steen"},"geometry":{"type":"Point","coordinates":[-0.305202,51.410381]}},{"type":"Feature","properties":{"type":"toilet","name":"Toilets"},"geometry":{"type":"Point","coordinates":[-0.100627,51.511812]}},{"type":"Feature","properties":{"type":"toilet","name":"Borough Market Toilets"},"geometry":{"type":"Point","coordinates":[-0.09037,51.505199]}},{"type":"Feature","properties":{"type":"cafe","name":"Allpress London Roastery and Cafe"},"geometry":{"type":"Point","coordinates":[-0.070561,51.546445]}},{"type":"Feature","properties":{"type":"toilet","name":"Toilets"},"geometry":{"type":"Point","coordinates":[-0.07274,51.418147]}},{"type":"Feature","properties":{"type":"water","name":"Drinking water"},"geometry":{"type":"Point","coordinates":[-0.051711,51.562112]}},{"type":"Feature","properties":{"type":"cafe","name":"Roastery Club"},"geometry":{"type":"Point","coordinates":[-0.071484,51.514996]}},{"type":"Feature","properties":{"type":"cafe","name":"BabaBake Aldgate"},"geometry":{"type":"Point","coordinates":[-0.070746,51.515376]}},{"type":"Feature","properties":{"type":"toilet","name":"Toilets"},"geometry":{"type":"Point","coordinates":[-0.086578,51.445484]}},{"type":"Feature","properties":{"type":"cafe","name":"Fuwa Fuwa Cafe"},"geometry":{"type":"Point","coordinates":[-0.132012,51.512633]}},{"type":"Feature","properties":{"type":"cafe","name":"Ponyton Café"},"geometry":{"type":"Point","coordinates":[-0.373291,51.276792]}},{"type":"Feature","properties":{"type":"water","name":"Chilled"},"geometry":{"type":"Point","coordinates":[-0.301112,51.412756]}},{"type":"Feature","properties":{"type":"cafe","name":"Basis Cafe"},"geometry":{"type":"Point","coordinates":[-0.058422,51.538342]}},{"type":"Feature","properties":{"type":"cafe","name":"Junkies"},"geometry":{"type":"Point","coordinates":[-0.078049,51.528715]}},{"type":"Feature","properties":{"type":"water","name":"Drinking water"},"geometry":{"type":"Point","coordinates":[-0.331378,51.232752]}},{"type":"Feature","properties":{"type":"cafe","name":"The Dialogue"},"geometry":{"type":"Point","coordinates":[-0.058349,51.563422]}},{"type":"Feature","properties":{"type":"cafe","name":"Puccino's"},"geometry":{"type":"Point","coordinates":[-0.105963,51.565117]}},{"type":"Feature","properties":{"type":"cafe","name":"Cafe Volt"},"geometry":{"type":"Point","coordinates":[-0.097038,51.500498]}},{"type":"Feature","properties":{"type":"water","name":"Water"},"geometry":{"type":"Point","coordinates":[-0.277616,51.377304]}},{"type":"Feature","properties":{"type":"cafe","name":"Café 42 Degrees"},"geometry":{"type":"Point","coordinates":[-0.015956,51.550116]}},{"type":"Feature","properties":{"type":"water","name":"Drinking water"},"geometry":{"type":"Point","coordinates":[-0.125216,51.538763]}},{"type":"Feature","properties":{"type":"water","name":"Drinking water"},"geometry":{"type":"Point","coordinates":[-0.008935,51.481763]}},{"type":"Feature","properties":{"type":"water","name":"Drinking water"},"geometry":{"type":"Point","coordinates":[-0.168139,51.592018]}},{"type":"Feature","properties":{"type":"cafe","name":"SHED"},"geometry":{"type":"Point","coordinates":[-0.076538,51.538611]}},{"type":"Feature","properties":{"type":"cafe","name":"Soprattutto Café"},"geometry":{"type":"Point","coordinates":[-0.308846,51.391373]}},{"type":"Feature","properties":{"type":"cafe","name":"Urban Baristas"},"geometry":{"type":"Point","coordinates":[-0.084243,51.522917]}},{"type":"Feature","properties":{"type":"cafe","name":"Bewliehill"},"geometry":{"type":"Point","coordinates":[-0.080401,51.516796]}},{"type":"Feature","properties":{"type":"cafe","name":"Elephant Coffee"},"geometry":{"type":"Point","coordinates":[-0.098342,51.494753]}},{"type":"Feature","properties":{"type":"toilet","name":"Toilets"},"geometry":{"type":"Point","coordinates":[-0.076884,51.523469]}},{"type":"Feature","properties":{"type":"cafe","name":"The Greenwich Nest"},"geometry":{"type":"Point","coordinates":[-0.015057,51.482268]}},{"type":"Feature","properties":{"type":"water","name":"Chilled"},"geometry":{"type":"Point","coordinates":[-0.21666,51.461177]}},{"type":"Feature","properties":{"type":"cafe","name":"Bloom Works Cafe"},"geometry":{"type":"Point","coordinates":[-0.092528,51.4731]}},{"type":"Feature","properties":{"type":"cafe","name":"Funny Weather books + coffee"},"geometry":{"type":"Point","coordinates":[-0.148441,51.558622]}},{"type":"Feature","properties":{"type":"cafe","name":"Filo"},"geometry":{"type":"Point","coordinates":[-0.17649,51.493644]}},{"type":"Feature","properties":{"type":"cafe","name":"Hiya Boba"},"geometry":{"type":"Point","coordinates":[-0.17664,51.493789]}},{"type":"Feature","properties":{"type":"cafe","name":"Trevi Italian Tiramisu"},"geometry":{"type":"Point","coordinates":[-0.176677,51.493829]}},{"type":"Feature","properties":{"type":"cafe","name":"The Clarion Cafe"},"geometry":{"type":"Point","coordinates":[-0.196991,51.480449]}},{"type":"Feature","properties":{"type":"cafe","name":"Love Walk Cafe"},"geometry":{"type":"Point","coordinates":[-0.198596,51.480669]}},{"type":"Feature","properties":{"type":"water","name":"Drinking water"},"geometry":{"type":"Point","coordinates":[-0.060765,51.417456]}},{"type":"Feature","properties":{"type":"cafe","name":"Blank Street Coffee"},"geometry":{"type":"Point","coordinates":[-0.100214,51.494036]}},{"type":"Feature","properties":{"type":"cafe","name":"Artisan"},"geometry":{"type":"Point","coordinates":[-0.198552,51.479844]}},{"type":"Feature","properties":{"type":"cafe","name":"Ex Cellar"},"geometry":{"type":"Point","coordinates":[-0.305839,51.409173]}},{"type":"Feature","properties":{"type":"cafe","name":"Marrinato"},"geometry":{"type":"Point","coordinates":[-0.300784,51.414985]}},{"type":"Feature","properties":{"type":"water","name":"Drinking water"},"geometry":{"type":"Point","coordinates":[-0.128679,51.508716]}},{"type":"Feature","properties":{"type":"cafe","name":"Pryors Bank Café"},"geometry":{"type":"Point","coordinates":[-0.212496,51.468255]}},{"type":"Feature","properties":{"type":"toilet","name":"Toilets"},"geometry":{"type":"Point","coordinates":[-0.184671,51.573647]}},{"type":"Feature","properties":{"type":"cafe","name":"Morr"},"geometry":{"type":"Point","coordinates":[-0.103484,51.545064]}},{"type":"Feature","properties":{"type":"cafe","name":"The English Restaurant"},"geometry":{"type":"Point","coordinates":[-0.076482,51.518938]}},{"type":"Feature","properties":{"type":"cafe","name":"Café"},"geometry":{"type":"Point","coordinates":[-0.381375,51.355869]}},{"type":"Feature","properties":{"type":"toilet","name":"Toilets"},"geometry":{"type":"Point","coordinates":[-0.14887,51.570551]}},{"type":"Feature","properties":{"type":"cafe","name":"GAIL's"},"geometry":{"type":"Point","coordinates":[-0.165723,51.554117]}},{"type":"Feature","properties":{"type":"cafe","name":"Polly's"},"geometry":{"type":"Point","coordinates":[-0.166782,51.555509]}},{"type":"Feature","properties":{"type":"cafe","name":"Hampsted Tea Rooms"},"geometry":{"type":"Point","coordinates":[-0.165879,51.554274]}},{"type":"Feature","properties":{"type":"cafe","name":"Redemption Roasters"},"geometry":{"type":"Point","coordinates":[-0.166738,51.555451]}},{"type":"Feature","properties":{"type":"cafe","name":"Starbucks"},"geometry":{"type":"Point","coordinates":[-0.165853,51.554223]}},{"type":"Feature","properties":{"type":"cafe","name":"Dune Brasserie"},"geometry":{"type":"Point","coordinates":[-0.135409,51.564436]}},{"type":"Feature","properties":{"type":"cafe","name":"Bread and Bean"},"geometry":{"type":"Point","coordinates":[-0.134898,51.564368]}},{"type":"Feature","properties":{"type":"cafe","name":"Eleventh Kitchen"},"geometry":{"type":"Point","coordinates":[-0.134928,51.564171]}},{"type":"Feature","properties":{"type":"cafe","name":"Aftertaste"},"geometry":{"type":"Point","coordinates":[-0.124271,51.569594]}},{"type":"Feature","properties":{"type":"cafe","name":"Aladdin's"},"geometry":{"type":"Point","coordinates":[-0.124382,51.56938]}},{"type":"Feature","properties":{"type":"cafe","name":"Gordon's Deli"},"geometry":{"type":"Point","coordinates":[-0.123247,51.507859]}},{"type":"Feature","properties":{"type":"cafe","name":"Red Lion Café"},"geometry":{"type":"Point","coordinates":[-0.119032,51.519275]}},{"type":"Feature","properties":{"type":"cafe","name":"Starbucks"},"geometry":{"type":"Point","coordinates":[-0.134324,51.565323]}},{"type":"Feature","properties":{"type":"cafe","name":"Costa"},"geometry":{"type":"Point","coordinates":[-0.13473,51.564515]}},{"type":"Feature","properties":{"type":"cafe","name":"The Gentlemen Baristas"},"geometry":{"type":"Point","coordinates":[-0.091816,51.505172]}},{"type":"Feature","properties":{"type":"cafe","name":"Monmouth Coffee Company"},"geometry":{"type":"Point","coordinates":[-0.09146,51.505509]}},{"type":"Feature","properties":{"type":"cafe","name":"The Roasting Plant Coffeeshop"},"geometry":{"type":"Point","coordinates":[-0.088713,51.50636]}},{"type":"Feature","properties":{"type":"cafe","name":"Kent Cafe"},"geometry":{"type":"Point","coordinates":[-0.141703,51.54481]}},{"type":"Feature","properties":{"type":"cafe","name":"Café Rossi"},"geometry":{"type":"Point","coordinates":[-0.089934,51.504619]}},{"type":"Feature","properties":{"type":"cafe","name":"Costa"},"geometry":{"type":"Point","coordinates":[-0.090926,51.504574]}},{"type":"Feature","properties":{"type":"cafe","name":"PAR"},"geometry":{"type":"Point","coordinates":[-0.102385,51.52294]}},{"type":"Feature","properties":{"type":"cafe","name":"Ryka's Café"},"geometry":{"type":"Point","coordinates":[-0.322378,51.2555]}},{"type":"Feature","properties":{"type":"cafe","name":"Finsbury Square Garden"},"geometry":{"type":"Point","coordinates":[-0.086278,51.520938]}},{"type":"Feature","properties":{"type":"cafe","name":"Be-oom"},"geometry":{"type":"Point","coordinates":[-0.109527,51.525818]}},{"type":"Feature","properties":{"type":"toilet","name":"Toilets"},"geometry":{"type":"Point","coordinates":[-0.145752,51.456997]}},{"type":"Feature","properties":{"type":"cafe","name":"Nelson's"},"geometry":{"type":"Point","coordinates":[-0.092946,51.50197]}},{"type":"Feature","properties":{"type":"cafe","name":"Common Pizza"},"geometry":{"type":"Point","coordinates":[-0.143298,51.460805]}},{"type":"Feature","properties":{"type":"cafe","name":"Parma Cafe"},"geometry":{"type":"Point","coordinates":[-0.138247,51.542217]}},{"type":"Feature","properties":{"type":"cafe","name":"Café"},"geometry":{"type":"Point","coordinates":[-0.178383,51.557834]}},{"type":"Feature","properties":{"type":"cafe","name":"Cremer"},"geometry":{"type":"Point","coordinates":[-0.07604,51.530752]}},{"type":"Feature","properties":{"type":"cafe","name":"Workshop Coffee Co."},"geometry":{"type":"Point","coordinates":[-0.102363,51.522342]}},{"type":"Feature","properties":{"type":"cafe","name":"Markfield Park Cafe"},"geometry":{"type":"Point","coordinates":[-0.061334,51.581659]}},{"type":"Feature","properties":{"type":"toilet","name":"Toilets"},"geometry":{"type":"Point","coordinates":[-0.122603,51.578099]}},{"type":"Feature","properties":{"type":"cafe","name":"The Giraffe Cafe"},"geometry":{"type":"Point","coordinates":[-0.173021,51.555019]}},{"type":"Feature","properties":{"type":"cafe","name":"Dalston Eastern Curve Garden"},"geometry":{"type":"Point","coordinates":[-0.074145,51.546542]}},{"type":"Feature","properties":{"type":"cafe","name":"Park View Cafe"},"geometry":{"type":"Point","coordinates":[-0.096465,51.570917]}},{"type":"Feature","properties":{"type":"cafe","name":"Canteen"},"geometry":{"type":"Point","coordinates":[-0.086686,51.445611]}},{"type":"Feature","properties":{"type":"toilet","name":"Toilets"},"geometry":{"type":"Point","coordinates":[-0.072743,51.573771]}},{"type":"Feature","properties":{"type":"cafe","name":"Joe & The Juice"},"geometry":{"type":"Point","coordinates":[-0.08917,51.511594]}},{"type":"Feature","properties":{"type":"toilet","name":"Toilets"},"geometry":{"type":"Point","coordinates":[-0.073668,51.437283]}},{"type":"Feature","properties":{"type":"cafe","name":"Cafe Maya"},"geometry":{"type":"Point","coordinates":[-0.110704,51.525304]}},{"type":"Feature","properties":{"type":"cafe","name":"Devotion"},"geometry":{"type":"Point","coordinates":[-0.110445,51.525799]}},{"type":"Feature","properties":{"type":"cafe","name":"Bada Bing!"},"geometry":{"type":"Point","coordinates":[-0.101938,51.522764]}},{"type":"Feature","properties":{"type":"cafe","name":"Caffè Nero"},"geometry":{"type":"Point","coordinates":[-0.109868,51.525311]}},{"type":"Feature","properties":{"type":"cafe","name":"Cafe Mode"},"geometry":{"type":"Point","coordinates":[-0.125561,51.514955]}},{"type":"Feature","properties":{"type":"cafe","name":"Orrery Epicerie"},"geometry":{"type":"Point","coordinates":[-0.151374,51.522081]}},{"type":"Feature","properties":{"type":"cafe","name":"Granger & Co."},"geometry":{"type":"Point","coordinates":[-0.151917,51.519105]}},{"type":"Feature","properties":{"type":"cafe","name":"Get Fresh"},"geometry":{"type":"Point","coordinates":[-0.19983,51.481751]}},{"type":"Feature","properties":{"type":"cafe","name":"Mamolo"},"geometry":{"type":"Point","coordinates":[-0.188784,51.480373]}},{"type":"Feature","properties":{"type":"cafe","name":"The Travel Cafe"},"geometry":{"type":"Point","coordinates":[-0.111441,51.551635]}},{"type":"Feature","properties":{"type":"cafe","name":"El Rincon Quiteño"},"geometry":{"type":"Point","coordinates":[-0.111055,51.551455]}},{"type":"Feature","properties":{"type":"cafe","name":"Miki's Paradise"},"geometry":{"type":"Point","coordinates":[-0.110727,51.5512]}},{"type":"Feature","properties":{"type":"cafe","name":"Frozen River Bubble Tea"},"geometry":{"type":"Point","coordinates":[-0.110437,51.55103]}},{"type":"Feature","properties":{"type":"cafe","name":"Andino Cafe"},"geometry":{"type":"Point","coordinates":[-0.132616,51.564978]}},{"type":"Feature","properties":{"type":"cafe","name":"Fernandez & Wells"},"geometry":{"type":"Point","coordinates":[-0.129027,51.515339]}},{"type":"Feature","properties":{"type":"cafe","name":"Lincolns"},"geometry":{"type":"Point","coordinates":[-0.118714,51.516942]}},{"type":"Feature","properties":{"type":"cafe","name":"Dr Hammer"},"geometry":{"type":"Point","coordinates":[-0.121676,51.517278]}},{"type":"Feature","properties":{"type":"cafe","name":"Grind"},"geometry":{"type":"Point","coordinates":[-0.088154,51.525957]}},{"type":"Feature","properties":{"type":"cafe","name":"FWD:Coffee"},"geometry":{"type":"Point","coordinates":[-0.107938,51.523311]}},{"type":"Feature","properties":{"type":"cafe","name":"The Grubberie"},"geometry":{"type":"Point","coordinates":[-0.107708,51.524315]}},{"type":"Feature","properties":{"type":"cafe","name":"Artisserie"},"geometry":{"type":"Point","coordinates":[-0.105174,51.523237]}},{"type":"Feature","properties":{"type":"cafe","name":"Nero Express"},"geometry":{"type":"Point","coordinates":[-0.093606,51.512553]}},{"type":"Feature","properties":{"type":"cafe","name":"Rosslyn"},"geometry":{"type":"Point","coordinates":[-0.093437,51.512579]}},{"type":"Feature","properties":{"type":"cafe","name":"Koshari Street"},"geometry":{"type":"Point","coordinates":[-0.092133,51.511867]}},{"type":"Feature","properties":{"type":"cafe","name":"Starbucks"},"geometry":{"type":"Point","coordinates":[-0.082976,51.513272]}},{"type":"Feature","properties":{"type":"cafe","name":"Cheese & Peppers"},"geometry":{"type":"Point","coordinates":[-0.084877,51.510874]}},{"type":"Feature","properties":{"type":"cafe","name":"Savoy"},"geometry":{"type":"Point","coordinates":[-0.078317,51.522972]}},{"type":"Feature","properties":{"type":"cafe","name":"Corner Savoy"},"geometry":{"type":"Point","coordinates":[-0.078037,51.522825]}},{"type":"Feature","properties":{"type":"cafe","name":"T4 Tea For U"},"geometry":{"type":"Point","coordinates":[-0.086467,51.526109]}},{"type":"Feature","properties":{"type":"cafe","name":"Attendant"},"geometry":{"type":"Point","coordinates":[-0.082478,51.525676]}},{"type":"Feature","properties":{"type":"cafe","name":"Cafe Ma-Do"},"geometry":{"type":"Point","coordinates":[-0.123306,51.517151]}},{"type":"Feature","properties":{"type":"cafe","name":"Wild & Coffee Company"},"geometry":{"type":"Point","coordinates":[-0.123833,51.517096]}},{"type":"Feature","properties":{"type":"cafe","name":"Lever & Bloom Coffee"},"geometry":{"type":"Point","coordinates":[-0.126043,51.516521]}},{"type":"Feature","properties":{"type":"cafe","name":"Caffè Nero"},"geometry":{"type":"Point","coordinates":[-0.131394,51.513246]}},{"type":"Feature","properties":{"type":"cafe","name":"Joe & The Juice"},"geometry":{"type":"Point","coordinates":[-0.131958,51.513076]}},{"type":"Feature","properties":{"type":"cafe","name":"Z Cafe"},"geometry":{"type":"Point","coordinates":[-0.129721,51.51369]}},{"type":"Feature","properties":{"type":"cafe","name":"Hatch Waffles"},"geometry":{"type":"Point","coordinates":[-0.129938,51.513565]}},{"type":"Feature","properties":{"type":"cafe","name":"Caffè Nero"},"geometry":{"type":"Point","coordinates":[-0.129558,51.513687]}},{"type":"Feature","properties":{"type":"cafe","name":"Chatime"},"geometry":{"type":"Point","coordinates":[-0.129948,51.513622]}},{"type":"Feature","properties":{"type":"cafe","name":"ChaTraMue"},"geometry":{"type":"Point","coordinates":[-0.132779,51.512692]}},{"type":"Feature","properties":{"type":"cafe","name":"Starbucks"},"geometry":{"type":"Point","coordinates":[-0.13326,51.512718]}},{"type":"Feature","properties":{"type":"cafe","name":"Cafe Verona"},"geometry":{"type":"Point","coordinates":[-0.088335,51.517598]}},{"type":"Feature","properties":{"type":"cafe","name":"Pod"},"geometry":{"type":"Point","coordinates":[-0.087762,51.517271]}},{"type":"Feature","properties":{"type":"cafe","name":"Keu"},"geometry":{"type":"Point","coordinates":[-0.088095,51.517322]}},{"type":"Feature","properties":{"type":"cafe","name":"Cafe De Livio"},"geometry":{"type":"Point","coordinates":[-0.103111,51.517989]}},{"type":"Feature","properties":{"type":"cafe","name":"Nilly's Cafe"},"geometry":{"type":"Point","coordinates":[-0.07538,51.517119]}},{"type":"Feature","properties":{"type":"cafe","name":"Crisis Skylight Cafe"},"geometry":{"type":"Point","coordinates":[-0.073857,51.518045]}},{"type":"Feature","properties":{"type":"cafe","name":"Scotti's Snack Bar"},"geometry":{"type":"Point","coordinates":[-0.105635,51.523059]}},{"type":"Feature","properties":{"type":"cafe","name":"Costa"},"geometry":{"type":"Point","coordinates":[-0.163709,51.588902]}},{"type":"Feature","properties":{"type":"cafe","name":"Dan & Decarlo"},"geometry":{"type":"Point","coordinates":[-0.163899,51.587503]}},{"type":"Feature","properties":{"type":"cafe","name":"Franco's Take Away"},"geometry":{"type":"Point","coordinates":[-0.079782,51.526291]}},{"type":"Feature","properties":{"type":"cafe","name":"The Bike Shed"},"geometry":{"type":"Point","coordinates":[-0.078667,51.526936]}},{"type":"Feature","properties":{"type":"cafe","name":"Jimmy Jacks"},"geometry":{"type":"Point","coordinates":[-0.081314,51.522119]}},{"type":"Feature","properties":{"type":"cafe","name":"Shoreditch Artist Cafe"},"geometry":{"type":"Point","coordinates":[-0.081397,51.526865]}},{"type":"Feature","properties":{"type":"cafe","name":"Project 44"},"geometry":{"type":"Point","coordinates":[-0.081034,51.526003]}},{"type":"Feature","properties":{"type":"cafe","name":"FWD:Coffee"},"geometry":{"type":"Point","coordinates":[-0.080156,51.526121]}},{"type":"Feature","properties":{"type":"cafe","name":"Owlie"},"geometry":{"type":"Point","coordinates":[-0.096646,51.523835]}},{"type":"Feature","properties":{"type":"toilet","name":"Toilets"},"geometry":{"type":"Point","coordinates":[-0.106903,51.517958]}},{"type":"Feature","properties":{"type":"cafe","name":"26 Grains"},"geometry":{"type":"Point","coordinates":[-0.126305,51.514373]}},{"type":"Feature","properties":{"type":"cafe","name":"Arin Cafe"},"geometry":{"type":"Point","coordinates":[-0.072814,51.416194]}},{"type":"Feature","properties":{"type":"cafe","name":"The Paxton Centre"},"geometry":{"type":"Point","coordinates":[-0.074097,51.417691]}},{"type":"Feature","properties":{"type":"cafe","name":"Crespidia"},"geometry":{"type":"Point","coordinates":[-0.074224,51.417802]}},{"type":"Feature","properties":{"type":"cafe","name":"The Spoke"},"geometry":{"type":"Point","coordinates":[-0.128393,51.563707]}},{"type":"Feature","properties":{"type":"cafe","name":"Crespidia Coffee"},"geometry":{"type":"Point","coordinates":[-0.072317,51.416199]}},{"type":"Feature","properties":{"type":"cafe","name":"Poppy Cafe"},"geometry":{"type":"Point","coordinates":[-0.135449,51.314958]}},{"type":"Feature","properties":{"type":"cafe","name":"Cadence Performance"},"geometry":{"type":"Point","coordinates":[-0.077798,51.419645]}},{"type":"Feature","properties":{"type":"cafe","name":"Gesya Cafe"},"geometry":{"type":"Point","coordinates":[-0.08486,51.546691]}},{"type":"Feature","properties":{"type":"cafe","name":"Bloom"},"geometry":{"type":"Point","coordinates":[-0.079635,51.419575]}},{"type":"Feature","properties":{"type":"cafe","name":"a small place"},"geometry":{"type":"Point","coordinates":[-0.123493,51.568953]}},{"type":"Feature","properties":{"type":"cafe","name":"Humdingers"},"geometry":{"type":"Point","coordinates":[-0.123679,51.569544]}},{"type":"Feature","properties":{"type":"cafe","name":"Ivy and the Wolf – Plant Shop, Homeware & Café"},"geometry":{"type":"Point","coordinates":[-0.080117,51.419832]}},{"type":"Feature","properties":{"type":"cafe","name":"Mooboo"},"geometry":{"type":"Point","coordinates":[-0.079132,51.419882]}},{"type":"Feature","properties":{"type":"cafe","name":"Bühler & Co."},"geometry":{"type":"Point","coordinates":[-0.017158,51.59058]}},{"type":"Feature","properties":{"type":"cafe","name":"Craftworks"},"geometry":{"type":"Point","coordinates":[-0.018464,51.589636]}},{"type":"Feature","properties":{"type":"cafe","name":"Speedfast Internet Cafe"},"geometry":{"type":"Point","coordinates":[-0.017691,51.590082]}},{"type":"Feature","properties":{"type":"cafe","name":"Amore"},"geometry":{"type":"Point","coordinates":[-0.015599,51.59001]}},{"type":"Feature","properties":{"type":"cafe","name":"Coffee & Cream"},"geometry":{"type":"Point","coordinates":[-0.015499,51.59006]}},{"type":"Feature","properties":{"type":"cafe","name":"Enjoy Cafe"},"geometry":{"type":"Point","coordinates":[-0.016047,51.590082]}},{"type":"Feature","properties":{"type":"cafe","name":"Wynwood Art District"},"geometry":{"type":"Point","coordinates":[-0.017087,51.590339]}},{"type":"Feature","properties":{"type":"cafe","name":"Tommy's Tuc Inn Cafe"},"geometry":{"type":"Point","coordinates":[-0.021747,51.590529]}},{"type":"Feature","properties":{"type":"cafe","name":"Caffe Delight"},"geometry":{"type":"Point","coordinates":[-0.004855,51.590877]}},{"type":"Feature","properties":{"type":"cafe","name":"Corner Coffee Shop"},"geometry":{"type":"Point","coordinates":[-0.005084,51.591785]}},{"type":"Feature","properties":{"type":"cafe","name":"The Deli"},"geometry":{"type":"Point","coordinates":[-0.013319,51.582227]}},{"type":"Feature","properties":{"type":"cafe","name":"The Village Bakery"},"geometry":{"type":"Point","coordinates":[-0.013385,51.582196]}},{"type":"Feature","properties":{"type":"cafe","name":"Coffee Cup"},"geometry":{"type":"Point","coordinates":[-0.177218,51.555773]}},{"type":"Feature","properties":{"type":"cafe","name":"Le Pain Quotidien"},"geometry":{"type":"Point","coordinates":[-0.178046,51.556511]}},{"type":"Feature","properties":{"type":"cafe","name":"The Beach Hut"},"geometry":{"type":"Point","coordinates":[-0.152752,51.535686]}},{"type":"Feature","properties":{"type":"toilet","name":"Toilets"},"geometry":{"type":"Point","coordinates":[-0.155157,51.535755]}},{"type":"Feature","properties":{"type":"cafe","name":"N4 Coffee Fruit"},"geometry":{"type":"Point","coordinates":[-0.110791,51.568955]}},{"type":"Feature","properties":{"type":"cafe","name":"Kaspa's"},"geometry":{"type":"Point","coordinates":[-0.194838,51.457039]}},{"type":"Feature","properties":{"type":"cafe","name":"Hopper Coffee House"},"geometry":{"type":"Point","coordinates":[-0.197034,51.457037]}},{"type":"Feature","properties":{"type":"cafe","name":"Honey Cake"},"geometry":{"type":"Point","coordinates":[-0.197305,51.456985]}},{"type":"Feature","properties":{"type":"cafe","name":"The Embankment Cafe"},"geometry":{"type":"Point","coordinates":[-0.121187,51.508377]}},{"type":"Feature","properties":{"type":"cafe","name":"Dudley's"},"geometry":{"type":"Point","coordinates":[-0.003434,51.587453]}},{"type":"Feature","properties":{"type":"cafe","name":"Moonlight Cafe"},"geometry":{"type":"Point","coordinates":[-0.003482,51.587497]}},{"type":"Feature","properties":{"type":"cafe","name":"Doner & Gyros"},"geometry":{"type":"Point","coordinates":[-0.022846,51.507387]}},{"type":"Feature","properties":{"type":"cafe","name":"Silvio's Sandwich bar"},"geometry":{"type":"Point","coordinates":[-0.084011,51.524182]}},{"type":"Feature","properties":{"type":"cafe","name":"Ozone Coffee Roasters"},"geometry":{"type":"Point","coordinates":[-0.06119,51.532589]}},{"type":"Feature","properties":{"type":"cafe","name":"Café"},"geometry":{"type":"Point","coordinates":[-0.105108,51.514302]}},{"type":"Feature","properties":{"type":"cafe","name":"Rosslyn"},"geometry":{"type":"Point","coordinates":[-0.104696,51.514339]}},{"type":"Feature","properties":{"type":"cafe","name":"Blank Street Coffee"},"geometry":{"type":"Point","coordinates":[-0.104709,51.514023]}},{"type":"Feature","properties":{"type":"cafe","name":"Pavilion Cafe"},"geometry":{"type":"Point","coordinates":[-0.042889,51.5334]}},{"type":"Feature","properties":{"type":"toilet","name":"Lakeside Pavilion Toilets"},"geometry":{"type":"Point","coordinates":[-0.042679,51.533388]}},{"type":"Feature","properties":{"type":"cafe","name":"Broadway cafe & sandwich bar"},"geometry":{"type":"Point","coordinates":[-0.143195,51.593135]}},{"type":"Feature","properties":{"type":"cafe","name":"Beam"},"geometry":{"type":"Point","coordinates":[-0.143218,51.591995]}},{"type":"Feature","properties":{"type":"cafe","name":"Costa"},"geometry":{"type":"Point","coordinates":[-0.142417,51.591527]}},{"type":"Feature","properties":{"type":"cafe","name":"Beans and Blues"},"geometry":{"type":"Point","coordinates":[-0.143013,51.591558]}},{"type":"Feature","properties":{"type":"cafe","name":"Mooboo"},"geometry":{"type":"Point","coordinates":[-0.143342,51.592971]}},{"type":"Feature","properties":{"type":"cafe","name":"Sable D'or"},"geometry":{"type":"Point","coordinates":[-0.143072,51.591658]}},{"type":"Feature","properties":{"type":"cafe","name":"DNA"},"geometry":{"type":"Point","coordinates":[-0.075474,51.549535]}},{"type":"Feature","properties":{"type":"cafe","name":"Enjoy Cafe"},"geometry":{"type":"Point","coordinates":[-0.075526,51.549093]}},{"type":"Feature","properties":{"type":"cafe","name":"Mango Twist"},"geometry":{"type":"Point","coordinates":[-0.075519,51.549149]}},{"type":"Feature","properties":{"type":"cafe","name":"AOK"},"geometry":{"type":"Point","coordinates":[-0.079196,51.419318]}},{"type":"Feature","properties":{"type":"cafe","name":"Four Boroughs"},"geometry":{"type":"Point","coordinates":[-0.078972,51.419487]}},{"type":"Feature","properties":{"type":"cafe","name":"The Waterside Café"},"geometry":{"type":"Point","coordinates":[-0.161468,51.528869]}},{"type":"Feature","properties":{"type":"cafe","name":"Black Velvet Cafe"},"geometry":{"type":"Point","coordinates":[-0.120472,51.557341]}},{"type":"Feature","properties":{"type":"cafe","name":"Beans & Cream"},"geometry":{"type":"Point","coordinates":[-0.117904,51.558801]}},{"type":"Feature","properties":{"type":"cafe","name":"Yumchaa"},"geometry":{"type":"Point","coordinates":[-0.144105,51.538174]}},{"type":"Feature","properties":{"type":"cafe","name":"Angel's Café"},"geometry":{"type":"Point","coordinates":[-0.107968,51.567107]}},{"type":"Feature","properties":{"type":"cafe","name":"Costa"},"geometry":{"type":"Point","coordinates":[-0.107597,51.566866]}},{"type":"Feature","properties":{"type":"cafe","name":"Molen's Cafe"},"geometry":{"type":"Point","coordinates":[-0.107417,51.56669]}},{"type":"Feature","properties":{"type":"cafe","name":"Finsbury Breakfast"},"geometry":{"type":"Point","coordinates":[-0.114532,51.570559]}},{"type":"Feature","properties":{"type":"cafe","name":"Cafe Loris"},"geometry":{"type":"Point","coordinates":[-0.252906,51.466083]}},{"type":"Feature","properties":{"type":"cafe","name":"Uptown Cafe"},"geometry":{"type":"Point","coordinates":[-0.067085,51.412392]}},{"type":"Feature","properties":{"type":"cafe","name":"Cafe Paradou"},"geometry":{"type":"Point","coordinates":[-0.078586,51.42053]}},{"type":"Feature","properties":{"type":"cafe","name":"Cafe St Germain"},"geometry":{"type":"Point","coordinates":[-0.07868,51.420275]}},{"type":"Feature","properties":{"type":"cafe","name":"Mapa Cafe"},"geometry":{"type":"Point","coordinates":[-0.068027,51.510723]}},{"type":"Feature","properties":{"type":"cafe","name":"Amici Coffee Deli"},"geometry":{"type":"Point","coordinates":[-0.117789,51.556427]}},{"type":"Feature","properties":{"type":"cafe","name":"Bramble Bistro"},"geometry":{"type":"Point","coordinates":[-0.118655,51.557025]}},{"type":"Feature","properties":{"type":"cafe","name":"Long Shot"},"geometry":{"type":"Point","coordinates":[-0.068745,51.511707]}},{"type":"Feature","properties":{"type":"cafe","name":"Tataki"},"geometry":{"type":"Point","coordinates":[-0.068805,51.511783]}},{"type":"Feature","properties":{"type":"cafe","name":"La Dolce Vita"},"geometry":{"type":"Point","coordinates":[-0.068833,51.51182]}},{"type":"Feature","properties":{"type":"cafe","name":"11 Coffee & Co"},"geometry":{"type":"Point","coordinates":[-0.264286,51.464773]}},{"type":"Feature","properties":{"type":"cafe","name":"Lupo Bros"},"geometry":{"type":"Point","coordinates":[-0.263942,51.464793]}},{"type":"Feature","properties":{"type":"cafe","name":"Front Room Cafe"},"geometry":{"type":"Point","coordinates":[-0.111462,51.567965]}},{"type":"Feature","properties":{"type":"cafe","name":"Common Ground"},"geometry":{"type":"Point","coordinates":[-0.109414,51.567735]}},{"type":"Feature","properties":{"type":"cafe","name":"Whitechapel Gallery Cafe"},"geometry":{"type":"Point","coordinates":[-0.070035,51.5161]}},{"type":"Feature","properties":{"type":"cafe","name":"Exmouth Coffee Company"},"geometry":{"type":"Point","coordinates":[-0.070356,51.515983]}},{"type":"Feature","properties":{"type":"cafe","name":"Dulce"},"geometry":{"type":"Point","coordinates":[-0.070553,51.515916]}},{"type":"Feature","properties":{"type":"cafe","name":"Vesuvio"},"geometry":{"type":"Point","coordinates":[-0.029249,51.508464]}},{"type":"Feature","properties":{"type":"toilet","name":"Toilets"},"geometry":{"type":"Point","coordinates":[-0.134619,51.298477]}},{"type":"Feature","properties":{"type":"toilet","name":"Toilets"},"geometry":{"type":"Point","coordinates":[-0.135632,51.315274]}},{"type":"Feature","properties":{"type":"cafe","name":"Taverna in the Park"},"geometry":{"type":"Point","coordinates":[-0.015575,51.541769]}},{"type":"Feature","properties":{"type":"cafe","name":"Hoxton Cabin"},"geometry":{"type":"Point","coordinates":[-0.076911,51.530621]}},{"type":"Feature","properties":{"type":"cafe","name":"Joy Cafe Bar Juicery"},"geometry":{"type":"Point","coordinates":[-0.127026,51.56297]}},{"type":"Feature","properties":{"type":"cafe","name":"Cofforte Cafe"},"geometry":{"type":"Point","coordinates":[-0.126798,51.562845]}},{"type":"Feature","properties":{"type":"cafe","name":"Five Four Ate"},"geometry":{"type":"Point","coordinates":[-0.122112,51.559807]}},{"type":"Feature","properties":{"type":"cafe","name":"Bisha Restaurant"},"geometry":{"type":"Point","coordinates":[-0.121999,51.55973]}},{"type":"Feature","properties":{"type":"cafe","name":"Wallington Library Garden Cafe"},"geometry":{"type":"Point","coordinates":[-0.150779,51.357833]}},{"type":"Feature","properties":{"type":"cafe","name":"GAIL's"},"geometry":{"type":"Point","coordinates":[-0.140963,51.548111]}},{"type":"Feature","properties":{"type":"cafe","name":"Neighbourhood Organic"},"geometry":{"type":"Point","coordinates":[-0.140927,51.548369]}},{"type":"Feature","properties":{"type":"cafe","name":"Lahmacino"},"geometry":{"type":"Point","coordinates":[-0.121482,51.559406]}},{"type":"Feature","properties":{"type":"cafe","name":"Tiny Mammoth"},"geometry":{"type":"Point","coordinates":[-0.075676,51.52005]}},{"type":"Feature","properties":{"type":"toilet","name":"Toilets"},"geometry":{"type":"Point","coordinates":[-0.075684,51.51998]}},{"type":"Feature","properties":{"type":"cafe","name":"Crepe Affaire"},"geometry":{"type":"Point","coordinates":[-0.07558,51.519386]}},{"type":"Feature","properties":{"type":"cafe","name":"% Arabica"},"geometry":{"type":"Point","coordinates":[-0.077179,51.519435]}},{"type":"Feature","properties":{"type":"cafe","name":"Towpath Cafe"},"geometry":{"type":"Point","coordinates":[-0.081094,51.537208]}},{"type":"Feature","properties":{"type":"cafe","name":"Fresh Organic"},"geometry":{"type":"Point","coordinates":[-0.123266,51.515611]}},{"type":"Feature","properties":{"type":"cafe","name":"Cafe Verona"},"geometry":{"type":"Point","coordinates":[-0.123789,51.515923]}},{"type":"Feature","properties":{"type":"cafe","name":"Drury 188-189"},"geometry":{"type":"Point","coordinates":[-0.123931,51.516112]}},{"type":"Feature","properties":{"type":"cafe","name":"Colombian Coffee Company"},"geometry":{"type":"Point","coordinates":[-0.130487,51.513759]}},{"type":"Feature","properties":{"type":"cafe","name":"Caffè Nero"},"geometry":{"type":"Point","coordinates":[-0.328896,51.446305]}},{"type":"Feature","properties":{"type":"cafe","name":"Somjuk Thai Cafe"},"geometry":{"type":"Point","coordinates":[-0.328651,51.448006]}},{"type":"Feature","properties":{"type":"cafe","name":"Food Bowl Café"},"geometry":{"type":"Point","coordinates":[-0.21094,51.471882]}},{"type":"Feature","properties":{"type":"cafe","name":"Café"},"geometry":{"type":"Point","coordinates":[-0.197014,51.487044]}},{"type":"Feature","properties":{"type":"cafe","name":"The Fulham House"},"geometry":{"type":"Point","coordinates":[-0.20985,51.472521]}},{"type":"Feature","properties":{"type":"cafe","name":"Pedal Back Cycling"},"geometry":{"type":"Point","coordinates":[-0.19769,51.48682]}},{"type":"Feature","properties":{"type":"cafe","name":"Crystal Pantry Cafe"},"geometry":{"type":"Point","coordinates":[-0.078863,51.419544]}},{"type":"Feature","properties":{"type":"cafe","name":"Carpo"},"geometry":{"type":"Point","coordinates":[-0.135739,51.509599]}},{"type":"Feature","properties":{"type":"cafe","name":"Cakes & Bubbles by Albert Adrià"},"geometry":{"type":"Point","coordinates":[-0.136139,51.510068]}},{"type":"Feature","properties":{"type":"cafe","name":"Doppio Coffee Warehouse"},"geometry":{"type":"Point","coordinates":[-0.142127,51.546137]}},{"type":"Feature","properties":{"type":"cafe","name":"Mem's Cafe"},"geometry":{"type":"Point","coordinates":[-0.141356,51.551567]}},{"type":"Feature","properties":{"type":"cafe","name":"Bungalows Cafe"},"geometry":{"type":"Point","coordinates":[-0.056715,51.538188]}},{"type":"Feature","properties":{"type":"cafe","name":"Café"},"geometry":{"type":"Point","coordinates":[-0.07975,51.527924]}},{"type":"Feature","properties":{"type":"cafe","name":"Specialty Cafetiere"},"geometry":{"type":"Point","coordinates":[-0.063014,51.531749]}},{"type":"Feature","properties":{"type":"cafe","name":"Costa"},"geometry":{"type":"Point","coordinates":[-0.152573,51.444186]}},{"type":"Feature","properties":{"type":"cafe","name":"La Bodega Negra"},"geometry":{"type":"Point","coordinates":[-0.1298,51.513568]}},{"type":"Feature","properties":{"type":"toilet","name":"Toilets"},"geometry":{"type":"Point","coordinates":[-0.340603,51.405711]}},{"type":"Feature","properties":{"type":"cafe","name":"House Of Azura"},"geometry":{"type":"Point","coordinates":[-0.075442,51.550627]}},{"type":"Feature","properties":{"type":"cafe","name":"Maya's Stores"},"geometry":{"type":"Point","coordinates":[-0.095458,51.513414]}},{"type":"Feature","properties":{"type":"toilet","name":"Toilets"},"geometry":{"type":"Point","coordinates":[-0.292036,51.432235]}},{"type":"Feature","properties":{"type":"cafe","name":"Kingfisher Cafe"},"geometry":{"type":"Point","coordinates":[-0.075558,51.548508]}},{"type":"Feature","properties":{"type":"cafe","name":"Wandsworth Cafe"},"geometry":{"type":"Point","coordinates":[-0.192356,51.456879]}},{"type":"Feature","properties":{"type":"toilet","name":"Toilets"},"geometry":{"type":"Point","coordinates":[-0.346921,51.405004]}},{"type":"Feature","properties":{"type":"cafe","name":"Café"},"geometry":{"type":"Point","coordinates":[-0.079995,51.517443]}},{"type":"Feature","properties":{"type":"toilet","name":"Toilets"},"geometry":{"type":"Point","coordinates":[-0.286649,51.420367]}},{"type":"Feature","properties":{"type":"cafe","name":"Rosslyn"},"geometry":{"type":"Point","coordinates":[-0.083334,51.512197]}},{"type":"Feature","properties":{"type":"cafe","name":"Caffè Nero"},"geometry":{"type":"Point","coordinates":[-0.127159,51.513659]}},{"type":"Feature","properties":{"type":"cafe","name":"Maison Bertaux"},"geometry":{"type":"Point","coordinates":[-0.130198,51.51332]}},{"type":"Feature","properties":{"type":"cafe","name":"Arôme"},"geometry":{"type":"Point","coordinates":[-0.13128,51.512148]}},{"type":"Feature","properties":{"type":"cafe","name":"黑芙蕾 Héfaure"},"geometry":{"type":"Point","coordinates":[-0.130911,51.512269]}},{"type":"Feature","properties":{"type":"cafe","name":"ChaHalo 茶话弄"},"geometry":{"type":"Point","coordinates":[-0.1315,51.512464]}},{"type":"Feature","properties":{"type":"cafe","name":"Dish"},"geometry":{"type":"Point","coordinates":[-0.343934,51.40322]}},{"type":"Feature","properties":{"type":"cafe","name":"Five at the Bridge"},"geometry":{"type":"Point","coordinates":[-0.343933,51.403144]}},{"type":"Feature","properties":{"type":"cafe","name":"Café"},"geometry":{"type":"Point","coordinates":[-0.343571,51.40275]}},{"type":"Feature","properties":{"type":"cafe","name":"Bonne Bouche"},"geometry":{"type":"Point","coordinates":[-0.151723,51.51813]}},{"type":"Feature","properties":{"type":"cafe","name":"Nawras"},"geometry":{"type":"Point","coordinates":[-0.162334,51.514416]}},{"type":"Feature","properties":{"type":"cafe","name":"LA’Chi"},"geometry":{"type":"Point","coordinates":[-0.024972,51.509713]}},{"type":"Feature","properties":{"type":"cafe","name":"Vx"},"geometry":{"type":"Point","coordinates":[-0.119609,51.532971]}},{"type":"Feature","properties":{"type":"cafe","name":"Café Oz"},"geometry":{"type":"Point","coordinates":[-0.120205,51.53259]}},{"type":"Feature","properties":{"type":"cafe","name":"Blue River Cafe"},"geometry":{"type":"Point","coordinates":[-0.119441,51.532505]}},{"type":"Feature","properties":{"type":"cafe","name":"G!ro"},"geometry":{"type":"Point","coordinates":[-0.363225,51.371164]}},{"type":"Feature","properties":{"type":"cafe","name":"Sapori"},"geometry":{"type":"Point","coordinates":[-0.33676,51.445502]}},{"type":"Feature","properties":{"type":"cafe","name":"Starbucks"},"geometry":{"type":"Point","coordinates":[-0.200836,51.472688]}},{"type":"Feature","properties":{"type":"cafe","name":"Little H"},"geometry":{"type":"Point","coordinates":[-0.20149,51.472339]}},{"type":"Feature","properties":{"type":"cafe","name":"Living Room Club"},"geometry":{"type":"Point","coordinates":[-0.138948,51.541548]}},{"type":"Feature","properties":{"type":"cafe","name":"Caffè Nero"},"geometry":{"type":"Point","coordinates":[-0.128315,51.515859]}},{"type":"Feature","properties":{"type":"cafe","name":"Queen's Wood Café"},"geometry":{"type":"Point","coordinates":[-0.146288,51.581465]}},{"type":"Feature","properties":{"type":"cafe","name":"% Arabica"},"geometry":{"type":"Point","coordinates":[-0.062015,51.536501]}},{"type":"Feature","properties":{"type":"cafe","name":"Third Culture Deli"},"geometry":{"type":"Point","coordinates":[-0.062075,51.536415]}},{"type":"Feature","properties":{"type":"cafe","name":"Drupe"},"geometry":{"type":"Point","coordinates":[-0.061086,51.537333]}},{"type":"Feature","properties":{"type":"cafe","name":"Market Cafe"},"geometry":{"type":"Point","coordinates":[-0.062038,51.535683]}},{"type":"Feature","properties":{"type":"cafe","name":"Climpson & Sons"},"geometry":{"type":"Point","coordinates":[-0.061312,51.537465]}},{"type":"Feature","properties":{"type":"cafe","name":"The Bach"},"geometry":{"type":"Point","coordinates":[-0.061865,51.535998]}},{"type":"Feature","properties":{"type":"cafe","name":"Mess Cafe"},"geometry":{"type":"Point","coordinates":[-0.056814,51.548192]}},{"type":"Feature","properties":{"type":"cafe","name":"Incoming Coffee"},"geometry":{"type":"Point","coordinates":[-0.055342,51.548755]}},{"type":"Feature","properties":{"type":"cafe","name":"T4 Tea For U"},"geometry":{"type":"Point","coordinates":[-0.054725,51.549402]}},{"type":"Feature","properties":{"type":"cafe","name":"Marina Cafe"},"geometry":{"type":"Point","coordinates":[-0.054316,51.549541]}},{"type":"Feature","properties":{"type":"cafe","name":"Blank Street Coffee"},"geometry":{"type":"Point","coordinates":[-0.076797,51.524385]}},{"type":"Feature","properties":{"type":"cafe","name":"TYUK"},"geometry":{"type":"Point","coordinates":[-0.096354,51.524225]}},{"type":"Feature","properties":{"type":"cafe","name":"Net Plus Cafe"},"geometry":{"type":"Point","coordinates":[-0.031022,51.588914]}},{"type":"Feature","properties":{"type":"cafe","name":"AMT Coffee"},"geometry":{"type":"Point","coordinates":[-0.082014,51.51793]}},{"type":"Feature","properties":{"type":"cafe","name":"Starbucks"},"geometry":{"type":"Point","coordinates":[-0.080807,51.517422]}},{"type":"Feature","properties":{"type":"cafe","name":"Temptations Milkshake & Ice Cream Bar"},"geometry":{"type":"Point","coordinates":[-0.036209,51.587465]}},{"type":"Feature","properties":{"type":"cafe","name":"Spring Cafe"},"geometry":{"type":"Point","coordinates":[-0.033896,51.588076]}},{"type":"Feature","properties":{"type":"cafe","name":"Costa"},"geometry":{"type":"Point","coordinates":[-0.075201,51.547801]}},{"type":"Feature","properties":{"type":"cafe","name":"Cafe Rodi"},"geometry":{"type":"Point","coordinates":[-0.040093,51.587576]}},{"type":"Feature","properties":{"type":"cafe","name":"Costa"},"geometry":{"type":"Point","coordinates":[-0.328408,51.447744]}},{"type":"Feature","properties":{"type":"cafe","name":"Shel By's"},"geometry":{"type":"Point","coordinates":[-0.328201,51.447257]}},{"type":"Feature","properties":{"type":"cafe","name":"Esquires Coffee"},"geometry":{"type":"Point","coordinates":[-0.329312,51.445451]}},{"type":"Feature","properties":{"type":"cafe","name":"Urban Baristas"},"geometry":{"type":"Point","coordinates":[-0.328548,51.445892]}},{"type":"Feature","properties":{"type":"cafe","name":"Cupp"},"geometry":{"type":"Point","coordinates":[-0.328441,51.445988]}},{"type":"Feature","properties":{"type":"cafe","name":"DropShot Coffee"},"geometry":{"type":"Point","coordinates":[-0.219378,51.467168]}},{"type":"Feature","properties":{"type":"cafe","name":"Super Bakery"},"geometry":{"type":"Point","coordinates":[-0.075376,51.550007]}},{"type":"Feature","properties":{"type":"cafe","name":"Evin Cafe"},"geometry":{"type":"Point","coordinates":[-0.075373,51.550052]}},{"type":"Feature","properties":{"type":"cafe","name":"Bayte & Bean"},"geometry":{"type":"Point","coordinates":[-0.051589,51.551622]}},{"type":"Feature","properties":{"type":"cafe","name":"Cafe Oto"},"geometry":{"type":"Point","coordinates":[-0.074701,51.546945]}},{"type":"Feature","properties":{"type":"cafe","name":"Dead Good"},"geometry":{"type":"Point","coordinates":[-0.075774,51.543883]}},{"type":"Feature","properties":{"type":"cafe","name":"Today Bread"},"geometry":{"type":"Point","coordinates":[-0.05287,51.552372]}},{"type":"Feature","properties":{"type":"cafe","name":"Sahtain Cafe"},"geometry":{"type":"Point","coordinates":[-0.332061,51.445055]}},{"type":"Feature","properties":{"type":"cafe","name":"Jaunty Coffee"},"geometry":{"type":"Point","coordinates":[-0.036913,51.587701]}},{"type":"Feature","properties":{"type":"cafe","name":"Spicy Noodles Cafe"},"geometry":{"type":"Point","coordinates":[-0.153841,51.441857]}},{"type":"Feature","properties":{"type":"toilet","name":"Toilets"},"geometry":{"type":"Point","coordinates":[-0.36127,51.412599]}},{"type":"Feature","properties":{"type":"toilet","name":"Toilets"},"geometry":{"type":"Point","coordinates":[-0.056231,51.545524]}},{"type":"Feature","properties":{"type":"cafe","name":"Bluebell Bistro"},"geometry":{"type":"Point","coordinates":[-0.119416,51.55816]}},{"type":"Feature","properties":{"type":"cafe","name":"Eggs & Bread"},"geometry":{"type":"Point","coordinates":[-0.001671,51.58576]}},{"type":"Feature","properties":{"type":"cafe","name":"Lexpress Coffee"},"geometry":{"type":"Point","coordinates":[-0.119097,51.518551]}},{"type":"Feature","properties":{"type":"cafe","name":"Costa"},"geometry":{"type":"Point","coordinates":[-0.35522,51.428297]}},{"type":"Feature","properties":{"type":"cafe","name":"Benton's"},"geometry":{"type":"Point","coordinates":[-0.354133,51.428903]}},{"type":"Feature","properties":{"type":"cafe","name":"Hello Boba"},"geometry":{"type":"Point","coordinates":[-0.045558,51.492063]}},{"type":"Feature","properties":{"type":"cafe","name":"La Cigale"},"geometry":{"type":"Point","coordinates":[-0.045904,51.492226]}},{"type":"Feature","properties":{"type":"cafe","name":"Upper Rich Caffe"},"geometry":{"type":"Point","coordinates":[-0.263774,51.465135]}},{"type":"Feature","properties":{"type":"cafe","name":"Dharma"},"geometry":{"type":"Point","coordinates":[-0.306102,51.45975]}},{"type":"Feature","properties":{"type":"cafe","name":"Knoops"},"geometry":{"type":"Point","coordinates":[-0.306129,51.459666]}},{"type":"Feature","properties":{"type":"cafe","name":"Boutique Cafe"},"geometry":{"type":"Point","coordinates":[-0.266575,51.465238]}},{"type":"Feature","properties":{"type":"cafe","name":"Mocca Cafe"},"geometry":{"type":"Point","coordinates":[-0.306186,51.460409]}},{"type":"Feature","properties":{"type":"cafe","name":"Alianti"},"geometry":{"type":"Point","coordinates":[-0.306818,51.4601]}},{"type":"Feature","properties":{"type":"cafe","name":"Caffe Paola"},"geometry":{"type":"Point","coordinates":[-0.305443,51.457886]}},{"type":"Feature","properties":{"type":"cafe","name":"50 Hill Rise"},"geometry":{"type":"Point","coordinates":[-0.304221,51.457571]}},{"type":"Feature","properties":{"type":"cafe","name":"Wolk"},"geometry":{"type":"Point","coordinates":[-0.304998,51.457982]}},{"type":"Feature","properties":{"type":"cafe","name":"Blank Street Coffee"},"geometry":{"type":"Point","coordinates":[-0.304302,51.460685]}},{"type":"Feature","properties":{"type":"cafe","name":"RIN Matcha Bar"},"geometry":{"type":"Point","coordinates":[-0.305956,51.459629]}},{"type":"Feature","properties":{"type":"cafe","name":"Hydor"},"geometry":{"type":"Point","coordinates":[-0.303316,51.461216]}},{"type":"Feature","properties":{"type":"cafe","name":"Beirut Street Kitchen"},"geometry":{"type":"Point","coordinates":[-0.303349,51.461156]}},{"type":"Feature","properties":{"type":"cafe","name":"Joe & The Juice"},"geometry":{"type":"Point","coordinates":[-0.30348,51.461143]}},{"type":"Feature","properties":{"type":"cafe","name":"Coffeeology"},"geometry":{"type":"Point","coordinates":[-0.30273,51.461344]}},{"type":"Feature","properties":{"type":"cafe","name":"Grace"},"geometry":{"type":"Point","coordinates":[-0.101281,51.513254]}},{"type":"Feature","properties":{"type":"cafe","name":"Cocorico"},"geometry":{"type":"Point","coordinates":[-0.101281,51.51297]}},{"type":"Feature","properties":{"type":"cafe","name":"L'Express City"},"geometry":{"type":"Point","coordinates":[-0.101209,51.51309]}},{"type":"Feature","properties":{"type":"cafe","name":"Surbiton Cafe"},"geometry":{"type":"Point","coordinates":[-0.310604,51.391669]}},{"type":"Feature","properties":{"type":"cafe","name":"Star Nergiz Express"},"geometry":{"type":"Point","coordinates":[-0.013456,51.574612]}},{"type":"Feature","properties":{"type":"toilet","name":"Toilets"},"geometry":{"type":"Point","coordinates":[-0.051745,51.562117]}},{"type":"Feature","properties":{"type":"cafe","name":"Camden Burger Company"},"geometry":{"type":"Point","coordinates":[-0.142861,51.539616]}},{"type":"Feature","properties":{"type":"cafe","name":"Round Falafel"},"geometry":{"type":"Point","coordinates":[-0.145271,51.537281]}},{"type":"Feature","properties":{"type":"cafe","name":"The Coffee Jar"},"geometry":{"type":"Point","coordinates":[-0.14532,51.537223]}},{"type":"Feature","properties":{"type":"cafe","name":"One shot coffee"},"geometry":{"type":"Point","coordinates":[-0.145413,51.537698]}},{"type":"Feature","properties":{"type":"cafe","name":"Mooboo"},"geometry":{"type":"Point","coordinates":[-0.145416,51.537646]}},{"type":"Feature","properties":{"type":"cafe","name":"Starbucks"},"geometry":{"type":"Point","coordinates":[-0.143232,51.539007]}},{"type":"Feature","properties":{"type":"cafe","name":"Patisserie Citadelle Mauritian Shop"},"geometry":{"type":"Point","coordinates":[-0.01179,51.576413]}},{"type":"Feature","properties":{"type":"cafe","name":"Imad Cafe & Grill"},"geometry":{"type":"Point","coordinates":[-0.013432,51.575845]}},{"type":"Feature","properties":{"type":"cafe","name":"Lumi"},"geometry":{"type":"Point","coordinates":[-0.140389,51.536794]}},{"type":"Feature","properties":{"type":"cafe","name":"Lemonade Cafe"},"geometry":{"type":"Point","coordinates":[-0.012187,51.575638]}},{"type":"Feature","properties":{"type":"cafe","name":"Min Zhong Hoo Oriental Supermarket"},"geometry":{"type":"Point","coordinates":[-0.012325,51.575588]}},{"type":"Feature","properties":{"type":"cafe","name":"Johnston's Cafe"},"geometry":{"type":"Point","coordinates":[-0.012363,51.575536]}},{"type":"Feature","properties":{"type":"cafe","name":"Coffee Inn"},"geometry":{"type":"Point","coordinates":[-0.011392,51.57685]}},{"type":"Feature","properties":{"type":"cafe","name":"42 Beans"},"geometry":{"type":"Point","coordinates":[-0.140364,51.53622]}},{"type":"Feature","properties":{"type":"cafe","name":"Mei Leaf Teahouse"},"geometry":{"type":"Point","coordinates":[-0.140979,51.536753]}},{"type":"Feature","properties":{"type":"cafe","name":"Pickle and Rye"},"geometry":{"type":"Point","coordinates":[-0.26282,51.465198]}},{"type":"Feature","properties":{"type":"cafe","name":"Cafe Qios"},"geometry":{"type":"Point","coordinates":[-0.262173,51.465235]}},{"type":"Feature","properties":{"type":"cafe","name":"Neeman"},"geometry":{"type":"Point","coordinates":[-0.265348,51.464956]}},{"type":"Feature","properties":{"type":"cafe","name":"Caffè Nero"},"geometry":{"type":"Point","coordinates":[-0.266333,51.464965]}},{"type":"Feature","properties":{"type":"cafe","name":"Caffé 43"},"geometry":{"type":"Point","coordinates":[-0.138872,51.538156]}},{"type":"Feature","properties":{"type":"cafe","name":"Harris + Hoole"},"geometry":{"type":"Point","coordinates":[-0.268734,51.464059]}},{"type":"Feature","properties":{"type":"cafe","name":"Caffe’ Al Fresco"},"geometry":{"type":"Point","coordinates":[-0.271404,51.463982]}},{"type":"Feature","properties":{"type":"cafe","name":"Tin Cafe"},"geometry":{"type":"Point","coordinates":[-0.075978,51.540842]}},{"type":"Feature","properties":{"type":"cafe","name":"Luciano's Coffee"},"geometry":{"type":"Point","coordinates":[-0.133023,51.57056]}},{"type":"Feature","properties":{"type":"cafe","name":"U Dessert"},"geometry":{"type":"Point","coordinates":[-0.146734,51.570405]}},{"type":"Feature","properties":{"type":"cafe","name":"The Canteen Cafe & Sandwich Bar"},"geometry":{"type":"Point","coordinates":[-0.059554,51.532343]}},{"type":"Feature","properties":{"type":"cafe","name":"Muzza"},"geometry":{"type":"Point","coordinates":[-0.003507,51.580085]}},{"type":"Feature","properties":{"type":"cafe","name":"Leonardo Caffè"},"geometry":{"type":"Point","coordinates":[-0.265726,51.464686]}},{"type":"Feature","properties":{"type":"cafe","name":"Artisan"},"geometry":{"type":"Point","coordinates":[-0.266261,51.464626]}},{"type":"Feature","properties":{"type":"cafe","name":"Kozy"},"geometry":{"type":"Point","coordinates":[-0.262629,51.464873]}},{"type":"Feature","properties":{"type":"cafe","name":"Urban Bites"},"geometry":{"type":"Point","coordinates":[-0.002942,51.580633]}},{"type":"Feature","properties":{"type":"cafe","name":"Lamb's Cafe"},"geometry":{"type":"Point","coordinates":[-0.000908,51.58124]}},{"type":"Feature","properties":{"type":"cafe","name":"Bom Pecado"},"geometry":{"type":"Point","coordinates":[-0.001689,51.580918]}},{"type":"Feature","properties":{"type":"cafe","name":"Bayhams Cafe & Restaurant"},"geometry":{"type":"Point","coordinates":[-0.140544,51.537916]}},{"type":"Feature","properties":{"type":"cafe","name":"Cafe Nano"},"geometry":{"type":"Point","coordinates":[-0.296957,51.461872]}},{"type":"Feature","properties":{"type":"cafe","name":"Piccolo Bar"},"geometry":{"type":"Point","coordinates":[-0.1015,51.512249]}},{"type":"Feature","properties":{"type":"cafe","name":"Carter Lane Coffee House"},"geometry":{"type":"Point","coordinates":[-0.101599,51.513319]}},{"type":"Feature","properties":{"type":"cafe","name":"Loaf"},"geometry":{"type":"Point","coordinates":[-0.11225,51.521862]}},{"type":"Feature","properties":{"type":"cafe","name":"Alchemy"},"geometry":{"type":"Point","coordinates":[-0.102574,51.513413]}},{"type":"Feature","properties":{"type":"cafe","name":"Costa"},"geometry":{"type":"Point","coordinates":[-0.104486,51.513084]}},{"type":"Feature","properties":{"type":"cafe","name":"Town Cafe"},"geometry":{"type":"Point","coordinates":[-0.141412,51.546176]}},{"type":"Feature","properties":{"type":"toilet","name":"Toilets"},"geometry":{"type":"Point","coordinates":[-0.194106,51.572128]}},{"type":"Feature","properties":{"type":"cafe","name":"Cabmen's Shelter"},"geometry":{"type":"Point","coordinates":[-0.114684,51.511038]}},{"type":"Feature","properties":{"type":"cafe","name":"Whiskers & Cream Cat Cafe"},"geometry":{"type":"Point","coordinates":[-0.128321,51.563298]}},{"type":"Feature","properties":{"type":"cafe","name":"Rough & Ready"},"geometry":{"type":"Point","coordinates":[-0.030976,51.483902]}},{"type":"Feature","properties":{"type":"cafe","name":"Highgate Urban Baristas"},"geometry":{"type":"Point","coordinates":[-0.148076,51.5709]}},{"type":"Feature","properties":{"type":"cafe","name":"Caffè Nero"},"geometry":{"type":"Point","coordinates":[-0.147855,51.570853]}},{"type":"Feature","properties":{"type":"cafe","name":"CoCo Fresh Tea & Juice"},"geometry":{"type":"Point","coordinates":[-0.103984,51.520012]}},{"type":"Feature","properties":{"type":"cafe","name":"Black Sheep Coffee"},"geometry":{"type":"Point","coordinates":[-0.104096,51.520037]}},{"type":"Feature","properties":{"type":"cafe","name":"Anfa Café"},"geometry":{"type":"Point","coordinates":[-0.101864,51.522341]}},{"type":"Feature","properties":{"type":"cafe","name":"Rosetta"},"geometry":{"type":"Point","coordinates":[-0.14134,51.59084]}},{"type":"Feature","properties":{"type":"cafe","name":"Costa"},"geometry":{"type":"Point","coordinates":[-0.105226,51.520044]}},{"type":"Feature","properties":{"type":"cafe","name":"Alfredo's Sandwich Bar"},"geometry":{"type":"Point","coordinates":[-0.090134,51.515781]}},{"type":"Feature","properties":{"type":"cafe","name":"Apostrophe"},"geometry":{"type":"Point","coordinates":[-0.09152,51.514912]}},{"type":"Feature","properties":{"type":"cafe","name":"C Verona"},"geometry":{"type":"Point","coordinates":[-0.090824,51.515741]}},{"type":"Feature","properties":{"type":"cafe","name":"Caffé Bellissimo"},"geometry":{"type":"Point","coordinates":[-0.350743,51.436492]}},{"type":"Feature","properties":{"type":"cafe","name":"The Highgate Pantry"},"geometry":{"type":"Point","coordinates":[-0.149094,51.570945]}},{"type":"Feature","properties":{"type":"cafe","name":"Starbucks Coffee"},"geometry":{"type":"Point","coordinates":[-0.088067,51.51267]}},{"type":"Feature","properties":{"type":"cafe","name":"Nero Express"},"geometry":{"type":"Point","coordinates":[-0.089948,51.511172]}},{"type":"Feature","properties":{"type":"cafe","name":"Lexpress Coffee"},"geometry":{"type":"Point","coordinates":[-0.088695,51.511503]}},{"type":"Feature","properties":{"type":"cafe","name":"Spring Rose Cafe & Restaurant"},"geometry":{"type":"Point","coordinates":[-0.085388,51.54108]}},{"type":"Feature","properties":{"type":"cafe","name":"Cafe Z Bar"},"geometry":{"type":"Point","coordinates":[-0.073997,51.558466]}},{"type":"Feature","properties":{"type":"toilet","name":"Toilets"},"geometry":{"type":"Point","coordinates":[-0.060489,51.537811]}},{"type":"Feature","properties":{"type":"cafe","name":"Puccino's"},"geometry":{"type":"Point","coordinates":[-0.165065,51.241048]}},{"type":"Feature","properties":{"type":"cafe","name":"The Boathouse Cafe"},"geometry":{"type":"Point","coordinates":[-0.059173,51.573241]}},{"type":"Feature","properties":{"type":"cafe","name":"Caffe Concerto"},"geometry":{"type":"Point","coordinates":[-0.126704,51.507092]}},{"type":"Feature","properties":{"type":"cafe","name":"Giovanni's"},"geometry":{"type":"Point","coordinates":[-0.125372,51.517345]}},{"type":"Feature","properties":{"type":"cafe","name":"H.J.Aris Café and Antiques"},"geometry":{"type":"Point","coordinates":[-0.074421,51.546351]}},{"type":"Feature","properties":{"type":"cafe","name":"Franx Continental Café"},"geometry":{"type":"Point","coordinates":[-0.126612,51.515226]}},{"type":"Feature","properties":{"type":"cafe","name":"Caffé Stella"},"geometry":{"type":"Point","coordinates":[-0.107047,51.519786]}},{"type":"Feature","properties":{"type":"cafe","name":"Buffet Bar"},"geometry":{"type":"Point","coordinates":[-0.107291,51.519576]}},{"type":"Feature","properties":{"type":"cafe","name":"Terroni of Clerkenwell"},"geometry":{"type":"Point","coordinates":[-0.109315,51.522153]}},{"type":"Feature","properties":{"type":"cafe","name":"Taza Meza"},"geometry":{"type":"Point","coordinates":[-0.108307,51.521937]}},{"type":"Feature","properties":{"type":"cafe","name":"Café"},"geometry":{"type":"Point","coordinates":[-0.106265,51.520424]}},{"type":"Feature","properties":{"type":"cafe","name":"Little Oak Coffee"},"geometry":{"type":"Point","coordinates":[-0.150906,51.554973]}},{"type":"Feature","properties":{"type":"cafe","name":"Arch's Kitchen"},"geometry":{"type":"Point","coordinates":[-0.056925,51.531301]}},{"type":"Feature","properties":{"type":"cafe","name":"Café Tres"},"geometry":{"type":"Point","coordinates":[-0.057471,51.533185]}},{"type":"Feature","properties":{"type":"cafe","name":"Donny's"},"geometry":{"type":"Point","coordinates":[-0.057724,51.538002]}},{"type":"Feature","properties":{"type":"cafe","name":"Number One Cafe"},"geometry":{"type":"Point","coordinates":[-0.054214,51.539977]}},{"type":"Feature","properties":{"type":"cafe","name":"Zoha"},"geometry":{"type":"Point","coordinates":[-0.054829,51.539891]}},{"type":"Feature","properties":{"type":"cafe","name":"Pierrette"},"geometry":{"type":"Point","coordinates":[-0.055733,51.544483]}},{"type":"Feature","properties":{"type":"cafe","name":"Brunchies"},"geometry":{"type":"Point","coordinates":[-0.093883,51.471674]}},{"type":"Feature","properties":{"type":"cafe","name":"Fresh Bites"},"geometry":{"type":"Point","coordinates":[-0.121718,51.559524]}},{"type":"Feature","properties":{"type":"cafe","name":"Narrow Kitchen"},"geometry":{"type":"Point","coordinates":[-0.054854,51.548996]}},{"type":"Feature","properties":{"type":"cafe","name":"The Full English"},"geometry":{"type":"Point","coordinates":[-0.053027,51.553341]}},{"type":"Feature","properties":{"type":"cafe","name":"Lodestar"},"geometry":{"type":"Point","coordinates":[-0.05623,51.55526]}},{"type":"Feature","properties":{"type":"cafe","name":"La Bottega Del Caffé"},"geometry":{"type":"Point","coordinates":[-0.055852,51.555811]}},{"type":"Feature","properties":{"type":"cafe","name":"Hash E8"},"geometry":{"type":"Point","coordinates":[-0.044278,51.537368]}},{"type":"Feature","properties":{"type":"cafe","name":"Shoyu Cafe"},"geometry":{"type":"Point","coordinates":[-0.034035,51.523287]}},{"type":"Feature","properties":{"type":"cafe","name":"Costa"},"geometry":{"type":"Point","coordinates":[-0.035279,51.524605]}},{"type":"Feature","properties":{"type":"cafe","name":"Lucky Tea"},"geometry":{"type":"Point","coordinates":[-0.035657,51.524979]}},{"type":"Feature","properties":{"type":"cafe","name":"Starbucks"},"geometry":{"type":"Point","coordinates":[-0.035276,51.525123]}},{"type":"Feature","properties":{"type":"cafe","name":"Bagel On The Park"},"geometry":{"type":"Point","coordinates":[-0.044083,51.536525]}},{"type":"Feature","properties":{"type":"cafe","name":"Fayre Share"},"geometry":{"type":"Point","coordinates":[-0.043816,51.538209]}},{"type":"Feature","properties":{"type":"cafe","name":"Beans & Beyond"},"geometry":{"type":"Point","coordinates":[-0.028202,51.512137]}},{"type":"Feature","properties":{"type":"cafe","name":"Coffee London"},"geometry":{"type":"Point","coordinates":[-0.033701,51.525095]}},{"type":"Feature","properties":{"type":"cafe","name":"Dribble Tea"},"geometry":{"type":"Point","coordinates":[-0.054634,51.540143]}},{"type":"Feature","properties":{"type":"cafe","name":"Cafe Oasis"},"geometry":{"type":"Point","coordinates":[-0.138832,51.32053]}},{"type":"Feature","properties":{"type":"cafe","name":"Bella Art"},"geometry":{"type":"Point","coordinates":[-0.13937,51.319357]}},{"type":"Feature","properties":{"type":"cafe","name":"Crocodile Cafe"},"geometry":{"type":"Point","coordinates":[-0.143381,51.590167]}},{"type":"Feature","properties":{"type":"cafe","name":"DD's Cafe"},"geometry":{"type":"Point","coordinates":[-0.140146,51.320164]}},{"type":"Feature","properties":{"type":"cafe","name":"Cloudy Sips"},"geometry":{"type":"Point","coordinates":[-0.054085,51.539996]}},{"type":"Feature","properties":{"type":"cafe","name":"Nero Express"},"geometry":{"type":"Point","coordinates":[-0.088326,51.518434]}},{"type":"Feature","properties":{"type":"cafe","name":"Ozone Coffee Roasters"},"geometry":{"type":"Point","coordinates":[-0.086738,51.524704]}},{"type":"Feature","properties":{"type":"cafe","name":"Rosie Chai"},"geometry":{"type":"Point","coordinates":[-0.326783,51.446961]}},{"type":"Feature","properties":{"type":"cafe","name":"Snax Café"},"geometry":{"type":"Point","coordinates":[-0.327787,51.446632]}},{"type":"Feature","properties":{"type":"cafe","name":"Riccardo's"},"geometry":{"type":"Point","coordinates":[-0.084592,51.522608]}},{"type":"Feature","properties":{"type":"cafe","name":"Jujuhome Cha"},"geometry":{"type":"Point","coordinates":[-0.076126,51.523485]}},{"type":"Feature","properties":{"type":"cafe","name":"Love Churros"},"geometry":{"type":"Point","coordinates":[-0.075874,51.523483]}},{"type":"Feature","properties":{"type":"cafe","name":"Bones Espresso"},"geometry":{"type":"Point","coordinates":[-0.327175,51.447308]}},{"type":"Feature","properties":{"type":"cafe","name":"Drapers Cafe"},"geometry":{"type":"Point","coordinates":[-0.004828,51.551097]}},{"type":"Feature","properties":{"type":"cafe","name":"Costa"},"geometry":{"type":"Point","coordinates":[-0.355763,51.426668]}},{"type":"Feature","properties":{"type":"cafe","name":"Artsadmin Canteen"},"geometry":{"type":"Point","coordinates":[-0.071853,51.516472]}},{"type":"Feature","properties":{"type":"cafe","name":"Starbucks"},"geometry":{"type":"Point","coordinates":[-0.267456,51.333103]}},{"type":"Feature","properties":{"type":"cafe","name":"Caffè Nero"},"geometry":{"type":"Point","coordinates":[-0.269298,51.332748]}},{"type":"Feature","properties":{"type":"cafe","name":"Muburakiya"},"geometry":{"type":"Point","coordinates":[-0.163056,51.519648]}},{"type":"Feature","properties":{"type":"cafe","name":"Cafe Zizou"},"geometry":{"type":"Point","coordinates":[-0.329868,51.445762]}},{"type":"Feature","properties":{"type":"cafe","name":"Saint Espresso"},"geometry":{"type":"Point","coordinates":[-0.021981,51.546242]}},{"type":"Feature","properties":{"type":"cafe","name":"Rich Café"},"geometry":{"type":"Point","coordinates":[-0.308935,51.456435]}},{"type":"Feature","properties":{"type":"cafe","name":"Brunch Cafe and Grill"},"geometry":{"type":"Point","coordinates":[-0.008172,51.571661]}},{"type":"Feature","properties":{"type":"cafe","name":"North Lodge Cafe"},"geometry":{"type":"Point","coordinates":[-0.19409,51.48779]}},{"type":"Feature","properties":{"type":"toilet","name":"Toilets"},"geometry":{"type":"Point","coordinates":[-0.027061,51.505916]}},{"type":"Feature","properties":{"type":"cafe","name":"Kiss The Hippo"},"geometry":{"type":"Point","coordinates":[-0.088121,51.527101]}},{"type":"Feature","properties":{"type":"cafe","name":"Manoo and Rita"},"geometry":{"type":"Point","coordinates":[-0.311656,51.454708]}},{"type":"Feature","properties":{"type":"cafe","name":"Rizidence"},"geometry":{"type":"Point","coordinates":[-0.310377,51.455313]}},{"type":"Feature","properties":{"type":"cafe","name":"Icon coffee"},"geometry":{"type":"Point","coordinates":[-0.356944,51.425974]}},{"type":"Feature","properties":{"type":"cafe","name":"Jovanni’s Café"},"geometry":{"type":"Point","coordinates":[-0.356933,51.425553]}},{"type":"Feature","properties":{"type":"cafe","name":"Thyme at the Park"},"geometry":{"type":"Point","coordinates":[-0.358657,51.42343]}},{"type":"Feature","properties":{"type":"cafe","name":"Paws for Coffee"},"geometry":{"type":"Point","coordinates":[-0.358402,51.424095]}},{"type":"Feature","properties":{"type":"cafe","name":"Lido Cafe"},"geometry":{"type":"Point","coordinates":[-0.151524,51.556698]}},{"type":"Feature","properties":{"type":"cafe","name":"Euro Cafe"},"geometry":{"type":"Point","coordinates":[-0.076935,51.538832]}},{"type":"Feature","properties":{"type":"cafe","name":"52a Coffee House"},"geometry":{"type":"Point","coordinates":[-0.085375,51.539615]}},{"type":"Feature","properties":{"type":"cafe","name":"Roots & Berries"},"geometry":{"type":"Point","coordinates":[-0.20238,51.456881]}},{"type":"Feature","properties":{"type":"cafe","name":"Piptree"},"geometry":{"type":"Point","coordinates":[-0.20456,51.456932]}},{"type":"Feature","properties":{"type":"cafe","name":"Heavenly Desserts"},"geometry":{"type":"Point","coordinates":[-0.008772,51.541596]}},{"type":"Feature","properties":{"type":"toilet","name":"Toilets"},"geometry":{"type":"Point","coordinates":[-0.134051,51.591144]}},{"type":"Feature","properties":{"type":"cafe","name":"Café Nespresso"},"geometry":{"type":"Point","coordinates":[-0.092552,51.514022]}},{"type":"Feature","properties":{"type":"cafe","name":"% Arabica"},"geometry":{"type":"Point","coordinates":[-0.091192,51.505845]}},{"type":"Feature","properties":{"type":"cafe","name":"Elliot's"},"geometry":{"type":"Point","coordinates":[-0.091611,51.505654]}},{"type":"Feature","properties":{"type":"cafe","name":"Pistachio"},"geometry":{"type":"Point","coordinates":[-0.312498,51.411124]}},{"type":"Feature","properties":{"type":"cafe","name":"Susleny Coffee"},"geometry":{"type":"Point","coordinates":[-0.100079,51.513116]}},{"type":"Feature","properties":{"type":"cafe","name":"Costa"},"geometry":{"type":"Point","coordinates":[-0.103436,51.514021]}},{"type":"Feature","properties":{"type":"cafe","name":"Ozone Coffee"},"geometry":{"type":"Point","coordinates":[-0.102968,51.514262]}},{"type":"Feature","properties":{"type":"cafe","name":"Treelogy"},"geometry":{"type":"Point","coordinates":[-0.102901,51.513959]}},{"type":"Feature","properties":{"type":"cafe","name":"Brags & Brams"},"geometry":{"type":"Point","coordinates":[-0.06854,51.531201]}},{"type":"Feature","properties":{"type":"toilet","name":"Toilets"},"geometry":{"type":"Point","coordinates":[-0.068714,51.533512]}},{"type":"Feature","properties":{"type":"cafe","name":"The Bite at LBS"},"geometry":{"type":"Point","coordinates":[-0.161129,51.52581]}},{"type":"Feature","properties":{"type":"toilet","name":"Toilets"},"geometry":{"type":"Point","coordinates":[-0.183095,51.479754]}},{"type":"Feature","properties":{"type":"toilet","name":"Toilets"},"geometry":{"type":"Point","coordinates":[-0.013201,51.535319]}},{"type":"Feature","properties":{"type":"cafe","name":"The View Tube café"},"geometry":{"type":"Point","coordinates":[-0.013184,51.53538]}},{"type":"Feature","properties":{"type":"cafe","name":"Black Olive"},"geometry":{"type":"Point","coordinates":[-0.098218,51.522858]}},{"type":"Feature","properties":{"type":"cafe","name":"Blank Street Coffee"},"geometry":{"type":"Point","coordinates":[-0.083563,51.516748]}},{"type":"Feature","properties":{"type":"cafe","name":"Polo Bar"},"geometry":{"type":"Point","coordinates":[-0.080104,51.517571]}},{"type":"Feature","properties":{"type":"cafe","name":"Ginger & Mint"},"geometry":{"type":"Point","coordinates":[-0.011167,51.547334]}},{"type":"Feature","properties":{"type":"cafe","name":"Costa"},"geometry":{"type":"Point","coordinates":[-0.078184,51.519343]}},{"type":"Feature","properties":{"type":"toilet","name":"Toilets"},"geometry":{"type":"Point","coordinates":[-0.079744,51.517999]}},{"type":"Feature","properties":{"type":"cafe","name":"Mama Pho"},"geometry":{"type":"Point","coordinates":[-0.040717,51.488909]}},{"type":"Feature","properties":{"type":"toilet","name":"Toilets"},"geometry":{"type":"Point","coordinates":[-0.158532,51.536379]}},{"type":"Feature","properties":{"type":"cafe","name":"Castle's Traditional Pie & Mash"},"geometry":{"type":"Point","coordinates":[-0.138973,51.542203]}},{"type":"Feature","properties":{"type":"cafe","name":"Chris's Kitchen"},"geometry":{"type":"Point","coordinates":[-0.139059,51.542326]}},{"type":"Feature","properties":{"type":"cafe","name":"Caliendo's Gelato"},"geometry":{"type":"Point","coordinates":[-0.141209,51.54745]}},{"type":"Feature","properties":{"type":"cafe","name":"Mamasons"},"geometry":{"type":"Point","coordinates":[-0.141932,51.54348]}},{"type":"Feature","properties":{"type":"cafe","name":"Arancini Brothers"},"geometry":{"type":"Point","coordinates":[-0.141747,51.544295]}},{"type":"Feature","properties":{"type":"cafe","name":"101"},"geometry":{"type":"Point","coordinates":[-0.141792,51.543989]}},{"type":"Feature","properties":{"type":"cafe","name":"Phoenix Blend Cafe"},"geometry":{"type":"Point","coordinates":[-0.076142,51.517603]}},{"type":"Feature","properties":{"type":"cafe","name":"Twins Coffee"},"geometry":{"type":"Point","coordinates":[-0.137835,51.542622]}},{"type":"Feature","properties":{"type":"cafe","name":"Well Street Kitchen"},"geometry":{"type":"Point","coordinates":[-0.04765,51.54353]}},{"type":"Feature","properties":{"type":"cafe","name":"Beans & Bites"},"geometry":{"type":"Point","coordinates":[-0.046306,51.545211]}},{"type":"Feature","properties":{"type":"cafe","name":"Marleybone Green Playground Cafe"},"geometry":{"type":"Point","coordinates":[-0.148695,51.525654]}},{"type":"Feature","properties":{"type":"cafe","name":"V&A Patisserie"},"geometry":{"type":"Point","coordinates":[-0.173456,51.497017]}},{"type":"Feature","properties":{"type":"cafe","name":"Weston Park Cafe"},"geometry":{"type":"Point","coordinates":[-0.115645,51.580447]}},{"type":"Feature","properties":{"type":"cafe","name":"Caffè Nero"},"geometry":{"type":"Point","coordinates":[-0.16764,51.42804]}},{"type":"Feature","properties":{"type":"cafe","name":"Pedro's Cafe"},"geometry":{"type":"Point","coordinates":[-0.141955,51.545841]}},{"type":"Feature","properties":{"type":"cafe","name":"Mario's Cafe"},"geometry":{"type":"Point","coordinates":[-0.14213,51.545746]}},{"type":"Feature","properties":{"type":"cafe","name":"Urban Baristas"},"geometry":{"type":"Point","coordinates":[-0.082151,51.516351]}},{"type":"Feature","properties":{"type":"cafe","name":"Troy Cafe Restaurant"},"geometry":{"type":"Point","coordinates":[-0.141494,51.549137]}},{"type":"Feature","properties":{"type":"cafe","name":"The Coffee Tree"},"geometry":{"type":"Point","coordinates":[-0.093814,51.524552]}},{"type":"Feature","properties":{"type":"cafe","name":"Café Renoir"},"geometry":{"type":"Point","coordinates":[-0.140643,51.549273]}},{"type":"Feature","properties":{"type":"cafe","name":"The Good Mews"},"geometry":{"type":"Point","coordinates":[-0.14059,51.548945]}},{"type":"Feature","properties":{"type":"toilet","name":"Toilets"},"geometry":{"type":"Point","coordinates":[-0.054406,51.54759]}},{"type":"Feature","properties":{"type":"cafe","name":"Sons"},"geometry":{"type":"Point","coordinates":[-0.053533,51.548364]}},{"type":"Feature","properties":{"type":"cafe","name":"Hash E8"},"geometry":{"type":"Point","coordinates":[-0.065338,51.548167]}},{"type":"Feature","properties":{"type":"cafe","name":"Healthy Stuff"},"geometry":{"type":"Point","coordinates":[-0.065405,51.548158]}},{"type":"Feature","properties":{"type":"cafe","name":"The Roasting Shed"},"geometry":{"type":"Point","coordinates":[-0.021424,51.544765]}},{"type":"Feature","properties":{"type":"cafe","name":"The Drop"},"geometry":{"type":"Point","coordinates":[-0.210546,51.459185]}},{"type":"Feature","properties":{"type":"cafe","name":"Tangerine Dream Cafe"},"geometry":{"type":"Point","coordinates":[-0.162833,51.484726]}},{"type":"Feature","properties":{"type":"toilet","name":"Toilets"},"geometry":{"type":"Point","coordinates":[-0.165081,51.55437]}},{"type":"Feature","properties":{"type":"cafe","name":"Joe & The Juice"},"geometry":{"type":"Point","coordinates":[-0.205429,51.475673]}},{"type":"Feature","properties":{"type":"toilet","name":"Toilets"},"geometry":{"type":"Point","coordinates":[-0.254409,51.452098]}},{"type":"Feature","properties":{"type":"toilet","name":"Toilets"},"geometry":{"type":"Point","coordinates":[-0.254298,51.452084]}},{"type":"Feature","properties":{"type":"cafe","name":"Calowries"},"geometry":{"type":"Point","coordinates":[-0.226823,51.468504]}},{"type":"Feature","properties":{"type":"cafe","name":"Charlie & Ginger"},"geometry":{"type":"Point","coordinates":[-0.330083,51.295303]}},{"type":"Feature","properties":{"type":"cafe","name":"Elsewhere Coffee"},"geometry":{"type":"Point","coordinates":[-0.055255,51.547156]}},{"type":"Feature","properties":{"type":"cafe","name":"Beigel & Brew"},"geometry":{"type":"Point","coordinates":[-0.066199,51.531118]}},{"type":"Feature","properties":{"type":"cafe","name":"Caffe-in"},"geometry":{"type":"Point","coordinates":[-0.066269,51.531112]}},{"type":"Feature","properties":{"type":"cafe","name":"Bubble East"},"geometry":{"type":"Point","coordinates":[-0.221182,51.462091]}},{"type":"Feature","properties":{"type":"cafe","name":"Clapton Table"},"geometry":{"type":"Point","coordinates":[-0.05415,51.554056]}},{"type":"Feature","properties":{"type":"cafe","name":"Caffe Crème"},"geometry":{"type":"Point","coordinates":[-0.163744,51.431896]}},{"type":"Feature","properties":{"type":"cafe","name":"Walker Wyatt Coffee"},"geometry":{"type":"Point","coordinates":[-0.15972,51.435392]}},{"type":"Feature","properties":{"type":"cafe","name":"Fruit Bowl"},"geometry":{"type":"Point","coordinates":[-0.140543,51.550317]}},{"type":"Feature","properties":{"type":"toilet","name":"Toilets"},"geometry":{"type":"Point","coordinates":[-0.059185,51.54117]}},{"type":"Feature","properties":{"type":"cafe","name":"Millfields Coffee"},"geometry":{"type":"Point","coordinates":[-0.046679,51.557075]}},{"type":"Feature","properties":{"type":"cafe","name":"Tram Store"},"geometry":{"type":"Point","coordinates":[-0.056065,51.55961]}},{"type":"Feature","properties":{"type":"cafe","name":"Chriskitch"},"geometry":{"type":"Point","coordinates":[-0.149682,51.592165]}},{"type":"Feature","properties":{"type":"cafe","name":"Chapters Deli"},"geometry":{"type":"Point","coordinates":[-0.082562,51.515072]}},{"type":"Feature","properties":{"type":"cafe","name":"The Press Room"},"geometry":{"type":"Point","coordinates":[-0.328945,51.447533]}},{"type":"Feature","properties":{"type":"cafe","name":"Multea Choice"},"geometry":{"type":"Point","coordinates":[-0.327656,51.446723]}},{"type":"Feature","properties":{"type":"cafe","name":"Twisted Ivy"},"geometry":{"type":"Point","coordinates":[-0.329549,51.445111]}},{"type":"Feature","properties":{"type":"toilet","name":"Toilets"},"geometry":{"type":"Point","coordinates":[-0.184712,51.568043]}},{"type":"Feature","properties":{"type":"cafe","name":"Mapps Cafe"},"geometry":{"type":"Point","coordinates":[-0.027916,51.543273]}},{"type":"Feature","properties":{"type":"toilet","name":"Toilets"},"geometry":{"type":"Point","coordinates":[-0.162094,51.529426]}},{"type":"Feature","properties":{"type":"cafe","name":"On The Grill"},"geometry":{"type":"Point","coordinates":[-0.262853,51.334106]}},{"type":"Feature","properties":{"type":"cafe","name":"Hunger Hatch"},"geometry":{"type":"Point","coordinates":[-0.263277,51.33405]}},{"type":"Feature","properties":{"type":"cafe","name":"Cakes and Craves"},"geometry":{"type":"Point","coordinates":[-0.007973,51.536778]}},{"type":"Feature","properties":{"type":"toilet","name":"Toilets"},"geometry":{"type":"Point","coordinates":[-0.339387,51.406303]}},{"type":"Feature","properties":{"type":"cafe","name":"Café"},"geometry":{"type":"Point","coordinates":[-0.269121,51.432122]}},{"type":"Feature","properties":{"type":"cafe","name":"Max's café & deli"},"geometry":{"type":"Point","coordinates":[-0.210792,51.459253]}},{"type":"Feature","properties":{"type":"cafe","name":"Cafe de Provence"},"geometry":{"type":"Point","coordinates":[-0.123844,51.515729]}},{"type":"Feature","properties":{"type":"cafe","name":"Saint Dough"},"geometry":{"type":"Point","coordinates":[-0.126587,51.51491]}},{"type":"Feature","properties":{"type":"toilet","name":"Toilets"},"geometry":{"type":"Point","coordinates":[-0.076271,51.54143]}},{"type":"Feature","properties":{"type":"cafe","name":"Heytea"},"geometry":{"type":"Point","coordinates":[-0.130501,51.512715]}},{"type":"Feature","properties":{"type":"cafe","name":"Jen Café"},"geometry":{"type":"Point","coordinates":[-0.129462,51.511922]}},{"type":"Feature","properties":{"type":"cafe","name":"By The Bridge"},"geometry":{"type":"Point","coordinates":[-0.077032,51.536424]}},{"type":"Feature","properties":{"type":"cafe","name":"Sol"},"geometry":{"type":"Point","coordinates":[-0.211976,51.459956]}},{"type":"Feature","properties":{"type":"cafe","name":"Home SW15"},"geometry":{"type":"Point","coordinates":[-0.213241,51.460215]}},{"type":"Feature","properties":{"type":"cafe","name":"Monies Coffee"},"geometry":{"type":"Point","coordinates":[-0.212944,51.460134]}},{"type":"Feature","properties":{"type":"cafe","name":"Cafe Rêves"},"geometry":{"type":"Point","coordinates":[-0.220717,51.461608]}},{"type":"Feature","properties":{"type":"cafe","name":"Artisan"},"geometry":{"type":"Point","coordinates":[-0.219502,51.461238]}},{"type":"Feature","properties":{"type":"cafe","name":"Soffice"},"geometry":{"type":"Point","coordinates":[-0.218984,51.461429]}},{"type":"Feature","properties":{"type":"cafe","name":"The Bakehouse"},"geometry":{"type":"Point","coordinates":[-0.218828,51.461371]}},{"type":"Feature","properties":{"type":"cafe","name":"Cappuccino Arts Cafe"},"geometry":{"type":"Point","coordinates":[-0.217546,51.461165]}},{"type":"Feature","properties":{"type":"cafe","name":"Gazette"},"geometry":{"type":"Point","coordinates":[-0.216565,51.460455]}},{"type":"Feature","properties":{"type":"cafe","name":"HomeWork"},"geometry":{"type":"Point","coordinates":[-0.216293,51.460836]}},{"type":"Feature","properties":{"type":"cafe","name":"Sendero Specialty Coffee"},"geometry":{"type":"Point","coordinates":[-0.216588,51.461303]}},{"type":"Feature","properties":{"type":"cafe","name":"Caffè Nero"},"geometry":{"type":"Point","coordinates":[-0.216601,51.461268]}},{"type":"Feature","properties":{"type":"cafe","name":"Starbucks"},"geometry":{"type":"Point","coordinates":[-0.216318,51.461889]}},{"type":"Feature","properties":{"type":"cafe","name":"Julia Donna"},"geometry":{"type":"Point","coordinates":[-0.218536,51.467314]}},{"type":"Feature","properties":{"type":"cafe","name":"Aran's Cafe"},"geometry":{"type":"Point","coordinates":[-0.071929,51.574669]}},{"type":"Feature","properties":{"type":"cafe","name":"Selen Cafe"},"geometry":{"type":"Point","coordinates":[-0.040122,51.548901]}},{"type":"Feature","properties":{"type":"cafe","name":"Brew Street Cafe & Bar at Timber Lodge"},"geometry":{"type":"Point","coordinates":[-0.015078,51.547466]}},{"type":"Feature","properties":{"type":"cafe","name":"Logma"},"geometry":{"type":"Point","coordinates":[-0.065372,51.533147]}},{"type":"Feature","properties":{"type":"cafe","name":"Well Walk Theatre, Cafe & Bookshop"},"geometry":{"type":"Point","coordinates":[-0.174754,51.557684]}},{"type":"Feature","properties":{"type":"cafe","name":"Kappuccino"},"geometry":{"type":"Point","coordinates":[-0.307939,51.409241]}},{"type":"Feature","properties":{"type":"cafe","name":"Story Coffee"},"geometry":{"type":"Point","coordinates":[-0.193534,51.457259]}},{"type":"Feature","properties":{"type":"cafe","name":"Cafe Corso"},"geometry":{"type":"Point","coordinates":[-0.113669,51.59753]}},{"type":"Feature","properties":{"type":"cafe","name":"Caffè Nero"},"geometry":{"type":"Point","coordinates":[-0.14456,51.589935]}},{"type":"Feature","properties":{"type":"cafe","name":"Joe & The Juice"},"geometry":{"type":"Point","coordinates":[-0.144868,51.589745]}},{"type":"Feature","properties":{"type":"cafe","name":"Bob's Cafe"},"geometry":{"type":"Point","coordinates":[-0.144797,51.589778]}},{"type":"Feature","properties":{"type":"cafe","name":"Owens"},"geometry":{"type":"Point","coordinates":[-0.138819,51.598296]}},{"type":"Feature","properties":{"type":"cafe","name":"Stella's Room"},"geometry":{"type":"Point","coordinates":[-0.145908,51.5901]}},{"type":"Feature","properties":{"type":"cafe","name":"Doppio Coffee"},"geometry":{"type":"Point","coordinates":[-0.145982,51.590134]}},{"type":"Feature","properties":{"type":"cafe","name":"GAIL's"},"geometry":{"type":"Point","coordinates":[-0.14613,51.590201]}},{"type":"Feature","properties":{"type":"cafe","name":"La Dinette"},"geometry":{"type":"Point","coordinates":[-0.146175,51.589869]}},{"type":"Feature","properties":{"type":"toilet","name":"Toilets"},"geometry":{"type":"Point","coordinates":[-0.142398,51.590085]}},{"type":"Feature","properties":{"type":"toilet","name":"Toilets"},"geometry":{"type":"Point","coordinates":[-0.124809,51.494945]}},{"type":"Feature","properties":{"type":"cafe","name":"Time 2 Chill"},"geometry":{"type":"Point","coordinates":[-0.133591,51.587281]}},{"type":"Feature","properties":{"type":"cafe","name":"Hussars"},"geometry":{"type":"Point","coordinates":[-0.310978,51.412265]}},{"type":"Feature","properties":{"type":"cafe","name":"Pomegranate Bistro"},"geometry":{"type":"Point","coordinates":[-0.311142,51.412127]}},{"type":"Feature","properties":{"type":"cafe","name":"L’Amandine"},"geometry":{"type":"Point","coordinates":[-0.306765,51.431289]}},{"type":"Feature","properties":{"type":"cafe","name":"The Bistro"},"geometry":{"type":"Point","coordinates":[-0.307363,51.430615]}},{"type":"Feature","properties":{"type":"cafe","name":"Costa"},"geometry":{"type":"Point","coordinates":[-0.306805,51.430754]}},{"type":"Feature","properties":{"type":"cafe","name":"Heart Of Penge(HOP)"},"geometry":{"type":"Point","coordinates":[-0.052159,51.414287]}},{"type":"Feature","properties":{"type":"cafe","name":"Costa"},"geometry":{"type":"Point","coordinates":[-0.052727,51.414697]}},{"type":"Feature","properties":{"type":"cafe","name":"La Mela"},"geometry":{"type":"Point","coordinates":[-0.036599,51.549673]}},{"type":"Feature","properties":{"type":"cafe","name":"Merro"},"geometry":{"type":"Point","coordinates":[-0.126731,51.574836]}},{"type":"Feature","properties":{"type":"cafe","name":"Roses Cafe"},"geometry":{"type":"Point","coordinates":[-0.066107,51.498383]}},{"type":"Feature","properties":{"type":"cafe","name":"Only The Brave"},"geometry":{"type":"Point","coordinates":[-0.056151,51.546791]}},{"type":"Feature","properties":{"type":"cafe","name":"Urban Social Coffee"},"geometry":{"type":"Point","coordinates":[-0.054817,51.546855]}},{"type":"Feature","properties":{"type":"cafe","name":"The Barrel Boulangerie"},"geometry":{"type":"Point","coordinates":[-0.054886,51.54638]}},{"type":"Feature","properties":{"type":"cafe","name":"Viva Cafe And Bistro"},"geometry":{"type":"Point","coordinates":[-0.053513,51.415484]}},{"type":"Feature","properties":{"type":"cafe","name":"Café"},"geometry":{"type":"Point","coordinates":[-0.169529,51.506174]}},{"type":"Feature","properties":{"type":"cafe","name":"Rotunda Cafe"},"geometry":{"type":"Point","coordinates":[-0.009047,51.486938]}},{"type":"Feature","properties":{"type":"cafe","name":"Stockwell Street Café"},"geometry":{"type":"Point","coordinates":[-0.008738,51.479932]}},{"type":"Feature","properties":{"type":"cafe","name":"Café del Ray"},"geometry":{"type":"Point","coordinates":[-0.221352,51.467884]}},{"type":"Feature","properties":{"type":"cafe","name":"Bonjour Putney"},"geometry":{"type":"Point","coordinates":[-0.220475,51.467708]}},{"type":"Feature","properties":{"type":"cafe","name":"Smugglers SW"},"geometry":{"type":"Point","coordinates":[-0.220078,51.467623]}},{"type":"Feature","properties":{"type":"cafe","name":"Wharf Cafe"},"geometry":{"type":"Point","coordinates":[-0.220004,51.467608]}},{"type":"Feature","properties":{"type":"cafe","name":"Social Brew"},"geometry":{"type":"Point","coordinates":[-0.219129,51.467408]}},{"type":"Feature","properties":{"type":"toilet","name":"Toilets"},"geometry":{"type":"Point","coordinates":[-0.381688,51.356249]}},{"type":"Feature","properties":{"type":"cafe","name":"Suela Cafe Bistro"},"geometry":{"type":"Point","coordinates":[-0.014003,51.54738]}},{"type":"Feature","properties":{"type":"toilet","name":"Jubilee Toilets"},"geometry":{"type":"Point","coordinates":[-0.042101,51.533873]}},{"type":"Feature","properties":{"type":"cafe","name":"HARÜ Coffee"},"geometry":{"type":"Point","coordinates":[-0.073513,51.557349]}},{"type":"Feature","properties":{"type":"cafe","name":"Café Noir"},"geometry":{"type":"Point","coordinates":[-0.145483,51.577734]}},{"type":"Feature","properties":{"type":"cafe","name":"Badu Cafe"},"geometry":{"type":"Point","coordinates":[-0.021405,51.544562]}},{"type":"Feature","properties":{"type":"cafe","name":"Serpentine Coffee House"},"geometry":{"type":"Point","coordinates":[-0.172819,51.505559]}},{"type":"Feature","properties":{"type":"cafe","name":"Cafe Sunshine"},"geometry":{"type":"Point","coordinates":[-0.328305,51.445253]}},{"type":"Feature","properties":{"type":"toilet","name":"Toilets"},"geometry":{"type":"Point","coordinates":[-0.043677,51.535731]}},{"type":"Feature","properties":{"type":"cafe","name":"Café"},"geometry":{"type":"Point","coordinates":[-0.125018,51.495366]}},{"type":"Feature","properties":{"type":"cafe","name":"Cafe Chic"},"geometry":{"type":"Point","coordinates":[-0.073009,51.416914]}},{"type":"Feature","properties":{"type":"cafe","name":"215 Hackney"},"geometry":{"type":"Point","coordinates":[-0.073405,51.563297]}},{"type":"Feature","properties":{"type":"cafe","name":"Rosy Lea Cafe"},"geometry":{"type":"Point","coordinates":[-0.211726,51.459856]}},{"type":"Feature","properties":{"type":"toilet","name":"Toilets"},"geometry":{"type":"Point","coordinates":[-0.131618,51.583542]}},{"type":"Feature","properties":{"type":"cafe","name":"Starbucks"},"geometry":{"type":"Point","coordinates":[-0.193228,51.456688]}},{"type":"Feature","properties":{"type":"cafe","name":"Oliver's"},"geometry":{"type":"Point","coordinates":[-0.073284,51.516867]}},{"type":"Feature","properties":{"type":"cafe","name":"The Hut by The Heath"},"geometry":{"type":"Point","coordinates":[-0.149835,51.555477]}},{"type":"Feature","properties":{"type":"cafe","name":"The Coffee Run"},"geometry":{"type":"Point","coordinates":[-0.093181,51.54851]}},{"type":"Feature","properties":{"type":"cafe","name":"The Coffee Run"},"geometry":{"type":"Point","coordinates":[-0.104852,51.545915]}},{"type":"Feature","properties":{"type":"cafe","name":"The Clubhouse"},"geometry":{"type":"Point","coordinates":[-0.218202,51.468022]}},{"type":"Feature","properties":{"type":"toilet","name":"Toilets"},"geometry":{"type":"Point","coordinates":[-0.156246,51.563492]}},{"type":"Feature","properties":{"type":"toilet","name":"Toilets"},"geometry":{"type":"Point","coordinates":[-0.15721,51.565989]}},{"type":"Feature","properties":{"type":"cafe","name":"Café Palestina"},"geometry":{"type":"Point","coordinates":[-0.14072,51.554057]}},{"type":"Feature","properties":{"type":"cafe","name":"Max Wellness Cafe"},"geometry":{"type":"Point","coordinates":[-0.140296,51.554673]}},{"type":"Feature","properties":{"type":"cafe","name":"Paddy Cakes"},"geometry":{"type":"Point","coordinates":[-0.139333,51.555929]}},{"type":"Feature","properties":{"type":"cafe","name":"Joe & The Juice"},"geometry":{"type":"Point","coordinates":[-0.305148,51.411084]}},{"type":"Feature","properties":{"type":"cafe","name":"Starbucks"},"geometry":{"type":"Point","coordinates":[-0.303839,51.411613]}},{"type":"Feature","properties":{"type":"cafe","name":"Starbucks"},"geometry":{"type":"Point","coordinates":[-0.156812,51.52253]}},{"type":"Feature","properties":{"type":"cafe","name":"Petit Pret"},"geometry":{"type":"Point","coordinates":[-0.15641,51.522603]}},{"type":"Feature","properties":{"type":"cafe","name":"Haggerston Kiosk"},"geometry":{"type":"Point","coordinates":[-0.069537,51.533769]}},{"type":"Feature","properties":{"type":"cafe","name":"Hatch Cafe"},"geometry":{"type":"Point","coordinates":[-0.052906,51.568203]}},{"type":"Feature","properties":{"type":"cafe","name":"Café"},"geometry":{"type":"Point","coordinates":[-0.076903,51.574472]}},{"type":"Feature","properties":{"type":"cafe","name":"Café Ciel"},"geometry":{"type":"Point","coordinates":[-0.125705,51.505468]}},{"type":"Feature","properties":{"type":"toilet","name":"Toilets"},"geometry":{"type":"Point","coordinates":[-0.103694,51.54712]}},{"type":"Feature","properties":{"type":"toilet","name":"Toilets"},"geometry":{"type":"Point","coordinates":[-0.117473,51.556099]}},{"type":"Feature","properties":{"type":"cafe","name":"NKORA"},"geometry":{"type":"Point","coordinates":[-0.10491,51.515337]}},{"type":"Feature","properties":{"type":"cafe","name":"Crispin"},"geometry":{"type":"Point","coordinates":[-0.076044,51.518307]}},{"type":"Feature","properties":{"type":"station","name":"Redbridge"},"geometry":{"type":"Point","coordinates":[0.04541,51.57632]}},{"type":"Feature","properties":{"type":"toilet","name":"Toilets"},"geometry":{"type":"Point","coordinates":[0.341811,51.325312]}},{"type":"Feature","properties":{"type":"cafe","name":"Tres Marias"},"geometry":{"type":"Point","coordinates":[0.009934,51.555033]}},{"type":"Feature","properties":{"type":"cafe","name":"Down House Tearoom"},"geometry":{"type":"Point","coordinates":[0.053522,51.331324]}},{"type":"Feature","properties":{"type":"cafe","name":"Starbucks"},"geometry":{"type":"Point","coordinates":[0.19278,51.271074]}},{"type":"Feature","properties":{"type":"toilet","name":"Toilets"},"geometry":{"type":"Point","coordinates":[0.0895,51.353178]}},{"type":"Feature","properties":{"type":"cafe","name":"Daff's cafe"},"geometry":{"type":"Point","coordinates":[0.369091,51.377408]}},{"type":"Feature","properties":{"type":"cafe","name":"The Food Shed"},"geometry":{"type":"Point","coordinates":[0.383126,51.290058]}},{"type":"Feature","properties":{"type":"cafe","name":"Terrace Cafe & Restaurant"},"geometry":{"type":"Point","coordinates":[0.016828,51.406194]}},{"type":"Feature","properties":{"type":"cafe","name":"The Village Bakers"},"geometry":{"type":"Point","coordinates":[0.339158,51.223986]}},{"type":"Feature","properties":{"type":"toilet","name":"Toilets"},"geometry":{"type":"Point","coordinates":[0.039975,51.271109]}},{"type":"Feature","properties":{"type":"cafe","name":"Posh Nosh Cafe"},"geometry":{"type":"Point","coordinates":[0.026551,51.592138]}},{"type":"Feature","properties":{"type":"cafe","name":"Landemare café"},"geometry":{"type":"Point","coordinates":[0.082745,51.246259]}},{"type":"Feature","properties":{"type":"cafe","name":"The Honey Pot"},"geometry":{"type":"Point","coordinates":[0.177927,51.333567]}},{"type":"Feature","properties":{"type":"cafe","name":"Trosley Country Park Cafe"},"geometry":{"type":"Point","coordinates":[0.341968,51.325186]}},{"type":"Feature","properties":{"type":"station","name":"Snaresbrook"},"geometry":{"type":"Point","coordinates":[0.021586,51.580803]}},{"type":"Feature","properties":{"type":"toilet","name":"Toilets"},"geometry":{"type":"Point","coordinates":[0.177335,51.334676]}},{"type":"Feature","properties":{"type":"cafe","name":"Lily's Indulgence"},"geometry":{"type":"Point","coordinates":[0.026881,51.59252]}},{"type":"Feature","properties":{"type":"cafe","name":"Little Woodford Cafe"},"geometry":{"type":"Point","coordinates":[0.02619,51.592655]}},{"type":"Feature","properties":{"type":"cafe","name":"Waribashi"},"geometry":{"type":"Point","coordinates":[0.027018,51.592098]}},{"type":"Feature","properties":{"type":"toilet","name":"Toilets"},"geometry":{"type":"Point","coordinates":[0.023714,51.594177]}},{"type":"Feature","properties":{"type":"cafe","name":"Cafe on the Lane"},"geometry":{"type":"Point","coordinates":[0.024157,51.594374]}},{"type":"Feature","properties":{"type":"cafe","name":"Soul Stop Cafe"},"geometry":{"type":"Point","coordinates":[0.025058,51.593589]}},{"type":"Feature","properties":{"type":"cafe","name":"Fresh as a Daisy"},"geometry":{"type":"Point","coordinates":[0.028477,51.592442]}},{"type":"Feature","properties":{"type":"cafe","name":"Casa Castelo"},"geometry":{"type":"Point","coordinates":[0.029035,51.591083]}},{"type":"Feature","properties":{"type":"cafe","name":"Creative Biscuit"},"geometry":{"type":"Point","coordinates":[0.028517,51.591468]}},{"type":"Feature","properties":{"type":"cafe","name":"Park Eat"},"geometry":{"type":"Point","coordinates":[0.354107,51.419162]}},{"type":"Feature","properties":{"type":"cafe","name":"Hospices of Hope Tea Rooms"},"geometry":{"type":"Point","coordinates":[0.189235,51.312883]}},{"type":"Feature","properties":{"type":"cafe","name":"Pond View Cafe and Tea Rooms"},"geometry":{"type":"Point","coordinates":[0.190593,51.313023]}},{"type":"Feature","properties":{"type":"cafe","name":"The Canteen Cafe"},"geometry":{"type":"Point","coordinates":[0.021438,51.596311]}},{"type":"Feature","properties":{"type":"cafe","name":"Tea Room"},"geometry":{"type":"Point","coordinates":[0.021082,51.581603]}},{"type":"Feature","properties":{"type":"water","name":"Drinking water"},"geometry":{"type":"Point","coordinates":[0.027482,51.362959]}},{"type":"Feature","properties":{"type":"cafe","name":"Café"},"geometry":{"type":"Point","coordinates":[0.242427,51.227316]}},{"type":"Feature","properties":{"type":"cafe","name":"Deniz Cafe"},"geometry":{"type":"Point","coordinates":[0.220943,51.288692]}},{"type":"Feature","properties":{"type":"cafe","name":"Costa"},"geometry":{"type":"Point","coordinates":[0.1921,51.272168]}},{"type":"Feature","properties":{"type":"cafe","name":"Nonna Cappuccini's"},"geometry":{"type":"Point","coordinates":[0.192095,51.271268]}},{"type":"Feature","properties":{"type":"cafe","name":"Costa"},"geometry":{"type":"Point","coordinates":[0.071974,51.267173]}},{"type":"Feature","properties":{"type":"cafe","name":"Deli Di Luca"},"geometry":{"type":"Point","coordinates":[0.071616,51.267224]}},{"type":"Feature","properties":{"type":"cafe","name":"Food For Thought"},"geometry":{"type":"Point","coordinates":[0.073412,51.267039]}},{"type":"Feature","properties":{"type":"cafe","name":"Café"},"geometry":{"type":"Point","coordinates":[0.072846,51.267263]}},{"type":"Feature","properties":{"type":"cafe","name":"Sopranos"},"geometry":{"type":"Point","coordinates":[0.192499,51.270875]}},{"type":"Feature","properties":{"type":"cafe","name":"Stag Cafe"},"geometry":{"type":"Point","coordinates":[0.192048,51.270005]}},{"type":"Feature","properties":{"type":"cafe","name":"The Cafe Grill"},"geometry":{"type":"Point","coordinates":[0.193509,51.271159]}},{"type":"Feature","properties":{"type":"toilet","name":"Toilets"},"geometry":{"type":"Point","coordinates":[0.193381,51.271185]}},{"type":"Feature","properties":{"type":"cafe","name":"Jeskyns Park Café"},"geometry":{"type":"Point","coordinates":[0.386945,51.402709]}},{"type":"Feature","properties":{"type":"toilet","name":"Toilets"},"geometry":{"type":"Point","coordinates":[0.387144,51.402708]}},{"type":"Feature","properties":{"type":"water","name":"Drinking water"},"geometry":{"type":"Point","coordinates":[0.00098,51.476206]}},{"type":"Feature","properties":{"type":"cafe","name":"Malabar Cafe"},"geometry":{"type":"Point","coordinates":[0.19254,51.270329]}},{"type":"Feature","properties":{"type":"station","name":"Barkingside"},"geometry":{"type":"Point","coordinates":[0.088624,51.585818]}},{"type":"Feature","properties":{"type":"cafe","name":"Costa"},"geometry":{"type":"Point","coordinates":[0.182356,51.276833]}},{"type":"Feature","properties":{"type":"cafe","name":"Pumpkin"},"geometry":{"type":"Point","coordinates":[0.182279,51.276801]}},{"type":"Feature","properties":{"type":"station","name":"Sevenoaks"},"geometry":{"type":"Point","coordinates":[0.181944,51.276412]}},{"type":"Feature","properties":{"type":"toilet","name":"Toilets"},"geometry":{"type":"Point","coordinates":[0.042608,51.273455]}},{"type":"Feature","properties":{"type":"cafe","name":"Lee Cafe"},"geometry":{"type":"Point","coordinates":[0.012644,51.450803]}},{"type":"Feature","properties":{"type":"cafe","name":"With Jam And Bread"},"geometry":{"type":"Point","coordinates":[0.009144,51.456907]}},{"type":"Feature","properties":{"type":"station","name":"Otford"},"geometry":{"type":"Point","coordinates":[0.197176,51.312932]}},{"type":"Feature","properties":{"type":"station","name":"Hildenborough"},"geometry":{"type":"Point","coordinates":[0.227882,51.214581]}},{"type":"Feature","properties":{"type":"cafe","name":"The elms - tea and coffe shop"},"geometry":{"type":"Point","coordinates":[0.10701,51.212564]}},{"type":"Feature","properties":{"type":"cafe","name":"Twig and Spoon"},"geometry":{"type":"Point","coordinates":[0.284856,51.331104]}},{"type":"Feature","properties":{"type":"cafe","name":"Woodlands Cafe"},"geometry":{"type":"Point","coordinates":[0.243222,51.323451]}},{"type":"Feature","properties":{"type":"cafe","name":"The Pantry"},"geometry":{"type":"Point","coordinates":[0.3709,51.440008]}},{"type":"Feature","properties":{"type":"cafe","name":"No 84"},"geometry":{"type":"Point","coordinates":[0.375115,51.431826]}},{"type":"Feature","properties":{"type":"cafe","name":"Pumpkin"},"geometry":{"type":"Point","coordinates":[0.366581,51.441217]}},{"type":"Feature","properties":{"type":"cafe","name":"Kenny's Cafe"},"geometry":{"type":"Point","coordinates":[0.394067,51.431914]}},{"type":"Feature","properties":{"type":"cafe","name":"Westerham Cyclery"},"geometry":{"type":"Point","coordinates":[0.073405,51.26694]}},{"type":"Feature","properties":{"type":"cafe","name":"Churchill's Art Cafe"},"geometry":{"type":"Point","coordinates":[0.073392,51.266846]}},{"type":"Feature","properties":{"type":"station","name":"South Woodford"},"geometry":{"type":"Point","coordinates":[0.027428,51.59178]}},{"type":"Feature","properties":{"type":"cafe","name":"Tudor Rose Tea Rooms"},"geometry":{"type":"Point","coordinates":[0.072671,51.267249]}},{"type":"Feature","properties":{"type":"cafe","name":"Malabar"},"geometry":{"type":"Point","coordinates":[0.169364,51.285684]}},{"type":"Feature","properties":{"type":"toilet","name":"Toilets"},"geometry":{"type":"Point","coordinates":[0.368342,51.440194]}},{"type":"Feature","properties":{"type":"cafe","name":"Dada"},"geometry":{"type":"Point","coordinates":[0.020154,51.599446]}},{"type":"Feature","properties":{"type":"station","name":"Blackheath"},"geometry":{"type":"Point","coordinates":[0.008922,51.465799]}},{"type":"Feature","properties":{"type":"toilet","name":"Toilets"},"geometry":{"type":"Point","coordinates":[0.312198,51.2136]}},{"type":"Feature","properties":{"type":"cafe","name":"La Petite Boulangerie Jade"},"geometry":{"type":"Point","coordinates":[0.008871,51.464947]}},{"type":"Feature","properties":{"type":"cafe","name":"Tamping Grounds"},"geometry":{"type":"Point","coordinates":[0.017821,51.557922]}},{"type":"Feature","properties":{"type":"cafe","name":"Viva Afrik"},"geometry":{"type":"Point","coordinates":[0.005938,51.551896]}},{"type":"Feature","properties":{"type":"cafe","name":"Cinco"},"geometry":{"type":"Point","coordinates":[0.005318,51.553571]}},{"type":"Feature","properties":{"type":"cafe","name":"Blancos Cafe"},"geometry":{"type":"Point","coordinates":[0.004976,51.553843]}},{"type":"Feature","properties":{"type":"cafe","name":"Costa"},"geometry":{"type":"Point","coordinates":[0.025601,51.593135]}},{"type":"Feature","properties":{"type":"cafe","name":"Ridings"},"geometry":{"type":"Point","coordinates":[0.240758,51.216767]}},{"type":"Feature","properties":{"type":"station","name":"Grove Park"},"geometry":{"type":"Point","coordinates":[0.022024,51.430765]}},{"type":"Feature","properties":{"type":"cafe","name":"Omega"},"geometry":{"type":"Point","coordinates":[0.002711,51.369991]}},{"type":"Feature","properties":{"type":"cafe","name":"Home Organic Bakery"},"geometry":{"type":"Point","coordinates":[0.029221,51.591337]}},{"type":"Feature","properties":{"type":"cafe","name":"Shoreham Aircraft Museum"},"geometry":{"type":"Point","coordinates":[0.177415,51.333928]}},{"type":"Feature","properties":{"type":"cafe","name":"Village Cafe"},"geometry":{"type":"Point","coordinates":[0.114758,51.393724]}},{"type":"Feature","properties":{"type":"cafe","name":"Café at the Station"},"geometry":{"type":"Point","coordinates":[0.193994,51.289718]}},{"type":"Feature","properties":{"type":"toilet","name":"Toilets"},"geometry":{"type":"Point","coordinates":[0.193942,51.289699]}},{"type":"Feature","properties":{"type":"station","name":"Shortlands"},"geometry":{"type":"Point","coordinates":[0.002168,51.405905]}},{"type":"Feature","properties":{"type":"station","name":"Sole Street"},"geometry":{"type":"Point","coordinates":[0.378169,51.383247]}},{"type":"Feature","properties":{"type":"station","name":"Bromley South"},"geometry":{"type":"Point","coordinates":[0.018277,51.400041]}},{"type":"Feature","properties":{"type":"station","name":"Gravesend"},"geometry":{"type":"Point","coordinates":[0.366831,51.441363]}},{"type":"Feature","properties":{"type":"station","name":"Shoreham"},"geometry":{"type":"Point","coordinates":[0.188777,51.332124]}},{"type":"Feature","properties":{"type":"station","name":"Kemsing"},"geometry":{"type":"Point","coordinates":[0.247422,51.297254]}},{"type":"Feature","properties":{"type":"station","name":"Lee"},"geometry":{"type":"Point","coordinates":[0.014373,51.449689]}},{"type":"Feature","properties":{"type":"cafe","name":"Bare Brew"},"geometry":{"type":"Point","coordinates":[0.023808,51.579999]}},{"type":"Feature","properties":{"type":"toilet","name":"Toilets"},"geometry":{"type":"Point","coordinates":[0.190922,51.353009]}},{"type":"Feature","properties":{"type":"toilet","name":"Toilets"},"geometry":{"type":"Point","coordinates":[0.023117,51.430184]}},{"type":"Feature","properties":{"type":"toilet","name":"Toilets"},"geometry":{"type":"Point","coordinates":[0.022951,51.430069]}},{"type":"Feature","properties":{"type":"cafe","name":"Sheree’s Store and Tea Room"},"geometry":{"type":"Point","coordinates":[0.025135,51.2934]}},{"type":"Feature","properties":{"type":"station","name":"Sundridge Park"},"geometry":{"type":"Point","coordinates":[0.021475,51.413957]}},{"type":"Feature","properties":{"type":"cafe","name":"Caffetteria"},"geometry":{"type":"Point","coordinates":[0.110936,51.276494]}},{"type":"Feature","properties":{"type":"cafe","name":"Coney's"},"geometry":{"type":"Point","coordinates":[0.001077,51.369987]}},{"type":"Feature","properties":{"type":"cafe","name":"Caffè Nero"},"geometry":{"type":"Point","coordinates":[0.067955,51.418026]}},{"type":"Feature","properties":{"type":"cafe","name":"Blueberry’s"},"geometry":{"type":"Point","coordinates":[0.010996,51.457884]}},{"type":"Feature","properties":{"type":"cafe","name":"Gabe's Gelatario"},"geometry":{"type":"Point","coordinates":[0.112415,51.392865]}},{"type":"Feature","properties":{"type":"cafe","name":"Costa"},"geometry":{"type":"Point","coordinates":[0.067475,51.4181]}},{"type":"Feature","properties":{"type":"toilet","name":"Toilets"},"geometry":{"type":"Point","coordinates":[0.366506,51.441196]}},{"type":"Feature","properties":{"type":"toilet","name":"Toilets"},"geometry":{"type":"Point","coordinates":[0.366599,51.441444]}},{"type":"Feature","properties":{"type":"toilet","name":"Toilets"},"geometry":{"type":"Point","coordinates":[0.1907,51.272374]}},{"type":"Feature","properties":{"type":"cafe","name":"Rising Son Cafe"},"geometry":{"type":"Point","coordinates":[0.006152,51.587133]}},{"type":"Feature","properties":{"type":"cafe","name":"The Farm Community Kitchen"},"geometry":{"type":"Point","coordinates":[0.009875,51.555011]}},{"type":"Feature","properties":{"type":"toilet","name":"Toilets"},"geometry":{"type":"Point","coordinates":[0.188846,51.313193]}},{"type":"Feature","properties":{"type":"toilet","name":"Toilets"},"geometry":{"type":"Point","coordinates":[0.196992,51.312966]}},{"type":"Feature","properties":{"type":"cafe","name":"Puccino's"},"geometry":{"type":"Point","coordinates":[0.008531,51.465709]}},{"type":"Feature","properties":{"type":"cafe","name":"Boulangerie Jade"},"geometry":{"type":"Point","coordinates":[0.008121,51.466591]}},{"type":"Feature","properties":{"type":"cafe","name":"Montpeliers"},"geometry":{"type":"Point","coordinates":[0.008152,51.467352]}},{"type":"Feature","properties":{"type":"cafe","name":"Caffè Nero"},"geometry":{"type":"Point","coordinates":[0.008725,51.46679]}},{"type":"Feature","properties":{"type":"cafe","name":"15Grams"},"geometry":{"type":"Point","coordinates":[0.008868,51.466273]}},{"type":"Feature","properties":{"type":"cafe","name":"Madeleine's Creperie"},"geometry":{"type":"Point","coordinates":[0.008879,51.465995]}},{"type":"Feature","properties":{"type":"cafe","name":"Costa"},"geometry":{"type":"Point","coordinates":[0.0076,51.46652]}},{"type":"Feature","properties":{"type":"cafe","name":"Weathered & Worn"},"geometry":{"type":"Point","coordinates":[0.335869,51.223104]}},{"type":"Feature","properties":{"type":"cafe","name":"ExN Social"},"geometry":{"type":"Point","coordinates":[0.089902,51.354069]}},{"type":"Feature","properties":{"type":"cafe","name":"Blackheath Coffee Co."},"geometry":{"type":"Point","coordinates":[0.008965,51.465633]}},{"type":"Feature","properties":{"type":"cafe","name":"Rhiannon's Cafe"},"geometry":{"type":"Point","coordinates":[0.016883,51.405885]}},{"type":"Feature","properties":{"type":"cafe","name":"1917 Chill Cafe"},"geometry":{"type":"Point","coordinates":[0.016486,51.406169]}},{"type":"Feature","properties":{"type":"toilet","name":"Toilets"},"geometry":{"type":"Point","coordinates":[0.000741,51.476808]}},{"type":"Feature","properties":{"type":"cafe","name":"Hayes Street Kitchen"},"geometry":{"type":"Point","coordinates":[0.017715,51.378916]}},{"type":"Feature","properties":{"type":"cafe","name":"Old Village Cafe"},"geometry":{"type":"Point","coordinates":[0.017434,51.378485]}},{"type":"Feature","properties":{"type":"cafe","name":"Chai"},"geometry":{"type":"Point","coordinates":[0.019583,51.420288]}},{"type":"Feature","properties":{"type":"toilet","name":"Toilets"},"geometry":{"type":"Point","coordinates":[0.016745,51.404538]}},{"type":"Feature","properties":{"type":"cafe","name":"The Chestnut"},"geometry":{"type":"Point","coordinates":[0.068115,51.417438]}},{"type":"Feature","properties":{"type":"cafe","name":"Mirage 2"},"geometry":{"type":"Point","coordinates":[0.068006,51.417543]}},{"type":"Feature","properties":{"type":"toilet","name":"Toilets"},"geometry":{"type":"Point","coordinates":[0.018342,51.399985]}},{"type":"Feature","properties":{"type":"toilet","name":"Toilets"},"geometry":{"type":"Point","coordinates":[0.016799,51.405275]}},{"type":"Feature","properties":{"type":"cafe","name":"Cafe Giardino"},"geometry":{"type":"Point","coordinates":[0.016945,51.404505]}},{"type":"Feature","properties":{"type":"cafe","name":"Joe & The Juice"},"geometry":{"type":"Point","coordinates":[0.191802,51.271676]}},{"type":"Feature","properties":{"type":"cafe","name":"Oaks Kitchen"},"geometry":{"type":"Point","coordinates":[0.184291,51.276212]}},{"type":"Feature","properties":{"type":"cafe","name":"Teal Cafe"},"geometry":{"type":"Point","coordinates":[0.212236,51.237388]}},{"type":"Feature","properties":{"type":"water","name":"Drinking water"},"geometry":{"type":"Point","coordinates":[0.08259,51.24357]}},{"type":"Feature","properties":{"type":"cafe","name":"The Pavilion Café"},"geometry":{"type":"Point","coordinates":[0.000689,51.47675]}},{"type":"Feature","properties":{"type":"toilet","name":"Toilets"},"geometry":{"type":"Point","coordinates":[0.006142,51.586985]}},{"type":"Feature","properties":{"type":"cafe","name":"Coffee Box"},"geometry":{"type":"Point","coordinates":[0.184172,51.334215]}},{"type":"Feature","properties":{"type":"cafe","name":"The Early Morning Cafe"},"geometry":{"type":"Point","coordinates":[0.3659,51.441907]}},{"type":"Feature","properties":{"type":"cafe","name":"The Velo Barn Cafe"},"geometry":{"type":"Point","coordinates":[0.065207,51.283123]}},{"type":"Feature","properties":{"type":"cafe","name":"mooboo"},"geometry":{"type":"Point","coordinates":[0.026133,51.593368]}},{"type":"Feature","properties":{"type":"cafe","name":"Gourmet Coffee Bar & Kitchen"},"geometry":{"type":"Point","coordinates":[0.018212,51.400094]}},{"type":"Feature","properties":{"type":"cafe","name":"Nicks Cafe"},"geometry":{"type":"Point","coordinates":[0.016665,51.402305]}},{"type":"Feature","properties":{"type":"cafe","name":"City Ease"},"geometry":{"type":"Point","coordinates":[0.017146,51.40657]}},{"type":"Feature","properties":{"type":"toilet","name":"Toilets"},"geometry":{"type":"Point","coordinates":[0.053664,51.331239]}},{"type":"Feature","properties":{"type":"cafe","name":"Lullingstone Park Visitor's Centre"},"geometry":{"type":"Point","coordinates":[0.190785,51.352879]}},{"type":"Feature","properties":{"type":"toilet","name":"Toilets"},"geometry":{"type":"Point","coordinates":[0.369036,51.377482]}},{"type":"Feature","properties":{"type":"toilet","name":"Toilets"},"geometry":{"type":"Point","coordinates":[0.021338,51.580809]}},{"type":"Feature","properties":{"type":"cafe","name":"Wild Bean Cafe"},"geometry":{"type":"Point","coordinates":[0.042667,51.273415]}},{"type":"Feature","properties":{"type":"toilet","name":"Cudham Wyse Cricket Club Pavilion"},"geometry":{"type":"Point","coordinates":[0.073252,51.319354]}},{"type":"Feature","properties":{"type":"cafe","name":"HDO"},"geometry":{"type":"Point","coordinates":[0.021897,51.596851]}},{"type":"Feature","properties":{"type":"cafe","name":"Buntastic"},"geometry":{"type":"Point","coordinates":[0.193267,51.269794]}},{"type":"Feature","properties":{"type":"toilet","name":"Toilets"},"geometry":{"type":"Point","coordinates":[0.071035,51.267578]}},{"type":"Feature","properties":{"type":"cafe","name":"Cafe 1809"},"geometry":{"type":"Point","coordinates":[0.242934,51.215904]}},{"type":"Feature","properties":{"type":"cafe","name":"The Log Cabin"},"geometry":{"type":"Point","coordinates":[0.010294,51.577713]}},{"type":"Feature","properties":{"type":"cafe","name":"The Lakeside Diner"},"geometry":{"type":"Point","coordinates":[0.009705,51.578021]}},{"type":"Feature","properties":{"type":"cafe","name":"Darceys Coffee"},"geometry":{"type":"Point","coordinates":[0.193327,51.269734]}},{"type":"Feature","properties":{"type":"cafe","name":"The Kitchen"},"geometry":{"type":"Point","coordinates":[0.013197,51.448925]}},{"type":"Feature","properties":{"type":"toilet","name":"Toilets"},"geometry":{"type":"Point","coordinates":[0.002535,51.473353]}},{"type":"Feature","properties":{"type":"toilet","name":"Toilets"},"geometry":{"type":"Point","coordinates":[0.370883,51.439532]}},{"type":"Feature","properties":{"type":"cafe","name":"Sue & Mems Cafe"},"geometry":{"type":"Point","coordinates":[0.043886,51.437198]}},{"type":"Feature","properties":{"type":"toilet","name":"Toilets"},"geometry":{"type":"Point","coordinates":[0.082866,51.245931]}},{"type":"Feature","properties":{"type":"toilet","name":"Toilets"},"geometry":{"type":"Point","coordinates":[0.082585,51.24353]}},{"type":"Feature","properties":{"type":"cafe","name":"Riverside Tea Room"},"geometry":{"type":"Point","coordinates":[0.211197,51.36788]}},{"type":"Feature","properties":{"type":"cafe","name":"The Croft Tea Room"},"geometry":{"type":"Point","coordinates":[0.113731,51.386486]}},{"type":"Feature","properties":{"type":"cafe","name":"Costa Drive Thru"},"geometry":{"type":"Point","coordinates":[0.038795,51.272353]}},{"type":"Feature","properties":{"type":"cafe","name":"Kerbside Kitchen"},"geometry":{"type":"Point","coordinates":[0.11037,51.39783]}},{"type":"Feature","properties":{"type":"cafe","name":"Starbucks"},"geometry":{"type":"Point","coordinates":[0.113303,51.397148]}},{"type":"Feature","properties":{"type":"cafe","name":"Little Larder"},"geometry":{"type":"Point","coordinates":[0.019856,51.41423]}},{"type":"Feature","properties":{"type":"cafe","name":"Lavender House"},"geometry":{"type":"Point","coordinates":[0.019447,51.414378]}},{"type":"Feature","properties":{"type":"cafe","name":"Aero Coffee"},"geometry":{"type":"Point","coordinates":[0.365354,51.441131]}},{"type":"Feature","properties":{"type":"toilet","name":"Toilets"},"geometry":{"type":"Point","coordinates":[0.13088,51.2453]}},{"type":"Feature","properties":{"type":"cafe","name":"Munchies Cafe"},"geometry":{"type":"Point","coordinates":[0.045787,51.435943]}},{"type":"Feature","properties":{"type":"toilet","name":"Toilets"},"geometry":{"type":"Point","coordinates":[0.055337,51.557505]}},{"type":"Feature","properties":{"type":"cafe","name":"The Wagon Wanstead"},"geometry":{"type":"Point","coordinates":[0.023728,51.580098]}},{"type":"Feature","properties":{"type":"toilet","name":"Toilets"},"geometry":{"type":"Point","coordinates":[0.190848,51.353038]}},{"type":"Feature","properties":{"type":"cafe","name":"Café Lokum"},"geometry":{"type":"Point","coordinates":[0.014756,51.443679]}},{"type":"Feature","properties":{"type":"cafe","name":"Triple Two Keston"},"geometry":{"type":"Point","coordinates":[0.027938,51.362837]}},{"type":"Feature","properties":{"type":"toilet","name":"Toilets"},"geometry":{"type":"Point","coordinates":[0.365815,51.441664]}},{"type":"Feature","properties":{"type":"cafe","name":"Pond View Cafe And Tea Rooms"},"geometry":{"type":"Point","coordinates":[0.1906,51.312989]}},{"type":"Feature","properties":{"type":"cafe","name":"Sally’s Cake Emporium"},"geometry":{"type":"Point","coordinates":[0.189499,51.313049]}},{"type":"Feature","properties":{"type":"cafe","name":"Bad Coffee"},"geometry":{"type":"Point","coordinates":[0.021138,51.581232]}},{"type":"Feature","properties":{"type":"station","name":"Higham"},"geometry":{"type":"Point","coordinates":[0.466018,51.426953]}},{"type":"Feature","properties":{"type":"station","name":"Shore"},"geometry":{"type":"Point","coordinates":[0.715852,51.532697]}},{"type":"Feature","properties":{"type":"cafe","name":"Café Braga"},"geometry":{"type":"Point","coordinates":[0.692626,51.538273]}},{"type":"Feature","properties":{"type":"cafe","name":"The Garden Café"},"geometry":{"type":"Point","coordinates":[0.693397,51.535089]}},{"type":"Feature","properties":{"type":"cafe","name":"Dino's"},"geometry":{"type":"Point","coordinates":[0.693467,51.535086]}},{"type":"Feature","properties":{"type":"cafe","name":"Water's Edge Café"},"geometry":{"type":"Point","coordinates":[0.693539,51.535077]}},{"type":"Feature","properties":{"type":"cafe","name":"Sea Breeze Café"},"geometry":{"type":"Point","coordinates":[0.693612,51.535068]}},{"type":"Feature","properties":{"type":"cafe","name":"Smiley's"},"geometry":{"type":"Point","coordinates":[0.693684,51.535059]}},{"type":"Feature","properties":{"type":"cafe","name":"Riviera Café"},"geometry":{"type":"Point","coordinates":[0.693756,51.53505]}},{"type":"Feature","properties":{"type":"cafe","name":"The Captain's Table"},"geometry":{"type":"Point","coordinates":[0.693829,51.535041]}},{"type":"Feature","properties":{"type":"cafe","name":"Jolly Roger"},"geometry":{"type":"Point","coordinates":[0.693901,51.535032]}},{"type":"Feature","properties":{"type":"cafe","name":"The Barge Café"},"geometry":{"type":"Point","coordinates":[0.693974,51.535023]}},{"type":"Feature","properties":{"type":"cafe","name":"Riverside Café"},"geometry":{"type":"Point","coordinates":[0.694061,51.535015]}},{"type":"Feature","properties":{"type":"cafe","name":"The Estuary"},"geometry":{"type":"Point","coordinates":[0.694163,51.535003]}},{"type":"Feature","properties":{"type":"cafe","name":"Mermaid Café"},"geometry":{"type":"Point","coordinates":[0.694237,51.534995]}},{"type":"Feature","properties":{"type":"cafe","name":"Fountain Café"},"geometry":{"type":"Point","coordinates":[0.69431,51.534986]}},{"type":"Feature","properties":{"type":"toilet","name":"Toilets"},"geometry":{"type":"Point","coordinates":[0.527283,51.455511]}},{"type":"Feature","properties":{"type":"station","name":"Southend Cliff Lift (Bottom)"},"geometry":{"type":"Point","coordinates":[0.710924,51.53351]}},{"type":"Feature","properties":{"type":"station","name":"Southend Cliff Lift (Top)"},"geometry":{"type":"Point","coordinates":[0.711016,51.533991]}},{"type":"Feature","properties":{"type":"cafe","name":"Yalding Organic Garden Centre"},"geometry":{"type":"Point","coordinates":[0.430372,51.216017]}},{"type":"Feature","properties":{"type":"toilet","name":"Toilets"},"geometry":{"type":"Point","coordinates":[0.564555,51.420554]}},{"type":"Feature","properties":{"type":"cafe","name":"The Boat House Fish & Chips"},"geometry":{"type":"Point","coordinates":[0.716202,51.533343]}},{"type":"Feature","properties":{"type":"cafe","name":"Lena's Cafe"},"geometry":{"type":"Point","coordinates":[0.715744,51.533368]}},{"type":"Feature","properties":{"type":"toilet","name":"Toilets"},"geometry":{"type":"Point","coordinates":[0.635705,51.452824]}},{"type":"Feature","properties":{"type":"cafe","name":"The Swan Street Cafe"},"geometry":{"type":"Point","coordinates":[0.409416,51.294716]}},{"type":"Feature","properties":{"type":"cafe","name":"Riverside Gallery"},"geometry":{"type":"Point","coordinates":[0.429092,51.223746]}},{"type":"Feature","properties":{"type":"cafe","name":"The Old Mill Tea Room"},"geometry":{"type":"Point","coordinates":[0.409471,51.294326]}},{"type":"Feature","properties":{"type":"cafe","name":"Cupcake Heart"},"geometry":{"type":"Point","coordinates":[0.441446,51.298397]}},{"type":"Feature","properties":{"type":"cafe","name":"Café"},"geometry":{"type":"Point","coordinates":[0.418219,51.221688]}},{"type":"Feature","properties":{"type":"cafe","name":"Buckland Lake Cafe & Tea Room"},"geometry":{"type":"Point","coordinates":[0.489708,51.451978]}},{"type":"Feature","properties":{"type":"station","name":"Shoeburyness"},"geometry":{"type":"Point","coordinates":[0.794567,51.531446]}},{"type":"Feature","properties":{"type":"station","name":"Yalding"},"geometry":{"type":"Point","coordinates":[0.412162,51.226665]}},{"type":"Feature","properties":{"type":"station","name":"Aylesford"},"geometry":{"type":"Point","coordinates":[0.465767,51.301533]}},{"type":"Feature","properties":{"type":"station","name":"Westcliff"},"geometry":{"type":"Point","coordinates":[0.691516,51.537445]}},{"type":"Feature","properties":{"type":"toilet","name":"Toilets"},"geometry":{"type":"Point","coordinates":[0.713392,51.533001]}},{"type":"Feature","properties":{"type":"water","name":"Drinking water"},"geometry":{"type":"Point","coordinates":[0.643227,51.267641]}},{"type":"Feature","properties":{"type":"toilet","name":"Toilets"},"geometry":{"type":"Point","coordinates":[0.715764,51.53303]}},{"type":"Feature","properties":{"type":"toilet","name":"Toilets"},"geometry":{"type":"Point","coordinates":[0.691423,51.537356]}},{"type":"Feature","properties":{"type":"water","name":"Drinking water"},"geometry":{"type":"Point","coordinates":[0.691344,51.537412]}},{"type":"Feature","properties":{"type":"cafe","name":"Coffee Station"},"geometry":{"type":"Point","coordinates":[0.69113,51.537397]}},{"type":"Feature","properties":{"type":"cafe","name":"140 Eastern Esplanade Cafe"},"geometry":{"type":"Point","coordinates":[0.737459,51.53004]}},{"type":"Feature","properties":{"type":"toilet","name":"Toilets"},"geometry":{"type":"Point","coordinates":[0.712071,51.533179]}},{"type":"Feature","properties":{"type":"cafe","name":"Serendipity Cafe"},"geometry":{"type":"Point","coordinates":[0.789719,51.525119]}},{"type":"Feature","properties":{"type":"toilet","name":"Toilets"},"geometry":{"type":"Point","coordinates":[0.420448,51.220996]}},{"type":"Feature","properties":{"type":"toilet","name":"Toilets"},"geometry":{"type":"Point","coordinates":[0.499186,51.301104]}},{"type":"Feature","properties":{"type":"toilet","name":"Toilets"},"geometry":{"type":"Point","coordinates":[0.49912,51.301088]}},{"type":"Feature","properties":{"type":"toilet","name":"Toilets"},"geometry":{"type":"Point","coordinates":[0.499067,51.301073]}},{"type":"Feature","properties":{"type":"cafe","name":"Pebbles"},"geometry":{"type":"Point","coordinates":[0.721928,51.532499]}},{"type":"Feature","properties":{"type":"cafe","name":"Beaches"},"geometry":{"type":"Point","coordinates":[0.719996,51.532747]}},{"type":"Feature","properties":{"type":"cafe","name":"Dog and Co Coffee Shop"},"geometry":{"type":"Point","coordinates":[0.73762,51.530044]}},{"type":"Feature","properties":{"type":"cafe","name":"Café"},"geometry":{"type":"Point","coordinates":[0.58956,51.451766]}},{"type":"Feature","properties":{"type":"toilet","name":"Toilets"},"geometry":{"type":"Point","coordinates":[0.589342,51.451667]}},{"type":"Feature","properties":{"type":"cafe","name":"The Higham Oven Bake"},"geometry":{"type":"Point","coordinates":[0.460167,51.416133]}},{"type":"Feature","properties":{"type":"cafe","name":"Queen Bee's Tea Room"},"geometry":{"type":"Point","coordinates":[0.79511,51.529447]}},{"type":"Feature","properties":{"type":"cafe","name":"Waterfront Cafe"},"geometry":{"type":"Point","coordinates":[0.715405,51.533384]}},{"type":"Feature","properties":{"type":"cafe","name":"Buns Bros."},"geometry":{"type":"Point","coordinates":[0.715686,51.533372]}},{"type":"Feature","properties":{"type":"cafe","name":"Crème Crazy"},"geometry":{"type":"Point","coordinates":[0.71666,51.533295]}},{"type":"Feature","properties":{"type":"cafe","name":"The Boat House"},"geometry":{"type":"Point","coordinates":[0.726461,51.532006]}},{"type":"Feature","properties":{"type":"cafe","name":"The Three Shells"},"geometry":{"type":"Point","coordinates":[0.726004,51.531811]}},{"type":"Feature","properties":{"type":"cafe","name":"Sands by the Sea"},"geometry":{"type":"Point","coordinates":[0.71328,51.533081]}},{"type":"Feature","properties":{"type":"toilet","name":"Toilets"},"geometry":{"type":"Point","coordinates":[0.795211,51.531076]}},{"type":"Feature","properties":{"type":"water","name":"Drinking water"},"geometry":{"type":"Point","coordinates":[0.795202,51.531107]}},{"type":"Feature","properties":{"type":"cafe","name":"Attic"},"geometry":{"type":"Point","coordinates":[0.728141,51.531449]}},{"type":"Feature","properties":{"type":"cafe","name":"Puglies"},"geometry":{"type":"Point","coordinates":[0.694444,51.534653]}},{"type":"Feature","properties":{"type":"cafe","name":"Rossi's"},"geometry":{"type":"Point","coordinates":[0.696928,51.534534]}},{"type":"Feature","properties":{"type":"toilet","name":"Toilets"},"geometry":{"type":"Point","coordinates":[0.694556,51.534947]}},{"type":"Feature","properties":{"type":"toilet","name":"Toilets"},"geometry":{"type":"Point","coordinates":[0.497654,51.461435]}},{"type":"Feature","properties":{"type":"toilet","name":"Toilets"},"geometry":{"type":"Point","coordinates":[0.773849,51.524312]}},{"type":"Feature","properties":{"type":"toilet","name":"Seaway Car & Coach Park WC"},"geometry":{"type":"Point","coordinates":[0.719611,51.533478]}},{"type":"Feature","properties":{"type":"cafe","name":"Costa"},"geometry":{"type":"Point","coordinates":[0.408891,51.294427]}},{"type":"Feature","properties":{"type":"cafe","name":"The Hungry Guest"},"geometry":{"type":"Point","coordinates":[0.408917,51.29448]}},{"type":"Feature","properties":{"type":"toilet","name":"Toilets"},"geometry":{"type":"Point","coordinates":[0.408198,51.294386]}},{"type":"Feature","properties":{"type":"cafe","name":"Roberto's"},"geometry":{"type":"Point","coordinates":[0.707567,51.53309]}},{"type":"Feature","properties":{"type":"cafe","name":"Three Shells"},"geometry":{"type":"Point","coordinates":[0.712671,51.533156]}},{"type":"Feature","properties":{"type":"toilet","name":"Toilets"},"geometry":{"type":"Point","coordinates":[0.480828,51.303843]}},{"type":"Feature","properties":{"type":"toilet","name":"Toilets"},"geometry":{"type":"Point","coordinates":[0.722974,51.532648]}},{"type":"Feature","properties":{"type":"toilet","name":"Toilets"},"geometry":{"type":"Point","coordinates":[0.753211,51.529234]}},{"type":"Feature","properties":{"type":"toilet","name":"Toilets"},"geometry":{"type":"Point","coordinates":[0.723396,51.532324]}},{"type":"Feature","properties":{"type":"cafe","name":"Village Pantry"},"geometry":{"type":"Point","coordinates":[0.481789,51.303507]}},{"type":"Feature","properties":{"type":"cafe","name":"Mockbeggar Cafe"},"geometry":{"type":"Point","coordinates":[0.490618,51.421478]}},{"type":"Feature","properties":{"type":"station","name":"Faversham"},"geometry":{"type":"Point","coordinates":[0.890664,51.311653]}},{"type":"Feature","properties":{"type":"cafe","name":"Beano Cafe"},"geometry":{"type":"Point","coordinates":[1.076566,51.2826]}},{"type":"Feature","properties":{"type":"toilet","name":"Toilets"},"geometry":{"type":"Point","coordinates":[0.974689,51.34595]}},{"type":"Feature","properties":{"type":"toilet","name":"Toilets"},"geometry":{"type":"Point","coordinates":[0.877235,51.300295]}},{"type":"Feature","properties":{"type":"cafe","name":"Refectory Kitchen"},"geometry":{"type":"Point","coordinates":[1.074693,51.282128]}},{"type":"Feature","properties":{"type":"station","name":"Canterbury West"},"geometry":{"type":"Point","coordinates":[1.075309,51.284225]}},{"type":"Feature","properties":{"type":"cafe","name":"Around the Clock"},"geometry":{"type":"Point","coordinates":[1.024319,51.358843]}},{"type":"Feature","properties":{"type":"toilet","name":"Toilets"},"geometry":{"type":"Point","coordinates":[0.89184,51.311447]}},{"type":"Feature","properties":{"type":"toilet","name":"Toilets"},"geometry":{"type":"Point","coordinates":[0.891709,51.311316]}},{"type":"Feature","properties":{"type":"cafe","name":"Le Cafe Bonjour Encore"},"geometry":{"type":"Point","coordinates":[0.891299,51.311405]}},{"type":"Feature","properties":{"type":"cafe","name":"Revival Food & Mood"},"geometry":{"type":"Point","coordinates":[1.024168,51.359426]}},{"type":"Feature","properties":{"type":"station","name":"Brogdale Central Station"},"geometry":{"type":"Point","coordinates":[0.877004,51.29985]}},{"type":"Feature","properties":{"type":"water","name":"Drinking water"},"geometry":{"type":"Point","coordinates":[1.023497,51.36077]}},{"type":"Feature","properties":{"type":"toilet","name":"Toilets"},"geometry":{"type":"Point","coordinates":[1.023446,51.360761]}},{"type":"Feature","properties":{"type":"cafe","name":"Whitstable Cafe"},"geometry":{"type":"Point","coordinates":[1.024481,51.359164]}},{"type":"Feature","properties":{"type":"cafe","name":"Starbucks"},"geometry":{"type":"Point","coordinates":[1.075515,51.284192]}},{"type":"Feature","properties":{"type":"cafe","name":"The Harbour Garden Café"},"geometry":{"type":"Point","coordinates":[1.0277,51.36288]}},{"type":"Feature","properties":{"type":"cafe","name":"Café"},"geometry":{"type":"Point","coordinates":[1.035107,51.316987]}},{"type":"Feature","properties":{"type":"cafe","name":"Garage Coffee"},"geometry":{"type":"Point","coordinates":[1.024511,51.356389]}},{"type":"Feature","properties":{"type":"water","name":"Drinking water"},"geometry":{"type":"Point","coordinates":[1.025143,51.3573]}},{"type":"Feature","properties":{"type":"water","name":"Drinking water"},"geometry":{"type":"Point","coordinates":[1.029248,51.363062]}},{"type":"Feature","properties":{"type":"cafe","name":"Tadpoles Tea Room"},"geometry":{"type":"Point","coordinates":[1.135725,51.232066]}},{"type":"Feature","properties":{"type":"toilet","name":"Toilets"},"geometry":{"type":"Point","coordinates":[1.075327,51.284078]}},{"type":"Feature","properties":{"type":"cafe","name":"Revival"},"geometry":{"type":"Point","coordinates":[1.024376,51.358783]}},{"type":"Feature","properties":{"type":"cafe","name":"Farm & Harper"},"geometry":{"type":"Point","coordinates":[1.024442,51.359476]}},{"type":"Feature","properties":{"type":"cafe","name":"Tabitha's Kitchen"},"geometry":{"type":"Point","coordinates":[1.024492,51.359124]}},{"type":"Feature","properties":{"type":"cafe","name":"Amedea"},"geometry":{"type":"Point","coordinates":[1.024731,51.356922]}},{"type":"Feature","properties":{"type":"cafe","name":"Gilberts"},"geometry":{"type":"Point","coordinates":[1.024499,51.356472]}},{"type":"Feature","properties":{"type":"cafe","name":"Buddies Diner Cafe & Pizzeria"},"geometry":{"type":"Point","coordinates":[0.803705,51.552934]}},{"type":"Feature","properties":{"type":"cafe","name":"Nanny Egg's Tea Garden And Store"},"geometry":{"type":"Point","coordinates":[0.806005,51.552929]}},{"type":"Feature","properties":{"type":"cafe","name":"Gossip"},"geometry":{"type":"Point","coordinates":[0.809094,51.553213]}},{"type":"Feature","properties":{"type":"cafe","name":"Howard's Kitchen"},"geometry":{"type":"Point","coordinates":[1.025133,51.358482]}},{"type":"Feature","properties":{"type":"cafe","name":"The Courtyard"},"geometry":{"type":"Point","coordinates":[0.876984,51.30026]}},{"type":"Feature","properties":{"type":"toilet","name":"Toilets"},"geometry":{"type":"Point","coordinates":[1.029326,51.363041]}},{"type":"Feature","properties":{"type":"cafe","name":"Junior's Cafe & Deli"},"geometry":{"type":"Point","coordinates":[1.023658,51.352635]}},{"type":"Feature","properties":{"type":"cafe","name":"Leo's Café & Sandwiches"},"geometry":{"type":"Point","coordinates":[1.074332,51.282027]}},{"type":"Feature","properties":{"type":"cafe","name":"Le Cafe"},"geometry":{"type":"Point","coordinates":[1.074682,51.282174]}},{"type":"Feature","properties":{"type":"cafe","name":"The Coffee Corner"},"geometry":{"type":"Point","coordinates":[1.072316,51.283003]}},{"type":"Feature","properties":{"type":"cafe","name":"Grain & Hearth"},"geometry":{"type":"Point","coordinates":[1.024173,51.355368]}},{"type":"Feature","properties":{"type":"cafe","name":"Le Petit Café"},"geometry":{"type":"Point","coordinates":[1.024421,51.36035]}},{"type":"Feature","properties":{"type":"toilet","name":"Toilets"},"geometry":{"type":"Point","coordinates":[1.025203,51.357298]}},{"type":"Feature","properties":{"type":"cafe","name":"The Kitchen @ Whitstable"},"geometry":{"type":"Point","coordinates":[1.024092,51.359683]}},{"type":"Feature","properties":{"type":"cafe","name":"Made with Love"},"geometry":{"type":"Point","coordinates":[1.025457,51.361662]}},{"type":"Feature","properties":{"type":"cafe","name":"Elliotts"},"geometry":{"type":"Point","coordinates":[1.025407,51.361887]}},{"type":"Feature","properties":{"type":"cafe","name":"The Umbrella Cafe"},"geometry":{"type":"Point","coordinates":[1.024002,51.356832]}},{"type":"Feature","properties":{"type":"toilet","name":"Toilets"},"geometry":{"type":"Point","coordinates":[1.417981,51.329247]}},{"type":"Feature","properties":{"type":"cafe","name":"Louisa Bay Cafe"},"geometry":{"type":"Point","coordinates":[1.442637,51.355629]}},{"type":"Feature","properties":{"type":"toilet","name":"Toilets"},"geometry":{"type":"Point","coordinates":[1.438875,51.348622]}},{"type":"Feature","properties":{"type":"cafe","name":"The Lookout Cafe"},"geometry":{"type":"Point","coordinates":[1.409701,51.327643]}},{"type":"Feature","properties":{"type":"toilet","name":"Toilets"},"geometry":{"type":"Point","coordinates":[1.442813,51.356207]}},{"type":"Feature","properties":{"type":"toilet","name":"Toilets"},"geometry":{"type":"Point","coordinates":[1.442798,51.356372]}},{"type":"Feature","properties":{"type":"toilet","name":"Toilets"},"geometry":{"type":"Point","coordinates":[1.215817,51.273504]}},{"type":"Feature","properties":{"type":"cafe","name":"Custom Coffee House and Carvery"},"geometry":{"type":"Point","coordinates":[1.422795,51.332135]}},{"type":"Feature","properties":{"type":"cafe","name":"Jemima's Tea Room"},"geometry":{"type":"Point","coordinates":[1.314675,51.334586]}},{"type":"Feature","properties":{"type":"cafe","name":"The Railway Station Cafe"},"geometry":{"type":"Point","coordinates":[1.207378,51.270687]}},{"type":"Feature","properties":{"type":"cafe","name":"Ship Shape"},"geometry":{"type":"Point","coordinates":[1.418179,51.331416]}},{"type":"Feature","properties":{"type":"cafe","name":"Little Ships"},"geometry":{"type":"Point","coordinates":[1.421273,51.332333]}},{"type":"Feature","properties":{"type":"cafe","name":"Sunrise Cafe"},"geometry":{"type":"Point","coordinates":[1.41884,51.332805]}},{"type":"Feature","properties":{"type":"cafe","name":"Be Me Tea"},"geometry":{"type":"Point","coordinates":[1.441846,51.358224]}},{"type":"Feature","properties":{"type":"cafe","name":"Tunnels Teashop"},"geometry":{"type":"Point","coordinates":[1.426583,51.334524]}},{"type":"Feature","properties":{"type":"water","name":"Drinking water"},"geometry":{"type":"Point","coordinates":[1.424472,51.332111]}},{"type":"Feature","properties":{"type":"cafe","name":"Forts"},"geometry":{"type":"Point","coordinates":[1.441092,51.357683]}},{"type":"Feature","properties":{"type":"toilet","name":"Toilets"},"geometry":{"type":"Point","coordinates":[1.423483,51.3317]}},{"type":"Feature","properties":{"type":"cafe","name":"Little Wave"},"geometry":{"type":"Point","coordinates":[1.441758,51.358543]}},{"type":"Feature","properties":{"type":"cafe","name":"Ed's Cafe"},"geometry":{"type":"Point","coordinates":[1.44101,51.358514]}},{"type":"Feature","properties":{"type":"cafe","name":"Harbour Cafe"},"geometry":{"type":"Point","coordinates":[1.444749,51.359128]}},{"type":"Feature","properties":{"type":"toilet","name":"Toilets"},"geometry":{"type":"Point","coordinates":[1.444928,51.35916]}},{"type":"Feature","properties":{"type":"toilet","name":"Toilets"},"geometry":{"type":"Point","coordinates":[1.442731,51.35636]}},{"type":"Feature","properties":{"type":"cafe","name":"Bandstand Kiosk"},"geometry":{"type":"Point","coordinates":[1.442261,51.356494]}},{"type":"Feature","properties":{"type":"cafe","name":"Costa"},"geometry":{"type":"Point","coordinates":[1.441937,51.358354]}},{"type":"Feature","properties":{"type":"cafe","name":"Kafeine"},"geometry":{"type":"Point","coordinates":[1.442679,51.359272]}},{"type":"Feature","properties":{"type":"cafe","name":"NāMAKA"},"geometry":{"type":"Point","coordinates":[1.442557,51.359053]}},{"type":"Feature","properties":{"type":"cafe","name":"Bessie's Tea Parlour"},"geometry":{"type":"Point","coordinates":[1.44301,51.359553]}},{"type":"Feature","properties":{"type":"cafe","name":"The Old Bakehouse"},"geometry":{"type":"Point","coordinates":[1.441214,51.358528]}},{"type":"Feature","properties":{"type":"cafe","name":"Artfuls"},"geometry":{"type":"Point","coordinates":[1.441772,51.357895]}},{"type":"Feature","properties":{"type":"cafe","name":"The Old Curiosity Shop"},"geometry":{"type":"Point","coordinates":[1.443802,51.359703]}},{"type":"Feature","properties":{"type":"cafe","name":"The White House"},"geometry":{"type":"Point","coordinates":[1.440743,51.356715]}},{"type":"Feature","properties":{"type":"toilet","name":"Toilets"},"geometry":{"type":"Point","coordinates":[1.426032,51.333517]}},{"type":"Feature","properties":{"type":"toilet","name":"Toilets"},"geometry":{"type":"Point","coordinates":[1.409252,51.328208]}},{"type":"Feature","properties":{"type":"cafe","name":"Dumpton Gap Kiosk"},"geometry":{"type":"Point","coordinates":[1.439408,51.348609]}},{"type":"Feature","properties":{"type":"toilet","name":"Toilets"},"geometry":{"type":"Point","coordinates":[-0.175596,51.631991]}},{"type":"Feature","properties":{"type":"toilet","name":"Toilets"},"geometry":{"type":"Point","coordinates":[-0.021569,51.703176]}},{"type":"Feature","properties":{"type":"toilet","name":"Toilets"},"geometry":{"type":"Point","coordinates":[-0.162227,51.61914]}},{"type":"Feature","properties":{"type":"cafe","name":"Café"},"geometry":{"type":"Point","coordinates":[-0.161712,51.619391]}},{"type":"Feature","properties":{"type":"cafe","name":"Val's Cafe"},"geometry":{"type":"Point","coordinates":[-0.184845,51.866404]}},{"type":"Feature","properties":{"type":"toilet","name":"Toilets"},"geometry":{"type":"Point","coordinates":[-0.182167,51.865869]}},{"type":"Feature","properties":{"type":"cafe","name":"Rose Cafe"},"geometry":{"type":"Point","coordinates":[-0.076557,51.797207]}},{"type":"Feature","properties":{"type":"cafe","name":"Popular Two"},"geometry":{"type":"Point","coordinates":[-0.176982,51.617961]}},{"type":"Feature","properties":{"type":"cafe","name":"Hole in the Wall Cafe"},"geometry":{"type":"Point","coordinates":[-0.183208,51.643157]}},{"type":"Feature","properties":{"type":"cafe","name":"The Glass House"},"geometry":{"type":"Point","coordinates":[-0.078904,51.796213]}},{"type":"Feature","properties":{"type":"cafe","name":"Bells Hill Cafe"},"geometry":{"type":"Point","coordinates":[-0.215057,51.646941]}},{"type":"Feature","properties":{"type":"toilet","name":"Toilets"},"geometry":{"type":"Point","coordinates":[-0.079481,51.796036]}},{"type":"Feature","properties":{"type":"cafe","name":"Barnet Cafe"},"geometry":{"type":"Point","coordinates":[-0.200675,51.653364]}},{"type":"Feature","properties":{"type":"cafe","name":"Caffeine Culture"},"geometry":{"type":"Point","coordinates":[-0.201114,51.653518]}},{"type":"Feature","properties":{"type":"cafe","name":"Gail's"},"geometry":{"type":"Point","coordinates":[-0.201575,51.655172]}},{"type":"Feature","properties":{"type":"station","name":"Watton-at-Stone"},"geometry":{"type":"Point","coordinates":[-0.11939,51.856469]}},{"type":"Feature","properties":{"type":"station","name":"High Barnet"},"geometry":{"type":"Point","coordinates":[-0.193883,51.650399]}},{"type":"Feature","properties":{"type":"cafe","name":"Starbucks"},"geometry":{"type":"Point","coordinates":[-0.177084,51.616363]}},{"type":"Feature","properties":{"type":"cafe","name":"Costa"},"geometry":{"type":"Point","coordinates":[-0.177091,51.616527]}},{"type":"Feature","properties":{"type":"cafe","name":"Caffè Nero"},"geometry":{"type":"Point","coordinates":[-0.176499,51.615663]}},{"type":"Feature","properties":{"type":"cafe","name":"Boulagerie Joie de Vie"},"geometry":{"type":"Point","coordinates":[-0.17701,51.614083]}},{"type":"Feature","properties":{"type":"cafe","name":"Talkington Bates Cafe"},"geometry":{"type":"Point","coordinates":[-0.210438,51.714114]}},{"type":"Feature","properties":{"type":"cafe","name":"Diony & Adam"},"geometry":{"type":"Point","coordinates":[-0.158238,51.612877]}},{"type":"Feature","properties":{"type":"cafe","name":"Bloqs Kitchen"},"geometry":{"type":"Point","coordinates":[-0.040488,51.608819]}},{"type":"Feature","properties":{"type":"station","name":"Brookmans Park"},"geometry":{"type":"Point","coordinates":[-0.204836,51.721157]}},{"type":"Feature","properties":{"type":"station","name":"Knebworth"},"geometry":{"type":"Point","coordinates":[-0.187051,51.867042]}},{"type":"Feature","properties":{"type":"cafe","name":"Caffè Nero"},"geometry":{"type":"Point","coordinates":[-0.201536,51.654889]}},{"type":"Feature","properties":{"type":"cafe","name":"Harmony Café"},"geometry":{"type":"Point","coordinates":[-0.157544,51.613061]}},{"type":"Feature","properties":{"type":"cafe","name":"Unique"},"geometry":{"type":"Point","coordinates":[-0.157867,51.612983]}},{"type":"Feature","properties":{"type":"toilet","name":"Toilets"},"geometry":{"type":"Point","coordinates":[-0.179273,51.630773]}},{"type":"Feature","properties":{"type":"toilet","name":"Toilets"},"geometry":{"type":"Point","coordinates":[-0.179013,51.630776]}},{"type":"Feature","properties":{"type":"toilet","name":"Toilets"},"geometry":{"type":"Point","coordinates":[-0.194009,51.65037]}},{"type":"Feature","properties":{"type":"cafe","name":"Cafe Brunch"},"geometry":{"type":"Point","coordinates":[-0.178539,51.691127]}},{"type":"Feature","properties":{"type":"station","name":"Totteridge & Whetstone"},"geometry":{"type":"Point","coordinates":[-0.179184,51.630716]}},{"type":"Feature","properties":{"type":"station","name":"Bayford"},"geometry":{"type":"Point","coordinates":[-0.095727,51.757901]}},{"type":"Feature","properties":{"type":"toilet","name":"Toilets"},"geometry":{"type":"Point","coordinates":[-0.017003,51.688727]}},{"type":"Feature","properties":{"type":"cafe","name":"Brew Street"},"geometry":{"type":"Point","coordinates":[-0.01712,51.688996]}},{"type":"Feature","properties":{"type":"cafe","name":"Patisserie Joie De Vie"},"geometry":{"type":"Point","coordinates":[-0.20124,51.653632]}},{"type":"Feature","properties":{"type":"cafe","name":"M's Place"},"geometry":{"type":"Point","coordinates":[-0.176968,51.615584]}},{"type":"Feature","properties":{"type":"cafe","name":"Delight"},"geometry":{"type":"Point","coordinates":[-0.177154,51.61366]}},{"type":"Feature","properties":{"type":"cafe","name":"Harmony"},"geometry":{"type":"Point","coordinates":[-0.148139,51.600782]}},{"type":"Feature","properties":{"type":"cafe","name":"Cafe 77"},"geometry":{"type":"Point","coordinates":[-0.235558,51.84939]}},{"type":"Feature","properties":{"type":"cafe","name":"Nkora"},"geometry":{"type":"Point","coordinates":[-0.202023,51.65534]}},{"type":"Feature","properties":{"type":"cafe","name":"Holybella"},"geometry":{"type":"Point","coordinates":[-0.176466,51.618425]}},{"type":"Feature","properties":{"type":"cafe","name":"Café"},"geometry":{"type":"Point","coordinates":[-0.034843,51.81088]}},{"type":"Feature","properties":{"type":"cafe","name":"The Country Bumpkin"},"geometry":{"type":"Point","coordinates":[-0.153129,51.824823]}},{"type":"Feature","properties":{"type":"cafe","name":"Hatch Cafe & Gelateria"},"geometry":{"type":"Point","coordinates":[-0.14813,51.600729]}},{"type":"Feature","properties":{"type":"cafe","name":"Cha Wan Jia"},"geometry":{"type":"Point","coordinates":[-0.201202,51.653583]}},{"type":"Feature","properties":{"type":"cafe","name":"Huddle Cafe"},"geometry":{"type":"Point","coordinates":[-0.201247,51.657506]}},{"type":"Feature","properties":{"type":"cafe","name":"Corner Cafe"},"geometry":{"type":"Point","coordinates":[-0.202424,51.656483]}},{"type":"Feature","properties":{"type":"cafe","name":"Rise & Shine"},"geometry":{"type":"Point","coordinates":[-0.201976,51.656603]}},{"type":"Feature","properties":{"type":"cafe","name":"Coffee Bean"},"geometry":{"type":"Point","coordinates":[-0.203332,51.655617]}},{"type":"Feature","properties":{"type":"cafe","name":"Cafe du Nord"},"geometry":{"type":"Point","coordinates":[-0.20254,51.655368]}},{"type":"Feature","properties":{"type":"cafe","name":"Creams"},"geometry":{"type":"Point","coordinates":[-0.1765,51.615837]}},{"type":"Feature","properties":{"type":"cafe","name":"Blanche Bistro Cafe"},"geometry":{"type":"Point","coordinates":[-0.175403,51.608431]}},{"type":"Feature","properties":{"type":"cafe","name":"Tinys Snack Bar"},"geometry":{"type":"Point","coordinates":[-0.175391,51.608323]}},{"type":"Feature","properties":{"type":"cafe","name":"Çilek Cafe"},"geometry":{"type":"Point","coordinates":[-0.176292,51.614881]}},{"type":"Feature","properties":{"type":"cafe","name":"Enjoy Cafe"},"geometry":{"type":"Point","coordinates":[-0.176239,51.613495]}},{"type":"Feature","properties":{"type":"cafe","name":"My Caffe"},"geometry":{"type":"Point","coordinates":[-0.176305,51.613649]}},{"type":"Feature","properties":{"type":"cafe","name":"La Genoise"},"geometry":{"type":"Point","coordinates":[-0.175923,51.613851]}},{"type":"Feature","properties":{"type":"cafe","name":"Heaven"},"geometry":{"type":"Point","coordinates":[-0.197358,51.651403]}},{"type":"Feature","properties":{"type":"water","name":"Drinking water"},"geometry":{"type":"Point","coordinates":[-0.200661,51.65841]}},{"type":"Feature","properties":{"type":"cafe","name":"Golden Bite"},"geometry":{"type":"Point","coordinates":[-0.178464,51.611602]}},{"type":"Feature","properties":{"type":"cafe","name":"London Cafe"},"geometry":{"type":"Point","coordinates":[-0.176853,51.613495]}},{"type":"Feature","properties":{"type":"toilet","name":"Toilets"},"geometry":{"type":"Point","coordinates":[-0.229082,51.663703]}},{"type":"Feature","properties":{"type":"toilet","name":"Toilets"},"geometry":{"type":"Point","coordinates":[-0.193954,51.650518]}},{"type":"Feature","properties":{"type":"cafe","name":"Tealicious"},"geometry":{"type":"Point","coordinates":[-0.202752,51.721639]}},{"type":"Feature","properties":{"type":"cafe","name":"Cafe Tuck In"},"geometry":{"type":"Point","coordinates":[-0.178219,51.61186]}},{"type":"Feature","properties":{"type":"toilet","name":"Toilets"},"geometry":{"type":"Point","coordinates":[-0.171141,51.600773]}},{"type":"Feature","properties":{"type":"cafe","name":"Loaves & Fishes Café"},"geometry":{"type":"Point","coordinates":[-0.175963,51.705652]}},{"type":"Feature","properties":{"type":"cafe","name":"Milady"},"geometry":{"type":"Point","coordinates":[-0.029029,51.810249]}},{"type":"Feature","properties":{"type":"cafe","name":"thirteen."},"geometry":{"type":"Point","coordinates":[-0.080182,51.796977]}},{"type":"Feature","properties":{"type":"cafe","name":"Lea Valley Cafe"},"geometry":{"type":"Point","coordinates":[-0.012751,51.684997]}},{"type":"Feature","properties":{"type":"cafe","name":"Oxs Cafe"},"geometry":{"type":"Point","coordinates":[-0.018931,51.747144]}},{"type":"Feature","properties":{"type":"toilet","name":"Toilets"},"geometry":{"type":"Point","coordinates":[-0.01552,51.745602]}},{"type":"Feature","properties":{"type":"toilet","name":"Toilets"},"geometry":{"type":"Point","coordinates":[-0.051987,51.751854]}},{"type":"Feature","properties":{"type":"cafe","name":"Coffee @ Cal's"},"geometry":{"type":"Point","coordinates":[-0.194842,51.650642]}},{"type":"Feature","properties":{"type":"cafe","name":"Munchies"},"geometry":{"type":"Point","coordinates":[-0.200092,51.652897]}},{"type":"Feature","properties":{"type":"cafe","name":"Costa"},"geometry":{"type":"Point","coordinates":[-0.201445,51.654487]}},{"type":"Feature","properties":{"type":"toilet","name":"Toilets"},"geometry":{"type":"Point","coordinates":[-0.203639,51.656812]}},{"type":"Feature","properties":{"type":"toilet","name":"Toilets"},"geometry":{"type":"Point","coordinates":[-0.221721,51.84776]}},{"type":"Feature","properties":{"type":"cafe","name":"Popular Cafe"},"geometry":{"type":"Point","coordinates":[-0.174646,51.630389]}},{"type":"Feature","properties":{"type":"cafe","name":"Ems Coffee"},"geometry":{"type":"Point","coordinates":[-0.175193,51.632164]}},{"type":"Feature","properties":{"type":"cafe","name":"Nature's Nest"},"geometry":{"type":"Point","coordinates":[-0.178137,51.630251]}},{"type":"Feature","properties":{"type":"cafe","name":"The Waiting Room"},"geometry":{"type":"Point","coordinates":[-0.178543,51.630293]}},{"type":"Feature","properties":{"type":"cafe","name":"Milly's Patisserie"},"geometry":{"type":"Point","coordinates":[-0.174858,51.699304]}},{"type":"Feature","properties":{"type":"cafe","name":"Oakmere Tea & Dining Room"},"geometry":{"type":"Point","coordinates":[-0.177064,51.695567]}},{"type":"Feature","properties":{"type":"cafe","name":"Cafe One"},"geometry":{"type":"Point","coordinates":[-0.177091,51.694239]}},{"type":"Feature","properties":{"type":"cafe","name":"Cobb's"},"geometry":{"type":"Point","coordinates":[-0.177434,51.694796]}},{"type":"Feature","properties":{"type":"cafe","name":"Whetstone Cafe"},"geometry":{"type":"Point","coordinates":[-0.175988,51.632941]}},{"type":"Feature","properties":{"type":"cafe","name":"Cafe Pavilion"},"geometry":{"type":"Point","coordinates":[-0.015581,51.745535]}},{"type":"Feature","properties":{"type":"toilet","name":"Toilets"},"geometry":{"type":"Point","coordinates":[-0.019436,51.747449]}},{"type":"Feature","properties":{"type":"cafe","name":"The Redwood Cafe"},"geometry":{"type":"Point","coordinates":[-0.178203,51.624161]}},{"type":"Feature","properties":{"type":"cafe","name":"Coasters"},"geometry":{"type":"Point","coordinates":[-0.183148,51.865656]}},{"type":"Feature","properties":{"type":"cafe","name":"Oak Cafe"},"geometry":{"type":"Point","coordinates":[-0.174381,51.629997]}},{"type":"Feature","properties":{"type":"cafe","name":"Vibe Cafe"},"geometry":{"type":"Point","coordinates":[-0.186839,51.64679]}},{"type":"Feature","properties":{"type":"cafe","name":"Spoke Cycles CC"},"geometry":{"type":"Point","coordinates":[-0.22156,51.847837]}},{"type":"Feature","properties":{"type":"cafe","name":"Brad & Dills"},"geometry":{"type":"Point","coordinates":[-0.07715,51.796434]}},{"type":"Feature","properties":{"type":"cafe","name":"Mudlark’s"},"geometry":{"type":"Point","coordinates":[-0.077262,51.796045]}},{"type":"Feature","properties":{"type":"cafe","name":"Soul Seed"},"geometry":{"type":"Point","coordinates":[-0.078753,51.795992]}},{"type":"Feature","properties":{"type":"cafe","name":"Hope Café Restaurant"},"geometry":{"type":"Point","coordinates":[-0.078473,51.796657]}},{"type":"Feature","properties":{"type":"cafe","name":"Hertford Coffee Lab"},"geometry":{"type":"Point","coordinates":[-0.077666,51.796887]}},{"type":"Feature","properties":{"type":"cafe","name":"Bebo Cafe"},"geometry":{"type":"Point","coordinates":[-0.077589,51.796765]}},{"type":"Feature","properties":{"type":"cafe","name":"Costa"},"geometry":{"type":"Point","coordinates":[-0.078447,51.796388]}},{"type":"Feature","properties":{"type":"cafe","name":"Pearl Milk Bar"},"geometry":{"type":"Point","coordinates":[-0.075024,51.797665]}},{"type":"Feature","properties":{"type":"cafe","name":"Il Vino"},"geometry":{"type":"Point","coordinates":[-0.076155,51.796264]}},{"type":"Feature","properties":{"type":"cafe","name":"Caffè Nero"},"geometry":{"type":"Point","coordinates":[-0.077142,51.796694]}},{"type":"Feature","properties":{"type":"cafe","name":"Datchworth Coffee"},"geometry":{"type":"Point","coordinates":[-0.158492,51.848395]}},{"type":"Feature","properties":{"type":"toilet","name":"Toilets"},"geometry":{"type":"Point","coordinates":[-0.035111,51.811506]}},{"type":"Feature","properties":{"type":"toilet","name":"Toilets"},"geometry":{"type":"Point","coordinates":[-0.175524,51.696358]}},{"type":"Feature","properties":{"type":"cafe","name":"Potters Cafe"},"geometry":{"type":"Point","coordinates":[-0.179151,51.691984]}},{"type":"Feature","properties":{"type":"cafe","name":"Rudis Sandwich Bar"},"geometry":{"type":"Point","coordinates":[-0.179468,51.692227]}},{"type":"Feature","properties":{"type":"cafe","name":"Deli Stop"},"geometry":{"type":"Point","coordinates":[-0.191991,51.82373]}},{"type":"Feature","properties":{"type":"cafe","name":"Costa"},"geometry":{"type":"Point","coordinates":[-0.009553,51.686277]}},{"type":"Feature","properties":{"type":"cafe","name":"Ware Coffee Lab"},"geometry":{"type":"Point","coordinates":[-0.032418,51.811351]}},{"type":"Feature","properties":{"type":"cafe","name":"Ware Cafe"},"geometry":{"type":"Point","coordinates":[-0.033274,51.81166]}},{"type":"Feature","properties":{"type":"cafe","name":"Truly Scrumptious"},"geometry":{"type":"Point","coordinates":[-0.030542,51.810865]}},{"type":"Feature","properties":{"type":"cafe","name":"Tony's Coffee Bar"},"geometry":{"type":"Point","coordinates":[-0.029809,51.809347]}},{"type":"Feature","properties":{"type":"cafe","name":"Café Calla"},"geometry":{"type":"Point","coordinates":[-0.187283,51.646247]}},{"type":"Feature","properties":{"type":"cafe","name":"Costa"},"geometry":{"type":"Point","coordinates":[-0.186662,51.64576]}},{"type":"Feature","properties":{"type":"cafe","name":"Caffè Nero"},"geometry":{"type":"Point","coordinates":[0.112885,51.700423]}},{"type":"Feature","properties":{"type":"cafe","name":"Belgique"},"geometry":{"type":"Point","coordinates":[0.114122,51.700832]}},{"type":"Feature","properties":{"type":"cafe","name":"Poppy's"},"geometry":{"type":"Point","coordinates":[0.113793,51.700965]}},{"type":"Feature","properties":{"type":"cafe","name":"Fred and Doug's"},"geometry":{"type":"Point","coordinates":[0.11103,51.698497]}},{"type":"Feature","properties":{"type":"cafe","name":"Costa"},"geometry":{"type":"Point","coordinates":[0.111018,51.699127]}},{"type":"Feature","properties":{"type":"water","name":"Drinking water"},"geometry":{"type":"Point","coordinates":[0.131857,51.613524]}},{"type":"Feature","properties":{"type":"toilet","name":"Budworth Hall"},"geometry":{"type":"Point","coordinates":[0.245096,51.70589]}},{"type":"Feature","properties":{"type":"cafe","name":"High Beech Kiosk"},"geometry":{"type":"Point","coordinates":[0.040365,51.666172]}},{"type":"Feature","properties":{"type":"toilet","name":"Toilets"},"geometry":{"type":"Point","coordinates":[0.046392,51.625214]}},{"type":"Feature","properties":{"type":"toilet","name":"Toilets"},"geometry":{"type":"Point","coordinates":[0.362954,51.876913]}},{"type":"Feature","properties":{"type":"cafe","name":"Eat Wells"},"geometry":{"type":"Point","coordinates":[0.025516,51.615467]}},{"type":"Feature","properties":{"type":"toilet","name":"Toilets"},"geometry":{"type":"Point","coordinates":[0.009607,51.63291]}},{"type":"Feature","properties":{"type":"toilet","name":"Toilets"},"geometry":{"type":"Point","coordinates":[0.046936,51.626075]}},{"type":"Feature","properties":{"type":"cafe","name":"The Village Tearoom"},"geometry":{"type":"Point","coordinates":[0.208258,51.813002]}},{"type":"Feature","properties":{"type":"cafe","name":"The Water Café"},"geometry":{"type":"Point","coordinates":[0.25241,51.905079]}},{"type":"Feature","properties":{"type":"station","name":"Epping"},"geometry":{"type":"Point","coordinates":[0.113989,51.693632]}},{"type":"Feature","properties":{"type":"cafe","name":"Debden House Camp Site Cafe"},"geometry":{"type":"Point","coordinates":[0.079143,51.664851]}},{"type":"Feature","properties":{"type":"station","name":"Ongar"},"geometry":{"type":"Point","coordinates":[0.243615,51.708733]}},{"type":"Feature","properties":{"type":"cafe","name":"Costa"},"geometry":{"type":"Point","coordinates":[0.043994,51.625245]}},{"type":"Feature","properties":{"type":"cafe","name":"Legends Cafe"},"geometry":{"type":"Point","coordinates":[0.045107,51.625146]}},{"type":"Feature","properties":{"type":"toilet","name":"Toilets"},"geometry":{"type":"Point","coordinates":[0.269978,51.62336]}},{"type":"Feature","properties":{"type":"cafe","name":"Something Lovely"},"geometry":{"type":"Point","coordinates":[0.012825,51.890921]}},{"type":"Feature","properties":{"type":"station","name":"Buckhurst Hill"},"geometry":{"type":"Point","coordinates":[0.046816,51.625944]}},{"type":"Feature","properties":{"type":"station","name":"Grange Hill"},"geometry":{"type":"Point","coordinates":[0.092503,51.613134]}},{"type":"Feature","properties":{"type":"station","name":"Roding Valley"},"geometry":{"type":"Point","coordinates":[0.043755,51.617081]}},{"type":"Feature","properties":{"type":"cafe","name":"Loughton Caffe Bar"},"geometry":{"type":"Point","coordinates":[0.053224,51.632926]}},{"type":"Feature","properties":{"type":"toilet","name":"Toilets"},"geometry":{"type":"Point","coordinates":[0.263849,51.623646]}},{"type":"Feature","properties":{"type":"cafe","name":"Café"},"geometry":{"type":"Point","coordinates":[0.243684,51.708671]}},{"type":"Feature","properties":{"type":"cafe","name":"Costa"},"geometry":{"type":"Point","coordinates":[0.045482,51.625563]}},{"type":"Feature","properties":{"type":"cafe","name":"Deli on the green"},"geometry":{"type":"Point","coordinates":[0.021377,51.609577]}},{"type":"Feature","properties":{"type":"cafe","name":"Snug Cafe"},"geometry":{"type":"Point","coordinates":[0.358865,51.808549]}},{"type":"Feature","properties":{"type":"cafe","name":"Starbucks"},"geometry":{"type":"Point","coordinates":[0.055872,51.647864]}},{"type":"Feature","properties":{"type":"toilet","name":"Toilets"},"geometry":{"type":"Point","coordinates":[0.270375,51.899834]}},{"type":"Feature","properties":{"type":"cafe","name":"Cammas Hall Farm"},"geometry":{"type":"Point","coordinates":[0.262371,51.816413]}},{"type":"Feature","properties":{"type":"cafe","name":"Cammas Hall tea room"},"geometry":{"type":"Point","coordinates":[0.262101,51.81639]}},{"type":"Feature","properties":{"type":"toilet","name":"Toilets"},"geometry":{"type":"Point","coordinates":[0.113825,51.693602]}},{"type":"Feature","properties":{"type":"station","name":"Roydon"},"geometry":{"type":"Point","coordinates":[0.036514,51.775439]}},{"type":"Feature","properties":{"type":"station","name":"Sawbridgeworth"},"geometry":{"type":"Point","coordinates":[0.16054,51.81462]}},{"type":"Feature","properties":{"type":"station","name":"Elsenham"},"geometry":{"type":"Point","coordinates":[0.227799,51.920695]}},{"type":"Feature","properties":{"type":"station","name":"Theydon Bois"},"geometry":{"type":"Point","coordinates":[0.103321,51.671776]}},{"type":"Feature","properties":{"type":"cafe","name":"Organico"},"geometry":{"type":"Point","coordinates":[0.056425,51.64837]}},{"type":"Feature","properties":{"type":"cafe","name":"Cook"},"geometry":{"type":"Point","coordinates":[0.056544,51.648497]}},{"type":"Feature","properties":{"type":"cafe","name":"Caffè Nero"},"geometry":{"type":"Point","coordinates":[0.055558,51.647541]}},{"type":"Feature","properties":{"type":"cafe","name":"The Wagon Boulangerie"},"geometry":{"type":"Point","coordinates":[0.054248,51.646775]}},{"type":"Feature","properties":{"type":"cafe","name":"Zest"},"geometry":{"type":"Point","coordinates":[0.054684,51.647188]}},{"type":"Feature","properties":{"type":"cafe","name":"Costa"},"geometry":{"type":"Point","coordinates":[0.055818,51.648286]}},{"type":"Feature","properties":{"type":"cafe","name":"Vivaldi"},"geometry":{"type":"Point","coordinates":[0.056001,51.648577]}},{"type":"Feature","properties":{"type":"cafe","name":"8 Rocks"},"geometry":{"type":"Point","coordinates":[0.056035,51.648621]}},{"type":"Feature","properties":{"type":"station","name":"Chingford"},"geometry":{"type":"Point","coordinates":[0.009471,51.632534]}},{"type":"Feature","properties":{"type":"cafe","name":"The Gelato Kitchen"},"geometry":{"type":"Point","coordinates":[0.056306,51.648965]}},{"type":"Feature","properties":{"type":"cafe","name":"Cafe Mosaic"},"geometry":{"type":"Point","coordinates":[0.066901,51.656518]}},{"type":"Feature","properties":{"type":"water","name":"Drinking water"},"geometry":{"type":"Point","coordinates":[0.040056,51.66473]}},{"type":"Feature","properties":{"type":"cafe","name":"Bonhomie"},"geometry":{"type":"Point","coordinates":[0.101605,51.6721]}},{"type":"Feature","properties":{"type":"cafe","name":"Tani’s Express"},"geometry":{"type":"Point","coordinates":[0.009831,51.633032]}},{"type":"Feature","properties":{"type":"cafe","name":"Tea on the Heath"},"geometry":{"type":"Point","coordinates":[0.205082,51.811997]}},{"type":"Feature","properties":{"type":"cafe","name":"Café"},"geometry":{"type":"Point","coordinates":[0.053253,51.619261]}},{"type":"Feature","properties":{"type":"cafe","name":"Norton Heath Cafe"},"geometry":{"type":"Point","coordinates":[0.315929,51.712348]}},{"type":"Feature","properties":{"type":"cafe","name":"Bretts Cafe"},"geometry":{"type":"Point","coordinates":[0.26749,51.799338]}},{"type":"Feature","properties":{"type":"cafe","name":"The Bakehouse Coffee"},"geometry":{"type":"Point","coordinates":[0.371103,51.721324]}},{"type":"Feature","properties":{"type":"toilet","name":"Toilets"},"geometry":{"type":"Point","coordinates":[0.045679,51.609676]}},{"type":"Feature","properties":{"type":"cafe","name":"Ray Park Cafe"},"geometry":{"type":"Point","coordinates":[0.045598,51.609681]}},{"type":"Feature","properties":{"type":"cafe","name":"The Blue Boar"},"geometry":{"type":"Point","coordinates":[0.117747,51.651013]}},{"type":"Feature","properties":{"type":"cafe","name":"Costa"},"geometry":{"type":"Point","coordinates":[0.05425,51.606135]}},{"type":"Feature","properties":{"type":"cafe","name":"Atrium Cafe"},"geometry":{"type":"Point","coordinates":[0.026394,51.614346]}},{"type":"Feature","properties":{"type":"water","name":"Drinking water"},"geometry":{"type":"Point","coordinates":[0.004976,51.650787]}},{"type":"Feature","properties":{"type":"water","name":"Drinking water"},"geometry":{"type":"Point","coordinates":[0.004973,51.65089]}},{"type":"Feature","properties":{"type":"water","name":"Drinking water"},"geometry":{"type":"Point","coordinates":[0.004777,51.652599]}},{"type":"Feature","properties":{"type":"cafe","name":"Rue Gourmet"},"geometry":{"type":"Point","coordinates":[0.043816,51.625442]}},{"type":"Feature","properties":{"type":"cafe","name":"Green Owl"},"geometry":{"type":"Point","coordinates":[0.044182,51.625216]}},{"type":"Feature","properties":{"type":"cafe","name":"Weald Park Cafe"},"geometry":{"type":"Point","coordinates":[0.264012,51.623543]}},{"type":"Feature","properties":{"type":"cafe","name":"Ethos Brothers"},"geometry":{"type":"Point","coordinates":[0.250915,51.685689]}},{"type":"Feature","properties":{"type":"water","name":"Drinking water"},"geometry":{"type":"Point","coordinates":[0.003403,51.651987]}},{"type":"Feature","properties":{"type":"water","name":"Drinking water"},"geometry":{"type":"Point","coordinates":[0.004166,51.652009]}},{"type":"Feature","properties":{"type":"toilet","name":"Toilets"},"geometry":{"type":"Point","coordinates":[0.017067,51.634619]}},{"type":"Feature","properties":{"type":"water","name":"Drinking water"},"geometry":{"type":"Point","coordinates":[0.01021,51.633652]}},{"type":"Feature","properties":{"type":"cafe","name":"Olive Kitchen"},"geometry":{"type":"Point","coordinates":[0.107508,51.696702]}},{"type":"Feature","properties":{"type":"cafe","name":"Peggottys"},"geometry":{"type":"Point","coordinates":[0.109073,51.697545]}},{"type":"Feature","properties":{"type":"cafe","name":"Harley's"},"geometry":{"type":"Point","coordinates":[0.111686,51.699045]}},{"type":"Feature","properties":{"type":"cafe","name":"Dada"},"geometry":{"type":"Point","coordinates":[0.110726,51.697879]}},{"type":"Feature","properties":{"type":"cafe","name":"Pedallers Pit Stop - Cycle Cafe"},"geometry":{"type":"Point","coordinates":[0.218881,51.753719]}},{"type":"Feature","properties":{"type":"cafe","name":"Café"},"geometry":{"type":"Point","coordinates":[0.108794,51.696919]}},{"type":"Feature","properties":{"type":"toilet","name":"Toilets"},"geometry":{"type":"Point","coordinates":[0.060251,51.606802]}},{"type":"Feature","properties":{"type":"cafe","name":"The Village Pantry"},"geometry":{"type":"Point","coordinates":[0.006919,51.788616]}},{"type":"Feature","properties":{"type":"water","name":"Drinking water"},"geometry":{"type":"Point","coordinates":[0.004686,51.651803]}},{"type":"Feature","properties":{"type":"water","name":"Drinking water"},"geometry":{"type":"Point","coordinates":[0.005681,51.650559]}},{"type":"Feature","properties":{"type":"water","name":"Drinking water"},"geometry":{"type":"Point","coordinates":[0.005144,51.650888]}},{"type":"Feature","properties":{"type":"water","name":"Drinking water"},"geometry":{"type":"Point","coordinates":[0.005146,51.650794]}},{"type":"Feature","properties":{"type":"water","name":"Drinking water"},"geometry":{"type":"Point","coordinates":[0.017081,51.634613]}},{"type":"Feature","properties":{"type":"cafe","name":"The Larder at the Butler's Retreat"},"geometry":{"type":"Point","coordinates":[0.018516,51.634466]}},{"type":"Feature","properties":{"type":"cafe","name":"Original Tea Hut"},"geometry":{"type":"Point","coordinates":[0.037071,51.656769]}},{"type":"Feature","properties":{"type":"toilet","name":"Toilets"},"geometry":{"type":"Point","coordinates":[0.38459,51.67104]}},{"type":"Feature","properties":{"type":"toilet","name":"The Maclaren Washroom Facility"},"geometry":{"type":"Point","coordinates":[0.00506,51.650839]}},{"type":"Feature","properties":{"type":"toilet","name":"Toilets"},"geometry":{"type":"Point","coordinates":[0.040115,51.664713]}},{"type":"Feature","properties":{"type":"cafe","name":"Kings Oak Cafe"},"geometry":{"type":"Point","coordinates":[0.040113,51.664448]}},{"type":"Feature","properties":{"type":"cafe","name":"The Verde Cafe"},"geometry":{"type":"Point","coordinates":[0.109077,51.696937]}},{"type":"Feature","properties":{"type":"cafe","name":"Simply Seafood"},"geometry":{"type":"Point","coordinates":[0.031752,51.634243]}},{"type":"Feature","properties":{"type":"toilet","name":"Toilets"},"geometry":{"type":"Point","coordinates":[0.343197,51.955472]}},{"type":"Feature","properties":{"type":"cafe","name":"Fratelli Bites & Coffee"},"geometry":{"type":"Point","coordinates":[0.243113,51.70039]}},{"type":"Feature","properties":{"type":"cafe","name":"Blackmore Tea Rooms"},"geometry":{"type":"Point","coordinates":[0.318856,51.692941]}},{"type":"Feature","properties":{"type":"cafe","name":"Megarry's Antiques and Tea Shop"},"geometry":{"type":"Point","coordinates":[0.319062,51.691735]}},{"type":"Feature","properties":{"type":"cafe","name":"Log Cabin Cafe"},"geometry":{"type":"Point","coordinates":[0.116318,51.649728]}},{"type":"Feature","properties":{"type":"cafe","name":"Global Cafe"},"geometry":{"type":"Point","coordinates":[0.131406,51.613188]}},{"type":"Feature","properties":{"type":"toilet","name":"Toilets"},"geometry":{"type":"Point","coordinates":[0.131939,51.613542]}},{"type":"Feature","properties":{"type":"cafe","name":"GAIL's"},"geometry":{"type":"Point","coordinates":[0.054095,51.646099]}},{"type":"Feature","properties":{"type":"toilet","name":"Toilets"},"geometry":{"type":"Point","coordinates":[0.266098,51.622125]}},{"type":"Feature","properties":{"type":"cafe","name":"La Vita"},"geometry":{"type":"Point","coordinates":[0.007404,51.632408]}},{"type":"Feature","properties":{"type":"cafe","name":"Brick Lane Bagel Co"},"geometry":{"type":"Point","coordinates":[0.008977,51.633075]}},{"type":"Feature","properties":{"type":"cafe","name":"Bar Sicilia"},"geometry":{"type":"Point","coordinates":[0.009339,51.633232]}},{"type":"Feature","properties":{"type":"cafe","name":"Holly Trail Cafe"},"geometry":{"type":"Point","coordinates":[0.01252,51.634985]}},{"type":"Feature","properties":{"type":"toilet","name":"Toilets"},"geometry":{"type":"Point","coordinates":[0.263882,51.623657]}},{"type":"Feature","properties":{"type":"toilet","name":"Baker's Lane Public Toilets"},"geometry":{"type":"Point","coordinates":[0.111578,51.700458]}},{"type":"Feature","properties":{"type":"toilet","name":"Toilets"},"geometry":{"type":"Point","coordinates":[0.363865,51.871997]}},{"type":"Feature","properties":{"type":"cafe","name":"Café"},"geometry":{"type":"Point","coordinates":[0.121588,51.608123]}},{"type":"Feature","properties":{"type":"cafe","name":"Caffè Nero"},"geometry":{"type":"Point","coordinates":[0.258281,51.884098]}},{"type":"Feature","properties":{"type":"cafe","name":"Station Cafe"},"geometry":{"type":"Point","coordinates":[0.11341,51.693569]}},{"type":"Feature","properties":{"type":"station","name":"Bures"},"geometry":{"type":"Point","coordinates":[0.769163,51.971204]}},{"type":"Feature","properties":{"type":"cafe","name":"The Blue Egg"},"geometry":{"type":"Point","coordinates":[0.445977,51.938613]}},{"type":"Feature","properties":{"type":"cafe","name":"Bosworth's Tea Rooms"},"geometry":{"type":"Point","coordinates":[0.450179,51.968509]}},{"type":"Feature","properties":{"type":"cafe","name":"Wood Cottage"},"geometry":{"type":"Point","coordinates":[0.434485,51.856727]}},{"type":"Feature","properties":{"type":"cafe","name":"Baker's Deli"},"geometry":{"type":"Point","coordinates":[0.434991,51.856736]}},{"type":"Feature","properties":{"type":"cafe","name":"Buckhatch Nurseries"},"geometry":{"type":"Point","coordinates":[0.560211,51.660908]}},{"type":"Feature","properties":{"type":"cafe","name":"Café"},"geometry":{"type":"Point","coordinates":[0.570071,51.623378]}},{"type":"Feature","properties":{"type":"cafe","name":"Hay Barn"},"geometry":{"type":"Point","coordinates":[0.568396,51.623599]}},{"type":"Feature","properties":{"type":"cafe","name":"Cafe On The Water"},"geometry":{"type":"Point","coordinates":[0.509115,51.650096]}},{"type":"Feature","properties":{"type":"cafe","name":"Garden Rooms at Riverside Nursery"},"geometry":{"type":"Point","coordinates":[0.670313,51.620099]}},{"type":"Feature","properties":{"type":"toilet","name":"Toilets"},"geometry":{"type":"Point","coordinates":[0.562204,51.714521]}},{"type":"Feature","properties":{"type":"cafe","name":"The Picture Pot"},"geometry":{"type":"Point","coordinates":[0.450452,51.96785]}},{"type":"Feature","properties":{"type":"cafe","name":"Tea on the Green"},"geometry":{"type":"Point","coordinates":[0.581681,51.717013]}},{"type":"Feature","properties":{"type":"cafe","name":"Loubees Tea Rooms"},"geometry":{"type":"Point","coordinates":[0.405641,51.726268]}},{"type":"Feature","properties":{"type":"station","name":"Battlesbridge"},"geometry":{"type":"Point","coordinates":[0.565629,51.624931]}},{"type":"Feature","properties":{"type":"cafe","name":"Remedy Tea Room"},"geometry":{"type":"Point","coordinates":[0.676095,51.616113]}},{"type":"Feature","properties":{"type":"cafe","name":"Costa"},"geometry":{"type":"Point","coordinates":[0.682037,51.735755]}},{"type":"Feature","properties":{"type":"cafe","name":"2MT Cafe"},"geometry":{"type":"Point","coordinates":[0.436766,51.741396]}},{"type":"Feature","properties":{"type":"toilet","name":"Toilets"},"geometry":{"type":"Point","coordinates":[0.556453,51.712816]}},{"type":"Feature","properties":{"type":"water","name":"Drinking water"},"geometry":{"type":"Point","coordinates":[0.556497,51.712832]}},{"type":"Feature","properties":{"type":"cafe","name":"Sconch Tea Rooms"},"geometry":{"type":"Point","coordinates":[0.472023,51.881635]}},{"type":"Feature","properties":{"type":"cafe","name":"White Elm Garden Centre Tea Room"},"geometry":{"type":"Point","coordinates":[0.5919,51.696058]}},{"type":"Feature","properties":{"type":"toilet","name":"Toilets"},"geometry":{"type":"Point","coordinates":[0.776783,51.970863]}},{"type":"Feature","properties":{"type":"cafe","name":"The Galloping Grind café (including bicycle repair)"},"geometry":{"type":"Point","coordinates":[0.562451,51.766059]}},{"type":"Feature","properties":{"type":"cafe","name":"Costa Drive Thru"},"geometry":{"type":"Point","coordinates":[0.662328,51.719865]}},{"type":"Feature","properties":{"type":"cafe","name":"TheGood Place"},"geometry":{"type":"Point","coordinates":[0.59929,51.989902]}},{"type":"Feature","properties":{"type":"cafe","name":"Sophie's Tea Room"},"geometry":{"type":"Point","coordinates":[0.682048,51.730336]}},{"type":"Feature","properties":{"type":"cafe","name":"El Guaca Cafe"},"geometry":{"type":"Point","coordinates":[0.681457,51.730366]}},{"type":"Feature","properties":{"type":"cafe","name":"Costa"},"geometry":{"type":"Point","coordinates":[0.679573,51.731104]}},{"type":"Feature","properties":{"type":"cafe","name":"Suzie's Gift and Tea Shop"},"geometry":{"type":"Point","coordinates":[0.680802,51.730779]}},{"type":"Feature","properties":{"type":"toilet","name":"Toilets"},"geometry":{"type":"Point","coordinates":[0.680552,51.731682]}},{"type":"Feature","properties":{"type":"cafe","name":"Queens Head"},"geometry":{"type":"Point","coordinates":[0.687842,51.729572]}},{"type":"Feature","properties":{"type":"cafe","name":"Lakeside Cafe"},"geometry":{"type":"Point","coordinates":[0.688881,51.727935]}},{"type":"Feature","properties":{"type":"toilet","name":"Toilets"},"geometry":{"type":"Point","coordinates":[0.686689,51.727071]}},{"type":"Feature","properties":{"type":"cafe","name":"The Art House"},"geometry":{"type":"Point","coordinates":[0.677493,51.73164]}},{"type":"Feature","properties":{"type":"toilet","name":"Toilets"},"geometry":{"type":"Point","coordinates":[0.677236,51.730969]}},{"type":"Feature","properties":{"type":"cafe","name":"Saffron Tea Rooms"},"geometry":{"type":"Point","coordinates":[0.675471,51.731641]}},{"type":"Feature","properties":{"type":"toilet","name":"Toilets"},"geometry":{"type":"Point","coordinates":[0.689176,51.72789]}},{"type":"Feature","properties":{"type":"cafe","name":"The Riverside Café"},"geometry":{"type":"Point","coordinates":[0.678921,51.734975]}},{"type":"Feature","properties":{"type":"cafe","name":"Paper Mill Lock Tearooms"},"geometry":{"type":"Point","coordinates":[0.571624,51.75099]}},{"type":"Feature","properties":{"type":"toilet","name":"Toilets"},"geometry":{"type":"Point","coordinates":[0.596945,51.989524]}},{"type":"Feature","properties":{"type":"cafe","name":"Lordship Tea Rooms"},"geometry":{"type":"Point","coordinates":[0.428716,51.734862]}},{"type":"Feature","properties":{"type":"toilet","name":"Toilets"},"geometry":{"type":"Point","coordinates":[0.470279,51.700594]}},{"type":"Feature","properties":{"type":"cafe","name":"The Stores"},"geometry":{"type":"Point","coordinates":[0.456795,51.793517]}},{"type":"Feature","properties":{"type":"cafe","name":"Costa"},"geometry":{"type":"Point","coordinates":[0.680947,51.736321]}},{"type":"Feature","properties":{"type":"cafe","name":"Robyn's Nest"},"geometry":{"type":"Point","coordinates":[0.427057,51.730994]}},{"type":"Feature","properties":{"type":"cafe","name":"The Coffee Shop"},"geometry":{"type":"Point","coordinates":[0.506116,51.713418]}},{"type":"Feature","properties":{"type":"cafe","name":"Barnplants Garden Centre"},"geometry":{"type":"Point","coordinates":[0.805276,51.889283]}},{"type":"Feature","properties":{"type":"cafe","name":"The Coffee Shed"},"geometry":{"type":"Point","coordinates":[0.801911,51.918472]}},{"type":"Feature","properties":{"type":"toilet","name":"Saffron Walden public conveniences"},"geometry":{"type":"Point","coordinates":[0.241082,52.02282]}},{"type":"Feature","properties":{"type":"cafe","name":"Kim's Tea Rooms"},"geometry":{"type":"Point","coordinates":[0.24129,52.022877]}},{"type":"Feature","properties":{"type":"cafe","name":"Starbucks"},"geometry":{"type":"Point","coordinates":[0.241674,52.023218]}},{"type":"Feature","properties":{"type":"cafe","name":"Caffè Nero"},"geometry":{"type":"Point","coordinates":[0.117904,52.204798]}},{"type":"Feature","properties":{"type":"cafe","name":"Benets"},"geometry":{"type":"Point","coordinates":[0.117925,52.204988]}},{"type":"Feature","properties":{"type":"cafe","name":"Costa"},"geometry":{"type":"Point","coordinates":[0.129142,52.197124]}},{"type":"Feature","properties":{"type":"cafe","name":"Kim's Bulgogi"},"geometry":{"type":"Point","coordinates":[0.126583,52.200409]}},{"type":"Feature","properties":{"type":"cafe","name":"Cafe 24"},"geometry":{"type":"Point","coordinates":[0.125037,52.201651]}},{"type":"Feature","properties":{"type":"cafe","name":"Le Patissier"},"geometry":{"type":"Point","coordinates":[0.118225,52.208041]}},{"type":"Feature","properties":{"type":"cafe","name":"Tatties"},"geometry":{"type":"Point","coordinates":[0.121231,52.206912]}},{"type":"Feature","properties":{"type":"cafe","name":"Ta Bouche"},"geometry":{"type":"Point","coordinates":[0.119914,52.206258]}},{"type":"Feature","properties":{"type":"cafe","name":"Caffè Nero"},"geometry":{"type":"Point","coordinates":[0.1198,52.206056]}},{"type":"Feature","properties":{"type":"cafe","name":"La Raza"},"geometry":{"type":"Point","coordinates":[0.118835,52.206224]}},{"type":"Feature","properties":{"type":"cafe","name":"The Senate"},"geometry":{"type":"Point","coordinates":[0.118061,52.205025]}},{"type":"Feature","properties":{"type":"cafe","name":"Hot Numbers"},"geometry":{"type":"Point","coordinates":[0.122054,52.198492]}},{"type":"Feature","properties":{"type":"cafe","name":"Trockel Ulmann & Freunde"},"geometry":{"type":"Point","coordinates":[0.119209,52.202368]}},{"type":"Feature","properties":{"type":"cafe","name":"Espresso Lane"},"geometry":{"type":"Point","coordinates":[0.118089,52.20224]}},{"type":"Feature","properties":{"type":"cafe","name":"Bould Brothers Coffee"},"geometry":{"type":"Point","coordinates":[0.118664,52.208625]}},{"type":"Feature","properties":{"type":"cafe","name":"Savino's"},"geometry":{"type":"Point","coordinates":[0.123343,52.204392]}},{"type":"Feature","properties":{"type":"cafe","name":"Michaelhouse Cafe"},"geometry":{"type":"Point","coordinates":[0.118198,52.205983]}},{"type":"Feature","properties":{"type":"station","name":"Cambridge"},"geometry":{"type":"Point","coordinates":[0.137715,52.194109]}},{"type":"Feature","properties":{"type":"cafe","name":"Lakeside Coffee Shop"},"geometry":{"type":"Point","coordinates":[0.118532,52.186445]}},{"type":"Feature","properties":{"type":"cafe","name":"Indigo Coffee House"},"geometry":{"type":"Point","coordinates":[0.118174,52.204539]}},{"type":"Feature","properties":{"type":"cafe","name":"Blank Street"},"geometry":{"type":"Point","coordinates":[0.120312,52.20655]}},{"type":"Feature","properties":{"type":"cafe","name":"Fitzbillies"},"geometry":{"type":"Point","coordinates":[0.118085,52.202042]}},{"type":"Feature","properties":{"type":"cafe","name":"Milano"},"geometry":{"type":"Point","coordinates":[0.122834,52.204547]}},{"type":"Feature","properties":{"type":"cafe","name":"WRVS"},"geometry":{"type":"Point","coordinates":[0.14102,52.17495]}},{"type":"Feature","properties":{"type":"toilet","name":"Toilets"},"geometry":{"type":"Point","coordinates":[0.117677,52.200877]}},{"type":"Feature","properties":{"type":"toilet","name":"Toilets"},"geometry":{"type":"Point","coordinates":[0.123668,52.203686]}},{"type":"Feature","properties":{"type":"cafe","name":"Cafe au Chocolat"},"geometry":{"type":"Point","coordinates":[0.118779,52.206601]}},{"type":"Feature","properties":{"type":"cafe","name":"Bould Brothers Coffee"},"geometry":{"type":"Point","coordinates":[0.126471,52.200064]}},{"type":"Feature","properties":{"type":"cafe","name":"The Box Room Board Game Cafe"},"geometry":{"type":"Point","coordinates":[0.125761,52.200833]}},{"type":"Feature","properties":{"type":"cafe","name":"Caffè Nero"},"geometry":{"type":"Point","coordinates":[0.122787,52.204105]}},{"type":"Feature","properties":{"type":"cafe","name":"Xing Fu Tang"},"geometry":{"type":"Point","coordinates":[0.12231,52.204607]}},{"type":"Feature","properties":{"type":"cafe","name":"Marvin's Sandwiches"},"geometry":{"type":"Point","coordinates":[0.119113,52.206721]}},{"type":"Feature","properties":{"type":"cafe","name":"T4 Tea For U"},"geometry":{"type":"Point","coordinates":[0.120121,52.206777]}},{"type":"Feature","properties":{"type":"cafe","name":"Costa"},"geometry":{"type":"Point","coordinates":[0.119193,52.205831]}},{"type":"Feature","properties":{"type":"cafe","name":"Crosstown Doughnuts"},"geometry":{"type":"Point","coordinates":[0.118925,52.208201]}},{"type":"Feature","properties":{"type":"cafe","name":"Crêpeaffaire"},"geometry":{"type":"Point","coordinates":[0.118625,52.20825]}},{"type":"Feature","properties":{"type":"cafe","name":"Aromi"},"geometry":{"type":"Point","coordinates":[0.118779,52.204204]}},{"type":"Feature","properties":{"type":"cafe","name":"Courtyard Cafe"},"geometry":{"type":"Point","coordinates":[0.242182,52.023941]}},{"type":"Feature","properties":{"type":"cafe","name":"Costa"},"geometry":{"type":"Point","coordinates":[0.136756,52.189141]}},{"type":"Feature","properties":{"type":"cafe","name":"The Hub"},"geometry":{"type":"Point","coordinates":[0.135911,52.188266]}},{"type":"Feature","properties":{"type":"cafe","name":"National Extension College Cafe"},"geometry":{"type":"Point","coordinates":[0.133423,52.186806]}},{"type":"Feature","properties":{"type":"cafe","name":"In Chá"},"geometry":{"type":"Point","coordinates":[0.126313,52.200683]}},{"type":"Feature","properties":{"type":"cafe","name":"Heartea Cherry"},"geometry":{"type":"Point","coordinates":[0.126192,52.200801]}},{"type":"Feature","properties":{"type":"cafe","name":"Chill #02"},"geometry":{"type":"Point","coordinates":[0.137456,52.194958]}},{"type":"Feature","properties":{"type":"cafe","name":"Gourmet Coffee Bar & Kitchen"},"geometry":{"type":"Point","coordinates":[0.137858,52.194732]}},{"type":"Feature","properties":{"type":"cafe","name":"Caffè Nero"},"geometry":{"type":"Point","coordinates":[0.136618,52.194572]}},{"type":"Feature","properties":{"type":"cafe","name":"Cambridge Cookery School Café and Deli"},"geometry":{"type":"Point","coordinates":[0.133706,52.186244]}},{"type":"Feature","properties":{"type":"cafe","name":"Cafe Aristo"},"geometry":{"type":"Point","coordinates":[0.115864,52.202057]}},{"type":"Feature","properties":{"type":"toilet","name":"Toilets"},"geometry":{"type":"Point","coordinates":[0.137734,52.194602]}},{"type":"Feature","properties":{"type":"water","name":"Drinking water"},"geometry":{"type":"Point","coordinates":[0.137308,52.193939]}},{"type":"Feature","properties":{"type":"station","name":"Shelford"},"geometry":{"type":"Point","coordinates":[0.139845,52.149435]}},{"type":"Feature","properties":{"type":"cafe","name":"Molly's"},"geometry":{"type":"Point","coordinates":[0.239306,52.023246]}},{"type":"Feature","properties":{"type":"cafe","name":"Gluttons"},"geometry":{"type":"Point","coordinates":[0.240269,52.023357]}},{"type":"Feature","properties":{"type":"cafe","name":"Costa"},"geometry":{"type":"Point","coordinates":[0.241335,52.024025]}},{"type":"Feature","properties":{"type":"toilet","name":"Toilets"},"geometry":{"type":"Point","coordinates":[0.238936,52.019891]}},{"type":"Feature","properties":{"type":"cafe","name":"Royal Voluntary Service Cafe"},"geometry":{"type":"Point","coordinates":[0.12249,52.17346]}},{"type":"Feature","properties":{"type":"water","name":"Drinking water"},"geometry":{"type":"Point","coordinates":[0.126306,52.201963]}},{"type":"Feature","properties":{"type":"cafe","name":"Joe & The Juice"},"geometry":{"type":"Point","coordinates":[0.135657,52.19432]}},{"type":"Feature","properties":{"type":"cafe","name":"Yi Fang Tea"},"geometry":{"type":"Point","coordinates":[0.136656,52.188479]}},{"type":"Feature","properties":{"type":"cafe","name":"Heavenly Desserts"},"geometry":{"type":"Point","coordinates":[0.1232,52.205322]}},{"type":"Feature","properties":{"type":"cafe","name":"Kim's Cafe"},"geometry":{"type":"Point","coordinates":[0.126625,52.20036]}},{"type":"Feature","properties":{"type":"toilet","name":"Toilets"},"geometry":{"type":"Point","coordinates":[0.129373,52.197522]}},{"type":"Feature","properties":{"type":"cafe","name":"Roost Cafe & Bar"},"geometry":{"type":"Point","coordinates":[0.121768,52.209169]}},{"type":"Feature","properties":{"type":"cafe","name":"GAIL's"},"geometry":{"type":"Point","coordinates":[0.13631,52.193727]}},{"type":"Feature","properties":{"type":"cafe","name":"Bicycle Café"},"geometry":{"type":"Point","coordinates":[0.240687,52.013699]}},{"type":"Feature","properties":{"type":"cafe","name":"The Goat & Grass"},"geometry":{"type":"Point","coordinates":[0.240205,52.02308]}},{"type":"Feature","properties":{"type":"cafe","name":"Tea amo"},"geometry":{"type":"Point","coordinates":[0.240365,52.023073]}},{"type":"Feature","properties":{"type":"cafe","name":"Dao Cafe"},"geometry":{"type":"Point","coordinates":[0.123126,52.173693]}},{"type":"Feature","properties":{"type":"cafe","name":"Gourmet Coffee Bar & Kitchen"},"geometry":{"type":"Point","coordinates":[0.138248,52.19473]}},{"type":"Feature","properties":{"type":"cafe","name":"Flavour Station"},"geometry":{"type":"Point","coordinates":[0.137527,52.194642]}},{"type":"Feature","properties":{"type":"cafe","name":"Pages Coffee House"},"geometry":{"type":"Point","coordinates":[0.119498,52.200821]}},{"type":"Feature","properties":{"type":"toilet","name":"Shelford Library Toilets"},"geometry":{"type":"Point","coordinates":[0.136479,52.146837]}},{"type":"Feature","properties":{"type":"toilet","name":"Shelford Memorial Hall Toilets"},"geometry":{"type":"Point","coordinates":[0.135935,52.146068]}},{"type":"Feature","properties":{"type":"cafe","name":"Brunch Base"},"geometry":{"type":"Point","coordinates":[0.134061,52.146613]}},{"type":"Feature","properties":{"type":"cafe","name":"Cara Coffee"},"geometry":{"type":"Point","coordinates":[0.133473,52.147588]}},{"type":"Feature","properties":{"type":"cafe","name":"Knoops"},"geometry":{"type":"Point","coordinates":[0.119029,52.20655]}},{"type":"Feature","properties":{"type":"cafe","name":"Waitrose Cafe"},"geometry":{"type":"Point","coordinates":[0.110783,52.171871]}},{"type":"Feature","properties":{"type":"water","name":"Drinking water"},"geometry":{"type":"Point","coordinates":[0.139131,52.180595]}},{"type":"Feature","properties":{"type":"water","name":"Drinking water"},"geometry":{"type":"Point","coordinates":[0.139293,52.180346]}},{"type":"Feature","properties":{"type":"water","name":"Drinking water"},"geometry":{"type":"Point","coordinates":[0.139395,52.180186]}},{"type":"Feature","properties":{"type":"toilet","name":"Toilets"},"geometry":{"type":"Point","coordinates":[0.139158,52.180622]}},{"type":"Feature","properties":{"type":"toilet","name":"Toilets"},"geometry":{"type":"Point","coordinates":[0.139286,52.180392]}},{"type":"Feature","properties":{"type":"toilet","name":"Toilets"},"geometry":{"type":"Point","coordinates":[0.139421,52.180183]}},{"type":"Feature","properties":{"type":"toilet","name":"Toilets"},"geometry":{"type":"Point","coordinates":[0.139362,52.18168]}},{"type":"Feature","properties":{"type":"toilet","name":"Toilets"},"geometry":{"type":"Point","coordinates":[0.137914,52.183186]}},{"type":"Feature","properties":{"type":"water","name":"Drinking water"},"geometry":{"type":"Point","coordinates":[0.137896,52.183287]}},{"type":"Feature","properties":{"type":"toilet","name":"Toilets"},"geometry":{"type":"Point","coordinates":[0.130485,52.196604]}},{"type":"Feature","properties":{"type":"toilet","name":"Toilets"},"geometry":{"type":"Point","coordinates":[0.137959,52.183202]}},{"type":"Feature","properties":{"type":"water","name":"Drinking water"},"geometry":{"type":"Point","coordinates":[0.13789,52.183214]}},{"type":"Feature","properties":{"type":"cafe","name":"Stir"},"geometry":{"type":"Point","coordinates":[0.137199,52.170361]}},{"type":"Feature","properties":{"type":"cafe","name":"Café"},"geometry":{"type":"Point","coordinates":[0.152781,52.111823]}},{"type":"Feature","properties":{"type":"cafe","name":"Brook Brothers"},"geometry":{"type":"Point","coordinates":[0.131091,52.195404]}},{"type":"Feature","properties":{"type":"cafe","name":"Norfolk Street Bakery"},"geometry":{"type":"Point","coordinates":[0.131632,52.195153]}},{"type":"Feature","properties":{"type":"toilet","name":"Toilets"},"geometry":{"type":"Point","coordinates":[0.122869,52.19494]}},{"type":"Feature","properties":{"type":"toilet","name":"Toilets"},"geometry":{"type":"Point","coordinates":[0.1259,52.194525]}},{"type":"Feature","properties":{"type":"toilet","name":"Toilets"},"geometry":{"type":"Point","coordinates":[0.123385,52.205664]}},{"type":"Feature","properties":{"type":"cafe","name":"Waffle + Coffee"},"geometry":{"type":"Point","coordinates":[0.241058,52.023059]}},{"type":"Feature","properties":{"type":"cafe","name":"Bronte"},"geometry":{"type":"Point","coordinates":[0.242402,52.023866]}},{"type":"Feature","properties":{"type":"cafe","name":"Fiona's Cafe"},"geometry":{"type":"Point","coordinates":[0.124753,52.203089]}},{"type":"Feature","properties":{"type":"cafe","name":"Hills Café"},"geometry":{"type":"Point","coordinates":[0.135652,52.188188]}},{"type":"Feature","properties":{"type":"cafe","name":"Bubbleology"},"geometry":{"type":"Point","coordinates":[0.122633,52.204099]}},{"type":"Feature","properties":{"type":"cafe","name":"Starbucks"},"geometry":{"type":"Point","coordinates":[0.121306,52.20381]}},{"type":"Feature","properties":{"type":"cafe","name":"Costa"},"geometry":{"type":"Point","coordinates":[0.121776,52.20408]}},{"type":"Feature","properties":{"type":"toilet","name":"Toilets"},"geometry":{"type":"Point","coordinates":[0.12155,52.204174]}},{"type":"Feature","properties":{"type":"cafe","name":"Hotel Chocolat"},"geometry":{"type":"Point","coordinates":[0.121168,52.204635]}},{"type":"Feature","properties":{"type":"toilet","name":"Toilets"},"geometry":{"type":"Point","coordinates":[0.120546,52.204489]}},{"type":"Feature","properties":{"type":"cafe","name":"Heytea"},"geometry":{"type":"Point","coordinates":[0.120174,52.204995]}},{"type":"Feature","properties":{"type":"cafe","name":"B Tap Baron"},"geometry":{"type":"Point","coordinates":[0.121731,52.20482]}},{"type":"Feature","properties":{"type":"cafe","name":"Butterfield Café"},"geometry":{"type":"Point","coordinates":[0.124131,52.201686]}}]}