{"type": "FeatureCollection", "features": [{"type": "Feature", "properties": {"id": "3079343783499010458", "name": "Girona - just Girona", "link": "https://www.strava.com/routes/3079343783499010458", "distance_km": 34, "source": "HV-signed", "region": "Hub Velo trips", "route_type": "Road", "cafe": "", "notes": ""}, "geometry": {"type": "LineString", "coordinates": [[2.7761400000000003, 42.07902000000001], [2.7775000000000003, 42.07815], [2.7781200000000004, 42.07739], [2.77925, 42.07645], [2.7802700000000002, 42.07596], [2.7806800000000003, 42.07524], [2.78254, 42.07466], [2.7838900000000004, 42.07417], [2.78467, 42.072880000000005], [2.7865800000000003, 42.071200000000005], [2.7877, 42.06993000000001], [2.7911200000000003, 42.07034], [2.7936300000000003, 42.07142], [2.7954000000000003, 42.071130000000004], [2.7959400000000003, 42.07058000000001], [2.7948500000000003, 42.06893], [2.7956000000000003, 42.068200000000004], [2.79529, 42.067530000000005], [2.7959, 42.06714], [2.7985900000000004, 42.06575], [2.7998200000000004, 42.06409], [2.80113, 42.063250000000004], [2.8037, 42.06201], [2.80541, 42.062250000000006], [2.80704, 42.061400000000006], [2.8087400000000002, 42.06105], [2.81115, 42.060610000000004], [2.81165, 42.06071], [2.8120000000000003, 42.06011], [2.81265, 42.05885000000001], [2.8129000000000004, 42.05796], [2.8138300000000003, 42.05773000000001], [2.81482, 42.0572], [2.8171500000000003, 42.05463], [2.8181700000000003, 42.05171], [2.81923, 42.04703000000001], [2.8211000000000004, 42.043000000000006], [2.82246500354385, 42.0394750002888], [2.8232500000000003, 42.03647], [2.8221800000000004, 42.03495], [2.8215600000000003, 42.03388], [2.8216500000000004, 42.03186], [2.82187, 42.02875], [2.82267, 42.027640000000005], [2.8231300000000004, 42.02532], [2.824135008632946, 42.02274000099741], [2.8235900000000003, 42.02053], [2.8204800000000003, 42.017010000000006], [2.8200800000000004, 42.01675], [2.8183200000000004, 42.01442], [2.817257496294522, 42.011452500136194], [2.81665, 42.009100000000004], [2.8167400000000002, 42.007650000000005], [2.8160200000000004, 42.003170000000004], [2.8165600000000004, 42.000800000000005], [2.8177800000000004, 41.99954], [2.81915, 41.99804], [2.8189800000000003, 41.994690000000006], [2.8182500000000004, 41.99233], [2.81836, 41.99199], [2.8205400000000003, 41.989850000000004], [2.8220300000000003, 41.989000000000004], [2.8214400000000004, 41.9872], [2.82093, 41.986470000000004], [2.8223900000000004, 41.98603000000001], [2.8234700000000004, 41.985420000000005], [2.8227700000000002, 41.98264], [2.82362, 41.9812], [2.8237400000000004, 41.98237], [2.82471, 41.983290000000004], [2.82566, 41.984700000000004], [2.8249600000000004, 41.985330000000005], [2.82439, 41.98689], [2.82423, 41.988020000000006], [2.8241400000000003, 41.989160000000005], [2.82594, 41.991530000000004], [2.8260500000000004, 41.99365], [2.8245600000000004, 41.99725], [2.8244800000000003, 42.00114000000001], [2.82478, 42.003130000000006], [2.8248149887644383, 42.005435000241484], [2.8252200000000003, 42.01073], [2.82606, 42.01317], [2.82466, 42.01462], [2.82533, 42.017680000000006], [2.82566, 42.01939], [2.82478, 42.0217], [2.8265200000000004, 42.02335], [2.8269400000000005, 42.02422000000001], [2.82857, 42.02656], [2.83196, 42.02834], [2.8358600000000003, 42.02991], [2.838044996887631, 42.03220500061575], [2.8395300000000003, 42.035340000000005], [2.84119, 42.0375], [2.8435400000000004, 42.03905], [2.8458, 42.03949], [2.8477400000000004, 42.042410000000004], [2.8488100000000003, 42.04303], [2.85332, 42.042410000000004], [2.85501, 42.04124], [2.8565300000000002, 42.04119], [2.85733, 42.04256], [2.85991, 42.04421000000001], [2.8588400000000003, 42.04473], [2.85536, 42.04509], [2.8541233381874176, 42.048863333621924], [2.85216, 42.05375], [2.8510400000000002, 42.05438], [2.85021, 42.057410000000004], [2.85101, 42.06138000000001], [2.8499700000000003, 42.0632], [2.8504400000000003, 42.065870000000004], [2.84906, 42.067260000000005], [2.8458400000000004, 42.06689], [2.84452, 42.068450000000006], [2.84315, 42.07126], [2.838452904302103, 42.07508287310023], [2.833930013215981, 42.077655007754025], [2.8309100000000003, 42.07929], [2.82613, 42.07725000000001], [2.82208, 42.07573], [2.8181100000000003, 42.073640000000005], [2.8170400000000004, 42.072540000000004], [2.8158600000000003, 42.072790000000005], [2.8149800000000003, 42.07302000000001], [2.8149100000000002, 42.072120000000005], [2.81313, 42.0711], [2.80946, 42.0711], [2.8068400000000002, 42.070980000000006], [2.8045400000000003, 42.071180000000005], [2.8027800000000003, 42.07123], [2.8008499966017406, 42.07103500251239], [2.7980400000000003, 42.07085], [2.7946600000000004, 42.071470000000005], [2.79313, 42.07106], [2.789879997530634, 42.07012500461176], [2.7870000000000004, 42.07039], [2.7857200000000004, 42.07265], [2.78411, 42.073100000000004], [2.78378, 42.074470000000005], [2.78182, 42.07484], [2.7803400000000003, 42.0754], [2.78024, 42.076100000000004], [2.77891, 42.07663], [2.77755, 42.07768], [2.7775200000000004, 42.07826]]}}, {"type": "Feature", "properties": {"id": "3201967356322605690", "name": "45km Epping road and gravel (road tyre friendly)", "link": "https://www.strava.com/routes/3201967356322605690", "distance_km": 45, "source": "HV-signed", "region": "Essex", "route_type": "Gravel", "cafe": "High Beech", "notes": "Advisory: busy traffic and hazards at the roundabout between Woodford and Snaresbrook. Can be avoided by turning right up Broadmead Road towards Woodford Green instead."}, "geometry": {"type": "LineString", "coordinates": [[-0.05509000000000001, 51.55861], [-0.05111, 51.55984], [-0.04628, 51.561910000000005], [-0.04428000000000001, 51.56295], [-0.03984, 51.56479], [-0.036300000000000006, 51.5662], [-0.03456, 51.566880000000005], [-0.030090000000000002, 51.568630000000006], [-0.025460000000000003, 51.570350000000005], [-0.02249002247063442, 51.571366679131664], [-0.0177, 51.572720000000004], [-0.014280000000000001, 51.57441000000001], [-0.012820000000000002, 51.575520000000004], [-0.01152, 51.5765], [-0.008680014625529878, 51.57757334270392], [-0.0056700000000000006, 51.579190000000004], [-0.0014000059722003976, 51.58091000217085], [0.0009500000000000001, 51.58169], [0.00525, 51.58363000000001], [0.006450000000000001, 51.58534], [0.00727, 51.58847], [0.00909, 51.59197], [0.010220000000000002, 51.594300000000004], [0.010020000000000001, 51.595710000000004], [0.010920000000000001, 51.596320000000006], [0.01237, 51.59855], [0.014390000000000002, 51.601150000000004], [0.01769, 51.60483000000001], [0.019349995670403217, 51.60667500082032], [0.021560000000000003, 51.60949], [0.023714997354453145, 51.612370000426885], [0.024880000000000003, 51.61459000000001], [0.026260000000000002, 51.61750000000001], [0.02629, 51.61869], [0.02391, 51.62032000000001], [0.02236, 51.623960000000004], [0.020950000000000003, 51.6259], [0.01751, 51.627680000000005], [0.01563, 51.630900000000004], [0.014450000000000001, 51.63392], [0.01631, 51.63385], [0.02060666482496785, 51.634316677379026], [0.02457, 51.635250000000006], [0.023420000000000003, 51.63741], [0.023760000000000003, 51.63882], [0.02443, 51.640550000000005], [0.024700000000000003, 51.641450000000006], [0.024970000000000003, 51.643240000000006], [0.025650000000000003, 51.64416000000001], [0.027070000000000004, 51.64584000000001], [0.02749, 51.64694], [0.02825, 51.648210000000006], [0.028700000000000003, 51.650180000000006], [0.02935, 51.6516], [0.031490000000000004, 51.652190000000004], [0.032990000000000005, 51.65317], [0.035030000000000006, 51.65451], [0.03504, 51.655570000000004], [0.03567, 51.65719000000001], [0.036770000000000004, 51.658080000000005], [0.03667999838227257, 51.65994500009924], [0.037840000000000006, 51.66259], [0.040010000000000004, 51.66501], [0.040760000000000005, 51.666450000000005], [0.04259, 51.66787000000001], [0.04399, 51.668780000000005], [0.044390000000000006, 51.67016], [0.04519, 51.671440000000004], [0.04766, 51.672650000000004], [0.049920000000000006, 51.674260000000004], [0.052950000000000004, 51.67508], [0.05389000000000001, 51.676], [0.05609000000000001, 51.67577000000001], [0.05788000000000001, 51.676640000000006], [0.060180000000000004, 51.67618], [0.06274, 51.675270000000005], [0.064695000705385, 51.67524000244343], [0.06875, 51.67557000000001], [0.07312, 51.675900000000006], [0.07582000000000001, 51.676750000000006], [0.08085000733367885, 51.67571500228714], [0.08531000000000001, 51.673770000000005], [0.08976, 51.673120000000004], [0.0960550067577954, 51.6724600078157], [0.10108500432742804, 51.67127000201675], [0.10400000000000001, 51.67060000000001], [0.10778000000000001, 51.67029], [0.11063, 51.668670000000006], [0.11206, 51.6664], [0.11431500201118631, 51.66379500018331], [0.11428, 51.661930000000005], [0.11611, 51.657790000000006], [0.11594000395971978, 51.655285000211634], [0.11832000000000001, 51.651650000000004], [0.11801, 51.650200000000005], [0.11901000240232512, 51.64662500002381], [0.12248, 51.64302000000001], [0.1253966915755022, 51.64038000625466], [0.12878, 51.63767000000001], [0.13052, 51.63485000000001], [0.13198000000000001, 51.633720000000004], [0.13228, 51.63197], [0.13348000000000002, 51.62999000000001], [0.13360000000000002, 51.628640000000004], [0.13051998770709888, 51.62632000341065], [0.12650999526680975, 51.62405500218045], [0.12111000000000001, 51.622110000000006], [0.11627000000000001, 51.62048000000001], [0.1123699935833951, 51.61922000385705], [0.10647999145461608, 51.61769667773132], [0.09982, 51.616310000000006], [0.09518999426816581, 51.61452000312487], [0.08923, 51.612680000000005], [0.08339, 51.61119000000001], [0.07787000000000001, 51.610060000000004], [0.07268000000000001, 51.608650000000004], [0.0665639595352143, 51.60786403597977], [0.05969332947648849, 51.60680667796987], [0.05525000000000001, 51.606230000000004], [0.049210000000000004, 51.605030000000006], [0.045810000000000003, 51.602790000000006], [0.042730000000000004, 51.600500000000004], [0.03999332330954899, 51.59816333435677], [0.037630000000000004, 51.59442000000001], [0.03735, 51.59358], [0.03601, 51.5923], [0.03321, 51.59056], [0.02994, 51.5893], [0.027770000000000003, 51.58728000000001], [0.025820000000000003, 51.585550000000005], [0.024010000000000004, 51.584790000000005], [0.02176, 51.58379000000001], [0.017188580729659876, 51.58326008395365], [0.00902000178356477, 51.583446677711486], [0.005940000000000001, 51.58377], [0.00233, 51.581920000000004], [-0.00016, 51.581390000000006], [-0.00351, 51.57987000000001], [-0.0064, 51.57869], [-0.008780000000000001, 51.57743000000001], [-0.012180004851148826, 51.57582500109529], [-0.014410000000000001, 51.57417], [-0.01651, 51.57300000000001], [-0.02142000765490639, 51.57164500437533], [-0.02761002205521161, 51.5694400113938], [-0.03381, 51.56714], [-0.036630014626882465, 51.565996673393556], [-0.04262002396074247, 51.56347667754492], [-0.045880000000000004, 51.56208], [-0.05111, 51.55984], [-0.05457000000000001, 51.55863]]}}, {"type": "Feature", "properties": {"id": "3184659551268110850", "name": "HVCC Strade Bambini ’23", "link": "https://www.strava.com/routes/3184659551268110850", "distance_km": 53, "source": "HV-signed", "region": "Essex", "route_type": "Gravel", "cafe": "", "notes": ""}, "geometry": {"type": "LineString", "coordinates": [[0.032150000000000005, 51.58023000000001], [0.034210000000000004, 51.58176], [0.030730000000000004, 51.58612], [0.027410000000000004, 51.589150000000004], [0.027680000000000003, 51.59221], [0.027540000000000002, 51.59375000000001], [0.02398, 51.59467], [0.02194, 51.5955], [0.021480000000000003, 51.59649], [0.020220000000000002, 51.59967], [0.018880001527126253, 51.60421000002626], [0.01802, 51.60524], [0.02059, 51.60812000000001], [0.02304, 51.61142], [0.028140000000000002, 51.61403000000001], [0.03307, 51.615260000000006], [0.036210000000000006, 51.61713], [0.037410000000000006, 51.61853000000001], [0.040560000000000006, 51.62147], [0.042760000000000006, 51.62447], [0.043210000000000005, 51.62771000000001], [0.040920000000000005, 51.631460000000004], [0.036320000000000005, 51.63317000000001], [0.03624, 51.634800000000006], [0.03769, 51.63606000000001], [0.037880000000000004, 51.63927], [0.03978, 51.641270000000006], [0.03848, 51.643260000000005], [0.03688, 51.64770000000001], [0.03921, 51.647510000000004], [0.04220498980735055, 51.64913000145605], [0.04469, 51.65158], [0.049100000000000005, 51.6531], [0.0519, 51.65692000000001], [0.05274, 51.65914], [0.054000000000000006, 51.66227000000001], [0.058410000000000004, 51.66207000000001], [0.06021000000000001, 51.66479], [0.06412000000000001, 51.667770000000004], [0.06708, 51.668620000000004], [0.06989000000000001, 51.67027], [0.07227, 51.6732], [0.07407000000000001, 51.676030000000004], [0.07507000000000001, 51.67911], [0.07657000000000001, 51.68131], [0.08262000000000001, 51.68272], [0.08835000000000001, 51.68368], [0.09356, 51.68822], [0.09670000000000001, 51.68873000000001], [0.09946, 51.688610000000004], [0.10704000000000001, 51.68898], [0.11090000000000001, 51.68770000000001], [0.11607, 51.687740000000005], [0.12140000000000001, 51.688230000000004], [0.12931, 51.68874], [0.13428, 51.688990000000004], [0.14002, 51.689060000000005], [0.14509000000000002, 51.68701], [0.14823001407077027, 51.68308667108596], [0.15265, 51.68088], [0.15506, 51.67812000000001], [0.15772, 51.673840000000006], [0.15791749987790507, 51.66901250000226], [0.15814, 51.66391], [0.16241000516971443, 51.661130004967475], [0.17017000000000002, 51.659330000000004], [0.1771899840685537, 51.65807000922975], [0.18324000000000001, 51.660900000000005], [0.19029000000000001, 51.663410000000006], [0.19859999684046864, 51.666210002476966], [0.20320000000000002, 51.66288], [0.20919000000000001, 51.661590000000004], [0.21011000000000002, 51.65916000000001], [0.20889000000000002, 51.656060000000004], [0.21320000000000003, 51.65332], [0.21686000000000002, 51.652350000000006], [0.22016000000000002, 51.65044], [0.22204000000000002, 51.64725000000001], [0.22436000000000003, 51.64594], [0.23002000382505783, 51.6440350012151], [0.23046000000000003, 51.64175], [0.22280000000000003, 51.638540000000006], [0.21735000000000002, 51.63693000000001], [0.21117999730807163, 51.634310002307956], [0.20459000000000002, 51.63183], [0.19771000000000002, 51.631370000000004], [0.1893099945536207, 51.630805002166944], [0.18887, 51.626380000000005], [0.1894, 51.62431], [0.18411000000000002, 51.62111], [0.18282, 51.61816], [0.18164000000000002, 51.61643], [0.17575000000000002, 51.616150000000005], [0.16732000000000002, 51.61556], [0.16501000000000002, 51.61968], [0.15692, 51.620580000000004], [0.15262, 51.62339000000001], [0.14741, 51.62323000000001], [0.14278000000000002, 51.62445], [0.13653, 51.62411], [0.13458, 51.623180000000005], [0.12969, 51.62136], [0.12542, 51.61856], [0.12567, 51.617290000000004], [0.12684, 51.615170000000006], [0.12704000000000001, 51.613290000000006], [0.12782000000000002, 51.61115], [0.12636, 51.61056000000001], [0.120700012116642, 51.606266669443364], [0.11488000000000001, 51.602320000000006], [0.11176331749913809, 51.60132001079739], [0.10421000000000001, 51.59872000000001], [0.10622000000000001, 51.59747], [0.10609, 51.595560000000006], [0.10455, 51.594260000000006], [0.10449000000000001, 51.59214000000001], [0.10059000000000001, 51.59179], [0.09924000000000001, 51.59031], [0.09849999643796449, 51.58843500135747], [0.09488, 51.58632000000001], [0.0901200023535905, 51.5863350022593], [0.08713000000000001, 51.58635], [0.08474000000000001, 51.584120000000006], [0.08283, 51.584230000000005], [0.08135999305418888, 51.58108500076222], [0.07923000000000001, 51.58021], [0.07550000000000001, 51.5771], [0.07325000000000001, 51.57529], [0.07166, 51.57343], [0.06766499539164161, 51.57118000143717], [0.06405000000000001, 51.56996], [0.056130000000000006, 51.568310000000004], [0.053020000000000005, 51.567460000000004], [0.05067000000000001, 51.56651], [0.050080000000000006, 51.56877000000001], [0.0473, 51.56991000000001], [0.047490000000000004, 51.571870000000004], [0.045180000000000005, 51.574290000000005], [0.043750000000000004, 51.575320000000005], [0.0427, 51.576260000000005], [0.041010000000000005, 51.577020000000005], [0.04273000316229243, 51.579145000300066], [0.04052, 51.58419000000001], [0.03266, 51.583000000000006]]}}, {"type": "Feature", "properties": {"id": "3216146985168511308", "name": "Hub Velo CC Intro ride", "link": "https://www.strava.com/routes/3216146985168511308", "distance_km": 54, "source": "HV-signed", "region": "Essex", "route_type": "Road", "cafe": "Blue Boar in Abridge", "notes": ""}, "geometry": {"type": "LineString", "coordinates": [[-0.055880000000000006, 51.55756], [-0.056330000000000005, 51.55857], [-0.0540300036485564, 51.55876000288602], [-0.04594, 51.562050000000006], [-0.04321001407900579, 51.56322000624962], [-0.036640022400142726, 51.565992510332784], [-0.031560000000000005, 51.56804], [-0.023610010801294035, 51.57089500577384], [-0.01597, 51.573260000000005], [-0.012870000000000001, 51.575340000000004], [-0.008855003364319373, 51.577450002111135], [-0.004680005105684089, 51.57945000278496], [0.00093, 51.58165], [0.00589, 51.58393], [0.00653, 51.586240000000004], [0.008759980294524378, 51.591365001934726], [0.01041, 51.59472], [0.010110000000000001, 51.59593], [0.012280000000000001, 51.59837], [0.015926653921982024, 51.602886668780215], [0.018449995077640877, 51.605755000731655], [0.020434994941146034, 51.607920000690186], [0.022330000000000003, 51.61056000000001], [0.024880000000000003, 51.61459000000001], [0.026310000000000004, 51.6176], [0.027710000000000002, 51.62069], [0.030610000000000002, 51.62373], [0.033190000000000004, 51.62695], [0.042280000000000005, 51.62708000000001], [0.05029499830880364, 51.627265003384295], [0.0567350013183566, 51.62711000325422], [0.0636, 51.62628], [0.06686999123557066, 51.626595001106836], [0.07167000000000001, 51.627210000000005], [0.07825, 51.625750000000004], [0.08259000000000001, 51.6259], [0.08493, 51.62337], [0.09037005767091186, 51.6208720225172], [0.09484000000000001, 51.618900000000004], [0.09771, 51.617470000000004], [0.10289000000000001, 51.61708], [0.11149, 51.61894], [0.11768, 51.62102], [0.12481499190841565, 51.62336500428724], [0.12932747321676302, 51.62543750749627], [0.13413, 51.62888], [0.13725, 51.63094], [0.13932, 51.633990000000004], [0.1451, 51.63355000000001], [0.14797000000000002, 51.63543000000001], [0.15027000000000001, 51.63720000000001], [0.15477000000000002, 51.63714], [0.15936, 51.638580000000005], [0.16360000000000002, 51.64143000000001], [0.16536499939233498, 51.64460999989471], [0.16712000000000002, 51.64687000000001], [0.169494996818059, 51.64978000071809], [0.17167000000000002, 51.654500000000006], [0.17226000000000002, 51.65529], [0.17393, 51.65744], [0.16820000000000002, 51.65990000000001], [0.16053000395187142, 51.661580002748664], [0.15502000000000002, 51.662940000000006], [0.14869000000000002, 51.66386000000001], [0.14323000000000002, 51.66449], [0.13576000000000002, 51.66384000000001], [0.13515000000000002, 51.66514], [0.1348, 51.66865000000001], [0.13302, 51.67132], [0.1306749997998108, 51.67299000275118], [0.12712, 51.67230000000001], [0.12606, 51.671240000000004], [0.12010000000000001, 51.67087], [0.11431000000000001, 51.66986000000001], [0.11092, 51.66828], [0.11380000000000001, 51.66483], [0.11434000000000001, 51.661640000000006], [0.11616000000000001, 51.657970000000006], [0.11621667819417975, 51.65477000108212], [0.11845000000000001, 51.65135], [0.11802000000000001, 51.65017], [0.11937, 51.645340000000004], [0.12340000000000001, 51.64222], [0.12711, 51.63906000000001], [0.13087499340122555, 51.63677500814112], [0.13554000000000002, 51.635360000000006], [0.13906000000000002, 51.63392], [0.13694, 51.630190000000006], [0.13398000000000002, 51.628840000000004], [0.12856, 51.62491000000001], [0.12381, 51.623000000000005], [0.11707000000000001, 51.620810000000006], [0.1103449908911381, 51.618580005560275], [0.10174000000000001, 51.61685000000001], [0.09692, 51.61807], [0.09466000000000001, 51.618880000000004], [0.08952501146966778, 51.62129000463002], [0.08478000000000001, 51.621010000000005], [0.07980000000000001, 51.620380000000004], [0.07447500166859614, 51.62140500213028], [0.06906000000000001, 51.622690000000006], [0.06456, 51.626000000000005], [0.058420000735294346, 51.62699500279031], [0.05195, 51.627340000000004], [0.04505000000000001, 51.627050000000004], [0.037202494229537635, 51.62714502279193], [0.03184999454594581, 51.62552000084318], [0.028780000000000003, 51.62151], [0.02688, 51.61853000000001], [0.025410000000000002, 51.61565], [0.023430000000000003, 51.611940000000004], [0.021070000000000002, 51.60869], [0.01916, 51.60652], [0.01837, 51.604820000000004], [0.01542332065705217, 51.60231333552457], [0.01149, 51.596790000000006], [0.012010000000000002, 51.59534000000001], [0.009599978055841184, 51.5930300021213], [0.006960000000000001, 51.58755000000001], [0.006470000000000001, 51.58446000000001], [0.0030299953257922774, 51.582335001713474], [-0.00015000000000000001, 51.581450000000004], [-0.006540000000000001, 51.578660000000006], [-0.01102, 51.576800000000006], [-0.013840000000000002, 51.57464], [-0.018595005309264768, 51.572455004167566], [-0.02645001145374515, 51.56987000572865], [-0.0342, 51.566970000000005], [-0.03934, 51.56486], [-0.045430000000000005, 51.562270000000005], [-0.050753355644818116, 51.55997667681197], [-0.05573, 51.557970000000005], [-0.05607, 51.55794]]}}, {"type": "Feature", "properties": {"id": "3204515753949897566", "name": "Calpe: warm up ride to Calpe", "link": "https://www.strava.com/routes/3204515753949897566", "distance_km": 55, "source": "HV-signed", "region": "Hub Velo trips", "route_type": "Road", "cafe": "Service Course", "notes": ""}, "geometry": {"type": "LineString", "coordinates": [[0.14706000000000002, 38.7775], [0.15102000000000002, 38.77982], [0.15071, 38.77494], [0.14930000000000002, 38.77123], [0.14859, 38.769960000000005], [0.15138000000000001, 38.77069], [0.15776, 38.770860000000006], [0.16395, 38.769960000000005], [0.17123000000000002, 38.76925000000001], [0.17536000000000002, 38.76758], [0.17612000000000003, 38.763850000000005], [0.17354000000000003, 38.76211], [0.17687000000000003, 38.76482], [0.1756, 38.76335], [0.17266, 38.76041], [0.1693400003638164, 38.75465000001407], [0.1688, 38.75177], [0.16836, 38.74870000000001], [0.16597, 38.74598], [0.16355, 38.743280000000006], [0.15844999797513004, 38.74124000121379], [0.15339000000000003, 38.737970000000004], [0.15191499561672708, 38.73539500111113], [0.14659000000000003, 38.73062], [0.1428449979648664, 38.72691500045615], [0.14031000000000002, 38.723620000000004], [0.14123000000000002, 38.72093], [0.14031000000000002, 38.71853], [0.13973000000000002, 38.7166], [0.13806000000000002, 38.711470000000006], [0.13633, 38.70541], [0.13559000000000002, 38.704890000000006], [0.13471000000000002, 38.700880000000005], [0.13329000000000002, 38.69771], [0.13247, 38.69426], [0.13267, 38.692600000000006], [0.131963334117503, 38.68908000747129], [0.12898, 38.68722], [0.12597, 38.685810000000004], [0.12434, 38.68509], [0.12257000000000001, 38.68316], [0.11913000000000001, 38.681400000000004], [0.11705000000000002, 38.68086], [0.11143000000000002, 38.679520000000004], [0.10842, 38.678560000000004], [0.10509, 38.677240000000005], [0.10481000000000001, 38.67519], [0.10347, 38.6766], [0.10225000000000001, 38.676460000000006], [0.10132000000000001, 38.67492], [0.09984000000000001, 38.673660000000005], [0.09815, 38.67566], [0.09599, 38.675250000000005], [0.0966, 38.673570000000005], [0.09548000000000001, 38.67228], [0.09342, 38.67445], [0.09097000000000001, 38.67447000000001], [0.08851, 38.67493], [0.08810000000000001, 38.67374], [0.09123, 38.67179], [0.09204000000000001, 38.66912000000001], [0.08950000000000001, 38.669340000000005], [0.08947000000000001, 38.66762000000001], [0.08913, 38.665820000000004], [0.08518, 38.66559], [0.08449000000000001, 38.66481], [0.08654, 38.66377000000001], [0.08659, 38.66181], [0.08307, 38.660560000000004], [0.07894000000000001, 38.658640000000005], [0.07761000000000001, 38.656200000000005], [0.07419, 38.65294], [0.07253999786400178, 38.65055500016865], [0.07214000000000001, 38.649080000000005], [0.07046000000000001, 38.6434], [0.07016, 38.642810000000004], [0.06982000000000001, 38.64296], [0.06578, 38.642050000000005], [0.059140000000000005, 38.6435], [0.05487, 38.644870000000004], [0.059300000000000005, 38.64562], [0.06256, 38.64513], [0.0651749976867578, 38.64706500053753], [0.06821, 38.649980000000006], [0.07177, 38.65164], [0.07303000000000001, 38.651970000000006], [0.07752, 38.655460000000005], [0.07829000000000001, 38.658], [0.08119000000000001, 38.65977], [0.08458, 38.660430000000005], [0.08769, 38.663410000000006], [0.08406000000000001, 38.664530000000006], [0.08482, 38.665580000000006], [0.08801, 38.66548], [0.08968000000000001, 38.667060000000006], [0.08900000000000001, 38.668820000000004], [0.09183000000000001, 38.66886], [0.09158000000000001, 38.671310000000005], [0.08800000000000001, 38.673570000000005], [0.08852, 38.67494000000001], [0.09097000000000001, 38.67447000000001], [0.09298000000000001, 38.675140000000006], [0.09173, 38.676970000000004], [0.08921000000000001, 38.677490000000006], [0.08573, 38.67998], [0.08420000000000001, 38.680310000000006], [0.08389, 38.68328], [0.08141000000000001, 38.6828], [0.07871, 38.6858], [0.0767, 38.686150000000005], [0.07648, 38.685700000000004], [0.07575000000000001, 38.68741], [0.07827, 38.68968], [0.07808000000000001, 38.69252], [0.08109000000000001, 38.69633], [0.08156000000000001, 38.69919], [0.08231000000000001, 38.701980000000006], [0.08329, 38.699040000000004], [0.08480999425400677, 38.69976500182385], [0.08799499818257528, 38.70390000047224], [0.08976, 38.708400000000005], [0.0900499976801294, 38.7129400001664], [0.09252, 38.716170000000005], [0.09317, 38.720090000000006], [0.09426000000000001, 38.72279], [0.09706000000000001, 38.725620000000006], [0.09723000000000001, 38.7276], [0.09847, 38.728260000000006], [0.101764998852103, 38.730410001296754], [0.10493000000000001, 38.733700000000006], [0.10742000000000002, 38.734970000000004], [0.1107, 38.735960000000006], [0.11343, 38.737820000000006], [0.1181699989694234, 38.73911000336153], [0.12232000000000001, 38.73897], [0.12651, 38.73997000000001], [0.12938000000000002, 38.74045], [0.13343000000000002, 38.742110000000004], [0.1345, 38.744350000000004], [0.13791, 38.74752], [0.14058, 38.751340000000006], [0.14126000000000002, 38.754290000000005], [0.14382499766247317, 38.758625000366784], [0.1469, 38.76408], [0.14697000000000002, 38.76711], [0.14909, 38.770390000000006], [0.14965, 38.773410000000005], [0.1509799989883868, 38.778190000010255], [0.1512, 38.780330000000006], [0.14816000000000001, 38.77892000000001], [0.14663, 38.77695000000001]]}}, {"type": "Feature", "properties": {"id": "3201973658083085946", "name": "Epping climbs and lanes", "link": "https://www.strava.com/routes/3201973658083085946", "distance_km": 55, "source": "HV-signed", "region": "Essex", "route_type": "Road", "cafe": "High Beech", "notes": ""}, "geometry": {"type": "LineString", "coordinates": [[-0.055470000000000005, 51.55866], [-0.04966, 51.56044000000001], [-0.04429, 51.56297000000001], [-0.03843500807886573, 51.565305003878414], [-0.03456, 51.566880000000005], [-0.02848500461220374, 51.56917500249218], [-0.02485, 51.57054], [-0.018530003304699696, 51.572530003044754], [-0.01395, 51.57468], [-0.011640000000000001, 51.57643], [-0.007690000000000001, 51.577850000000005], [-0.004635004782255388, 51.579545002492175], [-0.00028000000000000003, 51.58151], [0.0028999940699698046, 51.58249000259864], [0.005730000000000001, 51.58393], [0.00644, 51.586180000000006], [0.008532484843573634, 51.591080001491804], [0.010360000000000001, 51.59458000000001], [0.010050000000000002, 51.59586], [0.011884993143390579, 51.59758000069144], [0.015423320605884121, 51.602313335466285], [0.01802, 51.60524], [0.02048499355055104, 51.60799500085412], [0.023790000000000002, 51.60761], [0.02663, 51.60512000000001], [0.033863344188697644, 51.60319000827317], [0.04184, 51.601220000000005], [0.043280000000000006, 51.600880000000004], [0.0483, 51.604800000000004], [0.05475000000000001, 51.60607], [0.05852, 51.60681], [0.06780497891698227, 51.60816001911527], [0.07545, 51.60933000000001], [0.08259499505790037, 51.6109000027345], [0.08893000000000001, 51.61260000000001], [0.09605000000000001, 51.61482], [0.10174000000000001, 51.61685000000001], [0.10352000000000001, 51.617650000000005], [0.10859, 51.61811], [0.11352000000000001, 51.61966], [0.11864999389660015, 51.62130500399301], [0.12582000000000002, 51.62373], [0.13163, 51.62702], [0.13628, 51.62948], [0.13851000000000002, 51.63239], [0.14149, 51.63394], [0.14700000000000002, 51.633390000000006], [0.14819000000000002, 51.636540000000004], [0.15122000000000002, 51.63721], [0.15729, 51.637600000000006], [0.16057000000000002, 51.63917000000001], [0.16446999718585617, 51.641755001972044], [0.1655, 51.6454], [0.16776000000000002, 51.647330000000004], [0.17033, 51.651120000000006], [0.17155, 51.65489], [0.17311, 51.65628], [0.17802, 51.658640000000005], [0.17456500369593425, 51.65907500199499], [0.17127, 51.66004], [0.17131999747903923, 51.66230000010182], [0.17228000000000002, 51.666410000000006], [0.1727050015298486, 51.66927000021973], [0.17283, 51.67374], [0.17301000000000002, 51.67533], [0.17827, 51.675560000000004], [0.18001, 51.67793], [0.17889000000000002, 51.68076000000001], [0.17667000000000002, 51.68399], [0.17567000000000002, 51.687780000000004], [0.17450000000000002, 51.690250000000006], [0.17218000000000003, 51.69107], [0.16717, 51.68959], [0.16166000000000003, 51.68912], [0.15715499567508512, 51.69098500092315], [0.15330000000000002, 51.69142], [0.14741, 51.69163], [0.14489000000000002, 51.68849], [0.14209000000000002, 51.68826000000001], [0.13629000000000002, 51.688970000000005], [0.13143000000000002, 51.68889000000001], [0.12471000000000002, 51.68856], [0.1193, 51.688120000000005], [0.11562000000000001, 51.687870000000004], [0.11026000000000001, 51.6878], [0.10704000000000001, 51.68898], [0.10009000000000001, 51.6886], [0.09687000000000001, 51.69048], [0.09202999616602905, 51.69021000153301], [0.08430000000000001, 51.68686], [0.07820499442914004, 51.68444000236703], [0.07279000000000001, 51.683640000000004], [0.06661, 51.684540000000005], [0.061380000000000004, 51.68576], [0.05784, 51.68715], [0.054540000000000005, 51.689420000000005], [0.047970000000000006, 51.68994000000001], [0.04324, 51.69005000000001], [0.038560000000000004, 51.69005000000001], [0.03674, 51.68867], [0.03888000555678647, 51.687360003441476], [0.041370000000000004, 51.68583], [0.04159000136536642, 51.6829749998661], [0.04184, 51.679190000000006], [0.04105999637777821, 51.67735000027798], [0.0402350012386247, 51.67259500002882], [0.04512, 51.66937], [0.04059, 51.66624], [0.03858999359495508, 51.663320001389216], [0.03667999837373625, 51.659945000067225], [0.03687, 51.65762], [0.03923, 51.65569000000001], [0.0396, 51.655370000000005], [0.037759983794865934, 51.651310001067074], [0.03575329467477797, 51.64583333607224], [0.033800000000000004, 51.64020000000001], [0.03275, 51.63624], [0.030595685360239266, 51.62992285904686], [0.02885, 51.62463], [0.027800000000000002, 51.620560000000005], [0.026310000000000004, 51.6176], [0.024900000000000002, 51.61451], [0.021974996248747762, 51.61007500059203], [0.020484993646319047, 51.60799500098285], [0.01871, 51.605700000000006], [0.017660000000000002, 51.60479], [0.013510000000000001, 51.6002], [0.01186, 51.596030000000006], [0.01084, 51.59481], [0.00837, 51.5906], [0.0064800000000000005, 51.58601], [0.006070000000000001, 51.583890000000004], [0.00205, 51.581790000000005], [-0.0027900000000000004, 51.580110000000005], [-0.00623, 51.57878], [-0.008780000000000001, 51.57743000000001], [-0.01335, 51.57493], [-0.01593, 51.573220000000006], [-0.021547523122056687, 51.57153251293322], [-0.02553, 51.570130000000006], [-0.03280667906085965, 51.56747333936631], [-0.03653335238551284, 51.56596667556787], [-0.0434, 51.56309], [-0.04576, 51.562090000000005], [-0.053200000000000004, 51.55895], [-0.05607, 51.558150000000005], [-0.056330000000000005, 51.55857]]}}, {"type": "Feature", "properties": {"id": "3201965982621599986", "name": "Epping climbs and lanes 55km", "link": "https://www.strava.com/routes/3201965982621599986", "distance_km": 55, "source": "HV-signed", "region": "Essex", "route_type": "Road", "cafe": "High Beech", "notes": ""}, "geometry": {"type": "LineString", "coordinates": [[-0.055790000000000006, 51.55687], [-0.05637, 51.558440000000004], [-0.054860000000000006, 51.55857], [-0.046430000000000006, 51.561840000000004], [-0.045430000000000005, 51.562270000000005], [-0.03957, 51.56485000000001], [-0.035210000000000005, 51.56667], [-0.030090000000000002, 51.568630000000006], [-0.02528, 51.570420000000006], [-0.019370000000000002, 51.572340000000004], [-0.014280000000000001, 51.57441000000001], [-0.012110000000000001, 51.57600000000001], [-0.010780000000000001, 51.57694000000001], [-0.0056700000000000006, 51.579190000000004], [-0.00055, 51.581390000000006], [0.00353, 51.582770000000004], [0.00632, 51.58447], [0.006960000000000001, 51.58755000000001], [0.009186654162342434, 51.5921933345171], [0.01041, 51.59481], [0.010560000000000002, 51.59617], [0.012610000000000001, 51.59897], [0.016984992697604222, 51.60406500121664], [0.019349995670403217, 51.60667500082032], [0.022170000000000002, 51.61032], [0.024900000000000002, 51.61451], [0.02627, 51.61753], [0.024705005053274144, 51.61957000086912], [0.02236, 51.623960000000004], [0.02043, 51.626250000000006], [0.01695, 51.62908], [0.014990000000000002, 51.63282], [0.012180000000000002, 51.634440000000005], [0.012724999944627216, 51.638394999921225], [0.01161, 51.64226000000001], [0.009810000000000001, 51.64517000000001], [0.008570000000000001, 51.647380000000005], [0.006010000000000001, 51.65106], [0.005385006095679597, 51.65249000166367], [-0.0012200000000000002, 51.65397], [-0.00523, 51.65684], [-0.0033900000000000002, 51.66116], [-0.000760002808378, 51.665110000289005], [0.0015400000000000001, 51.66606], [0.008690000000000002, 51.66328000000001], [0.01438, 51.661120000000004], [0.01864, 51.66245000000001], [0.02236, 51.6623], [0.027510000000000003, 51.661460000000005], [0.03373, 51.662800000000004], [0.03862, 51.66452], [0.043460000000000006, 51.667910000000006], [0.04598000000000001, 51.670910000000006], [0.054340000000000006, 51.673590000000004], [0.060930000000000005, 51.67522], [0.06297000000000001, 51.675140000000006], [0.06842000000000001, 51.67551], [0.07312, 51.675900000000006], [0.07794000000000001, 51.676480000000005], [0.0839, 51.674350000000004], [0.08976, 51.673120000000004], [0.09815500259112594, 51.672075002347704], [0.10312, 51.67060000000001], [0.10778000000000001, 51.67029], [0.11211000000000002, 51.66888], [0.11560000000000001, 51.67011], [0.1245600003122365, 51.67118000344079], [0.12621000000000002, 51.672230000000006], [0.13080999963331932, 51.67300500523088], [0.13364500611582256, 51.67022500077732], [0.13466, 51.668000000000006], [0.13511, 51.66474], [0.13963, 51.664350000000006], [0.14603000000000002, 51.664370000000005], [0.15246, 51.66319000000001], [0.1584, 51.66239], [0.16615000343890465, 51.66022500357781], [0.17258, 51.658190000000005], [0.17222, 51.65514], [0.17122498399343536, 51.653432501252325], [0.16889, 51.648990000000005], [0.16618000000000002, 51.646280000000004], [0.16507000000000002, 51.643240000000006], [0.16258, 51.640800000000006], [0.15875, 51.63833], [0.15477000000000002, 51.637150000000005], [0.15058000000000002, 51.637240000000006], [0.14794000000000002, 51.63543000000001], [0.14450000000000002, 51.6336], [0.13904000000000002, 51.63398], [0.13641, 51.62959000000001], [0.13153, 51.627050000000004], [0.12650999526680975, 51.62405500218045], [0.11908997094772204, 51.62146001729301], [0.11349000000000001, 51.619600000000005], [0.10647999145461608, 51.61769667773132], [0.09844000000000001, 51.61563], [0.09174331263183545, 51.6134266800736], [0.08339, 51.61119000000001], [0.07678, 51.60981], [0.06963000000000001, 51.60850000000001], [0.06084666279079579, 51.606883344635285], [0.05475000000000001, 51.60607], [0.048510000000000005, 51.60475], [0.043280000000000006, 51.600880000000004], [0.04209, 51.60117], [0.03331509494531164, 51.60333757248874], [0.02663, 51.60512000000001], [0.023790000000000002, 51.60761], [0.020434995003606078, 51.607920000772964], [0.018770000000000002, 51.605900000000005], [0.017660000000000002, 51.60479], [0.01357, 51.600260000000006], [0.011839996532798266, 51.597635000365656], [0.012280000000000001, 51.59837], [0.012090000000000002, 51.595490000000005], [0.010110000000000001, 51.593920000000004], [0.007540000000000001, 51.58887000000001], [0.00653, 51.584970000000006], [0.0054800000000000005, 51.5835], [0.00135, 51.58158], [-0.00355, 51.57981], [-0.00674, 51.578430000000004], [-0.006810000000000001, 51.578450000000004], [-0.01166, 51.57623], [-0.01454, 51.574040000000004], [-0.01933, 51.57224], [-0.02475, 51.57038000000001], [-0.030350000000000002, 51.56841000000001], [-0.03497, 51.56651], [-0.04088000000000001, 51.56414], [-0.045070000000000006, 51.562430000000006], [-0.04966, 51.56044000000001], [-0.05532, 51.558330000000005], [-0.05578, 51.55682]]}}, {"type": "Feature", "properties": {"id": "3183465726032069206", "name": "Hub Velo BBQ ride back", "link": "https://www.strava.com/routes/3183465726032069206", "distance_km": 61, "source": "HV-signed", "region": "Essex", "route_type": "Road", "cafe": "", "notes": ""}, "geometry": {"type": "LineString", "coordinates": [[0.21949000000000002, 51.94234], [0.22304000000000002, 51.941320000000005], [0.22929000000000002, 51.939780000000006], [0.22998999335840348, 51.935880000492226], [0.22783000000000003, 51.93193], [0.22729000000000002, 51.92837], [0.22630000000000003, 51.923100000000005], [0.22803, 51.9202], [0.22869000000000003, 51.91552], [0.23245000000000002, 51.914320000000004], [0.2376, 51.912090000000006], [0.24021, 51.907430000000005], [0.24750000000000003, 51.907250000000005], [0.25428, 51.906000000000006], [0.26161, 51.90381000000001], [0.26632335030791476, 51.90080667231437], [0.2722850062540585, 51.895280000441524], [0.27222, 51.89265], [0.26839, 51.8903], [0.26654, 51.887950000000004], [0.26058000000000003, 51.88609], [0.25936000000000003, 51.883790000000005], [0.26073, 51.88073000000001], [0.26195, 51.877300000000005], [0.26445, 51.873990000000006], [0.26589, 51.87033], [0.26634, 51.86654000000001], [0.26805, 51.861450000000005], [0.26618, 51.857330000000005], [0.26334, 51.852740000000004], [0.26706, 51.849070000000005], [0.26735000000000003, 51.84555], [0.2692, 51.84329], [0.26686999853495513, 51.84044000321634], [0.26574000000000003, 51.83755000000001], [0.26422665192767747, 51.834676669778986], [0.26097000000000004, 51.831480000000006], [0.26004000000000005, 51.82728], [0.25501, 51.82549], [0.25858000000000003, 51.82258], [0.25720000000000004, 51.81866], [0.25065499560515975, 51.81566000434326], [0.24705000000000002, 51.81286000000001], [0.24319000000000002, 51.80836000000001], [0.24101000000000003, 51.805640000000004], [0.24190000000000003, 51.80277], [0.2391, 51.80004], [0.23887000000000003, 51.79625000000001], [0.23758, 51.79359], [0.24104000000000003, 51.78980000000001], [0.23826000000000003, 51.78705], [0.2350700086413301, 51.78578000673808], [0.23260000000000003, 51.78432], [0.23079000000000002, 51.78089000000001], [0.22816000000000003, 51.77868], [0.22183000000000003, 51.77763], [0.22100000000000003, 51.77505000000001], [0.21885000000000002, 51.77288000000001], [0.21677000000000002, 51.77143], [0.21797000000000002, 51.768080000000005], [0.2164, 51.765730000000005], [0.21482, 51.761570000000006], [0.21257, 51.75941], [0.20894000000000001, 51.754490000000004], [0.20904, 51.75209], [0.20878000000000002, 51.749590000000005], [0.20383, 51.74815], [0.2017099978484796, 51.745645000351104], [0.195514996894839, 51.74440000743605], [0.19214, 51.74219], [0.18805000000000002, 51.73809000000001], [0.18568, 51.733670000000004], [0.18532, 51.73019000000001], [0.18191000000000002, 51.725370000000005], [0.18099, 51.723620000000004], [0.17749999242271228, 51.72016000182691], [0.1707539594545025, 51.71810003037027], [0.16709000000000002, 51.716240000000006], [0.16369, 51.713530000000006], [0.15770000117460653, 51.712630002295946], [0.15027500171246408, 51.71291000527719], [0.14208, 51.71235], [0.13627, 51.710240000000006], [0.12694995760809827, 51.70728502982684], [0.11911000000000001, 51.70508], [0.11464, 51.701240000000006], [0.11026000000000001, 51.698060000000005], [0.10616999263943648, 51.69593000343719], [0.1004, 51.69328], [0.09263, 51.69050000000001], [0.08430000000000001, 51.68686], [0.07746, 51.6841], [0.07218000000000001, 51.68074000000001], [0.06547, 51.67712], [0.062470000000000005, 51.674910000000004], [0.060164997331321884, 51.67503000210468], [0.052204995459085746, 51.67305500267339], [0.04515, 51.67034], [0.043460000000000006, 51.667910000000006], [0.040010000000000004, 51.66501], [0.037200000000000004, 51.6619], [0.03672, 51.65822000000001], [0.03909, 51.65572], [0.042390000000000004, 51.65943000000001], [0.046610000000000006, 51.66429], [0.04280499464157033, 51.66000500060315], [0.03975, 51.65563], [0.03828, 51.65272], [0.03603664250404429, 51.64660666837706], [0.033800000000000004, 51.64020000000001], [0.032499995696491785, 51.63546000025285], [0.03002499435583562, 51.628265000312815], [0.02800164604541649, 51.62171833451985], [0.02688, 51.61853000000001], [0.02511, 51.614830000000005], [0.022529996320930078, 51.610760000318685], [0.019110000000000002, 51.60647], [0.01828, 51.60483000000001], [0.014390000000000002, 51.601150000000004], [0.011540000000000002, 51.59666000000001], [0.011630000000000001, 51.595130000000005], [0.00837, 51.5906], [0.00650500028617677, 51.58549000000146], [0.0054800000000000005, 51.5835], [0.00097, 51.581610000000005], [-0.0054800000000000005, 51.579150000000006], [-0.010295003472678534, 51.577025002269444], [-0.014400013264738117, 51.57425500359104], [-0.021190011205205816, 51.57171500661688], [-0.030510000000000002, 51.56842], [-0.036630014626882465, 51.565996673393556], [-0.045430000000000005, 51.562270000000005], [-0.052025008021060186, 51.55944500352588], [-0.05577000000000001, 51.55789000000001], [-0.055790000000000006, 51.556900000000006]]}}, {"type": "Feature", "properties": {"id": "3204552069455963892", "name": "Essex 62km lanes (\"Essex Best Lanes\")", "link": "https://www.strava.com/routes/3204552069455963892", "distance_km": 63, "source": "HV-signed", "region": "Essex", "route_type": "Road", "cafe": "", "notes": ""}, "geometry": {"type": "LineString", "coordinates": [[-0.02706, 51.571360000000006], [-0.023600032774099753, 51.5708300186511], [-0.01564, 51.57334], [-0.012820000000000002, 51.575300000000006], [-0.008830000000000001, 51.577470000000005], [-0.0048200000000000005, 51.57947000000001], [0.00051, 51.58165], [0.005600000000000001, 51.583780000000004], [0.006500000000000001, 51.58601], [0.008729988927369516, 51.5912733343753], [0.01041, 51.59481], [0.010920000000000001, 51.596320000000006], [0.013340000000000001, 51.59998], [0.01769, 51.60483000000001], [0.020404997090395845, 51.607830000274], [0.023714997354453145, 51.612370000426885], [0.025939997432517178, 51.61699500046751], [0.027280000000000002, 51.61954000000001], [0.02985, 51.62252], [0.0333199956603391, 51.62756500031292], [0.03737, 51.632960000000004], [0.0415, 51.63803000000001], [0.047150000000000004, 51.64114000000001], [0.051550000000000006, 51.643950000000004], [0.05609000000000001, 51.64838], [0.061500000000000006, 51.65276], [0.06693, 51.65628], [0.06696, 51.66028000000001], [0.0753, 51.660450000000004], [0.07816000000000001, 51.66275], [0.0841650044185125, 51.66339000532234], [0.08902, 51.665490000000005], [0.09388, 51.66928000000001], [0.09817000000000001, 51.67147000000001], [0.10354000000000001, 51.670570000000005], [0.10846000000000001, 51.67], [0.11308000000000001, 51.66903000000001], [0.11778000000000001, 51.670390000000005], [0.12606, 51.671240000000004], [0.12882000000000002, 51.672340000000005], [0.13217, 51.67329], [0.13078334133430297, 51.677660000642945], [0.12961, 51.681650000000005], [0.13311, 51.68553000000001], [0.13731000000000002, 51.689170000000004], [0.14322000000000001, 51.687780000000004], [0.14622499300451497, 51.69050000119062], [0.14880000000000002, 51.691570000000006], [0.15623, 51.69057], [0.16182000000000002, 51.68907], [0.16711665188962035, 51.68957667112823], [0.17261, 51.691190000000006], [0.17515000000000003, 51.689060000000005], [0.17665, 51.68462], [0.17787000000000003, 51.68197000000001], [0.18006000000000003, 51.678230000000006], [0.17841, 51.67569], [0.17245000000000002, 51.67517], [0.17232, 51.67052], [0.17252, 51.66649], [0.17134499683446713, 51.66237000018524], [0.17189000000000002, 51.659710000000004], [0.17745000000000002, 51.65869000000001], [0.18175000000000002, 51.66002], [0.18779, 51.66234000000001], [0.19537499406603867, 51.665425004173024], [0.20127, 51.66724000000001], [0.20138, 51.66968000000001], [0.19664, 51.672430000000006], [0.19363000000000002, 51.676570000000005], [0.19026, 51.67963], [0.18917, 51.683310000000006], [0.19229000000000002, 51.685970000000005], [0.19451000000000002, 51.68807], [0.19606, 51.69129], [0.19498000000000001, 51.694790000000005], [0.19295, 51.698040000000006], [0.18703, 51.698660000000004], [0.18048, 51.69868], [0.17241, 51.698190000000004], [0.16723000000000002, 51.69881], [0.16201000000000002, 51.694900000000004], [0.15663000000000002, 51.690630000000006], [0.15230000000000002, 51.689690000000006], [0.15136000000000002, 51.68629000000001], [0.14893, 51.68269], [0.15400000472984374, 51.67933500113903], [0.15712, 51.67461], [0.15786, 51.669200000000004], [0.15817, 51.66405], [0.15157, 51.6634], [0.14454, 51.664550000000006], [0.13518000000000002, 51.66376], [0.12695, 51.662290000000006], [0.12661, 51.660180000000004], [0.12222000000000001, 51.65804000000001], [0.11667000000000001, 51.65435], [0.11801, 51.65091], [0.11917000000000001, 51.645950000000006], [0.12411000393826922, 51.64145000073727], [0.12898, 51.63738000000001], [0.13187000000000001, 51.634150000000005], [0.13248000000000001, 51.631730000000005], [0.13412000000000002, 51.628930000000004], [0.12906999540805533, 51.6253150013564], [0.12481499192264886, 51.6233650042924], [0.11707000000000001, 51.620810000000006], [0.1092, 51.61822], [0.09982, 51.616310000000006], [0.09266747470233326, 51.613687516934306], [0.08521000000000001, 51.61164], [0.07787000000000001, 51.610060000000004], [0.06963000000000001, 51.60850000000001], [0.05935000000000001, 51.606790000000004], [0.053614996562515546, 51.60593000547985], [0.045810000000000003, 51.602790000000006], [0.04277, 51.600840000000005], [0.03606500820637855, 51.60264000622671], [0.026860000000000002, 51.60502], [0.023790000000000002, 51.60761], [0.020020000000000003, 51.60737], [0.018680000000000002, 51.605470000000004], [0.017004991963042754, 51.60409500140942], [0.012280000000000001, 51.59837], [0.01207, 51.59541], [0.009599978055841184, 51.5930300021213], [0.00676, 51.58701000000001], [0.006300000000000001, 51.584160000000004], [0.00205, 51.581790000000005], [-0.0034800000000000005, 51.57987000000001], [-0.00674, 51.578430000000004], [-0.01123, 51.57665], [-0.01454, 51.574040000000004], [-0.01879, 51.57242], [-0.025460000000000003, 51.570350000000005], [-0.02706, 51.57135]]}}, {"type": "Feature", "properties": {"id": "3184658088769683970", "name": "HVCC Xmas Off road ’22", "link": "https://www.strava.com/routes/3184658088769683970", "distance_km": 63, "source": "HV-signed", "region": "Essex", "route_type": "Gravel", "cafe": "", "notes": ""}, "geometry": {"type": "LineString", "coordinates": [[-0.056040000000000006, 51.55756], [-0.05467, 51.55575], [-0.046520000000000006, 51.55698], [-0.039830000000000004, 51.558040000000005], [-0.03812, 51.56009], [-0.03554, 51.5611], [-0.02820999247793035, 51.56052500387457], [-0.025400000000000002, 51.55648000000001], [-0.02095999375724338, 51.55327500327987], [-0.01717, 51.55098], [-0.010515005950793244, 51.550705006461946], [-0.00676, 51.550250000000005], [0.0028266625521798875, 51.55232000877694], [0.009630000000000001, 51.55476], [0.017910000000000002, 51.55783], [0.020210000000000002, 51.556850000000004], [0.023600000000000003, 51.557030000000005], [0.030750000000000003, 51.5566], [0.039830000000000004, 51.55601000000001], [0.046220000000000004, 51.554840000000006], [0.04889, 51.554520000000004], [0.05433746722105531, 51.55482501921244], [0.05693, 51.55796], [0.053270000000000005, 51.560790000000004], [0.051800000000000006, 51.563250000000004], [0.049940000000000005, 51.56523000000001], [0.05043, 51.56674], [0.04968, 51.569590000000005], [0.04564000000000001, 51.571630000000006], [0.045590000000000006, 51.57386], [0.043750000000000004, 51.57529], [0.04263, 51.57627], [0.042390000000000004, 51.577760000000005], [0.04073500259942984, 51.58218000039356], [0.04064, 51.589360000000006], [0.03671, 51.593070000000004], [0.038250000000000006, 51.593680000000006], [0.04413, 51.596450000000004], [0.04793000000000001, 51.60058], [0.048440000000000004, 51.603410000000004], [0.04739, 51.60768], [0.04802000000000001, 51.61112000000001], [0.043160000000000004, 51.61189], [0.04521000000000001, 51.615880000000004], [0.04585, 51.61825], [0.05022, 51.61966], [0.050140000000000004, 51.622330000000005], [0.051910000000000005, 51.623810000000006], [0.048150000000000005, 51.627120000000005], [0.05231, 51.631780000000006], [0.049300000000000004, 51.6321], [0.04207, 51.632310000000004], [0.037070000000000006, 51.631820000000005], [0.035730000000000005, 51.63416], [0.037430000000000005, 51.63577], [0.037880000000000004, 51.63927], [0.03971, 51.641400000000004], [0.03783000638821482, 51.64467666703141], [0.0361, 51.648320000000005], [0.033740000000000006, 51.649010000000004], [0.03211, 51.65095], [0.02833, 51.65091], [0.02766, 51.65211000000001], [0.030130000000000004, 51.65332], [0.030470000000000004, 51.65538], [0.032330000000000005, 51.657070000000004], [0.03275, 51.659150000000004], [0.034390000000000004, 51.660560000000004], [0.03636, 51.662330000000004], [0.03892, 51.664750000000005], [0.042300000000000004, 51.667750000000005], [0.04426, 51.66995000000001], [0.04744, 51.67231], [0.05172, 51.6743], [0.055240000000000004, 51.675650000000005], [0.058480000000000004, 51.67687], [0.061250000000000006, 51.680040000000005], [0.06367, 51.683130000000006], [0.06372, 51.685680000000005], [0.06278, 51.688120000000005], [0.062000000000000006, 51.69163], [0.059800000000000006, 51.693940000000005], [0.059500000000000004, 51.69514], [0.055900000000000005, 51.69597], [0.05315, 51.695310000000006], [0.05018, 51.694500000000005], [0.047450000000000006, 51.69639], [0.043530000000000006, 51.69802000000001], [0.03951, 51.700970000000005], [0.03395999832218138, 51.70193000485803], [0.027860000000000003, 51.701730000000005], [0.0194, 51.70084000000001], [0.013680000000000001, 51.70284], [0.009210000000000001, 51.70212], [0.0043100000000000005, 51.703950000000006], [0.007930000000000001, 51.70259], [0.012580000000000001, 51.70378], [0.018160000000000003, 51.707750000000004], [0.019770000000000003, 51.710910000000005], [0.02332, 51.71435], [0.02376499220879422, 51.717320002299466], [0.017464995004225218, 51.718000002539384], [0.010440000000000001, 51.720800000000004], [0.00593, 51.72245], [0.0026100000000000003, 51.722930000000005], [-0.00058, 51.724320000000006], [-0.0007300000000000001, 51.72715], [-0.00512, 51.72829], [-0.00661, 51.73075000000001], [-0.00572, 51.73366000000001], [-0.00919, 51.728770000000004], [-0.013470000000000001, 51.72809], [-0.014202007815411791, 51.7238620001596], [-0.01485, 51.71898], [-0.01647000526202661, 51.711990000242416], [-0.018467516912000537, 51.70590500178832], [-0.018828316294720808, 51.699380000908405], [-0.017029955615008318, 51.69232143080571], [-0.01166, 51.68645000000001], [-0.01204, 51.68280000000001], [-0.012240000000000001, 51.67793], [-0.01519, 51.673410000000004], [-0.018260000000000002, 51.66949], [-0.01811, 51.66678], [-0.020470000000000002, 51.663230000000006], [-0.020229999774696254, 51.65775000011051], [-0.020460000000000002, 51.654120000000006], [-0.02222, 51.650040000000004], [-0.025750000000000002, 51.64611000000001], [-0.029970000000000004, 51.64172000000001], [-0.03053249782264484, 51.635122499999426], [-0.03171, 51.627100000000006], [-0.03527334663370637, 51.62033000158647], [-0.03928, 51.6135], [-0.041530000000000004, 51.60741], [-0.04431, 51.602230000000006], [-0.050760000000000007, 51.597080000000005], [-0.053040000000000004, 51.592940000000006], [-0.056580000000000005, 51.58803], [-0.056280000000000004, 51.58417000000001], [-0.059150005899856244, 51.5819900021618], [-0.06201, 51.578610000000005], [-0.05888, 51.57309000000001], [-0.05648, 51.57121000000001], [-0.05376, 51.57007], [-0.04918, 51.566770000000005], [-0.045290000000000004, 51.56358], [-0.04549, 51.56221000000001], [-0.048260000000000004, 51.560900000000004], [-0.05532, 51.558330000000005], [-0.055880000000000006, 51.55778]]}}, {"type": "Feature", "properties": {"id": "3190987802749537692", "name": "Short Essex loop 65km", "link": "https://www.strava.com/routes/3190987802749537692", "distance_km": 65, "source": "HV-signed", "region": "Essex", "route_type": "Road", "cafe": "", "notes": ""}, "geometry": {"type": "LineString", "coordinates": [[-0.05595000000000001, 51.557860000000005], [-0.056100000000000004, 51.55876000000001], [-0.05084002582729383, 51.55994334514476], [-0.04449, 51.562850000000005], [-0.03843500807886573, 51.565305003878414], [-0.03447, 51.566950000000006], [-0.026690008825582943, 51.569840004511825], [-0.021935003050930157, 51.57154500198105], [-0.015290000000000002, 51.57367000000001], [-0.012530000000000001, 51.57571], [-0.00817, 51.577690000000004], [-0.004635004782255388, 51.579545002492175], [0.00031, 51.58175000000001], [0.0037900000000000004, 51.582930000000005], [0.006180000000000001, 51.58428000000001], [0.00727, 51.58847], [0.010010000000000002, 51.59384000000001], [0.010020000000000001, 51.595710000000004], [0.01149, 51.596790000000006], [0.015423320605884121, 51.602313335466285], [0.018449995077640877, 51.605755000731655], [0.020950000000000003, 51.60862], [0.023714997354453145, 51.612370000426885], [0.025959997122376288, 51.61704000015428], [0.028030000000000003, 51.62082], [0.031420000000000003, 51.62494], [0.03477747485288008, 51.62972250397943], [0.03895499523222796, 51.634980000719175], [0.04363, 51.63985], [0.049710000000000004, 51.64274], [0.053880000000000004, 51.64620000000001], [0.05791, 51.65037], [0.06372, 51.65381000000001], [0.06713000000000001, 51.656650000000006], [0.06925, 51.657880000000006], [0.07479000000000001, 51.65784000000001], [0.07805000000000001, 51.661], [0.07990999620124334, 51.663775002879106], [0.08665499547377646, 51.66352000221401], [0.09136665033552567, 51.667676670219876], [0.09514, 51.670440000000006], [0.09965, 51.67175], [0.10377000000000002, 51.670550000000006], [0.10978, 51.66926], [0.11397000000000002, 51.66968000000001], [0.12010000000000001, 51.67087], [0.12615, 51.67134], [0.12881, 51.67231], [0.13229000000000002, 51.67305], [0.13107000000000002, 51.67703], [0.12952000000000002, 51.681360000000005], [0.13322, 51.68562000000001], [0.13629000000000002, 51.688970000000005], [0.14282, 51.68795], [0.14542000000000002, 51.68948], [0.14880000000000002, 51.691570000000006], [0.1562, 51.690560000000005], [0.16062, 51.693760000000005], [0.16545999100945388, 51.69763500216474], [0.16944, 51.698310000000006], [0.17733000000000002, 51.69814], [0.18312, 51.69856000000001], [0.19158000000000003, 51.698640000000005], [0.19475, 51.69558000000001], [0.19721000000000002, 51.692350000000005], [0.19648000000000002, 51.6893], [0.19467, 51.68712000000001], [0.18862, 51.685230000000004], [0.19015, 51.681450000000005], [0.19182000000000002, 51.67801000000001], [0.19493000000000002, 51.674440000000004], [0.19944, 51.671130000000005], [0.20167000000000002, 51.668110000000006], [0.20038, 51.66566], [0.20370000000000002, 51.662530000000004], [0.20882, 51.660590000000006], [0.20959000000000003, 51.658010000000004], [0.20866, 51.65561], [0.21474000000000001, 51.652370000000005], [0.21768, 51.65243], [0.22059, 51.649930000000005], [0.22212, 51.64658000000001], [0.22496000000000002, 51.646170000000005], [0.23142000000000001, 51.64329000000001], [0.23792000000000002, 51.645160000000004], [0.24084000000000003, 51.64625], [0.23709000000000002, 51.649], [0.22947, 51.64918], [0.22607000000000002, 51.652370000000005], [0.22085000000000002, 51.653240000000004], [0.21686000000000002, 51.652350000000006], [0.21274, 51.651030000000006], [0.20771, 51.650420000000004], [0.2045549938479633, 51.645205000637766], [0.20194, 51.6405], [0.19617, 51.63647], [0.19205000000000003, 51.63250000000001], [0.18754, 51.628550000000004], [0.18237, 51.628240000000005], [0.17705, 51.630700000000004], [0.17290999355060277, 51.630535002301], [0.17016, 51.627770000000005], [0.16383, 51.62970000000001], [0.15619000000000002, 51.63219], [0.14962, 51.632630000000006], [0.14732, 51.63326000000001], [0.14149, 51.63394], [0.13851000000000002, 51.63239], [0.13611, 51.62941000000001], [0.13009496433234022, 51.62596501002524], [0.12290247788790826, 51.62269501207554], [0.11549000000000001, 51.62012000000001], [0.10748, 51.617850000000004], [0.09942000000000001, 51.61616], [0.09151496628946859, 51.613355022584585], [0.08424000000000001, 51.61144], [0.07678, 51.60981], [0.06903000000000001, 51.60842], [0.05840999859443514, 51.60671500376511], [0.05373666110817229, 51.605943342069025], [0.046790000000000005, 51.60378000000001], [0.043070000000000004, 51.600770000000004], [0.03815668174930016, 51.60211667799801], [0.0279, 51.6047], [0.0246, 51.60708], [0.02085, 51.608470000000004], [0.018770000000000002, 51.605900000000005], [0.017660000000000002, 51.60479], [0.013094994882520658, 51.59965000061055], [0.01208, 51.59557], [0.010110000000000001, 51.593920000000004], [0.007149998048134872, 51.58801000008535], [0.006470000000000001, 51.58446000000001], [0.00238, 51.58202000000001], [-0.0027900000000000004, 51.580110000000005], [-0.00642, 51.578660000000006], [-0.011120000000000001, 51.57672], [-0.01437, 51.57417], [-0.01845000416051365, 51.572445003245726], [-0.02475, 51.57038000000001], [-0.031120000000000002, 51.56814000000001], [-0.03551, 51.566390000000006], [-0.0434, 51.56309], [-0.045880000000000004, 51.56208], [-0.05403000328647174, 51.5587600029689], [-0.05627000000000001, 51.558260000000004]]}}, {"type": "Feature", "properties": {"id": "3079342060196589978", "name": "Girona - Els Angels - 70km", "link": "https://www.strava.com/routes/3079342060196589978", "distance_km": 70, "source": "HV-signed", "region": "Hub Velo trips", "route_type": "Road", "cafe": "", "notes": ""}, "geometry": {"type": "LineString", "coordinates": [[2.77619, 42.079], [2.77834, 42.077270000000006], [2.7802200000000004, 42.07562], [2.78372, 42.07452000000001], [2.7857200000000004, 42.07265], [2.7909100000000002, 42.070280000000004], [2.7954000000000003, 42.071130000000004], [2.7950100000000004, 42.068690000000004], [2.7953200000000002, 42.067370000000004], [2.79963, 42.064890000000005], [2.80309, 42.06228], [2.8067300000000004, 42.06147], [2.81115, 42.060610000000004], [2.8118700000000003, 42.059720000000006], [2.81361, 42.057570000000005], [2.8160200000000004, 42.05595], [2.81888, 42.04824000000001], [2.8221800000000004, 42.04026], [2.8221800000000004, 42.03495], [2.82167, 42.031530000000004], [2.82301, 42.027010000000004], [2.8244200000000004, 42.02149], [2.8200700000000003, 42.01682], [2.817257496294522, 42.011452500136194], [2.81664, 42.00712], [2.81727, 41.999680000000005], [2.8193300001376724, 41.99678500027732], [2.81814, 41.99212], [2.82193, 41.98904], [2.82093, 41.986470000000004], [2.82344, 41.984660000000005], [2.82541, 41.984140000000004], [2.8244100000000003, 41.984550000000006], [2.82304, 41.98205], [2.8242999993897375, 41.977450000153745], [2.8244100000000003, 41.974360000000004], [2.8295450005039027, 41.97335500404154], [2.8358200000000005, 41.97077], [2.8381600000000002, 41.96714], [2.8430000021399406, 41.964935000420695], [2.84533, 41.962990000000005], [2.84843, 41.960240000000006], [2.8517400000000004, 41.962520000000005], [2.8534900000000003, 41.96473], [2.8568800000000003, 41.96768], [2.85719, 41.96605], [2.8596700000000004, 41.96504], [2.8624400000000003, 41.9654], [2.8632600000000004, 41.964960000000005], [2.8646700000000003, 41.96549], [2.8664300000000003, 41.96773], [2.8694100000000002, 41.970220000000005], [2.8679900000000003, 41.973020000000005], [2.8680600000000003, 41.97532], [2.86816, 41.97878], [2.8688700000000003, 41.98013], [2.8683, 41.981320000000004], [2.8696800000000002, 41.982800000000005], [2.87178, 41.981500000000004], [2.87352, 41.980830000000005], [2.87557, 41.98008], [2.8772, 41.980230000000006], [2.88072, 41.98176], [2.8824, 41.98178], [2.8838500000000002, 41.980650000000004], [2.8882700000000003, 41.98301], [2.8910500000000003, 41.983180000000004], [2.89523, 41.98494], [2.8960500000000002, 41.98362], [2.8951100000000003, 41.982020000000006], [2.8977700000000004, 41.98366], [2.8996500000000003, 41.98322], [2.9008200000000004, 41.98221], [2.90165, 41.98077000000001], [2.9044000000000003, 41.98154], [2.9085400000000003, 41.98255], [2.90931, 41.984320000000004], [2.9101800000000004, 41.98301], [2.91046, 41.98362], [2.91366, 41.98532], [2.92017, 41.984500000000004], [2.92293, 41.98405], [2.92497, 41.982000000000006], [2.9278700000000004, 41.983720000000005], [2.93033, 41.98555], [2.93176, 41.984880000000004], [2.9344400000000004, 41.98407], [2.9323400000000004, 41.98266], [2.9347800000000004, 41.98181], [2.9398000000000004, 41.98153000000001], [2.94171, 41.983270000000005], [2.9461100000000005, 41.98344], [2.94959, 41.98669], [2.9534833391937454, 41.98998666751003], [2.9498100000000003, 41.99714], [2.9452200000000004, 42.002300000000005], [2.94131, 42.00999], [2.9393900000000004, 42.01708], [2.93441, 42.021260000000005], [2.928225002679973, 42.02591000070465], [2.9254700000000002, 42.03244], [2.91969, 42.03683], [2.9246933233573564, 42.0405333408376], [2.93312, 42.04354], [2.94071, 42.04576], [2.9527699995879475, 42.04661001841747], [2.9568733362777224, 42.049816666863215], [2.9581549997244934, 42.053264999948595], [2.9598500000000003, 42.05939], [2.9625100000000004, 42.06038], [2.9637800000000003, 42.064240000000005], [2.961456669814542, 42.070356692609835], [2.95087, 42.07014], [2.9459272471630866, 42.070695509259146], [2.9316766632548275, 42.06886000724693], [2.9170092124908713, 42.066977593572894], [2.90411, 42.065360000000005], [2.895647081916247, 42.06192828286082], [2.883626634539377, 42.05660335517855], [2.8767300000000002, 42.05393], [2.868853322708591, 42.04817000495492], [2.8599, 42.044430000000006], [2.854560006806292, 42.04715333405552], [2.8511, 42.054300000000005], [2.85101, 42.06138000000001], [2.8501700000000003, 42.0664], [2.8451600000000004, 42.06723], [2.8408015228787176, 42.07317146049129], [2.83128, 42.07896], [2.82208, 42.07573], [2.81657, 42.0726], [2.81483, 42.07293000000001], [2.81101, 42.070980000000006], [2.80527, 42.071360000000006], [2.80161, 42.07132], [2.7946600000000004, 42.071470000000005], [2.78885, 42.069970000000005], [2.78547, 42.07284000000001], [2.7831400000000004, 42.07461000000001], [2.7802700000000002, 42.07596], [2.77773, 42.077560000000005], [2.77864, 42.08102]]}}, {"type": "Feature", "properties": {"id": "3201972150403640562", "name": "Ethos Bros 70km", "link": "https://www.strava.com/routes/3201972150403640562", "distance_km": 70, "source": "HV-signed", "region": "Essex", "route_type": "Road", "cafe": "Ethos Bros (Friday to Sunday)", "notes": "Busy road from 30 -40kms in\nRoding Lane is prone to ice in cold weather\nRoding Lane is a busy, fast stretch of road"}, "geometry": {"type": "LineString", "coordinates": [[-0.051340000000000004, 51.559740000000005], [-0.045350004385326007, 51.56242500197621], [-0.03957, 51.56485000000001], [-0.03504, 51.566680000000005], [-0.02772, 51.56945], [-0.021935003050930157, 51.57154500198105], [-0.01564, 51.5735], [-0.012110000000000001, 51.57600000000001], [-0.008890002880405196, 51.577490002282595], [-0.0038650079975051216, 51.579850003870185], [0.0010600000000000002, 51.581720000000004], [0.006300000000000001, 51.584590000000006], [0.007896658626739987, 51.58979000066082], [0.00999, 51.594030000000004], [0.00999, 51.595130000000005], [0.01088, 51.596090000000004], [0.01179, 51.59756], [0.015756643502884998, 51.60269000397993], [0.019349995670403217, 51.60667500082032], [0.02289, 51.611200000000004], [0.0257, 51.616550000000004], [0.027530000000000002, 51.62013], [0.030610000000000002, 51.62373], [0.03422, 51.62904], [0.03895499523222796, 51.634980000719175], [0.04335000000000001, 51.639880000000005], [0.04158499333800974, 51.64337500143793], [0.04941, 51.648900000000005], [0.05067000000000001, 51.650600000000004], [0.05736, 51.651630000000004], [0.059620000000000006, 51.654520000000005], [0.06163247984673938, 51.65789250209512], [0.06615, 51.66223], [0.07260000000000001, 51.66098], [0.07768000000000001, 51.660700000000006], [0.07990999620124334, 51.663775002879106], [0.08738000000000001, 51.6638], [0.09245, 51.6687], [0.09575, 51.67098000000001], [0.10265, 51.670640000000006], [0.10926000000000001, 51.66958], [0.11397000000000002, 51.66968000000001], [0.12147000000000001, 51.671130000000005], [0.12611, 51.67208], [0.12959, 51.672940000000004], [0.13151000000000002, 51.675090000000004], [0.12951000000000001, 51.68061], [0.13237000000000002, 51.68473], [0.13635, 51.68883], [0.14282, 51.68795], [0.14569000000000001, 51.6899], [0.15054, 51.69135000000001], [0.15667, 51.69059000000001], [0.16201000000000002, 51.694900000000004], [0.16721000000000003, 51.698780000000006], [0.17501000000000003, 51.69809000000001], [0.1821, 51.698750000000004], [0.19138000000000002, 51.69858000000001], [0.19475, 51.69558000000001], [0.19726000000000002, 51.692310000000006], [0.20314000000000002, 51.69006], [0.2132850028965938, 51.6870650033955], [0.21765, 51.68509], [0.22521000000000002, 51.681140000000006], [0.22980000000000003, 51.68247], [0.23274000000000003, 51.686150000000005], [0.2353, 51.6895], [0.24231999434872215, 51.69313500063337], [0.24466000000000002, 51.696960000000004], [0.24803000000000003, 51.6942], [0.25361, 51.69055], [0.25427, 51.686080000000004], [0.25177, 51.685140000000004], [0.2557450045567656, 51.68329500167822], [0.26137000000000005, 51.679280000000006], [0.26354, 51.675650000000005], [0.26503000000000004, 51.67154000000001], [0.26787, 51.667530000000006], [0.26161248619874383, 51.66662001489354], [0.25403000000000003, 51.664820000000006], [0.24751, 51.662240000000004], [0.24087000000000003, 51.663810000000005], [0.23613, 51.664370000000005], [0.22991000000000003, 51.6602], [0.22456, 51.65608], [0.22072000000000003, 51.65348], [0.21686000000000002, 51.652350000000006], [0.2124, 51.650940000000006], [0.20636000000000002, 51.649], [0.2023, 51.642900000000004], [0.19863000000000003, 51.638090000000005], [0.19374747147938426, 51.63407500563442], [0.18778, 51.62957], [0.1831, 51.62809000000001], [0.17705, 51.630700000000004], [0.17218000000000003, 51.63013], [0.16857000000000003, 51.62780000000001], [0.16161, 51.63096], [0.15266000000000002, 51.63261000000001], [0.14921, 51.63317000000001], [0.14320500101322525, 51.63369000332412], [0.13875, 51.63290000000001], [0.13611, 51.62941000000001], [0.12932747326921595, 51.62543750753233], [0.12098499625301579, 51.622060002524876], [0.11328332186037261, 51.61952000682573], [0.10369999748646569, 51.617230002817045], [0.09692, 51.61807], [0.09392, 51.619060000000005], [0.08585000000000001, 51.62243], [0.08317000000000001, 51.62556000000001], [0.07722501167883292, 51.62626500444013], [0.06811, 51.62763], [0.06456, 51.626000000000005], [0.05586000000000001, 51.62718], [0.047989997922938836, 51.62653499993177], [0.046650000000000004, 51.620760000000004], [0.04594, 51.618050000000004], [0.03866, 51.617960000000004], [0.036210000000000006, 51.61713], [0.03273, 51.61515000000001], [0.02747, 51.613710000000005], [0.02186499699325969, 51.60990500009784], [0.01871, 51.605700000000006], [0.01753, 51.604670000000006], [0.01237, 51.59855], [0.01207, 51.59541], [0.009396658274282894, 51.592593334181416], [0.006540000000000001, 51.58625000000001], [0.0054800000000000005, 51.5835], [0.00026000000000000003, 51.58147], [-0.00421, 51.57954], [-0.00736, 51.577890000000004], [-0.012910000000000001, 51.575190000000006], [-0.018490004040812393, 51.57249500301986], [-0.028490009073035154, 51.56911000506155], [-0.03574, 51.566370000000006], [-0.04549, 51.56221000000001], [-0.052790000000000004, 51.55848], [-0.0534, 51.55807]]}}, {"type": "Feature", "properties": {"id": "3201963604432709874", "name": "Epping climbs and lanes 70km", "link": "https://www.strava.com/routes/3201963604432709874", "distance_km": 70, "source": "HV-signed", "region": "Essex", "route_type": "Road", "cafe": "High Beech", "notes": ""}, "geometry": {"type": "LineString", "coordinates": [[-0.05587, 51.55745], [-0.056260000000000004, 51.55866], [-0.05093668908517782, 51.55989667685751], [-0.04428753671507394, 51.5627575166528], [-0.03542, 51.566480000000006], [-0.027610021888113918, 51.56944001145574], [-0.01752, 51.57273000000001], [-0.012750000000000001, 51.57546000000001], [-0.0072900000000000005, 51.57802], [-0.0010266810007517203, 51.58103333918715], [0.00445, 51.583180000000006], [0.00653, 51.58534], [0.009940000000000001, 51.593700000000005], [0.010020000000000001, 51.59579], [0.012004994064671766, 51.597820000429145], [0.015136596229381042, 51.6019966788484], [0.01888, 51.60627], [0.02252999670025937, 51.61076000078232], [0.025390000000000003, 51.61587], [0.02655, 51.6182], [0.023030000000000002, 51.62225], [0.02009, 51.62641000000001], [0.01563, 51.630900000000004], [0.013090000786474933, 51.63413000739662], [0.012694999641053095, 51.63724500005825], [0.01165, 51.64213], [0.00915, 51.64596], [0.0068000000000000005, 51.65006], [0.005385006095679597, 51.65249000166367], [-0.00184, 51.65408000000001], [-0.00485, 51.658460000000005], [-0.0010400000000000001, 51.664660000000005], [0.00177, 51.66595], [0.009760000000000001, 51.662560000000006], [0.01659, 51.66189000000001], [0.02153, 51.66254000000001], [0.027510000000000003, 51.661460000000005], [0.03373, 51.662800000000004], [0.03994, 51.66575], [0.04479, 51.66964], [0.040350000000000004, 51.674690000000005], [0.041670000000000006, 51.678990000000006], [0.04159000130706438, 51.68297500021881], [0.04147000000000001, 51.68627000000001], [0.036750000000000005, 51.688210000000005], [0.03721, 51.689420000000005], [0.04245, 51.689800000000005], [0.04723, 51.69005000000001], [0.053563327375611695, 51.691133333852335], [0.05624999614875615, 51.69406666680185], [0.05566, 51.69868], [0.0516249960880503, 51.70093000072312], [0.04844500277105922, 51.69772500025376], [0.05018, 51.694500000000005], [0.053346660625749866, 51.690506666944756], [0.057170000000000006, 51.68757], [0.060650001080006566, 51.68582500225934], [0.06661, 51.684540000000005], [0.07525000000000001, 51.683260000000004], [0.08018, 51.68527], [0.08936497348170955, 51.689002510893836], [0.09692, 51.690270000000005], [0.10310000000000001, 51.689080000000004], [0.10887000000000001, 51.688590000000005], [0.11367000000000001, 51.687850000000005], [0.11781000000000001, 51.687760000000004], [0.12140000000000001, 51.688230000000004], [0.13013000000000002, 51.688930000000006], [0.13554000000000002, 51.68894], [0.14211000000000001, 51.68827], [0.14569000000000001, 51.689910000000005], [0.14968, 51.69144000000001], [0.1564, 51.69057], [0.16201000000000002, 51.694900000000004], [0.16678, 51.69868], [0.17241, 51.698190000000004], [0.18092000000000003, 51.698730000000005], [0.18878, 51.698640000000005], [0.19295, 51.698040000000006], [0.19522, 51.69438], [0.19589, 51.690630000000006], [0.19426000000000002, 51.687650000000005], [0.18883000000000003, 51.68536], [0.18986000000000003, 51.682210000000005], [0.19145, 51.67826], [0.19493000000000002, 51.674440000000004], [0.20018000000000002, 51.670590000000004], [0.20184000000000002, 51.667930000000005], [0.20160000000000003, 51.66463], [0.2058, 51.662510000000005], [0.21009000000000003, 51.65984], [0.20942000000000002, 51.656400000000005], [0.21320000000000003, 51.65332], [0.21132, 51.650960000000005], [0.20576000000000003, 51.64768], [0.20192000000000002, 51.642010000000006], [0.1971166505818244, 51.63711667162906], [0.19158000000000003, 51.632110000000004], [0.18733000000000002, 51.626940000000005], [0.17870000000000003, 51.62995], [0.17364000000000002, 51.63094], [0.17016, 51.627770000000005], [0.16304000817631348, 51.63016500260447], [0.15619000000000002, 51.63219], [0.14955000000000002, 51.63271], [0.1468, 51.63346000000001], [0.13932, 51.633990000000004], [0.13675, 51.629830000000005], [0.13300999363913982, 51.628125001466664], [0.12663499363623676, 51.62410500305766], [0.11707000000000001, 51.620810000000006], [0.11332, 51.619530000000005], [0.10293999331502666, 51.617100006794], [0.09433000000000001, 51.61422], [0.08420000000000001, 51.611430000000006], [0.06425999239220789, 51.60737000678003], [0.05525000000000001, 51.606230000000004], [0.048580000000000005, 51.60472000000001], [0.04395, 51.601240000000004], [0.037000000000000005, 51.602410000000006], [0.026860000000000002, 51.60502], [0.023770000000000003, 51.607620000000004], [0.01982, 51.60708], [0.01828, 51.60483000000001], [0.013959995580913775, 51.60069000071774], [0.01195, 51.595890000000004], [0.009703324928755117, 51.59321666749024], [0.00666, 51.586710000000004], [0.005940000000000001, 51.58377], [0.0014900000000000002, 51.58162], [-0.0037900000000000004, 51.5797], [-0.007200000000000001, 51.578010000000006], [-0.01335, 51.57493], [-0.01703, 51.572810000000004], [-0.024720000000000002, 51.57041], [-0.030350000000000002, 51.56841000000001], [-0.03542, 51.566480000000006], [-0.0434, 51.56309], [-0.046705006666112645, 51.56171500287264], [-0.054860000000000006, 51.55857], [-0.055450000000000006, 51.55820000000001]]}}, {"type": "Feature", "properties": {"id": "3201957407326261964", "name": "Strade Bambini - 70km", "link": "https://www.strava.com/routes/3201957407326261964", "distance_km": 70, "source": "HV-signed", "region": "Essex", "route_type": "Road", "cafe": "Optional: Fratellis in Ongar", "notes": ""}, "geometry": {"type": "LineString", "coordinates": [[-0.05587, 51.5574], [-0.056100000000000004, 51.55876000000001], [-0.05312000000000001, 51.55912000000001], [-0.04737, 51.56163], [-0.041257526070072756, 51.56424001197572], [-0.03504, 51.566680000000005], [-0.02772, 51.56945], [-0.02519, 51.57041], [-0.016865005334068484, 51.573010002867086], [-0.012750000000000001, 51.57556], [-0.007690000000000001, 51.577850000000005], [-0.0031000000000000003, 51.58014000000001], [0.0011300000000000001, 51.58176], [0.00589, 51.58393], [0.00727, 51.58847], [0.009930000000000001, 51.594], [0.01004, 51.595200000000006], [0.010660000000000001, 51.59637000000001], [0.012949996213097061, 51.599575000452546], [0.01697999266595372, 51.6040650012788], [0.0199, 51.607310000000005], [0.02289, 51.611200000000004], [0.02934, 51.61399], [0.03475, 51.61627000000001], [0.03773, 51.61798], [0.041960000000000004, 51.618640000000006], [0.04435, 51.622510000000005], [0.043340000000000004, 51.626940000000005], [0.041990000000000006, 51.63156000000001], [0.038970000000000005, 51.63329], [0.04140499005547954, 51.6379200018443], [0.03978, 51.64146], [0.04644998572363058, 51.64723000479709], [0.050480000000000004, 51.65068], [0.056560000000000006, 51.65169], [0.059620000000000006, 51.654520000000005], [0.06203, 51.658660000000005], [0.06641500349184387, 51.66165000007977], [0.07376, 51.66096], [0.07823000000000001, 51.661440000000006], [0.08305000000000001, 51.66358], [0.08953999408067644, 51.66602000131513], [0.09514, 51.670440000000006], [0.0947, 51.67269], [0.09297000000000001, 51.67634], [0.09307000000000001, 51.681900000000006], [0.09574, 51.685340000000004], [0.09658000000000001, 51.68900000000001], [0.10183, 51.68894], [0.10982000000000001, 51.688250000000004], [0.11562000000000001, 51.687870000000004], [0.12140000000000001, 51.688230000000004], [0.13035000000000002, 51.68894], [0.13727, 51.68914], [0.14428000000000002, 51.68748], [0.14731000000000002, 51.69158], [0.15435000000000001, 51.69116], [0.16062, 51.693760000000005], [0.16679000000000002, 51.69867000000001], [0.17387000000000002, 51.69818], [0.1821, 51.698750000000004], [0.19154000000000002, 51.698640000000005], [0.19311998869089841, 51.70261333556936], [0.19484, 51.70508], [0.20405, 51.70799], [0.20935, 51.70478000000001], [0.21580000000000002, 51.70293], [0.22394000000000003, 51.703430000000004], [0.23204000000000002, 51.702960000000004], [0.23715000000000003, 51.70055000000001], [0.24050000000000002, 51.70082000000001], [0.24372000000000002, 51.69942], [0.24684000000000003, 51.69661000000001], [0.25307, 51.696670000000005], [0.25791000000000003, 51.6968], [0.26111, 51.69442], [0.26505, 51.691370000000006], [0.27222, 51.69136], [0.27551000000000003, 51.68771], [0.27826, 51.686080000000004], [0.2850449988420784, 51.68225000302844], [0.29173000000000004, 51.68034], [0.29346, 51.67582], [0.29023000000000004, 51.67197], [0.28272, 51.667350000000006], [0.27629000000000004, 51.66326], [0.27089, 51.66030000000001], [0.2646749994623377, 51.65770000222582], [0.25816, 51.6542], [0.25413, 51.650270000000006], [0.2461149697316323, 51.64975502601882], [0.2393, 51.648520000000005], [0.23873000000000003, 51.64537000000001], [0.23203000000000001, 51.642450000000004], [0.2235099936482589, 51.63894000209053], [0.21645499463142362, 51.63666000338961], [0.20896, 51.63376], [0.20044999511372327, 51.63132667519063], [0.1907, 51.631530000000005], [0.18546, 51.627570000000006], [0.1794750067758298, 51.629545002625704], [0.17364000000000002, 51.63094], [0.16921000000000003, 51.62776], [0.16161, 51.63096], [0.15234, 51.632650000000005], [0.14792000000000002, 51.633140000000004], [0.14149, 51.63394], [0.13797, 51.63185000000001], [0.13398000000000002, 51.628840000000004], [0.12687999620543794, 51.62417000153123], [0.11864999391892059, 51.62130500399956], [0.1092, 51.61822], [0.09844000000000001, 51.61563], [0.08893000000000001, 51.61260000000001], [0.08098000000000001, 51.610400000000006], [0.0706949992053345, 51.60853000481534], [0.05854, 51.606730000000006], [0.055700000000000006, 51.606410000000004], [0.046790000000000005, 51.60378000000001], [0.04202, 51.60007], [0.03773, 51.594530000000006], [0.036610000000000004, 51.593050000000005], [0.030440000000000002, 51.589710000000004], [0.0262, 51.585460000000005], [0.02254, 51.58408000000001], [0.018030001497740644, 51.583236681249595], [0.00638, 51.58352000000001], [0.00367, 51.58285000000001], [-0.0009300168076158732, 51.58098667353106], [-0.00642, 51.578660000000006], [-0.01166, 51.57623], [-0.01564, 51.57334], [-0.02457, 51.57049000000001], [-0.031120000000000002, 51.56814000000001], [-0.03755668571519677, 51.56554334223592], [-0.044950000000000004, 51.56241000000001], [-0.05195335770706605, 51.55947334450777], [-0.0558, 51.557480000000005], [-0.05587, 51.557430000000004]]}}, {"type": "Feature", "properties": {"id": "3204528875241500404", "name": "Ice route 70km", "link": "https://www.strava.com/routes/3204528875241500404", "distance_km": 70, "source": "HV-signed", "region": "Essex", "route_type": "Road", "cafe": "Options in Ongar", "notes": ""}, "geometry": {"type": "LineString", "coordinates": [[-0.05620000000000001, 51.55823], [-0.05193004528164301, 51.55947802056599], [-0.045570000000000006, 51.562250000000006], [-0.03844002241114349, 51.56523751032787], [-0.031560000000000005, 51.56804], [-0.021395007572227943, 51.57165000471934], [-0.01404, 51.57448], [-0.010295003705619754, 51.577025002197146], [-0.004680005105684089, 51.57945000278496], [0.00141, 51.581720000000004], [0.00619, 51.5842], [0.0071600000000000006, 51.58804000000001], [0.01, 51.59393000000001], [0.010050000000000002, 51.59586], [0.01268, 51.59910000000001], [0.01753, 51.604670000000006], [0.01992, 51.60734000000001], [0.02197499616572803, 51.610075000478616], [0.024880000000000003, 51.61459000000001], [0.02655, 51.6182], [0.029229995863848862, 51.621925000841095], [0.03293, 51.62688000000001], [0.03737, 51.632960000000004], [0.04206, 51.63861000000001], [0.04875, 51.64193], [0.05348999635488956, 51.645770000705205], [0.05791, 51.65037], [0.06467, 51.65431], [0.06728, 51.656690000000005], [0.07064000000000001, 51.65784000000001], [0.07602, 51.65894], [0.07816000000000001, 51.66275], [0.08528000000000001, 51.6632], [0.09006, 51.66655], [0.09491000000000001, 51.670120000000004], [0.09965, 51.67175], [0.10489000000000001, 51.670700000000004], [0.11063, 51.66866], [0.11516000000000001, 51.67006000000001], [0.1245600003122365, 51.67118000344079], [0.12630000000000002, 51.67224], [0.13148, 51.672990000000006], [0.13124000000000002, 51.676500000000004], [0.12952000000000002, 51.681360000000005], [0.13393000000000002, 51.68623], [0.13727, 51.68914], [0.14411000000000002, 51.68746], [0.14676, 51.69109], [0.15312, 51.69144000000001], [0.15764, 51.69138], [0.16369, 51.69619], [0.16906000000000002, 51.698370000000004], [0.17733000000000002, 51.69814], [0.18344000000000002, 51.69854], [0.19194000000000003, 51.69892], [0.19362000000000001, 51.70313], [0.19484, 51.70508], [0.20404000000000003, 51.70799], [0.20861000000000002, 51.70494000000001], [0.21382, 51.70351], [0.22078499716940808, 51.70277500407988], [0.22929000000000002, 51.70376], [0.23574000000000003, 51.702470000000005], [0.23837000000000003, 51.70008000000001], [0.24254000000000003, 51.70051], [0.24373000000000003, 51.69709], [0.24892000000000003, 51.69633], [0.25564000000000003, 51.697160000000004], [0.25923, 51.69633], [0.26159000000000004, 51.69314000000001], [0.26587, 51.69165], [0.27290000000000003, 51.69108000000001], [0.27551000000000003, 51.68771], [0.28137, 51.68272], [0.28853, 51.68189], [0.2939350058085887, 51.67828000111742], [0.29111000000000004, 51.67425], [0.28872000000000003, 51.671150000000004], [0.28227, 51.66704000000001], [0.27629000000000004, 51.66326], [0.27136000000000005, 51.660920000000004], [0.2662049994860656, 51.65776500276749], [0.2591349880807332, 51.65544000201647], [0.25637000000000004, 51.65122], [0.2508774739835991, 51.64768500432547], [0.24736000000000002, 51.64311000000001], [0.24090000000000003, 51.641630000000006], [0.23601664413072443, 51.6442700095931], [0.22934999202005785, 51.64142500522515], [0.22209, 51.638090000000005], [0.21451, 51.63597000000001], [0.2086, 51.63365], [0.20044999511372327, 51.63132667519063], [0.19158000000000003, 51.632110000000004], [0.18733000000000002, 51.626940000000005], [0.18067000000000003, 51.62901], [0.17540000000000003, 51.631460000000004], [0.17061, 51.62823], [0.16606, 51.629070000000006], [0.15838000000000002, 51.631910000000005], [0.14982, 51.632580000000004], [0.14732, 51.63326000000001], [0.14114000000000002, 51.63398], [0.13797, 51.63185000000001], [0.13413, 51.62888], [0.12826, 51.62476], [0.12098499625301579, 51.622060002524876], [0.11328332186037261, 51.61952000682573], [0.10289000000000001, 51.61708], [0.09472000000000001, 51.614360000000005], [0.08639000000000001, 51.611850000000004], [0.07787000000000001, 51.610060000000004], [0.06903000000000001, 51.60842], [0.05745000000000001, 51.606700000000004], [0.05156, 51.60567], [0.04506498952529995, 51.60215000237965], [0.041120000000000004, 51.59955], [0.03762, 51.59443], [0.036610000000000004, 51.593050000000005], [0.030610000000000002, 51.589780000000005], [0.02715, 51.586290000000005], [0.024, 51.58478], [0.020100000000000003, 51.583330000000004], [0.011377502415275484, 51.58338001889317], [0.00442, 51.583220000000004], [0.00034, 51.581700000000005], [-0.006280000000000001, 51.57882000000001], [-0.01119, 51.576710000000006], [-0.015240000000000002, 51.573640000000005], [-0.02361001056058522, 51.570895005859214], [-0.029580000000000002, 51.56873], [-0.036555006101370906, 51.56602500285745], [-0.03912, 51.564710000000005], [-0.043210013828465586, 51.56322000635742], [-0.04549, 51.56221000000001], [-0.049120000000000004, 51.56091000000001], [-0.054860000000000006, 51.55857], [-0.05607, 51.55816]]}}, {"type": "Feature", "properties": {"id": "3204545204394940148", "name": "60k Ethos Bros ride", "link": "https://www.strava.com/routes/3204545204394940148", "distance_km": 70, "source": "HV-signed", "region": "Essex", "route_type": "Road", "cafe": "Ethos Brothers", "notes": ""}, "geometry": {"type": "LineString", "coordinates": [[-0.05582, 51.55709], [-0.056260000000000004, 51.55866], [-0.053200000000000004, 51.55895], [-0.04449, 51.562850000000005], [-0.037480000000000006, 51.565690000000004], [-0.032100000000000004, 51.567870000000006], [-0.02545, 51.570350000000005], [-0.019370000000000002, 51.572340000000004], [-0.013540000000000002, 51.57493], [-0.01118, 51.57679], [-0.00604, 51.57903], [-0.00059, 51.58135000000001], [0.00367, 51.58285000000001], [0.006180000000000001, 51.58428000000001], [0.00757665794114022, 51.589116667476176], [0.009930000000000001, 51.594], [0.00999, 51.595130000000005], [0.01088, 51.596090000000004], [0.011884995572649472, 51.597735000375074], [0.01643, 51.603460000000005], [0.01981, 51.60708], [0.021130000000000003, 51.60886000000001], [0.024900000000000002, 51.61451], [0.02629, 51.61766], [0.028780000000000003, 51.62151], [0.03262, 51.62648], [0.041690000000000005, 51.627120000000005], [0.0519, 51.62736], [0.06019000000000001, 51.62682], [0.06607, 51.6255], [0.0701500030837801, 51.62740000461055], [0.07899500575108728, 51.625400002355384], [0.08409000000000001, 51.62480000000001], [0.08814000000000001, 51.62189000000001], [0.09466000000000001, 51.618880000000004], [0.09826000474907952, 51.61707500131202], [0.1067, 51.61773], [0.11453, 51.619910000000004], [0.12277999183744764, 51.622645004469994], [0.1308624731899504, 51.62649250747848], [0.13649, 51.62959000000001], [0.13898000000000002, 51.633810000000004], [0.14409000000000002, 51.63364000000001], [0.14930000000000002, 51.63315000000001], [0.15395, 51.632560000000005], [0.16225, 51.630630000000004], [0.16921000000000003, 51.62776], [0.17290999341436605, 51.630535002225436], [0.17651500395296965, 51.63102000110861], [0.18237, 51.628240000000005], [0.1876599985898493, 51.629059999801534], [0.1931899877415957, 51.63354000274218], [0.19944999092581872, 51.63859000283523], [0.20293499343621949, 51.64337500177852], [0.20636000000000002, 51.649], [0.2124, 51.650940000000006], [0.21686000000000002, 51.652350000000006], [0.2212350047096638, 51.65269500051551], [0.22752000000000003, 51.65189], [0.23175, 51.64902000000001], [0.23953000000000002, 51.64903], [0.24859000000000003, 51.650310000000005], [0.25528, 51.65055], [0.25816, 51.6542], [0.26395, 51.657680000000006], [0.27019000000000004, 51.65917], [0.27249, 51.66283000000001], [0.26922, 51.66693], [0.26595, 51.66995000000001], [0.26396000137584613, 51.673914999931846], [0.26246, 51.67813], [0.25868, 51.681670000000004], [0.25435, 51.685030000000005], [0.25428, 51.686800000000005], [0.25347000000000003, 51.690810000000006], [0.24736000000000002, 51.69494], [0.24405000000000002, 51.697070000000004], [0.24281000000000003, 51.700540000000004], [0.23863, 51.70015], [0.23596000000000003, 51.702290000000005], [0.23015000000000002, 51.703680000000006], [0.22254499638637262, 51.70310500256849], [0.21467000000000003, 51.70336], [0.20935, 51.70478000000001], [0.20438, 51.70783], [0.19742, 51.705850000000005], [0.19345, 51.70353000000001], [0.19190000000000002, 51.700110000135176], [0.18845000021566885, 51.69865500855858], [0.18048, 51.69868], [0.17241, 51.698190000000004], [0.16679000000000002, 51.69867000000001], [0.16107499659503674, 51.69411000096622], [0.1562, 51.690560000000005], [0.14809, 51.69165], [0.14489000000000002, 51.68849], [0.14003000000000002, 51.689060000000005], [0.13372, 51.6891], [0.12798, 51.688550000000006], [0.12015, 51.68811], [0.11541000000000001, 51.68804], [0.10982000000000001, 51.688250000000004], [0.10303000000000001, 51.68907], [0.09692, 51.690400000000004], [0.09202999616602905, 51.69021000153301], [0.08233, 51.68620000000001], [0.07558000000000001, 51.683130000000006], [0.06875, 51.67875], [0.06287000000000001, 51.67519000000001], [0.06286, 51.675340000000006], [0.062240000000000004, 51.67508], [0.05722000000000001, 51.67423], [0.04816, 51.671820000000004], [0.045090000000000005, 51.669140000000006], [0.04005, 51.66516000000001], [0.037200000000000004, 51.6619], [0.036820000000000006, 51.657900000000005], [0.03934, 51.6557], [0.038930000000000006, 51.65453], [0.036320000000000005, 51.647380000000005], [0.033800000000000004, 51.64020000000001], [0.03225, 51.63468], [0.029560000000000003, 51.62695], [0.027790000000000002, 51.62088000000001], [0.025889997980903967, 51.616675000382614], [0.023430000000000003, 51.611940000000004], [0.020950000000000003, 51.60862], [0.01871, 51.605700000000006], [0.017004991963042754, 51.60409500140942], [0.011884993114760675, 51.59758000063417], [0.011940000000000001, 51.595290000000006], [0.00837, 51.5906], [0.00653, 51.584970000000006], [0.00368, 51.58265], [-0.0018700176631456825, 51.58054334047012], [-0.00642, 51.578660000000006], [-0.01123, 51.57665], [-0.014620000000000001, 51.574020000000004], [-0.021547523122056687, 51.57153251293322], [-0.02753668315303695, 51.56938334188543], [-0.03433, 51.566770000000005], [-0.04088000000000001, 51.56414], [-0.04549, 51.56221000000001], [-0.053200000000000004, 51.55895], [-0.055880000000000006, 51.557550000000006]]}}, {"type": "Feature", "properties": {"id": "3209588169966859800", "name": "Calpe: Bernia", "link": "https://www.strava.com/routes/3209588169966859800", "distance_km": 72, "source": "HV-signed", "region": "Hub Velo trips", "route_type": "Road", "cafe": "Velosol Cafe Bar in Xalo - 54km", "notes": ""}, "geometry": {"type": "LineString", "coordinates": [[0.14806000000000002, 38.778780000000005], [0.14103000000000002, 38.77548], [0.1312, 38.7753], [0.12234002128865337, 38.77556512104333], [0.10901000000000001, 38.777420000000006], [0.09624004624319162, 38.78173004519768], [0.09112, 38.78267], [0.08649000000000001, 38.77913], [0.08122, 38.774260000000005], [0.07423, 38.77494], [0.06823, 38.775240000000004], [0.061320000000000006, 38.770610000000005], [0.056260000000000004, 38.76867], [0.053514999149574215, 38.76550000138901], [0.04506, 38.76299], [0.04249000000000001, 38.758880000000005], [0.0351699883594172, 38.7575866749833], [0.03142499922906199, 38.75484000198879], [0.0240099970419979, 38.75221000034652], [0.02383, 38.748990000000006], [0.02392, 38.74696], [0.024380000000000002, 38.74557], [0.021800000000000003, 38.74557], [0.01862, 38.74394], [0.016130000000000002, 38.742560000000005], [0.011370000000000002, 38.7417], [0.00538, 38.74311], [-0.00406, 38.741580000000006], [-0.0078000000000000005, 38.741710000000005], [-0.00651, 38.73725], [0.0024200000000000003, 38.73317], [0.01114, 38.73001], [0.01997, 38.72739], [0.026140000000000004, 38.726820000000004], [0.030082025413678118, 38.72024200601722], [0.03277, 38.71479], [0.028130000000000002, 38.709340000000005], [0.0233, 38.706630000000004], [0.019270000000000002, 38.707190000000004], [0.01828, 38.704890000000006], [0.014400000000000001, 38.70268], [0.012910000000000001, 38.700390000000006], [0.013710000000000002, 38.69785], [0.01213, 38.69648], [0.01013, 38.69577], [0.008870000000000001, 38.69388], [0.00689, 38.69227], [0.00428, 38.6914], [0.004030000000000001, 38.689930000000004], [-0.00031, 38.690920000000006], [0.0006600000000000001, 38.68865], [0.00125, 38.68659], [0.00023, 38.685410000000005], [-0.0031100000000000004, 38.686170000000004], [-0.00438, 38.683530000000005], [-0.0076500000000000005, 38.681850000000004], [-0.00808, 38.68092], [-0.01041, 38.678160000000005], [-0.01349, 38.67844], [-0.014750000000000001, 38.679570000000005], [-0.01535, 38.677550000000004], [-0.018080000000000002, 38.67588000000001], [-0.017550000000000003, 38.67461], [-0.02153, 38.673700000000004], [-0.01872, 38.671710000000004], [-0.02245, 38.669880000000006], [-0.020220000000000002, 38.66931], [-0.01881, 38.66837], [-0.020130000000000002, 38.670280000000005], [-0.021490000000000002, 38.67081], [-0.01973, 38.673], [-0.01846, 38.67399], [-0.019280000000000002, 38.675700000000006], [-0.017390000000000003, 38.67414], [-0.021580000000000002, 38.673610000000004], [-0.01887, 38.67163], [-0.02239, 38.669850000000004], [-0.02016, 38.669270000000004], [-0.020050000000000002, 38.66846], [-0.021490000000000002, 38.66893], [-0.028880000000000003, 38.670460000000006], [-0.0354, 38.672520000000006], [-0.03699, 38.67541000000001], [-0.04301000000000001, 38.67562], [-0.044660000000000005, 38.67824], [-0.045540000000000004, 38.68037], [-0.04898, 38.68068], [-0.05145, 38.68173], [-0.05555, 38.679860000000005], [-0.05403, 38.68381], [-0.05399, 38.68538], [-0.05453, 38.6876], [-0.0519, 38.69212], [-0.05097, 38.69454], [-0.04771, 38.69646], [-0.04499, 38.69715], [-0.04259, 38.698190000000004], [-0.04449, 38.69928], [-0.04329, 38.7006], [-0.04186, 38.703320000000005], [-0.04036, 38.708000000000006], [-0.03957, 38.71076], [-0.03835, 38.71441], [-0.03481, 38.71743], [-0.03209, 38.72021], [-0.03164, 38.71932], [-0.03004, 38.721140000000005], [-0.026350000000000002, 38.72281], [-0.024470000000000002, 38.72366], [-0.02041, 38.726690000000005], [-0.01593000318139528, 38.72978000084089], [-0.01306, 38.732730000000004], [-0.013750000000000002, 38.739580000000004], [-0.008110000000000001, 38.741020000000006], [0.0016485408231142044, 38.742578624448946], [0.007710000000000001, 38.74242], [0.014049999386527965, 38.74185500143239], [0.016970000000000002, 38.74246], [0.01916, 38.745580000000004], [0.02289, 38.745180000000005], [0.02502, 38.745400000000004], [0.0239, 38.747510000000005], [0.023450000000000002, 38.74958], [0.02511, 38.75341], [0.033119997014259085, 38.755475001527884], [0.03815, 38.758770000000005], [0.04349, 38.759620000000005], [0.04708999638908474, 38.763660002428146], [0.05451, 38.76588], [0.058980000000000005, 38.76946], [0.06403665519619865, 38.772120008459055], [0.06894, 38.77525], [0.0756, 38.77554000000001], [0.08234000000000001, 38.775450000000006], [0.08422, 38.77691], [0.08725000000000001, 38.77984], [0.09509005740518132, 38.78208005637928], [0.10812000000000001, 38.777680000000004], [0.12127402045229517, 38.77562211620086], [0.13108, 38.77501], [0.14059000000000002, 38.77514], [0.14595000000000002, 38.77622], [0.14874, 38.77935]]}}, {"type": "Feature", "properties": {"id": "3197144979781559406", "name": "HVCC Strade ’24 GRAVEL Corta", "link": "https://www.strava.com/routes/3197144979781559406", "distance_km": 72, "source": "HV-signed", "region": "Essex", "route_type": "Gravel", "cafe": "Hainault Park Cafe", "notes": ""}, "geometry": {"type": "LineString", "coordinates": [[-0.05587, 51.5574], [-0.056100000000000004, 51.55876000000001], [-0.05312000000000001, 51.55912000000001], [-0.04737, 51.56163], [-0.041257526070072756, 51.56424001197572], [-0.03504, 51.566680000000005], [-0.02772, 51.56945], [-0.02519, 51.57041], [-0.016865005334068484, 51.573010002867086], [-0.012750000000000001, 51.57556], [-0.007690000000000001, 51.577850000000005], [-0.0031000000000000003, 51.58014000000001], [0.0011300000000000001, 51.58176], [0.00589, 51.58393], [0.00727, 51.58847], [0.009930000000000001, 51.594], [0.01004, 51.595200000000006], [0.010660000000000001, 51.59637000000001], [0.012949996213097061, 51.599575000452546], [0.01697999266595372, 51.6040650012788], [0.0199, 51.607310000000005], [0.02289, 51.611200000000004], [0.02934, 51.61399], [0.03475, 51.61627000000001], [0.03773, 51.61798], [0.041960000000000004, 51.618640000000006], [0.04435, 51.622510000000005], [0.043340000000000004, 51.626940000000005], [0.041990000000000006, 51.63156000000001], [0.038970000000000005, 51.63329], [0.04140499005547954, 51.6379200018443], [0.03978, 51.64146], [0.04644998572363058, 51.64723000479709], [0.050480000000000004, 51.65068], [0.056560000000000006, 51.65169], [0.059620000000000006, 51.654520000000005], [0.06203, 51.658660000000005], [0.06641500349184387, 51.66165000007977], [0.07376, 51.66096], [0.07823000000000001, 51.661440000000006], [0.08305000000000001, 51.66358], [0.08953999408067644, 51.66602000131513], [0.09514, 51.670440000000006], [0.0947, 51.67269], [0.09297000000000001, 51.67634], [0.09307000000000001, 51.681900000000006], [0.09574, 51.685340000000004], [0.09658000000000001, 51.68900000000001], [0.10183, 51.68894], [0.10982000000000001, 51.688250000000004], [0.11562000000000001, 51.687870000000004], [0.12140000000000001, 51.688230000000004], [0.13035000000000002, 51.68894], [0.13727, 51.68914], [0.14428000000000002, 51.68748], [0.14731000000000002, 51.69158], [0.15435000000000001, 51.69116], [0.16062, 51.693760000000005], [0.16679000000000002, 51.69867000000001], [0.17387000000000002, 51.69818], [0.1821, 51.698750000000004], [0.19154000000000002, 51.698640000000005], [0.19311998869089841, 51.70261333556936], [0.19484, 51.70508], [0.20405, 51.70799], [0.20935, 51.70478000000001], [0.21580000000000002, 51.70293], [0.22394000000000003, 51.703430000000004], [0.23204000000000002, 51.702960000000004], [0.23715000000000003, 51.70055000000001], [0.24050000000000002, 51.70082000000001], [0.24372000000000002, 51.69942], [0.24684000000000003, 51.69661000000001], [0.25307, 51.696670000000005], [0.25791000000000003, 51.6968], [0.26111, 51.69442], [0.26505, 51.691370000000006], [0.27222, 51.69136], [0.27551000000000003, 51.68771], [0.27826, 51.686080000000004], [0.2850449988420784, 51.68225000302844], [0.29173000000000004, 51.68034], [0.29346, 51.67582], [0.29023000000000004, 51.67197], [0.28272, 51.667350000000006], [0.27629000000000004, 51.66326], [0.27089, 51.66030000000001], [0.2646749994623377, 51.65770000222582], [0.25816, 51.6542], [0.25413, 51.650270000000006], [0.2461149697316323, 51.64975502601882], [0.2393, 51.648520000000005], [0.23873000000000003, 51.64537000000001], [0.23203000000000001, 51.642450000000004], [0.2235099936482589, 51.63894000209053], [0.21645499463142362, 51.63666000338961], [0.20896, 51.63376], [0.20044999511372327, 51.63132667519063], [0.1907, 51.631530000000005], [0.18546, 51.627570000000006], [0.1794750067758298, 51.629545002625704], [0.17364000000000002, 51.63094], [0.16921000000000003, 51.62776], [0.16161, 51.63096], [0.15234, 51.632650000000005], [0.14792000000000002, 51.633140000000004], [0.14149, 51.63394], [0.13797, 51.63185000000001], [0.13398000000000002, 51.628840000000004], [0.12687999620543794, 51.62417000153123], [0.11864999391892059, 51.62130500399956], [0.1092, 51.61822], [0.09844000000000001, 51.61563], [0.08893000000000001, 51.61260000000001], [0.08098000000000001, 51.610400000000006], [0.0706949992053345, 51.60853000481534], [0.05854, 51.606730000000006], [0.055700000000000006, 51.606410000000004], [0.046790000000000005, 51.60378000000001], [0.04202, 51.60007], [0.03773, 51.594530000000006], [0.036610000000000004, 51.593050000000005], [0.030440000000000002, 51.589710000000004], [0.0262, 51.585460000000005], [0.02254, 51.58408000000001], [0.018030001497740644, 51.583236681249595], [0.00638, 51.58352000000001], [0.00367, 51.58285000000001], [-0.0009300168076158732, 51.58098667353106], [-0.00642, 51.578660000000006], [-0.01166, 51.57623], [-0.01564, 51.57334], [-0.02457, 51.57049000000001], [-0.031120000000000002, 51.56814000000001], [-0.03755668571519677, 51.56554334223592], [-0.044950000000000004, 51.56241000000001], [-0.05195335770706605, 51.55947334450777], [-0.0558, 51.557480000000005], [-0.05587, 51.557430000000004]]}}, {"type": "Feature", "properties": {"id": "3183462435979848414", "name": "Hub Velo BBQ ride out", "link": "https://www.strava.com/routes/3183462435979848414", "distance_km": 75, "source": "HV-signed", "region": "Essex", "route_type": "Road", "cafe": "Cammas Hall", "notes": ""}, "geometry": {"type": "LineString", "coordinates": [[-0.055790000000000006, 51.55688000000001], [-0.056260000000000004, 51.55866], [-0.04984, 51.56036], [-0.0434, 51.56309], [-0.0376, 51.565650000000005], [-0.030572522475829672, 51.56838501243242], [-0.019340000000000003, 51.57229], [-0.01284, 51.5754], [-0.006810000000000001, 51.578450000000004], [0.00027, 51.581610000000005], [0.005790000000000001, 51.58386], [0.0064800000000000005, 51.586360000000006], [0.009539980289921722, 51.5928950019273], [0.010020000000000001, 51.595710000000004], [0.01207665908718262, 51.597963334062264], [0.01753, 51.604670000000006], [0.020710000000000003, 51.608250000000005], [0.02467999791510006, 51.61407000030111], [0.02629, 51.61766], [0.029229995863848862, 51.621925000841095], [0.0333199956603391, 51.62756500031292], [0.038290000000000005, 51.634100000000004], [0.04345, 51.63976], [0.04158499333800974, 51.64337500143793], [0.04893, 51.649390000000004], [0.050690000000000006, 51.650710000000004], [0.057370000000000004, 51.652190000000004], [0.05963, 51.65514], [0.06354, 51.660360000000004], [0.0679, 51.661300000000004], [0.07635, 51.66030000000001], [0.07816000000000001, 51.66275], [0.08554, 51.66319000000001], [0.09136665033552567, 51.667676670219876], [0.09561000000000001, 51.67089000000001], [0.10265, 51.670640000000006], [0.10978, 51.66926], [0.11465000000000002, 51.66998], [0.1245600003122365, 51.67118000344079], [0.12712, 51.67230000000001], [0.13229000000000002, 51.67305], [0.13481, 51.668800000000005], [0.13509000000000002, 51.66472], [0.14139000049986084, 51.66438000366901], [0.1494, 51.66367], [0.15783000000000003, 51.66259], [0.16760000000000003, 51.65999000000001], [0.17511000000000002, 51.65737000000001], [0.17525000000000002, 51.65883], [0.17096, 51.6604], [0.17212000000000002, 51.665940000000006], [0.1727050015298486, 51.66927000021973], [0.17263, 51.67454000000001], [0.17791, 51.67544], [0.18008000000000002, 51.67801000000001], [0.17744000000000001, 51.68254], [0.17604, 51.68704], [0.17387000000000002, 51.69115000000001], [0.16897, 51.69194], [0.16888, 51.69661000000001], [0.17156000090744386, 51.69824500307486], [0.18048, 51.69868], [0.18987, 51.69865000000001], [0.19204000000000002, 51.701330000000006], [0.19307000000000002, 51.704510000000006], [0.20334000000000002, 51.707750000000004], [0.20362000000000002, 51.712160000000004], [0.2046, 51.717090000000006], [0.20552999446158435, 51.72076000011426], [0.20645000000000002, 51.725480000000005], [0.21234999246367842, 51.72832500122386], [0.21877000000000002, 51.728460000000005], [0.22160000000000002, 51.73105], [0.22369000000000003, 51.733940000000004], [0.2202550060694507, 51.737015002782435], [0.21943000000000001, 51.73946], [0.22436000000000003, 51.74035000000001], [0.23142000000000001, 51.742830000000005], [0.23683, 51.744890000000005], [0.23847000000000002, 51.748380000000004], [0.2368, 51.751470000000005], [0.23967000000000002, 51.755700000000004], [0.2363, 51.75925], [0.23834000000000002, 51.762820000000005], [0.23614000000000002, 51.76659], [0.23242000000000002, 51.770500000000006], [0.23049000000000003, 51.77405], [0.22585000000000002, 51.7779], [0.22984000000000002, 51.779990000000005], [0.23213000000000003, 51.780170000000005], [0.23759999279678623, 51.78054000381225], [0.24358000000000002, 51.77882], [0.25394, 51.779920000000004], [0.25815000000000005, 51.780750000000005], [0.26230000000000003, 51.78338], [0.26035, 51.78864], [0.26496000000000003, 51.790600000000005], [0.26791000000000004, 51.79368], [0.26557000000000003, 51.798930000000006], [0.26530000000000004, 51.804610000000004], [0.26661, 51.807230000000004], [0.26921, 51.811130000000006], [0.27042000000000005, 51.81412], [0.26582, 51.81570000000001], [0.25938, 51.81851], [0.25669000000000003, 51.82388], [0.2586799905425787, 51.82600000285647], [0.2610250012735421, 51.83050500003146], [0.2642266519417799, 51.8346766697917], [0.26512, 51.838190000000004], [0.27073, 51.84111000000001], [0.26726, 51.84501], [0.26746000000000003, 51.84872000000001], [0.27081, 51.84955], [0.27664, 51.84911], [0.28104, 51.849430000000005], [0.2768850024042196, 51.855305000190924], [0.27796000000000004, 51.858160000000005], [0.27849, 51.86267], [0.27459, 51.86695], [0.27674000000000004, 51.87028], [0.2787899951601436, 51.87665000021552], [0.2839966503733046, 51.88261667162713], [0.2808800045578038, 51.887285000855776], [0.27757000000000004, 51.89054], [0.27263000000000004, 51.89302000000001], [0.26969000000000004, 51.898450000000004], [0.27259, 51.900800000000004], [0.28104, 51.90377], [0.28404, 51.90945000000001], [0.27931, 51.912400000000005], [0.27661, 51.91355], [0.27375000000000005, 51.91630000000001], [0.27132, 51.91836000000001], [0.2702, 51.9224], [0.26265, 51.924690000000005], [0.25524, 51.923100000000005], [0.24576000369837675, 51.92236000020488], [0.24420000000000003, 51.92760499991463], [0.24781000000000003, 51.930440000000004], [0.24646, 51.933960000000006], [0.24286000000000002, 51.93623], [0.23195500214167636, 51.93681500516858], [0.22921000000000002, 51.93986], [0.22248, 51.94135000000001], [0.21948, 51.94236]]}}, {"type": "Feature", "properties": {"id": "3202367592094417138", "name": "Moreton 80km", "link": "https://www.strava.com/routes/3202367592094417138", "distance_km": 78, "source": "HV-signed", "region": "Essex", "route_type": "Road", "cafe": "", "notes": "Advisory: Roding Lane prone to ice in cold weather, and involves a busy, fast stretch leading to the bottom of Buckhurst Hill"}, "geometry": {"type": "LineString", "coordinates": [[-0.055790000000000006, 51.556900000000006], [-0.056260000000000004, 51.55866], [-0.05047500369858785, 51.56010000168556], [-0.04587, 51.562090000000005], [-0.04337668362412314, 51.56314667419293], [-0.03518, 51.56655000000001], [-0.027420000000000003, 51.569500000000005], [-0.02059, 51.571920000000006], [-0.01476, 51.574000000000005], [-0.00884, 51.577470000000005], [-0.00476, 51.579420000000006], [0.0010600000000000002, 51.581720000000004], [0.00598, 51.584010000000006], [0.006960000000000001, 51.58755000000001], [0.00965, 51.59310000000001], [0.010050000000000002, 51.59586], [0.01237, 51.59855], [0.017810000000000003, 51.60492000000001], [0.020404997090395845, 51.607830000274], [0.023430000000000003, 51.611940000000004], [0.0257, 51.61654000000001], [0.027670000000000004, 51.62064], [0.03184999446013476, 51.625520000727434], [0.036430000000000004, 51.631750000000004], [0.04095999318237321, 51.6374450013987], [0.03978, 51.64146], [0.04678499310544994, 51.64742000215602], [0.050620000000000005, 51.65064], [0.05734, 51.65193000000001], [0.059660000000000005, 51.655210000000004], [0.06478665401115309, 51.66128000329968], [0.07301, 51.660990000000005], [0.07814, 51.661120000000004], [0.08305000000000001, 51.66358], [0.09006, 51.66655], [0.09583000000000001, 51.67103], [0.10239000000000001, 51.67074], [0.10887000000000001, 51.669810000000005], [0.11431000000000001, 51.66986000000001], [0.12546000000000002, 51.67116000000001], [0.12912, 51.672470000000004], [0.13145, 51.67528], [0.12952000000000002, 51.681360000000005], [0.13431, 51.68657], [0.13260000000000002, 51.68903], [0.13332000000000002, 51.694370000000006], [0.13195, 51.69657], [0.13272, 51.70087], [0.13508, 51.703590000000005], [0.13455, 51.70731000000001], [0.14005499253937728, 51.711520003090584], [0.15139000000000002, 51.71284000000001], [0.16237000000000001, 51.71293000000001], [0.16805, 51.7173], [0.17685, 51.719660000000005], [0.18106000000000003, 51.724070000000005], [0.18338000000000002, 51.727340000000005], [0.18577999278930404, 51.73374333394785], [0.18886999836626828, 51.73978000009462], [0.19374000000000002, 51.74419], [0.20187000000000002, 51.74627], [0.20448000000000002, 51.74870000000001], [0.20888, 51.75162], [0.20962000000000003, 51.75517000000001], [0.21800000000000003, 51.753910000000005], [0.22029, 51.749050000000004], [0.21912, 51.74409000000001], [0.22008000000000003, 51.74033000000001], [0.21945, 51.73736], [0.22369000000000003, 51.733940000000004], [0.22161000000000003, 51.73116], [0.21877000000000002, 51.728460000000005], [0.21180000000000002, 51.72771], [0.20612000000000003, 51.725280000000005], [0.20538, 51.71878], [0.20483, 51.715], [0.20385, 51.71013000000001], [0.19761326266518683, 51.70591004425391], [0.19366000000000003, 51.70322], [0.19295, 51.698040000000006], [0.1960950068053587, 51.69330000132174], [0.19649000000000003, 51.689490000000006], [0.19357000000000002, 51.686490000000006], [0.18926, 51.683110000000006], [0.19145, 51.67826], [0.19597500551828326, 51.67311000071699], [0.20143000000000003, 51.66948000000001], [0.19986500436623766, 51.6660400010917], [0.20536000000000001, 51.662620000000004], [0.21056000000000002, 51.659600000000005], [0.20856000000000002, 51.6557], [0.21508000000000002, 51.65207], [0.20721, 51.64988], [0.2023, 51.642900000000004], [0.1971166505818244, 51.63711667162906], [0.19004000000000001, 51.631130000000006], [0.18371000822513497, 51.62796500760502], [0.17540000000000003, 51.631460000000004], [0.17061, 51.628220000000006], [0.16526500481602513, 51.629345002685355], [0.1552, 51.63235], [0.14892000000000002, 51.6332], [0.14076000000000002, 51.63402000000001], [0.13598000000000002, 51.62939], [0.12851, 51.624950000000005], [0.11807997812303435, 51.6211350129414], [0.10924, 51.618230000000004], [0.09942000000000001, 51.61616], [0.09466000000000001, 51.618880000000004], [0.08585000000000001, 51.62243], [0.08225, 51.62556000000001], [0.07492, 51.62693], [0.06634000000000001, 51.62585000000001], [0.058420000735294346, 51.62699500279031], [0.047830000000000004, 51.625960000000006], [0.046380000000000005, 51.62006], [0.04147000000000001, 51.617000000000004], [0.03749, 51.617830000000005], [0.03347, 51.61543], [0.02747, 51.613710000000005], [0.0225249964348064, 51.610755000581605], [0.01982, 51.60708], [0.017900000000000003, 51.60483000000001], [0.01237, 51.59855], [0.011940000000000001, 51.595290000000006], [0.007674994795626929, 51.58917500046482], [0.006410000000000001, 51.58453], [0.0028000000000000004, 51.581970000000005], [-0.00016, 51.581390000000006], [-0.00651, 51.578680000000006], [-0.011000000000000001, 51.57681], [-0.014810000000000002, 51.57396000000001], [-0.0215350058541248, 51.57160500348621], [-0.031560000000000005, 51.56804], [-0.035230000000000004, 51.566430000000004], [-0.044410000000000005, 51.56270000000001], [-0.04612, 51.561980000000005], [-0.054900000000000004, 51.55852], [-0.05577000000000001, 51.556810000000006]]}}, {"type": "Feature", "properties": {"id": "3201972934999082226", "name": "Tawney Lane and Navestock", "link": "https://www.strava.com/routes/3201972934999082226", "distance_km": 80, "source": "HV-signed", "region": "Essex", "route_type": "Road", "cafe": "", "notes": ""}, "geometry": {"type": "LineString", "coordinates": [[-0.055900000000000005, 51.55765], [-0.055760000000000004, 51.558800000000005], [-0.04628, 51.561910000000005], [-0.040575004617810294, 51.56449500235605], [-0.03504, 51.566680000000005], [-0.025660000000000002, 51.57023], [-0.019370000000000002, 51.572340000000004], [-0.01298, 51.57535000000001], [-0.010780000000000001, 51.57694000000001], [-0.0038650079975051216, 51.579850003870185], [0.0024500000000000004, 51.582240000000006], [0.00644, 51.585040000000006], [0.008874979789975434, 51.591750001986945], [0.01009, 51.59548], [0.01207665908718262, 51.597963334062264], [0.01769, 51.60483000000001], [0.021560000000000003, 51.60949], [0.025104997178846556, 51.61516000022649], [0.02542, 51.618950000000005], [0.027530000000000002, 51.62013], [0.031420000000000003, 51.62494], [0.03645, 51.63177], [0.04206, 51.63861000000001], [0.04039999101739357, 51.64218500147163], [0.04941, 51.648900000000005], [0.045180000000000005, 51.65146000000001], [0.039950000000000006, 51.655370000000005], [0.03778500624199939, 51.65678000198891], [0.036820000000000006, 51.660470000000004], [0.04005, 51.66516000000001], [0.04506, 51.669450000000005], [0.05048499431067888, 51.67251000371851], [0.06087000000000001, 51.675200000000004], [0.06504500183402305, 51.67521000517576], [0.07312, 51.675900000000006], [0.08033000000000001, 51.676030000000004], [0.0884, 51.67327], [0.10044, 51.67155], [0.10800000000000001, 51.670190000000005], [0.11366000000000001, 51.669380000000004], [0.12252, 51.671200000000006], [0.12630000000000002, 51.67224], [0.13229000000000002, 51.67305], [0.13482000000000002, 51.668730000000004], [0.13471000000000002, 51.66387], [0.14452, 51.66454], [0.1527, 51.66313], [0.16133, 51.661350000000006], [0.17157, 51.658640000000005], [0.17627, 51.65863], [0.17146, 51.65991], [0.17225000000000001, 51.664370000000005], [0.17303000000000002, 51.6683], [0.17276000000000002, 51.674150000000004], [0.17791, 51.67544], [0.18001, 51.67793], [0.17744000000000001, 51.68254], [0.17567000000000002, 51.687780000000004], [0.17299, 51.69122], [0.16875, 51.69364], [0.16856000000000002, 51.69784000000001], [0.1761, 51.697950000000006], [0.18344000000000002, 51.69854], [0.19327000000000003, 51.697500000000005], [0.1960950068053587, 51.69330000132174], [0.19626000000000002, 51.689040000000006], [0.19229000000000002, 51.685970000000005], [0.18985000000000002, 51.68224000000001], [0.19182000000000002, 51.67801000000001], [0.19551000000000002, 51.67363], [0.20138, 51.66968000000001], [0.19935000000000003, 51.66642], [0.20508, 51.662650000000006], [0.21439000000000002, 51.66158], [0.21976, 51.66067], [0.22472000000000003, 51.66138], [0.23141000000000003, 51.66132], [0.237105004399335, 51.664010002020724], [0.24506000000000003, 51.66223], [0.25206, 51.66286], [0.25794, 51.659600000000005], [0.2590249924201246, 51.65530500132648], [0.25309000000000004, 51.64987000000001], [0.24572000000000002, 51.651590000000006], [0.23783, 51.65451], [0.23161500506122493, 51.65874500172504], [0.22635000000000002, 51.65749], [0.22072000000000003, 51.65348], [0.22607000000000002, 51.652370000000005], [0.23175, 51.64902000000001], [0.23978000000000002, 51.647980000000004], [0.23792000000000002, 51.645160000000004], [0.22947, 51.64434000000001], [0.22233000000000003, 51.645540000000004], [0.22059, 51.649930000000005], [0.21635000000000001, 51.652390000000004], [0.21029499906302485, 51.65091500446477], [0.20531000000000002, 51.64679], [0.20166, 51.64005], [0.19508247150756025, 51.63536500566267], [0.18778, 51.62957], [0.18207, 51.62836], [0.17540000000000003, 51.631460000000004], [0.1685, 51.63716], [0.16311, 51.641070000000006], [0.15729, 51.637600000000006], [0.1499, 51.637130000000006], [0.14700000000000002, 51.633390000000006], [0.13906000000000002, 51.63392], [0.13628, 51.62948], [0.12856, 51.62491000000001], [0.12022000000000001, 51.62183], [0.1103449908911381, 51.618580005560275], [0.09942000000000001, 51.61616], [0.08893000000000001, 51.61260000000001], [0.07994332817621286, 51.61028667579855], [0.06903000000000001, 51.60842], [0.055990000000000005, 51.6064], [0.049210000000000004, 51.605030000000006], [0.043070000000000004, 51.600770000000004], [0.034850000000000006, 51.602940000000004], [0.02560000312992771, 51.6060300004192], [0.02086, 51.60848000000001], [0.01846, 51.604820000000004], [0.013510000000000001, 51.6002], [0.01208, 51.59619000000001], [0.0117, 51.59526], [0.010110000000000001, 51.593920000000004], [0.00666, 51.586710000000004], [0.004729994086735417, 51.58314000240364], [-0.00186, 51.580580000000005], [-0.00655, 51.578570000000006], [-0.01165, 51.57623], [-0.01651, 51.57300000000001], [-0.02501, 51.57029000000001], [-0.03433, 51.566770000000005], [-0.04262002396074247, 51.56347667754492], [-0.05111, 51.55984], [-0.05586000000000001, 51.557410000000004]]}}, {"type": "Feature", "properties": {"id": "3204548205011555650", "name": "Essex 80k", "link": "https://www.strava.com/routes/3204548205011555650", "distance_km": 80, "source": "HV-signed", "region": "Essex", "route_type": "Road", "cafe": "Cafes in Ongar if needed", "notes": ""}, "geometry": {"type": "LineString", "coordinates": [[-0.05586000000000001, 51.55839], [-0.053130000000000004, 51.55897], [-0.045110000000000004, 51.56253], [-0.042890000000000005, 51.563550000000006], [-0.0369, 51.56593], [-0.03504, 51.566680000000005], [-0.028300000000000002, 51.56924000000001], [-0.02249002247063442, 51.571366679131664], [-0.01497, 51.5739], [-0.012110000000000001, 51.57600000000001], [-0.0076300000000000005, 51.577890000000004], [-0.00481, 51.579480000000004], [0.00014000000000000001, 51.581720000000004], [0.0020800000000000003, 51.582080000000005], [0.00598, 51.584010000000006], [0.006540000000000001, 51.58625000000001], [0.008729988927369516, 51.5912733343753], [0.01024, 51.595240000000004], [0.01148, 51.596740000000004], [0.013850000000000001, 51.60056], [0.01796, 51.60512000000001], [0.02108, 51.608790000000006], [0.02467999791510006, 51.61407000030111], [0.02629, 51.61766], [0.023030000000000002, 51.62225], [0.01943001515292875, 51.626686673402574], [0.015120000000000001, 51.631930000000004], [0.0119, 51.6343], [0.01271, 51.63906000000001], [0.010700000000000001, 51.64421], [0.00867, 51.647180000000006], [0.005960000000000001, 51.651300000000006], [0.00254, 51.653800000000004], [-0.00523, 51.65684], [-0.00214001114851427, 51.66302000131919], [0.0012900000000000001, 51.666230000000006], [0.009760000000000001, 51.662560000000006], [0.017070000000000002, 51.66187000000001], [0.02236, 51.6623], [0.029740000000000003, 51.66134], [0.0376, 51.66404000000001], [0.04449, 51.668510000000005], [0.05048499431067888, 51.67251000371851], [0.060540000000000004, 51.675110000000004], [0.06297000000000001, 51.675140000000006], [0.07026, 51.67566000000001], [0.07582000000000001, 51.676750000000006], [0.08460500455430665, 51.67406000209355], [0.09347000431843767, 51.672855006444784], [0.10177000000000001, 51.67098000000001], [0.10778000000000001, 51.67029], [0.11206, 51.6664], [0.11431000000000001, 51.66217], [0.11547, 51.65625000000001], [0.12027999050185909, 51.65704500243533], [0.12634, 51.659870000000005], [0.12796000000000002, 51.66259], [0.14046, 51.66440000000001], [0.14941000000000002, 51.66368000000001], [0.1584, 51.66239], [0.16886, 51.65977], [0.17578000000000002, 51.657590000000006], [0.18325000000000002, 51.660880000000006], [0.19065664822291714, 51.66354000775092], [0.19986500436623766, 51.6660400010917], [0.20508, 51.662650000000006], [0.21395000000000003, 51.661480000000005], [0.21933000000000002, 51.66105], [0.22412, 51.66118], [0.22949000000000003, 51.659960000000005], [0.23613, 51.664370000000005], [0.2418000079768638, 51.663420003684045], [0.24831000000000003, 51.66273], [0.25535, 51.665710000000004], [0.25397000000000003, 51.668420000000005], [0.25333, 51.67354], [0.25447000000000003, 51.676280000000006], [0.26011, 51.680020000000006], [0.25461, 51.6846], [0.25395, 51.68959], [0.24803000000000003, 51.6942], [0.24372000000000002, 51.697070000000004], [0.24195000000000003, 51.700520000000004], [0.23731000000000002, 51.70031], [0.23204000000000002, 51.702960000000004], [0.22394000000000003, 51.703430000000004], [0.21580000000000002, 51.70293], [0.21025000000000002, 51.70421], [0.20427, 51.70797], [0.20334000000000002, 51.707750000000004], [0.19307000000000002, 51.704510000000006], [0.19207000000000002, 51.70145], [0.18987, 51.69865000000001], [0.18048, 51.69868], [0.17073000000000002, 51.69832], [0.16545499114778192, 51.69763500219589], [0.15813499243908172, 51.69179500173596], [0.15312, 51.69144000000001], [0.14676, 51.69109], [0.14211000000000001, 51.68827], [0.13509000000000002, 51.688930000000006], [0.12798, 51.688550000000006], [0.1193, 51.688120000000005], [0.11420000000000001, 51.687920000000005], [0.10887000000000001, 51.688590000000005], [0.10183, 51.68894], [0.09687000000000001, 51.69048], [0.08941998050559402, 51.68902334154903], [0.07956499698961329, 51.68502500173216], [0.07055501792535146, 51.684005021220365], [0.06309000000000001, 51.68535000000001], [0.05842000000000001, 51.68668], [0.05305000000000001, 51.689780000000006], [0.044270000000000004, 51.69066], [0.03928, 51.690000000000005], [0.03674, 51.68867], [0.041060000000000006, 51.686600000000006], [0.041470000215466256, 51.68406499997208], [0.041740000000000006, 51.67904000000001], [0.040479998759075306, 51.67513500019637], [0.03572, 51.671110000000006], [0.031170000000000003, 51.670910000000006], [0.02707998619832014, 51.66751667100623], [0.029150000000000002, 51.663270000000004], [0.034820000000000004, 51.660320000000006], [0.0376, 51.656890000000004], [0.03973, 51.65545], [0.03709332426267674, 51.64961000057082], [0.03389, 51.64065], [0.03221, 51.634690000000006], [0.029540000000000004, 51.62697000000001], [0.027790000000000002, 51.62088000000001], [0.026310000000000004, 51.6176], [0.024, 51.61280000000001], [0.02108, 51.608790000000006], [0.018690000000000002, 51.60499], [0.01568991672337311, 51.60261501437671], [0.01162, 51.59705], [0.011630000000000001, 51.595130000000005], [0.010010000000000002, 51.594030000000004], [0.008010000000000001, 51.58988], [0.006410000000000001, 51.58453], [0.0014600000000000001, 51.58171], [-0.00589, 51.578990000000005], [-0.011260000000000001, 51.57667000000001], [-0.01677, 51.572970000000005], [-0.02761002205521161, 51.5694400113938], [-0.03689004875977216, 51.56588802248051], [-0.045880000000000004, 51.56208], [-0.054860000000000006, 51.55857], [-0.05587, 51.55747]]}}, {"type": "Feature", "properties": {"id": "3204556804655646452", "name": "Essex 80km lanes", "link": "https://www.strava.com/routes/3204556804655646452", "distance_km": 80, "source": "HV-signed", "region": "Essex", "route_type": "Road", "cafe": "", "notes": ""}, "geometry": {"type": "LineString", "coordinates": [[-0.055880000000000006, 51.5576], [-0.05591, 51.55881], [-0.04966, 51.56044000000001], [-0.04222503482735753, 51.56383001593888], [-0.035210000000000005, 51.56667], [-0.02772, 51.56945], [-0.02126, 51.571760000000005], [-0.01395, 51.57468], [-0.01118, 51.57679], [-0.0056700000000000006, 51.57918], [0.00031, 51.58175000000001], [0.00442, 51.583220000000004], [0.006410000000000001, 51.585930000000005], [0.009217484839731074, 51.59242000148536], [0.01009, 51.59548], [0.011884993143390579, 51.59758000069144], [0.01697999266595372, 51.6040650012788], [0.0199, 51.607310000000005], [0.022330000000000003, 51.61056000000001], [0.025104997178846556, 51.61516000022649], [0.027000000000000003, 51.618990000000004], [0.030229994922203983, 51.6231250005957], [0.03422, 51.62904], [0.03937, 51.63550000000001], [0.04335000000000001, 51.639880000000005], [0.042170000000000006, 51.643890000000006], [0.04893, 51.649390000000004], [0.045180000000000005, 51.65146000000001], [0.04011, 51.65527], [0.039040000000000005, 51.655820000000006], [0.03651, 51.65869000000001], [0.038589993573175586, 51.66332000136973], [0.04147499631546491, 51.66694000111586], [0.04598000000000001, 51.670910000000006], [0.05722000000000001, 51.67423], [0.06286, 51.675340000000006], [0.07016, 51.67951000000001], [0.07820499438140115, 51.68444000234522], [0.08733998843311991, 51.68810000507393], [0.09759664551947816, 51.692316678419814], [0.099, 51.69583], [0.09831000000000001, 51.69928], [0.09791000000000001, 51.701480000000004], [0.09377, 51.70685], [0.09416000000000001, 51.71005], [0.09087, 51.71475], [0.09139000000000001, 51.71822], [0.09189499647178664, 51.721340003845505], [0.0981, 51.72319], [0.10193, 51.72211], [0.10776000000000001, 51.723180000000006], [0.11850000000000001, 51.724360000000004], [0.12737667668800526, 51.72331333475551], [0.13144, 51.71911000000001], [0.136775013588742, 51.714130004916626], [0.1401449942666933, 51.71156000258966], [0.1342, 51.70796000000001], [0.13561, 51.704820000000005], [0.13313, 51.701330000000006], [0.13285499402120465, 51.6974950006641], [0.13153, 51.69523], [0.13183, 51.69042], [0.13634000000000002, 51.688990000000004], [0.14412, 51.68748], [0.14679, 51.68399], [0.15159, 51.686910000000005], [0.15434, 51.69116], [0.16005999461598072, 51.69331000145623], [0.16696000000000003, 51.69876000000001], [0.17383, 51.69818], [0.18175000000000002, 51.698780000000006], [0.19103, 51.69856000000001], [0.19261998863598237, 51.70209666884576], [0.19413000000000002, 51.70494000000001], [0.20423000000000002, 51.708110000000005], [0.21025000000000002, 51.70421], [0.21613000000000002, 51.70286], [0.21475000000000002, 51.69975], [0.21499000000000001, 51.69633], [0.21659, 51.692040000000006], [0.21923, 51.68730000000001], [0.21943000000000001, 51.68576], [0.21480000000000002, 51.68667000000001], [0.20415000000000003, 51.689640000000004], [0.19726000000000002, 51.692310000000006], [0.19507000000000002, 51.6884], [0.19229000000000002, 51.685970000000005], [0.18942, 51.68285], [0.19145, 51.67826], [0.19551000000000002, 51.67363], [0.20126000000000002, 51.669900000000005], [0.20067999616667287, 51.66695000145015], [0.20338, 51.66266], [0.21063, 51.66107], [0.21795, 51.662200000000006], [0.22122000000000003, 51.66026], [0.22660000000000002, 51.66087], [0.23341, 51.66255], [0.23803000000000002, 51.663630000000005], [0.2456, 51.66199], [0.25297000000000003, 51.662760000000006], [0.25747000000000003, 51.65999000000001], [0.2599249966814996, 51.65636500054777], [0.25639, 51.6512], [0.25013, 51.649660000000004], [0.24151000000000003, 51.64927], [0.24084000000000003, 51.64625], [0.23601664413072443, 51.6442700095931], [0.22824000000000003, 51.6411], [0.22179000000000001, 51.63796000000001], [0.21318, 51.63526], [0.20451000000000003, 51.63183], [0.19477000000000003, 51.63158000000001], [0.18754, 51.628550000000004], [0.17957, 51.629490000000004], [0.17433499666360838, 51.63116000206226], [0.17016, 51.627770000000005], [0.16225, 51.630630000000004], [0.15266000000000002, 51.63261000000001], [0.14759, 51.63318], [0.13997, 51.634040000000006], [0.13598000000000002, 51.62939], [0.1290699954540316, 51.625320001345685], [0.12009997824004723, 51.62178501297927], [0.1123699935833951, 51.61922000385705], [0.10059000000000001, 51.616550000000004], [0.09174331263183545, 51.6134266800736], [0.08125, 51.61046], [0.07176, 51.608560000000004], [0.05969332947648849, 51.60680667796987], [0.05156, 51.60567], [0.04406, 51.601330000000004], [0.0396466566442979, 51.59750666769244], [0.03735, 51.59358], [0.034080000000000006, 51.59085], [0.028049997446357208, 51.58770000038535], [0.024460000000000003, 51.585080000000005], [0.01872500372731486, 51.58322670120027], [0.006050000000000001, 51.58372000000001], [0.0030299953257922774, 51.582335001713474], [-0.0027900000000000004, 51.580110000000005], [-0.0067800000000000004, 51.57835000000001], [-0.012750000000000001, 51.575410000000005], [-0.01703, 51.572810000000004], [-0.02475, 51.57038000000001], [-0.03280667906085965, 51.56747333936631], [-0.03933000533741968, 51.5648200022346], [-0.045430000000000005, 51.562270000000005], [-0.053200000000000004, 51.55895], [-0.05595000000000001, 51.557860000000005]]}}, {"type": "Feature", "properties": {"id": "3201962371990249082", "name": "Blackmore 80km (with gravel section)", "link": "https://www.strava.com/routes/3201962371990249082", "distance_km": 81, "source": "HV-signed", "region": "Essex", "route_type": "Road", "cafe": "Blackmore Tea Rooms or Norton Heath Cafe (prefers cash, closes 1pm on Sunday)", "notes": "Gravel section not long after Norton Heath Cafe - rideable on road tyres"}, "geometry": {"type": "LineString", "coordinates": [[-0.05578, 51.55682], [-0.056100000000000004, 51.55876000000001], [-0.05084002582729383, 51.55994334514476], [-0.04319252613725578, 51.56342001194689], [-0.03547, 51.56658], [-0.02848500461220374, 51.56917500249218], [-0.021935003050930157, 51.57154500198105], [-0.014820000000000002, 51.573980000000006], [-0.011460000000000001, 51.57656000000001], [-0.0064, 51.57884000000001], [-0.00059, 51.58135000000001], [0.0037900000000000004, 51.582930000000005], [0.00644, 51.585040000000006], [0.008532484843573634, 51.591080001491804], [0.01038, 51.594910000000006], [0.01139, 51.59666000000001], [0.015926653921982024, 51.602886668780215], [0.01981, 51.60708], [0.02363, 51.607730000000004], [0.02738, 51.604850000000006], [0.040470000000000006, 51.601530000000004], [0.044320000000000005, 51.601510000000005], [0.052480000000000006, 51.605790000000006], [0.0596749988691842, 51.606885003633906], [0.06535497894098344, 51.60764001912018], [0.07394, 51.608920000000005], [0.08259499505790037, 51.6109000027345], [0.09151496617082099, 51.61335502255036], [0.10059000000000001, 51.616550000000004], [0.1123866552193753, 51.61923000683398], [0.1213, 51.622150000000005], [0.12963000000000002, 51.625690000000006], [0.13641, 51.62959000000001], [0.14076000000000002, 51.63402000000001], [0.1481, 51.633140000000004], [0.15395, 51.632560000000005], [0.16304000801971189, 51.63016500269663], [0.17044, 51.62782000000001], [0.17503000000000002, 51.63138000000001], [0.18116000000000002, 51.628870000000006], [0.18778, 51.62957], [0.19653, 51.63127000000001], [0.2065049602129385, 51.63273501691057], [0.21387, 51.63566], [0.22209, 51.638090000000005], [0.23046000000000003, 51.64175], [0.23733, 51.64488000000001], [0.24023000000000003, 51.64697], [0.24335, 51.649190000000004], [0.25136000000000003, 51.64960000000001], [0.25788, 51.65323000000001], [0.26121, 51.65773], [0.26934, 51.65843], [0.27414, 51.662440000000004], [0.28078000000000003, 51.66568], [0.28657000000000005, 51.67006000000001], [0.29103, 51.674170000000004], [0.29643, 51.678050000000006], [0.30426000000000003, 51.682080000000006], [0.30823, 51.686460000000004], [0.31267, 51.690380000000005], [0.31745, 51.692780000000006], [0.32149499595432846, 51.69779500067787], [0.32324, 51.70293], [0.32507, 51.70561000000001], [0.32028001375821874, 51.709100005598984], [0.31595, 51.71303], [0.31384, 51.71614], [0.3077400041946107, 51.71729000143311], [0.30086, 51.71886000000001], [0.29281, 51.718210000000006], [0.28592, 51.71811], [0.28293, 51.716390000000004], [0.2743233261861529, 51.714983344040746], [0.26766, 51.713770000000004], [0.26686000000000004, 51.710840000000005], [0.26521, 51.70846], [0.26447000000000004, 51.705470000000005], [0.26273, 51.702290000000005], [0.25797000000000003, 51.69937], [0.25839, 51.69682], [0.25349, 51.6968], [0.2469, 51.696540000000006], [0.24341000000000002, 51.69981000000001], [0.23938, 51.700520000000004], [0.23660000000000003, 51.701570000000004], [0.23015000000000002, 51.703680000000006], [0.22078499782340608, 51.702775004156244], [0.21282, 51.703450000000004], [0.20674000400024858, 51.70594000102514], [0.19969997913674842, 51.70655001304236], [0.19256, 51.704060000000005], [0.19190000000000002, 51.700110000135176], [0.18703, 51.698660000000004], [0.17924999827619462, 51.69850500283238], [0.16990000000000002, 51.6983], [0.16475, 51.69706000000001], [0.15879000000000001, 51.692310000000006], [0.15312, 51.69144000000001], [0.14676, 51.69109], [0.14211000000000001, 51.68827], [0.13631000000000001, 51.68865], [0.13107000000000002, 51.683310000000006], [0.13021000000000002, 51.678920000000005], [0.13217, 51.67329], [0.13478, 51.66886], [0.13515000000000002, 51.664910000000006], [0.12695, 51.662290000000006], [0.12602000000000002, 51.659580000000005], [0.11952000000000002, 51.65648], [0.11825000000000001, 51.6518], [0.11881000607739556, 51.64748333365375], [0.12411000393826922, 51.64145000073727], [0.12940000000000002, 51.63613], [0.13201000000000002, 51.633120000000005], [0.13365000000000002, 51.6298], [0.1308624732424071, 51.62649250751452], [0.12175000000000001, 51.62229000000001], [0.11328332186037261, 51.61952000682573], [0.10174000000000001, 51.61685000000001], [0.09266747470233326, 51.613687516934306], [0.08339, 51.61119000000001], [0.07469499659886558, 51.609125002423546], [0.063, 51.60709000000001], [0.05475000000000001, 51.60607], [0.045810000000000003, 51.602790000000006], [0.042530000000000005, 51.601020000000005], [0.03137506736720685, 51.6038200512913], [0.02485, 51.60685], [0.020434995003606078, 51.607920000772964], [0.018690000000000002, 51.60499], [0.01542332065705217, 51.60231333552457], [0.01186, 51.596030000000006], [0.010110000000000001, 51.593920000000004], [0.00676, 51.58701000000001], [0.005940000000000001, 51.583780000000004], [0.00072, 51.581480000000006], [-0.006300000000000001, 51.578810000000004], [-0.011655004284798164, 51.576320000671494], [-0.01752, 51.57273000000001], [-0.028770000000000004, 51.569010000000006], [-0.036630014626882465, 51.565996673393556], [-0.04576, 51.562090000000005], [-0.05442, 51.55866], [-0.05577000000000001, 51.556810000000006]]}}, {"type": "Feature", "properties": {"id": "3204517420223941890", "name": "Ice Route 80km", "link": "https://www.strava.com/routes/3204517420223941890", "distance_km": 82, "source": "HV-signed", "region": "Essex", "route_type": "Road", "cafe": "Brett's Cafe", "notes": ""}, "geometry": {"type": "LineString", "coordinates": [[-0.055970000000000006, 51.558020000000006], [-0.055470000000000005, 51.55866], [-0.04966, 51.56044000000001], [-0.04222503482735753, 51.56383001593888], [-0.035210000000000005, 51.56667], [-0.02772, 51.56945], [-0.02126, 51.571760000000005], [-0.01395, 51.57468], [-0.01118, 51.57679], [-0.0056700000000000006, 51.57918], [0.00031, 51.58175000000001], [0.00442, 51.583220000000004], [0.006410000000000001, 51.585930000000005], [0.009217484839731074, 51.59242000148536], [0.01009, 51.59548], [0.011884993143390579, 51.59758000069144], [0.01697999266595372, 51.6040650012788], [0.0199, 51.607310000000005], [0.022330000000000003, 51.61056000000001], [0.02569, 51.616510000000005], [0.027530000000000002, 51.62013], [0.029390000000000003, 51.62639000000001], [0.03225, 51.63468], [0.03389, 51.64065], [0.03688, 51.648970000000006], [0.03928, 51.65541], [0.04280499482646939, 51.66000500085934], [0.04818, 51.66534000000001], [0.05828978016529634, 51.67222006228712], [0.06286, 51.675340000000006], [0.06939000000000001, 51.67907], [0.07675000000000001, 51.68375], [0.08527999172315381, 51.687235004016074], [0.09539997144438417, 51.691535015982296], [0.10376499635676825, 51.69475500124846], [0.11023000000000001, 51.697990000000004], [0.11546000000000001, 51.70172], [0.11927000000000001, 51.705180000000006], [0.1312249890949637, 51.70862000538637], [0.14038, 51.711670000000005], [0.14916000000000001, 51.71298], [0.15843000000000002, 51.712540000000004], [0.16572, 51.714650000000006], [0.16815000000000002, 51.717360000000006], [0.17653000000000002, 51.71945], [0.18107, 51.72382], [0.18291000000000002, 51.72688], [0.18554, 51.73228], [0.18700000000000003, 51.73702], [0.19214, 51.74219], [0.19794, 51.744550000000004], [0.20313, 51.746590000000005], [0.20648999583773595, 51.74904500346337], [0.20890000000000003, 51.75184], [0.20922000000000002, 51.75473], [0.21367000000000003, 51.76041000000001], [0.21504999588434442, 51.76334500034994], [0.21783000000000002, 51.767720000000004], [0.21677000000000002, 51.77143], [0.21987, 51.77302], [0.22268000000000002, 51.77664000000001], [0.22665000000000002, 51.77816000000001], [0.23068000000000002, 51.78083], [0.23401000000000002, 51.78065], [0.23950000000000002, 51.78088], [0.24669000000000002, 51.778690000000005], [0.25616, 51.779860000000006], [0.25962, 51.78213], [0.26146, 51.78544], [0.26298000000000005, 51.790090000000006], [0.26683, 51.792120000000004], [0.26621, 51.79587], [0.26968000000000003, 51.79894], [0.2786800012692931, 51.79763500306081], [0.28649000625807125, 51.79396000132229], [0.29272000000000004, 51.79084], [0.2928, 51.78501000000001], [0.29171, 51.77937000000001], [0.28848, 51.77562], [0.28595000000000004, 51.7704], [0.28362000000000004, 51.76812], [0.27922, 51.765710000000006], [0.2772, 51.75977], [0.27713000000000004, 51.75439], [0.27853, 51.75074000000001], [0.27834000000000003, 51.74537], [0.27444, 51.740140000000004], [0.26776, 51.73834], [0.26365, 51.73368000000001], [0.25841000000000003, 51.730790000000006], [0.25483, 51.725280000000005], [0.25286000000000003, 51.722950000000004], [0.25068, 51.719840000000005], [0.24591000000000002, 51.71589], [0.24534000000000003, 51.71266000000001], [0.24467000000000003, 51.709810000000004], [0.24562000000000003, 51.70459], [0.24281000000000003, 51.700540000000004], [0.24352000000000001, 51.696450000000006], [0.23968000000000003, 51.69173000000001], [0.23419, 51.688430000000004], [0.23120000000000002, 51.68381], [0.227, 51.680400000000006], [0.21718, 51.678000000000004], [0.20883997342399485, 51.6728025053895], [0.20127, 51.66724000000001], [0.1925566416866449, 51.66441001092215], [0.18324000000000001, 51.660900000000005], [0.17511000000000002, 51.65737000000001], [0.17233, 51.6548], [0.16915000000000002, 51.64934], [0.16574000000000003, 51.645830000000004], [0.1638, 51.64155], [0.15812, 51.63808], [0.15208000000000002, 51.63711000000001], [0.14801, 51.63613], [0.14320500101322525, 51.63369000332412], [0.13851000000000002, 51.63239], [0.13413, 51.62888], [0.1275, 51.624430000000004], [0.11962, 51.621590000000005], [0.1103449908911381, 51.618580005560275], [0.0995, 51.61618000000001], [0.08921000000000001, 51.61269000000001], [0.08098000000000001, 51.610400000000006], [0.0706949992053345, 51.60853000481534], [0.05852, 51.60681], [0.05156, 51.60567], [0.04395, 51.601240000000004], [0.03999332330954899, 51.59816333435677], [0.03764, 51.59384000000001], [0.03431, 51.59095000000001], [0.02833, 51.58812], [0.025039998211652682, 51.58318999995861], [0.020390000000000002, 51.581860000000006], [0.01790333500956184, 51.58323668420526], [0.006920000000000001, 51.58352000000001], [0.00158, 51.581700000000005], [-0.0054800000000000005, 51.579150000000006], [-0.01119, 51.576710000000006], [-0.015580000000000002, 51.573440000000005], [-0.025290000000000003, 51.57032], [-0.034980000000000004, 51.566610000000004], [-0.043210013828465586, 51.56322000635742], [-0.046380000000000005, 51.562020000000004], [-0.05303000000000001, 51.55901], [-0.05627000000000001, 51.558260000000004], [-0.05532, 51.558460000000004], [-0.05568000000000001, 51.55800000000001]]}}, {"type": "Feature", "properties": {"id": "3201968352973324530", "name": "Blackmore 85km", "link": "https://www.strava.com/routes/3201968352973324530", "distance_km": 85, "source": "HV-signed", "region": "Essex", "route_type": "Road", "cafe": "Norton Heath Cafe (cash preferred) or Blackmore", "notes": ""}, "geometry": {"type": "LineString", "coordinates": [[-0.055970000000000006, 51.558020000000006], [-0.05519, 51.55861], [-0.04628, 51.56204], [-0.037480000000000006, 51.565690000000004], [-0.03054, 51.56844], [-0.023730009740012305, 51.5709350053271], [-0.014960000000000001, 51.573890000000006], [-0.01135, 51.576690000000006], [-0.0056700000000000006, 51.57918], [0.00034, 51.581700000000005], [0.0056700000000000006, 51.58386], [0.006900000000000001, 51.587610000000005], [0.010220000000000002, 51.594300000000004], [0.010920000000000001, 51.596320000000006], [0.015073310164318864, 51.60192000397347], [0.01982, 51.60708], [0.024, 51.61280000000001], [0.026310000000000004, 51.6176], [0.029229995863848862, 51.621925000841095], [0.03365, 51.628150000000005], [0.03895499523222796, 51.634980000719175], [0.04169000563993696, 51.64065500271388], [0.044550000000000006, 51.64607], [0.04914, 51.65028], [0.055830000000000005, 51.651700000000005], [0.059980000000000006, 51.654740000000004], [0.06277, 51.65973], [0.0679, 51.661300000000004], [0.07823000000000001, 51.661440000000006], [0.0841650044185125, 51.66339000532234], [0.09070998381190641, 51.667113336901174], [0.09604000000000001, 51.6711], [0.10354000000000001, 51.670570000000005], [0.11063, 51.668670000000006], [0.11635499854359316, 51.67019500241563], [0.12605000000000002, 51.67123], [0.12946000000000002, 51.672920000000005], [0.13124000000000002, 51.676500000000004], [0.12978, 51.68197000000001], [0.13549, 51.68786000000001], [0.14087000000000002, 51.68871000000001], [0.14676, 51.69109], [0.15330000000000002, 51.69142], [0.15951, 51.69285000000001], [0.16696000000000003, 51.69876000000001], [0.1761, 51.697950000000006], [0.18344000000000002, 51.69854], [0.19198, 51.69896000000001], [0.19345, 51.70353000000001], [0.19989659601231224, 51.7066100442589], [0.20382500101092846, 51.71128500011565], [0.2047533354177843, 51.715863333343975], [0.20545499584585944, 51.719925000081005], [0.20645000000000002, 51.725480000000005], [0.2129, 51.72894], [0.20929, 51.730900000000005], [0.21177, 51.73319000000001], [0.21153000000000002, 51.736560000000004], [0.21464000000000003, 51.738200000000006], [0.22008000000000003, 51.74033000000001], [0.22663000000000003, 51.74094], [0.23399000000000003, 51.743210000000005], [0.23998000000000003, 51.741960000000006], [0.24721, 51.742920000000005], [0.25374, 51.74009], [0.25897000000000003, 51.73776], [0.26495, 51.73758], [0.27248, 51.73912000000001], [0.27629000000000004, 51.73774], [0.2827, 51.737010000000005], [0.28683000000000003, 51.73991], [0.28895000000000004, 51.74183000000001], [0.29660000000000003, 51.741080000000004], [0.30072000000000004, 51.738800000000005], [0.30709000000000003, 51.74114], [0.31569, 51.738670000000006], [0.32080000000000003, 51.734460000000006], [0.32736000000000004, 51.731880000000004], [0.32505, 51.72807], [0.3198050025959187, 51.72615000377854], [0.31268, 51.728500000000004], [0.31111000000000005, 51.724900000000005], [0.31441, 51.721590000000006], [0.31654000000000004, 51.71847], [0.31615000000000004, 51.712830000000004], [0.32178, 51.7083], [0.32538, 51.70523000000001], [0.32275000000000004, 51.701660000000004], [0.32064000000000004, 51.69599], [0.31513, 51.69169], [0.3089, 51.68784], [0.3057799950454242, 51.68320000107239], [0.29711000000000004, 51.678520000000006], [0.29140000000000005, 51.67447000000001], [0.28626499251572285, 51.669830002359596], [0.2786499953042373, 51.66850500219804], [0.26943, 51.666990000000006], [0.25805, 51.666470000000004], [0.25007, 51.66302], [0.24273000000000003, 51.663030000000006], [0.23613, 51.664370000000005], [0.22906, 51.66006], [0.22198, 51.655080000000005], [0.21833000000000002, 51.652420000000006], [0.21348999461674287, 51.65135500238598], [0.20636000000000002, 51.649], [0.20192000000000002, 51.642010000000006], [0.19617, 51.63647], [0.18858000000000003, 51.630480000000006], [0.18207, 51.62836], [0.17503000000000002, 51.63138000000001], [0.17016, 51.627770000000005], [0.16161, 51.63096], [0.15178000000000003, 51.63264], [0.14669000000000001, 51.633500000000005], [0.13875, 51.63290000000001], [0.1329699864910191, 51.628153336710575], [0.12386998453499151, 51.62303334112748], [0.11419000000000001, 51.61981], [0.10284000000000001, 51.617090000000005], [0.09382000000000001, 51.614020000000004], [0.0825949947844429, 51.61090000263476], [0.07176, 51.608560000000004], [0.060674997386549565, 51.60688000745843], [0.051710000000000006, 51.60569], [0.04395, 51.601240000000004], [0.03931334834657049, 51.60182334468222], [0.026860000000000002, 51.60502], [0.022670000000000003, 51.60803000000001], [0.018940000000000002, 51.60624000000001], [0.017004991963042754, 51.60409500140942], [0.011540000000000002, 51.59666000000001], [0.0103, 51.59425], [0.00676, 51.58701000000001], [0.0054800000000000005, 51.5835], [-0.0009500176044687568, 51.58097667383123], [-0.00674, 51.578430000000004], [-0.012750000000000001, 51.575410000000005], [-0.017570000000000002, 51.57265], [-0.025210000000000003, 51.570260000000005], [-0.03433, 51.566770000000005], [-0.04252, 51.563430000000004], [-0.04753, 51.561350000000004], [-0.055880000000000006, 51.55778], [-0.055970000000000006, 51.558020000000006]]}}, {"type": "Feature", "properties": {"id": "3209584649168997346", "name": "Calpe: Coll de Rates (shorter)", "link": "https://www.strava.com/routes/3209584649168997346", "distance_km": 87, "source": "HV-signed", "region": "Hub Velo trips", "route_type": "Road", "cafe": "", "notes": ""}, "geometry": {"type": "LineString", "coordinates": [[0.14872000000000002, 38.779340000000005], [0.14253000030722301, 38.77531500300599], [0.13193000000000002, 38.77523], [0.12340602043972401, 38.775508116201365], [0.10901000000000001, 38.777420000000006], [0.09521002775917843, 38.78205002711466], [0.09112, 38.78267], [0.08592248670322483, 38.77857500407014], [0.080520001595023, 38.77445000141692], [0.07303999833284355, 38.77460500274067], [0.06721, 38.77384], [0.05951000000000001, 38.770210000000006], [0.05453, 38.76662], [0.049190000000000005, 38.76415], [0.043864998046655154, 38.76033500030435], [0.03833, 38.758810000000004], [0.03311999672865535, 38.755475001338304], [0.02467, 38.75318], [0.023780000000000003, 38.74918], [0.023930000000000003, 38.747040000000005], [0.024380000000000002, 38.74557], [0.020960000000000003, 38.745430000000006], [0.018940000000000002, 38.74322], [0.01564, 38.74233], [0.01037, 38.74179], [0.00423, 38.74322], [-0.00651, 38.741820000000004], [-0.01352, 38.74271], [-0.01956, 38.74447], [-0.026459997806074432, 38.74665500416802], [-0.03377, 38.748020000000004], [-0.04161, 38.749680000000005], [-0.04426, 38.74814000000001], [-0.05294, 38.74513], [-0.06152000167097998, 38.74397000121688], [-0.07017502275693466, 38.74266500725033], [-0.07150000000000001, 38.73743], [-0.06879, 38.73471], [-0.06744, 38.73239], [-0.06736499817367028, 38.73074500258162], [-0.06997, 38.73174], [-0.07166, 38.73422], [-0.07491, 38.732670000000006], [-0.07541, 38.73127], [-0.07789, 38.731030000000004], [-0.07272999867405607, 38.72855500134081], [-0.06845000000000001, 38.72648], [-0.06414, 38.724450000000004], [-0.0585, 38.72464], [-0.057030000000000004, 38.7248], [-0.06307, 38.7227], [-0.06747, 38.719710000000006], [-0.0732, 38.717870000000005], [-0.07588, 38.716640000000005], [-0.0791, 38.71604000000001], [-0.08193, 38.7149], [-0.08607000000000001, 38.713860000000004], [-0.08977, 38.71244], [-0.09413, 38.711890000000004], [-0.09824000000000001, 38.711780000000005], [-0.0976, 38.71003], [-0.10032, 38.708130000000004], [-0.10368000000000001, 38.707330000000006], [-0.10784, 38.7064], [-0.10683000000000001, 38.70284], [-0.10498, 38.701170000000005], [-0.10214000000000001, 38.698150000000005], [-0.10490000000000001, 38.700390000000006], [-0.10744000000000001, 38.70058], [-0.1097, 38.703950000000006], [-0.11192, 38.708960000000005], [-0.11116000000000001, 38.71208], [-0.11779, 38.714040000000004], [-0.12273, 38.71558], [-0.13069, 38.7164], [-0.13491, 38.716840000000005], [-0.14349, 38.717690000000005], [-0.15104, 38.7181], [-0.15828, 38.717270000000006], [-0.16466, 38.71698000000001], [-0.16733, 38.71741], [-0.16922, 38.71676], [-0.17016, 38.71584], [-0.17085, 38.71434], [-0.17349, 38.712610000000005], [-0.18030000000000002, 38.714490000000005], [-0.18326, 38.71558], [-0.18229, 38.717060000000004], [-0.18724000000000002, 38.718900000000005], [-0.19306, 38.720710000000004], [-0.195, 38.72339], [-0.19769, 38.728750000000005], [-0.19858, 38.73349], [-0.19875, 38.73859], [-0.19531, 38.74047], [-0.19086, 38.74389], [-0.18681, 38.747110000000006], [-0.18332, 38.750040000000006], [-0.17800000000000002, 38.75188], [-0.17008, 38.75193], [-0.16328999927667207, 38.75233500392693], [-0.15673, 38.75088], [-0.15278, 38.753690000000006], [-0.14196, 38.75556], [-0.1366, 38.75468], [-0.12783499897266679, 38.755955005022884], [-0.11789499753421365, 38.75490500107893], [-0.10974, 38.75358000000001], [-0.10511000000000001, 38.750960000000006], [-0.10087, 38.752430000000004], [-0.09405000000000001, 38.751000000000005], [-0.08646000000000001, 38.74833], [-0.08139, 38.74571], [-0.07427, 38.743700000000004], [-0.06647999773479665, 38.74369500202996], [-0.058093338150985385, 38.74467333756236], [-0.04897000640086913, 38.7472866719631], [-0.04259, 38.75085], [-0.03656, 38.749520000000004], [-0.029580000000000002, 38.74739], [-0.020630000000000003, 38.74497], [-0.014140000000000002, 38.742630000000005], [-0.007730000000000001, 38.74185000000001], [0.0041, 38.74307], [0.010060000000000001, 38.741690000000006], [0.015240000000000002, 38.74231], [0.018940000000000002, 38.74322], [0.020960000000000003, 38.745430000000006], [0.024380000000000002, 38.74557], [0.023930000000000003, 38.747040000000005], [0.023780000000000003, 38.74918], [0.02467, 38.75318], [0.033119997014259085, 38.755475001527884], [0.03833, 38.758810000000004], [0.043864998005203305, 38.76033500020708], [0.049190000000000005, 38.76415], [0.05453, 38.76662], [0.05951000000000001, 38.770210000000006], [0.06721, 38.77384], [0.07303999819017767, 38.77460500271303], [0.08052000149498488, 38.77445000144969], [0.0859224868937426, 38.77857500425646], [0.08951, 38.781780000000005], [0.09929005736436307, 38.78078005639054], [0.11334000000000001, 38.776300000000006], [0.12767, 38.77528], [0.13632428259366028, 38.7752986331345], [0.14337000000000003, 38.775290000000005], [0.14833000000000002, 38.77906]]}}, {"type": "Feature", "properties": {"id": "3184662757535348226", "name": "HVCC RotFL ’22", "link": "https://www.strava.com/routes/3184662757535348226", "distance_km": 88, "source": "HV-signed", "region": "Essex", "route_type": "Gravel", "cafe": "High Beech", "notes": ""}, "geometry": {"type": "LineString", "coordinates": [[-0.048440000000000004, 51.560970000000005], [-0.042730000000000004, 51.564730000000004], [-0.04964499652299699, 51.567125001036175], [-0.05455, 51.57061], [-0.05552000000000001, 51.57291000000001], [-0.053810000000000004, 51.574720000000006], [-0.04481, 51.57918], [-0.04145, 51.585280000000004], [-0.038325002109841584, 51.58743000379084], [-0.03104, 51.58881], [-0.026500000000000003, 51.58990000000001], [-0.01582, 51.58995], [-0.010010000000000002, 51.59047], [0.0007300000000000001, 51.59263000000001], [0.0068200000000000005, 51.59532], [0.01084, 51.5992], [0.01518, 51.603030000000004], [0.01802, 51.60524], [0.02128, 51.60911], [0.02934, 51.61399], [0.035590000000000004, 51.61692000000001], [0.03799, 51.61918000000001], [0.04265, 51.624030000000005], [0.0519, 51.62736], [0.057530000000000005, 51.63161], [0.06548000000000001, 51.63383], [0.06943, 51.635380000000005], [0.06846000000000001, 51.63649], [0.07386000000000001, 51.63533], [0.0809, 51.62939], [0.08358, 51.62876000000001], [0.09138, 51.623850000000004], [0.09605000000000001, 51.619440000000004], [0.10059000000000001, 51.616550000000004], [0.11453, 51.619910000000004], [0.12003000000000001, 51.618990000000004], [0.12576, 51.618750000000006], [0.13359000000000001, 51.62274000000001], [0.1371, 51.62416], [0.14557, 51.62472], [0.15439, 51.623450000000005], [0.1624900000443535, 51.61966500856476], [0.16990000000000002, 51.61574], [0.18048, 51.61636000000001], [0.18629, 51.61628], [0.195716664774802, 51.61660667488017], [0.2049166801254032, 51.614100003050055], [0.20847000000000002, 51.61043], [0.21481000000000003, 51.61426], [0.21857000000000001, 51.61204000000001], [0.22338000000000002, 51.60848000000001], [0.23370999519502034, 51.611435001440924], [0.23874, 51.6146], [0.23260000000000003, 51.61984], [0.23836000000000002, 51.624970000000005], [0.24878000000000003, 51.626020000000004], [0.25815000000000005, 51.62630000000001], [0.25882, 51.630790000000005], [0.26597000000000004, 51.63472], [0.26836499955520937, 51.6386550000764], [0.27698, 51.63962], [0.27453, 51.64425000000001], [0.27176, 51.64822], [0.2725, 51.651050000000005], [0.27505, 51.65527], [0.27376, 51.65865], [0.27240000000000003, 51.66326], [0.27226, 51.66818000000001], [0.27258000000000004, 51.673610000000004], [0.26975000000000005, 51.680260000000004], [0.26342000000000004, 51.6837], [0.26286000000000004, 51.684490000000004], [0.26089, 51.68544000000001], [0.25899, 51.68639], [0.25915000000000005, 51.687070000000006], [0.25409000000000004, 51.689130000000006], [0.24766000000000002, 51.69454], [0.24368, 51.69742], [0.23988, 51.700750000000006], [0.23596000000000003, 51.702290000000005], [0.22769000000000003, 51.70369], [0.21613000000000002, 51.70286], [0.20861000000000002, 51.70494000000001], [0.20003998628913788, 51.70669667519966], [0.19362000000000001, 51.70337000000001], [0.18841000000000002, 51.70553], [0.18948999834003818, 51.71198500018817], [0.18311499941059947, 51.71352500250824], [0.17846, 51.711180000000006], [0.17036, 51.707370000000004], [0.16436, 51.707660000000004], [0.16218000000000002, 51.70485000000001], [0.15578, 51.70186], [0.14747000000000002, 51.70239], [0.13924, 51.70597000000001], [0.13235000000000002, 51.70906], [0.11894, 51.705000000000005], [0.11090000000000001, 51.69861], [0.10429000000000001, 51.695080000000004], [0.09345499420913246, 51.69082500294142], [0.081, 51.685660000000006], [0.08373000000000001, 51.685010000000005], [0.08628000000000001, 51.68309000000001], [0.07711000000000001, 51.68144], [0.07356, 51.680080000000004], [0.06851, 51.67909], [0.06365000000000001, 51.67736000000001], [0.06087000000000001, 51.675200000000004], [0.04884999656501387, 51.67203500197151], [0.04399, 51.668780000000005], [0.03964, 51.66545000000001], [0.034, 51.66203], [0.036460000000000006, 51.658660000000005], [0.03504, 51.655570000000004], [0.031720000000000005, 51.652440000000006], [0.028880000000000003, 51.65053], [0.027370000000000002, 51.646620000000006], [0.024950000000000003, 51.64349000000001], [0.02443, 51.640550000000005], [0.023670000000000004, 51.636610000000005], [0.0251, 51.63315000000001], [0.021040000000000003, 51.62801], [0.01939, 51.62379000000001], [0.016700000000000003, 51.62023000000001], [0.012400000000000001, 51.617430000000006], [0.00893, 51.6146], [0.00901, 51.61043], [0.01068, 51.606770000000004], [0.008140000000000001, 51.60275000000001], [0.00453, 51.601090000000006], [0.00417, 51.598890000000004], [0.005790000000000001, 51.59637000000001], [0.00615, 51.59378], [0.006030000000000001, 51.589650000000006], [0.00464, 51.586600000000004], [-0.004866677539342269, 51.58616334990693], [-0.01238, 51.58435000000001], [-0.01632, 51.581410000000005], [-0.020870000000000003, 51.579550000000005], [-0.02935, 51.57629000000001], [-0.036120000000000006, 51.576950000000004], [-0.0403833234651776, 51.57886333465179], [-0.05084, 51.57724], [-0.054150000000000004, 51.57443000000001], [-0.05632, 51.571290000000005], [-0.05263, 51.568580000000004], [-0.046860000000000006, 51.56429000000001], [-0.04673, 51.56221000000001], [-0.049830004970203505, 51.56045000242942], [-0.05571, 51.55745], [-0.0558, 51.556960000000004]]}}, {"type": "Feature", "properties": {"id": "3209590609844720610", "name": "Calpe: Vall d'Ebo (shorter)", "link": "https://www.strava.com/routes/3209590609844720610", "distance_km": 90, "source": "HV-signed", "region": "Hub Velo trips", "route_type": "Road", "cafe": "Blanca Bikes, Parcent - 66km", "notes": ""}, "geometry": {"type": "LineString", "coordinates": [[0.15884, 38.78448], [0.15961, 38.784960000000005], [0.15697000000000003, 38.788250000000005], [0.16169, 38.79215000000001], [0.16045, 38.79449], [0.15954000000000002, 38.7929], [0.157, 38.79471], [0.15716000000000002, 38.79912], [0.15848, 38.80035], [0.15785000000000002, 38.802330000000005], [0.15454, 38.807700000000004], [0.15188000000000001, 38.810970000000005], [0.14770000000000003, 38.8138], [0.14468, 38.817060000000005], [0.14650000000000002, 38.816210000000005], [0.14850000000000002, 38.8162], [0.14564000000000002, 38.817840000000004], [0.14013, 38.8207], [0.13726000000000002, 38.82536], [0.13297, 38.83059], [0.12458000330035351, 38.833210002076406], [0.11979000000000001, 38.835100000000004], [0.11579, 38.837920000000004], [0.11220000000000001, 38.84084], [0.10693000000000001, 38.84564], [0.10772000000000001, 38.84646], [0.09936, 38.84156], [0.09527000000000001, 38.842530000000004], [0.08332, 38.84487], [0.07588, 38.84749], [0.06733, 38.850350000000006], [0.056810000000000006, 38.85078], [0.04445, 38.85099], [0.033170000000000005, 38.84827000000001], [0.023960000000000002, 38.848180000000006], [0.01668, 38.851490000000005], [0.011750000000000002, 38.8511], [0.0062900000000000005, 38.851760000000006], [0.0018300000000000002, 38.85345], [-0.005536663533505891, 38.853773341081975], [-0.0176, 38.85405], [-0.024520000000000004, 38.85267], [-0.03259, 38.85324000000001], [-0.03812999815112722, 38.852250001323014], [-0.04535, 38.85275], [-0.055440024376545806, 38.85167504812249], [-0.07004, 38.84937], [-0.08325410715255965, 38.847495549699254], [-0.08952, 38.843810000000005], [-0.09334, 38.83825], [-0.09778, 38.83574], [-0.10175000000000001, 38.8335], [-0.10444748187499538, 38.831650010148635], [-0.10916000000000001, 38.83297], [-0.10937000000000001, 38.83211], [-0.10553000000000001, 38.82898], [-0.10859, 38.826890000000006], [-0.11027, 38.82733], [-0.10769000000000001, 38.82584000000001], [-0.11289, 38.82576], [-0.11278, 38.825480000000006], [-0.10842, 38.82294], [-0.10877, 38.82133], [-0.11239, 38.819880000000005], [-0.11586, 38.819390000000006], [-0.12097000000000001, 38.819970000000005], [-0.12212, 38.8179], [-0.1199, 38.818630000000006], [-0.11833, 38.816300000000005], [-0.12291, 38.81463], [-0.12661, 38.816460000000006], [-0.12803, 38.81754], [-0.13208, 38.812870000000004], [-0.13514499952116749, 38.81086000152127], [-0.13874, 38.80973], [-0.13699, 38.811460000000004], [-0.14185, 38.81138], [-0.14499, 38.810990000000004], [-0.15265, 38.8096], [-0.15903, 38.807550000000006], [-0.16032000000000002, 38.80435000000001], [-0.16289, 38.80172], [-0.16545, 38.799780000000005], [-0.16863, 38.7963], [-0.1716900020642384, 38.791845000696966], [-0.17497000000000001, 38.78853], [-0.17677, 38.78725], [-0.18073, 38.784470000000006], [-0.18418, 38.7815], [-0.18706, 38.777460000000005], [-0.19162, 38.774170000000005], [-0.19559, 38.77091], [-0.19447, 38.768420000000006], [-0.19278, 38.765130000000006], [-0.19062, 38.763180000000006], [-0.18834, 38.76098], [-0.1854, 38.7593], [-0.18157, 38.75911], [-0.17399665949928733, 38.756690003818356], [-0.17275000000000001, 38.75285], [-0.1683, 38.751920000000005], [-0.16042, 38.75166], [-0.15573, 38.752790000000005], [-0.14761001726527853, 38.75408504611319], [-0.1393, 38.75596], [-0.13452, 38.755230000000005], [-0.12363666785354946, 38.75594000508877], [-0.11521, 38.753910000000005], [-0.10862000000000001, 38.75302000000001], [-0.10494, 38.75153], [-0.09899000000000001, 38.75186], [-0.09123, 38.74994], [-0.08468499757495257, 38.74708000081714], [-0.07903, 38.74475], [-0.07148, 38.743770000000005], [-0.06331500243531878, 38.74352500397916], [-0.05405000000000001, 38.745020000000004], [-0.04598666737160964, 38.74803333856222], [-0.04079, 38.752840000000006], [-0.03459, 38.7573], [-0.028640000000000002, 38.762710000000006], [-0.025830000000000002, 38.765750000000004], [-0.01981, 38.76915], [-0.01238, 38.7689], [-0.011260000000000001, 38.766630000000006], [-0.0097, 38.76831000000001], [-0.0064, 38.7723], [-0.0024500000000000004, 38.77338], [0.00391, 38.777680000000004], [0.011330000000000002, 38.78087], [0.016700000000000003, 38.78539000000001], [0.020970000000000003, 38.78759], [0.024279996577993377, 38.7899950022687], [0.030414987775270734, 38.79515500210255], [0.03676, 38.7948], [0.04403000000000001, 38.791050000000006], [0.05176000000000001, 38.788560000000004], [0.059370000000000006, 38.78696], [0.06906000000000001, 38.787000000000006], [0.07480500631296817, 38.78646500374978], [0.07920333061581486, 38.783906672223225], [0.08465, 38.78459], [0.09142, 38.782900000000005], [0.10386500910599031, 38.77933500872937], [0.11701, 38.775850000000005], [0.13071000000000002, 38.775040000000004], [0.14052, 38.775290000000005], [0.1453, 38.775850000000005], [0.15106, 38.779720000000005], [0.15643, 38.78267], [0.15831, 38.784240000000004]]}}, {"type": "Feature", "properties": {"id": "3202754050120527416", "name": "Fyfield and Norton Heath", "link": "https://www.strava.com/routes/3202754050120527416", "distance_km": 90, "source": "HV-signed", "region": "Essex", "route_type": "Road", "cafe": "Norton Heath Cafe (cash preferred) or Blackmore", "notes": ""}, "geometry": {"type": "LineString", "coordinates": [[-0.055970000000000006, 51.558020000000006], [-0.054860000000000006, 51.55857], [-0.04576, 51.562090000000005], [-0.044320000000000005, 51.562740000000005], [-0.03574, 51.566370000000006], [-0.028770000000000004, 51.569010000000006], [-0.020630000000000003, 51.57190000000001], [-0.01471, 51.573980000000006], [-0.00979500588286959, 51.577180003939034], [-0.00547, 51.57914], [-0.00038, 51.58135000000001], [0.005770000000000001, 51.583870000000005], [0.006540000000000001, 51.58625000000001], [0.008729988927369516, 51.5912733343753], [0.010020000000000001, 51.595710000000004], [0.01268, 51.59908], [0.017109991927879913, 51.60419500147199], [0.020479995546885715, 51.607940000589785], [0.024460000000000003, 51.61363000000001], [0.026740000000000003, 51.61856], [0.02155000373814091, 51.625270000599755], [0.016210000000000002, 51.630160000000004], [0.0119, 51.6343], [0.012490000000000001, 51.63982000000001], [0.008960000000000001, 51.646190000000004], [0.00598, 51.651430000000005], [0.00092, 51.653710000000004], [-0.00493, 51.65791], [-0.0018800000000000002, 51.663430000000005], [0.0004900000000000001, 51.66657000000001], [0.010395006618114584, 51.66208500174096], [0.01905, 51.66257], [0.026310000000000004, 51.66149000000001], [0.03467, 51.66308], [0.041990000000000006, 51.66725], [0.05048499431067888, 51.67251000371851], [0.061020000000000005, 51.675290000000004], [0.064695000705385, 51.67524000244343], [0.0737, 51.67622], [0.08296000690907314, 51.674675003694645], [0.09332500525720497, 51.672865008033675], [0.10312, 51.67060000000001], [0.11080000000000001, 51.66848], [0.11912, 51.67065], [0.1262, 51.67154000000001], [0.13217, 51.67329], [0.12952000000000002, 51.68061], [0.13356, 51.68594], [0.14037000000000002, 51.68894], [0.14700000000000002, 51.69133000000001], [0.1549, 51.691010000000006], [0.16278, 51.695460000000004], [0.17073000000000002, 51.69832], [0.1821, 51.698750000000004], [0.19198, 51.69896000000001], [0.19256, 51.704060000000005], [0.20388, 51.70799], [0.20364000000000002, 51.712480000000006], [0.20534000000000002, 51.71734000000001], [0.2058, 51.72399000000001], [0.21134000000000003, 51.726940000000006], [0.20921, 51.73073], [0.21126000000000003, 51.73333], [0.21211000000000002, 51.73698], [0.21887, 51.739020000000004], [0.22436000000000003, 51.74035000000001], [0.23265000000000002, 51.74345], [0.2398, 51.741980000000005], [0.24751, 51.74277000000001], [0.25519000000000003, 51.738780000000006], [0.26174000000000003, 51.73781], [0.26675000000000004, 51.73780000000001], [0.27296000000000004, 51.73796], [0.27921, 51.73794], [0.28697, 51.738060000000004], [0.2881, 51.741580000000006], [0.29660000000000003, 51.741080000000004], [0.30186, 51.73941000000001], [0.31039, 51.740660000000005], [0.31736000000000003, 51.73633], [0.32683, 51.73368000000001], [0.32718, 51.729310000000005], [0.32213, 51.725640000000006], [0.31347, 51.72822000000001], [0.31116000000000005, 51.724560000000004], [0.31558, 51.721360000000004], [0.31645, 51.715830000000004], [0.31868, 51.710640000000005], [0.32538, 51.7062], [0.32308000000000003, 51.70255], [0.32064000000000004, 51.69599], [0.31759000000000004, 51.692690000000006], [0.31031000000000003, 51.68867], [0.30631, 51.68361], [0.29643, 51.67808], [0.29139000000000004, 51.67367], [0.28364, 51.667860000000005], [0.27632, 51.663250000000005], [0.2705999890809763, 51.65972666810319], [0.26121, 51.65773], [0.25826000000000005, 51.65435], [0.25361, 51.6501], [0.24705998060240658, 51.64997251656223], [0.24000500240282313, 51.647475000447336], [0.23732000000000003, 51.64481000000001], [0.22934999202005785, 51.64142500522515], [0.21951999638941555, 51.63747000271212], [0.21117999730807163, 51.634310002307956], [0.19825, 51.631330000000005], [0.1876599987120225, 51.62906000032078], [0.1794750067758298, 51.629545002625704], [0.17147, 51.629760000000005], [0.16724000000000003, 51.628080000000004], [0.15726, 51.632090000000005], [0.14892000000000002, 51.6332], [0.1393, 51.63402000000001], [0.13360000000000002, 51.628640000000004], [0.12291, 51.62267000000001], [0.1123649934993368, 51.61922000377815], [0.10059000000000001, 51.616550000000004], [0.08893000000000001, 51.61260000000001], [0.0789066615284845, 51.61017334246727], [0.06780497896577728, 51.60816001912563], [0.055700000000000006, 51.606410000000004], [0.046790000000000005, 51.60378000000001], [0.04209, 51.60117], [0.027170000000000003, 51.604910000000004], [0.021120000000000003, 51.60849], [0.01871, 51.605700000000006], [0.016530000000000003, 51.60356], [0.01237, 51.59855], [0.011630000000000001, 51.595130000000005], [0.007736659559228369, 51.58929000061795], [0.00651, 51.585530000000006], [0.00398, 51.58278000000001], [0.00068, 51.58146000000001], [-0.0036100000000000004, 51.57988], [-0.008150000000000001, 51.577670000000005], [-0.014180000000000002, 51.57441000000001], [-0.02059, 51.571920000000006], [-0.029640005687387685, 51.568715003201866], [-0.035100000000000006, 51.56647], [-0.04212500385070986, 51.56369000159959], [-0.044890000000000006, 51.562430000000006], [-0.04787003048032716, 51.56121501362639], [-0.05595000000000001, 51.557860000000005]]}}, {"type": "Feature", "properties": {"id": "3201920331414205050", "name": "Matching Green 90km", "link": "https://www.strava.com/routes/3201920331414205050", "distance_km": 90, "source": "HV-signed", "region": "Essex", "route_type": "Road", "cafe": "", "notes": ""}, "geometry": {"type": "LineString", "coordinates": [[-0.05464, 51.558620000000005], [-0.04449, 51.562850000000005], [-0.03547, 51.56658], [-0.026690008825582943, 51.569840004511825], [-0.01963, 51.57227], [-0.012750000000000001, 51.57556], [-0.0072900000000000005, 51.57811], [-0.00059, 51.58135000000001], [0.00442, 51.583220000000004], [0.0064800000000000005, 51.586360000000006], [0.01, 51.59393000000001], [0.010560000000000002, 51.59617], [0.015423320605884121, 51.602313335466285], [0.019790000000000002, 51.60716000000001], [0.02289, 51.611200000000004], [0.026260000000000002, 51.61750000000001], [0.029229995863848862, 51.621925000841095], [0.033934997191207426, 51.628595000324424], [0.03989499215351192, 51.63618000120298], [0.04848, 51.64175], [0.05348999635488956, 51.645770000705205], [0.059640000000000006, 51.651410000000006], [0.06704, 51.656330000000004], [0.07064000000000001, 51.65784000000001], [0.07718665505603614, 51.660160002227926], [0.08073000000000001, 51.663990000000005], [0.08902, 51.665490000000005], [0.09514, 51.670440000000006], [0.10081000000000001, 51.671420000000005], [0.10926000000000001, 51.66958], [0.11516000000000001, 51.67006000000001], [0.12606, 51.671240000000004], [0.12952000000000002, 51.67289], [0.13359000483196512, 51.67028500060046], [0.13515000000000002, 51.66514], [0.14046, 51.664390000000004], [0.14980000000000002, 51.66358], [0.15973, 51.66181], [0.170870005281591, 51.658985002104025], [0.17627, 51.65863], [0.17111, 51.66019000000001], [0.17228000000000002, 51.666410000000006], [0.17257499783593702, 51.67217000020953], [0.17457, 51.675290000000004], [0.17956000000000003, 51.67759], [0.17744000000000001, 51.68254], [0.17548000000000002, 51.688250000000004], [0.17218000000000003, 51.69107], [0.1688449990265919, 51.694515000051304], [0.16944, 51.698310000000006], [0.18048, 51.69868], [0.19138000000000002, 51.69858000000001], [0.19362000000000001, 51.70313], [0.19742, 51.705850000000005], [0.20391, 51.71074], [0.20474000140904178, 51.71595499998728], [0.20553999382621205, 51.72083500012025], [0.20634000000000002, 51.725460000000005], [0.2129, 51.72894], [0.22087, 51.72805], [0.22143000000000002, 51.732040000000005], [0.22278, 51.735150000000004], [0.21884, 51.739020000000004], [0.22367, 51.740590000000005], [0.23215000000000002, 51.743230000000004], [0.23778000000000002, 51.745900000000006], [0.23697000000000001, 51.749700000000004], [0.23838, 51.75426], [0.23662500726863375, 51.758355000972095], [0.23900000000000002, 51.761950000000006], [0.23616, 51.766630000000006], [0.23251000000000002, 51.77089], [0.22935000000000003, 51.77456], [0.2217349969773702, 51.777695003085306], [0.21283000000000002, 51.777240000000006], [0.20345000000000002, 51.77656], [0.19823000000000002, 51.776500000000006], [0.19464, 51.779270000000004], [0.18748, 51.77797], [0.18779, 51.774840000000005], [0.19071000000000002, 51.77134], [0.19715000000000002, 51.76883], [0.20144, 51.76671], [0.20099999580690464, 51.760485000640514], [0.19484, 51.758880000000005], [0.19058000000000003, 51.756170000000004], [0.18572000000000002, 51.75345], [0.18172000000000002, 51.7501], [0.17757, 51.74683], [0.18581, 51.744670000000006], [0.19317, 51.74295000000001], [0.18752499377696658, 51.73755500116199], [0.18563000000000002, 51.73185], [0.18211000000000002, 51.725680000000004], [0.17995000000000003, 51.722750000000005], [0.1729379729617924, 51.71866002024505], [0.16678, 51.715920000000004], [0.15918000000000002, 51.71251], [0.14916000000000001, 51.71298], [0.13857, 51.71085000000001], [0.13539, 51.706030000000005], [0.13362000000000002, 51.70174], [0.13247, 51.69679000000001], [0.13332000000000002, 51.694370000000006], [0.13311, 51.68909000000001], [0.13393000000000002, 51.68623], [0.12948, 51.68112000000001], [0.13173, 51.674490000000006], [0.13444, 51.66921000000001], [0.13509000000000002, 51.66472], [0.12684, 51.662130000000005], [0.12374000000000002, 51.658640000000005], [0.11645000000000001, 51.654270000000004], [0.11795000000000001, 51.65039], [0.11986000000000001, 51.64464], [0.12689, 51.639230000000005], [0.13168000000000002, 51.6343], [0.13299, 51.63089], [0.1308624732424071, 51.62649250751452], [0.12107499518392291, 51.62209000313009], [0.1103449908911381, 51.618580005560275], [0.097684994801017, 51.61530000254813], [0.08696000000000001, 51.61197000000001], [0.07545, 51.60933000000001], [0.062000000000000006, 51.606970000000004], [0.05156, 51.60567], [0.043280000000000006, 51.600840000000005], [0.03592500640624081, 51.60267500487636], [0.02560000312992771, 51.6060300004192], [0.020434995003606078, 51.607920000772964], [0.01853, 51.60483000000001], [0.013094994882520658, 51.59965000061055], [0.011940000000000001, 51.595290000000006], [0.00734, 51.58847], [0.006070000000000001, 51.583890000000004], [0.00021, 51.58147], [-0.00674, 51.578430000000004], [-0.01289, 51.57517000000001], [-0.01845000416051365, 51.572445003245726], [-0.026575008816767567, 51.56974000469535], [-0.03534, 51.5664], [-0.044820000000000006, 51.56246], [-0.053200000000000004, 51.55895], [-0.056260000000000004, 51.55866], [-0.055170000000000004, 51.558600000000006]]}}, {"type": "Feature", "properties": {"id": "3197143653716776046", "name": "HVCC Strade ’24 GRAVEL Lunga", "link": "https://www.strava.com/routes/3197143653716776046", "distance_km": 95, "source": "HV-signed", "region": "Essex", "route_type": "Gravel", "cafe": "Blackmore Cafe", "notes": ""}, "geometry": {"type": "LineString", "coordinates": [[-0.05587, 51.5574], [-0.055470000000000005, 51.55866], [-0.049120000000000004, 51.56087], [-0.040290000000000006, 51.56465000000001], [-0.032010011449314896, 51.5679033390374], [-0.02545, 51.570350000000005], [-0.01574, 51.573420000000006], [-0.01118, 51.57679], [-0.0032400000000000003, 51.580070000000006], [0.00367, 51.58285000000001], [0.00644, 51.586180000000006], [0.009930000000000001, 51.594], [0.01017, 51.595600000000005], [0.011884995572649472, 51.597735000375074], [0.01753, 51.604670000000006], [0.02093, 51.608700000000006], [0.028140000000000002, 51.61403000000001], [0.035280000000000006, 51.61681], [0.039610000000000006, 51.617380000000004], [0.04415, 51.621790000000004], [0.043210000000000005, 51.62771000000001], [0.038180000000000006, 51.6323], [0.04140499005547954, 51.6379200018443], [0.04158499333800974, 51.64337500143793], [0.04866, 51.650110000000005], [0.056560000000000006, 51.65169], [0.05963, 51.65514], [0.06597, 51.66219], [0.07403000000000001, 51.660920000000004], [0.07880000000000001, 51.66339000000001], [0.08851, 51.66492], [0.09539, 51.67071000000001], [0.09393000000000001, 51.67380000000001], [0.09241, 51.681050000000006], [0.09574, 51.685810000000004], [0.09814, 51.689130000000006], [0.10966000000000001, 51.688340000000004], [0.11663000000000001, 51.687670000000004], [0.12679, 51.68851], [0.13312000000000002, 51.69453000000001], [0.13329000000000002, 51.69865000000001], [0.13453, 51.702630000000006], [0.13324, 51.709390000000006], [0.14411999727049, 51.712710003554555], [0.15770000173061144, 51.71263000222741], [0.16652, 51.715430000000005], [0.17403000000000002, 51.71894], [0.18099, 51.723620000000004], [0.18473, 51.728790000000004], [0.18638999738781434, 51.73521999990527], [0.19214, 51.74219], [0.19665000000000002, 51.7394], [0.19947, 51.733880000000006], [0.20168000790420756, 51.7269266677454], [0.20739000000000002, 51.7297], [0.20987000000000003, 51.72538], [0.20571, 51.723710000000004], [0.20468000000000003, 51.717200000000005], [0.2038250010374381, 51.711284999945676], [0.20861000000000002, 51.70494000000001], [0.21699000123686304, 51.702820003117026], [0.22929000000000002, 51.70376], [0.23683, 51.70129000000001], [0.24212000000000003, 51.70051], [0.24369000000000002, 51.697210000000005], [0.25246, 51.696580000000004], [0.25838, 51.697010000000006], [0.26064000000000004, 51.70121], [0.26443, 51.705290000000005], [0.26379, 51.71012], [0.26766, 51.713770000000004], [0.27889, 51.71549], [0.28553, 51.718], [0.29316000000000003, 51.71806], [0.30536, 51.718650000000004], [0.31384, 51.71614], [0.31573, 51.721230000000006], [0.31125, 51.724410000000006], [0.31347, 51.72822000000001], [0.32213, 51.725640000000006], [0.32829, 51.7293], [0.33939, 51.72749], [0.3425, 51.722930000000005], [0.35133000000000003, 51.726350000000004], [0.35141000000000006, 51.73171000000001], [0.35535000000000005, 51.736940000000004], [0.36324, 51.73838000000001], [0.37020000000000003, 51.731910000000006], [0.3732549995313714, 51.72522500016093], [0.37109000000000003, 51.720150000000004], [0.37696, 51.717400000000005], [0.3744749949819713, 51.710875001790015], [0.36190331810991844, 51.70846334653176], [0.35443, 51.70266], [0.34534000000000004, 51.69614000000001], [0.33783, 51.694520000000004], [0.32432000000000005, 51.69393], [0.32107, 51.69182000000001], [0.32086000000000003, 51.68762], [0.32095, 51.681400000000004], [0.3196566678733495, 51.6758533438565], [0.30843999960107155, 51.67493000542274], [0.30027000000000004, 51.67499], [0.28947499318692615, 51.67156000243143], [0.2798849955123874, 51.66504000119373], [0.27197000000000005, 51.661440000000006], [0.26259000000000005, 51.65762], [0.257, 51.651810000000005], [0.2473524772904955, 51.650032519512365], [0.24023000000000003, 51.64697], [0.23389000000000001, 51.64331000000001], [0.2235099936482589, 51.63894000209053], [0.21318, 51.63526], [0.20330999844625916, 51.63164500314675], [0.19004000000000001, 51.631130000000006], [0.18237, 51.628240000000005], [0.17503000000000002, 51.63138000000001], [0.16724000000000003, 51.628080000000004], [0.15619000000000002, 51.63219], [0.14891000000000001, 51.633190000000006], [0.13932, 51.633990000000004], [0.13628, 51.62948], [0.12687999620543794, 51.62417000153123], [0.11549000000000001, 51.62012000000001], [0.10059000000000001, 51.616550000000004], [0.08818000000000001, 51.612320000000004], [0.07611499635488389, 51.60957000183173], [0.060846662479066393, 51.60689001129213], [0.05475000000000001, 51.60607], [0.043280000000000006, 51.600880000000004], [0.03824, 51.595150000000004], [0.034940000000000006, 51.591300000000004], [0.027770000000000003, 51.58728000000001], [0.02254, 51.58408000000001], [0.01407750306212452, 51.58327502229243], [0.00442, 51.583220000000004], [-0.0018300168469663372, 51.5805633401791], [-0.007200000000000001, 51.578010000000006], [-0.014620000000000001, 51.574020000000004], [-0.02475, 51.57038000000001], [-0.03452, 51.56669], [-0.044820000000000006, 51.56246], [-0.0537900031486419, 51.55874000223881], [-0.05587, 51.557430000000004]]}}, {"type": "Feature", "properties": {"id": "3204539529753347394", "name": "95km to Southend on Sea (train back from Westcliff)", "link": "https://www.strava.com/routes/3204539529753347394", "distance_km": 95, "source": "HV-signed", "region": "Essex", "route_type": "Road", "cafe": "Hanningfield Reservoir Cafe (50km), Westcliff Fish and Chips", "notes": "Advisory: busy, fast, narrow road between Lower Nazeing and Waltham Abbey."}, "geometry": {"type": "LineString", "coordinates": [[-0.05587, 51.55744000000001], [-0.05578, 51.558800000000005], [-0.05398500297381378, 51.55877000264916], [-0.045880000000000004, 51.56208], [-0.03943804076533756, 51.56480001793177], [-0.030350000000000002, 51.56841000000001], [-0.02035, 51.57199000000001], [-0.012960000000000001, 51.575250000000004], [-0.0072900000000000005, 51.57811], [-0.0020700000000000002, 51.5805], [0.005540000000000001, 51.583690000000004], [0.00676, 51.58701000000001], [0.01, 51.59393000000001], [0.010560000000000002, 51.59617], [0.014920000000000001, 51.60174000000001], [0.01934499572525144, 51.6066750008081], [0.02363, 51.607730000000004], [0.0279, 51.6047], [0.04128000287876829, 51.60135000286089], [0.045810000000000003, 51.602790000000006], [0.055130000000000005, 51.60618], [0.06649394862799499, 51.60787204769096], [0.07787000000000001, 51.610060000000004], [0.08769, 51.612170000000006], [0.09844000000000001, 51.61563], [0.10756, 51.61782], [0.11549000000000001, 51.62012000000001], [0.12596000000000002, 51.6238], [0.13384000000000001, 51.62876000000001], [0.13797, 51.63185000000001], [0.1434400051543055, 51.633670015983775], [0.14950000000000002, 51.63299000000001], [0.15726, 51.632090000000005], [0.16632000000000002, 51.62892], [0.17147, 51.629760000000005], [0.17787500703964784, 51.63032500279078], [0.18505000000000002, 51.62769], [0.1907, 51.631530000000005], [0.19802999394924695, 51.63764500140769], [0.20293499343621949, 51.64337500177852], [0.20771, 51.650420000000004], [0.21537, 51.65216], [0.21971499276550566, 51.65289000313726], [0.22387, 51.65576], [0.23046000000000003, 51.660630000000005], [0.23644, 51.66433000000001], [0.24417000489738, 51.66248500339507], [0.25106, 51.663000000000004], [0.25924, 51.666410000000006], [0.268, 51.66745], [0.27632, 51.667280000000005], [0.28347, 51.669740000000004], [0.29184000000000004, 51.67293], [0.2998, 51.6704], [0.30685, 51.671710000000004], [0.3137000049151661, 51.66751000144348], [0.32296, 51.66414], [0.332, 51.66384000000001], [0.33912000000000003, 51.661190000000005], [0.3493566675290733, 51.65872667862303], [0.35571, 51.65565], [0.35984500436451883, 51.652730002437565], [0.36749000000000004, 51.65147], [0.37459000000000003, 51.652890000000006], [0.38199000000000005, 51.652730000000005], [0.39141000000000004, 51.65283], [0.39671, 51.652660000000004], [0.39855, 51.655440000000006], [0.4035, 51.660470000000004], [0.40973000000000004, 51.65993], [0.4161, 51.65836], [0.42516000000000004, 51.65659], [0.43409000000000003, 51.65818], [0.43725, 51.66105], [0.44266000000000005, 51.663340000000005], [0.45360007882554587, 51.66126506759156], [0.46453000116630916, 51.65929000359718], [0.46937000000000006, 51.654650000000004], [0.47444000000000003, 51.65193000000001], [0.47967668852948525, 51.647776674255056], [0.49197, 51.64598], [0.5039800000000001, 51.643080000000005], [0.5104000000000001, 51.64424], [0.5184300000000001, 51.64578], [0.5239, 51.645610000000005], [0.5324800000000001, 51.64405000000001], [0.53927, 51.643010000000004], [0.5504800000000001, 51.64435], [0.5556500000000001, 51.641420000000004], [0.5580925203643652, 51.63623750222607], [0.56037, 51.62970000000001], [0.56072, 51.627990000000004], [0.5636000000000001, 51.62474], [0.57072, 51.62283000000001], [0.58003, 51.621500000000005], [0.5896300000000001, 51.62089], [0.5975950044120716, 51.619760000758724], [0.60662, 51.61748000000001], [0.61085, 51.61688], [0.6228, 51.61731], [0.632510002753791, 51.617265017441554], [0.6437450002446967, 51.617670002550156], [0.6510400000000001, 51.61834], [0.65841, 51.61984], [0.6649, 51.62136], [0.6695300000000001, 51.61923], [0.67305, 51.61683000000001], [0.6785800000000001, 51.61488000000001], [0.6869400000000001, 51.613620000000004], [0.6954400000000001, 51.613060000000004], [0.7041000000000001, 51.61356000000001], [0.70828, 51.60999], [0.71204, 51.60269], [0.713465001557916, 51.594395000040514], [0.71308, 51.58789], [0.7119649924875062, 51.58471500073729], [0.7071200000000001, 51.58124], [0.70735, 51.57865], [0.7111700000000001, 51.574360000000006], [0.71886, 51.57307], [0.7307333483490611, 51.570803346259126], [0.73599, 51.56524], [0.7461350009069343, 51.56442000268359], [0.75151, 51.562630000000006], [0.75719, 51.56092], [0.7635050045169203, 51.560935004294755], [0.7722300000000001, 51.559160000000006], [0.785853336218383, 51.557103341721266], [0.792, 51.55366], [0.8021050029762526, 51.553015005663546], [0.81027, 51.552640000000004], [0.81135, 51.54843], [0.8118500000000001, 51.54527], [0.80461, 51.54187], [0.79983, 51.53633000000001], [0.79561, 51.53027], [0.7941, 51.52713000000001], [0.7872300000000001, 51.522220000000004], [0.7772800000000001, 51.522510000000004], [0.77422, 51.52432], [0.7661166800040932, 51.526303345886035], [0.7548000071247511, 51.52899500697287], [0.7437233312123163, 51.530213343562615], [0.732210005777838, 51.5302300078474], [0.7230700000000001, 51.532770000000006], [0.7140800018300086, 51.53325334200888], [0.7021050012745654, 51.53356000327824], [0.6924800000000001, 51.53519000000001], [0.6946100000000001, 51.53640000000001], [0.6900400000000001, 51.537490000000005], [0.69169, 51.537180000000006]]}}, {"type": "Feature", "properties": {"id": "3204519631427918580", "name": "The perfect Essex 100km", "link": "https://www.strava.com/routes/3204519631427918580", "distance_km": 98, "source": "HV-signed", "region": "Essex", "route_type": "Road", "cafe": "Bake House", "notes": "Recommended for faster riders"}, "geometry": {"type": "LineString", "coordinates": [[-0.05598, 51.55803], [-0.054860000000000006, 51.55857], [-0.04437000000000001, 51.562740000000005], [-0.0342, 51.566970000000005], [-0.02035, 51.57199000000001], [-0.01119, 51.576710000000006], [-0.0026400000000000004, 51.580180000000006], [0.005540000000000001, 51.583690000000004], [0.0071600000000000006, 51.58804000000001], [0.01041, 51.59481], [0.011884993143390579, 51.59758000069144], [0.01796, 51.60501000000001], [0.02116, 51.6088], [0.024880000000000003, 51.61459000000001], [0.027530000000000002, 51.62013], [0.03228, 51.6261], [0.038290000000000005, 51.634100000000004], [0.04169000563993696, 51.64065500271388], [0.045380000000000004, 51.64663], [0.05067000000000001, 51.650600000000004], [0.05748, 51.652530000000006], [0.060837479819098046, 51.65635750204014], [0.06641500349184387, 51.66165000007977], [0.07635, 51.66030000000001], [0.07909000000000001, 51.663560000000004], [0.08851, 51.66492], [0.09514, 51.670440000000006], [0.10144500416378335, 51.671115001765685], [0.11045, 51.668820000000004], [0.11723000000000001, 51.670260000000006], [0.12611, 51.67208], [0.13223000000000001, 51.67304000000001], [0.12992500434324325, 51.679585000200355], [0.13322, 51.68562000000001], [0.13946, 51.689220000000006], [0.14569000000000001, 51.6899], [0.15374000000000002, 51.69133000000001], [0.16153, 51.69446000000001], [0.16906000000000002, 51.698370000000004], [0.18048, 51.69868], [0.19154000000000002, 51.698640000000005], [0.19362000000000001, 51.70337000000001], [0.20003998586454844, 51.706696675066624], [0.20362000000000002, 51.712160000000004], [0.20534000000000002, 51.71734000000001], [0.20561000000000001, 51.72375], [0.20987000000000003, 51.72538], [0.20886000000000002, 51.730070000000005], [0.21238, 51.73293], [0.21153000000000002, 51.736560000000004], [0.21825000000000003, 51.738910000000004], [0.22310000000000002, 51.740640000000006], [0.23215000000000002, 51.743230000000004], [0.23846000000000003, 51.742290000000004], [0.24715, 51.74293], [0.25413, 51.73984], [0.26091000000000003, 51.73776], [0.26776, 51.73834], [0.27430000000000004, 51.737700000000004], [0.28073000000000004, 51.73742000000001], [0.28683000000000003, 51.73991], [0.2897, 51.74197], [0.29677000000000003, 51.74009], [0.30511000000000005, 51.74053000000001], [0.3134650026666432, 51.73999500308413], [0.31838000000000005, 51.7353], [0.3272500012213131, 51.73238000003126], [0.3318600020790018, 51.72864000229627], [0.33914000000000005, 51.726510000000005], [0.34336000000000005, 51.72265], [0.35147, 51.7265], [0.35141000000000006, 51.73171000000001], [0.35484000000000004, 51.73662], [0.36257, 51.73879], [0.36967000000000005, 51.73355], [0.3729000045795122, 51.726880000499264], [0.37158, 51.721410000000006], [0.37452, 51.71828000000001], [0.37814000000000003, 51.713330000000006], [0.3666799989896655, 51.70977000351438], [0.36486000022695475, 51.70359500001977], [0.36511000000000005, 51.697610000000005], [0.37273, 51.693650000000005], [0.37096, 51.690110000000004], [0.36919, 51.685500000000005], [0.37235, 51.68025], [0.36799000000000004, 51.68000000000001], [0.36054, 51.68332], [0.35272000000000003, 51.683820000000004], [0.34677, 51.68280000000001], [0.33928, 51.68399], [0.3276599970849751, 51.68412500393637], [0.32096, 51.684430000000006], [0.32069000000000003, 51.690070000000006], [0.31723, 51.69247000000001], [0.30902, 51.68798], [0.3047199961233299, 51.682465000927344], [0.29955000000000004, 51.67815], [0.29843000000000003, 51.674850000000006], [0.28872000000000003, 51.671150000000004], [0.28001499640788197, 51.669035001676626], [0.2716433292261858, 51.66719667706346], [0.26318499543835816, 51.666890004549565], [0.25206, 51.663850000000004], [0.24417000512018178, 51.66248500333122], [0.23613, 51.664370000000005], [0.22786, 51.6604], [0.22084, 51.65429], [0.21635000000000001, 51.652390000000004], [0.20833000000000002, 51.650710000000004], [0.20293499325919076, 51.6433750016461], [0.19639, 51.63658], [0.18814, 51.63017000000001], [0.18116000000000002, 51.628870000000006], [0.17433499666360838, 51.63116000206226], [0.16724000000000003, 51.628080000000004], [0.15726, 51.632090000000005], [0.14930000000000002, 51.63315000000001], [0.14149, 51.63394], [0.13668000000000002, 51.62975], [0.12856, 51.62491000000001], [0.11707000000000001, 51.620810000000006], [0.10413000000000001, 51.61731], [0.09151496628946859, 51.613355022584585], [0.08098000000000001, 51.610400000000006], [0.06780497896577728, 51.60816001912563], [0.055700000000000006, 51.606410000000004], [0.04506498952529995, 51.60215000237965], [0.03815668174930016, 51.60211667799801], [0.02594, 51.60562], [0.020434995003606078, 51.607920000772964], [0.01837, 51.604820000000004], [0.013094994882520658, 51.59965000061055], [0.011630000000000001, 51.595130000000005], [0.006960000000000001, 51.58755000000001], [0.00464, 51.58308], [-0.0034800000000000005, 51.57987000000001], [-0.0071400000000000005, 51.578160000000004], [-0.01348, 51.57491], [-0.020540000000000003, 51.57188000000001], [-0.030350000000000002, 51.56841000000001], [-0.03495, 51.566520000000004], [-0.04437000000000001, 51.562740000000005], [-0.049050003579075394, 51.56070500157056], [-0.055810000000000005, 51.557]]}}, {"type": "Feature", "properties": {"id": "3201958260394047730", "name": "Herts and Essex loop - via Mayfield Bakery", "link": "https://www.strava.com/routes/3201958260394047730", "distance_km": 98, "source": "HV-signed", "region": "Essex", "route_type": "Road", "cafe": "Mayfield Bakery (60km, closed Monday)", "notes": ""}, "geometry": {"type": "LineString", "coordinates": [[-0.0558, 51.548790000000004], [-0.056040000000000006, 51.554370000000006], [-0.05637, 51.558440000000004], [-0.05084002582729383, 51.55994334514476], [-0.04222503482735753, 51.56383001593888], [-0.0332850119770305, 51.567410005971595], [-0.023730009740012305, 51.5709350053271], [-0.01404, 51.57448], [-0.007690000000000001, 51.577850000000005], [-0.00059, 51.58135000000001], [0.0056700000000000006, 51.58386], [0.00757665794114022, 51.589116667476176], [0.01024, 51.595240000000004], [0.013059995806076636, 51.599610000712204], [0.01888, 51.60627], [0.02289, 51.611200000000004], [0.026310000000000004, 51.6176], [0.030229994922203983, 51.6231250005957], [0.03645, 51.63177], [0.04363, 51.63985], [0.05253000000000001, 51.64475], [0.059640000000000006, 51.651410000000006], [0.06713000000000001, 51.656650000000006], [0.07308, 51.6578], [0.07824, 51.661680000000004], [0.08665499547377646, 51.66352000221401], [0.09442, 51.669650000000004], [0.09471, 51.672850000000004], [0.09172000000000001, 51.67942000000001], [0.09568, 51.68509], [0.09655000000000001, 51.689350000000005], [0.09926000000000001, 51.694030000000005], [0.09811, 51.698910000000005], [0.09624, 51.703100000000006], [0.0927, 51.70886], [0.09087, 51.71475], [0.09100000000000001, 51.71983], [0.0862349953367936, 51.7213950055672], [0.07957, 51.7203], [0.07928, 51.72626], [0.07609, 51.73028000000001], [0.07705000000000001, 51.73536000000001], [0.07531, 51.739900000000006], [0.0647600064426603, 51.74368000548472], [0.05815000000000001, 51.74895000000001], [0.056260000000000004, 51.75112000000001], [0.05362, 51.75582000000001], [0.045570000000000006, 51.756310000000006], [0.040810000000000006, 51.76026], [0.03975, 51.764540000000004], [0.039020000000000006, 51.76935], [0.03799, 51.773900000000005], [0.0349, 51.77729], [0.02893, 51.780530000000006], [0.020016691890832456, 51.78361667515563], [0.0171, 51.78821000000001], [0.02211, 51.792590000000004], [0.030560000000000004, 51.79545], [0.04322, 51.79701000000001], [0.05072499716099923, 51.8024250007791], [0.054580000000000004, 51.807500000000005], [0.05494, 51.81094], [0.055810000000000005, 51.81588000000001], [0.059430000000000004, 51.819630000000004], [0.05929, 51.823730000000005], [0.06451000000000001, 51.830940000000005], [0.07316, 51.83156], [0.08510000000000001, 51.83099000000001], [0.08837, 51.832390000000004], [0.08713000000000001, 51.83681000000001], [0.08349000000000001, 51.841440000000006], [0.08743000000000001, 51.843900000000005], [0.09674999342775903, 51.8463250055418], [0.10574000000000001, 51.84651], [0.11507, 51.84136], [0.11156, 51.83314000000001], [0.11721000000000001, 51.82721], [0.12242000000000001, 51.82368], [0.12279000000000001, 51.8181], [0.13077, 51.81870000000001], [0.14177, 51.81662000000001], [0.15267, 51.8147], [0.16191000000000003, 51.814550000000004], [0.16229000000000002, 51.809870000000004], [0.16157000000000002, 51.80577], [0.15875, 51.80185], [0.15761, 51.79599], [0.15891000000000002, 51.791880000000006], [0.16032000000000002, 51.79021], [0.15673, 51.787650000000006], [0.15666000000000002, 51.78764], [0.14967000000000003, 51.785720000000005], [0.14898, 51.781960000000005], [0.15395, 51.778980000000004], [0.15876, 51.77357000000001], [0.16494, 51.770160000000004], [0.16891, 51.76348], [0.17929, 51.760070000000006], [0.18822000000000003, 51.757310000000004], [0.18661000000000003, 51.755340000000004], [0.18242000000000003, 51.75056000000001], [0.17757, 51.74683], [0.18827000000000002, 51.74484], [0.19113000000000002, 51.7417], [0.18617, 51.73471000000001], [0.18403498902296994, 51.72808000198747], [0.18078000000000002, 51.723470000000006], [0.17403000000000002, 51.71894], [0.16652, 51.715430000000005], [0.15770000117460653, 51.712630002295946], [0.14411999784766927, 51.712710003629844], [0.13324, 51.709390000000006], [0.11894, 51.705000000000005], [0.11058000000000001, 51.69832], [0.1037649961031278, 51.694755001091444], [0.09202999616602905, 51.69021000153301], [0.07895, 51.68478], [0.06875, 51.67875], [0.062310000000000004, 51.674960000000006], [0.054340000000000006, 51.673590000000004], [0.044770000000000004, 51.66962], [0.039790000000000006, 51.664460000000005], [0.036460000000000006, 51.658660000000005], [0.039630000000000006, 51.655750000000005], [0.03724, 51.6499], [0.033740000000000006, 51.63974], [0.030595685360239266, 51.62992285904686], [0.027800000000000002, 51.62073], [0.02511, 51.614830000000005], [0.021070000000000002, 51.60869], [0.01853, 51.60483000000001], [0.012280000000000001, 51.59837], [0.0103, 51.59425], [0.00650500028617677, 51.58549000000146], [0.00205, 51.581790000000005], [-0.00587, 51.578900000000004], [-0.012750000000000001, 51.575410000000005], [-0.01997, 51.57206000000001], [-0.030350000000000002, 51.56841000000001], [-0.040080000000000005, 51.56452], [-0.04753, 51.561350000000004], [-0.05566, 51.556540000000005], [-0.058620000000000005, 51.551300000000005]]}}, {"type": "Feature", "properties": {"id": "3202528426772628816", "name": "Hatfield Heath and Cammas Hall", "link": "https://www.strava.com/routes/3202528426772628816", "distance_km": 100, "source": "HV-signed", "region": "Essex", "route_type": "Road", "cafe": "Cammas Hall (closed Winter) or Hatfield Heath", "notes": ""}, "geometry": {"type": "LineString", "coordinates": [[-0.05577000000000001, 51.55682], [-0.05562, 51.55875], [-0.04603, 51.56213], [-0.03773334569830452, 51.5655900059417], [-0.030090000000000002, 51.568630000000006], [-0.02126, 51.571760000000005], [-0.01301, 51.575320000000005], [-0.00961, 51.577290000000005], [-0.0014000059722003976, 51.58091000217085], [0.0056700000000000006, 51.58386], [0.007896658626739987, 51.58979000066082], [0.01024, 51.595240000000004], [0.01237, 51.59855], [0.01802, 51.60524], [0.023430000000000003, 51.611940000000004], [0.026310000000000004, 51.6176], [0.02885, 51.62463], [0.03225, 51.63468], [0.034620000000000005, 51.64274], [0.03828, 51.65272], [0.03697, 51.65731], [0.037790000000000004, 51.66248], [0.042, 51.66725], [0.04746, 51.67165000000001], [0.059460000000000006, 51.67486], [0.06644, 51.6777], [0.07588, 51.68328], [0.08734998826202126, 51.688090004964025], [0.10023000000000001, 51.69324], [0.10998000000000001, 51.69773000000001], [0.115969995577312, 51.702110001083554], [0.12355000000000001, 51.706430000000005], [0.1369733230495324, 51.71040667443762], [0.14916000000000001, 51.71298], [0.16133, 51.71276], [0.16769, 51.716680000000004], [0.17731000000000002, 51.72001], [0.18101, 51.72408], [0.18550000000000003, 51.73067], [0.18685000000000002, 51.7368], [0.1932, 51.742830000000005], [0.20155, 51.745020000000004], [0.20448000000000002, 51.74870000000001], [0.20904, 51.75209], [0.21081000000000003, 51.757130000000004], [0.21480000000000002, 51.761880000000005], [0.21761000000000003, 51.767590000000006], [0.21689000000000003, 51.77163], [0.22088000000000002, 51.77451000000001], [0.22366000000000003, 51.778110000000005], [0.22137, 51.78417], [0.21866000000000002, 51.78754000000001], [0.21419000000000002, 51.79325000000001], [0.21013, 51.798730000000006], [0.21102, 51.804410000000004], [0.21237000000000003, 51.809490000000004], [0.21202000000000001, 51.813570000000006], [0.21613000000000002, 51.81853], [0.22261499670429416, 51.822460001577475], [0.23202000000000003, 51.824850000000005], [0.24116, 51.826330000000006], [0.24700000000000003, 51.82734000000001], [0.2553350076264634, 51.82498500224072], [0.26029, 51.81786], [0.26823999902195506, 51.81473500020567], [0.27024000000000004, 51.81233], [0.26869000000000004, 51.807550000000006], [0.26518, 51.80445], [0.26545, 51.79722], [0.26999, 51.791410000000006], [0.27283, 51.789190000000005], [0.27735000000000004, 51.786770000000004], [0.27844, 51.781850000000006], [0.2803750045539312, 51.777130002875424], [0.28597, 51.771010000000004], [0.28778000000000004, 51.76785], [0.29011000000000003, 51.76189], [0.29642, 51.758210000000005], [0.30138000000000004, 51.756280000000004], [0.30500000000000005, 51.75009000000001], [0.30991, 51.74721], [0.31216000000000005, 51.744110000000006], [0.3134650026666432, 51.73999500308413], [0.31838000000000005, 51.7353], [0.3272500012213131, 51.73238000003126], [0.32485, 51.72762], [0.31764000509398443, 51.726610003335914], [0.31114, 51.72816], [0.31284, 51.723000000000006], [0.31602, 51.72001], [0.31595, 51.71303], [0.32318, 51.707530000000006], [0.32398000000000005, 51.70411000000001], [0.32149499573573537, 51.697795000332555], [0.31723, 51.69247000000001], [0.30923, 51.68815000000001], [0.3057799950454242, 51.68320000107239], [0.29618, 51.677820000000004], [0.29212000000000005, 51.673140000000004], [0.2828, 51.66998], [0.27434000000000003, 51.66736], [0.26630000000000004, 51.66736], [0.25456999567741506, 51.665175001178], [0.24628000000000003, 51.661880000000004], [0.23710500499416162, 51.66401000173449], [0.22949000000000003, 51.659960000000005], [0.22144000000000003, 51.654790000000006], [0.21735000000000002, 51.65238], [0.21029499906302485, 51.65091500446477], [0.20417000000000002, 51.64448], [0.19787331717097123, 51.63760333824602], [0.1907, 51.631530000000005], [0.18358000000000002, 51.627970000000005], [0.17561000000000002, 51.63145], [0.17044, 51.62782000000001], [0.160650005629024, 51.6312350039687], [0.14962, 51.632630000000006], [0.1451, 51.63355000000001], [0.13797, 51.63185000000001], [0.13241498921887077, 51.62765000271341], [0.12290247788790826, 51.62269501207554], [0.11149, 51.61894], [0.09844000000000001, 51.61563], [0.08696000000000001, 51.61197000000001], [0.07469499659886558, 51.609125002423546], [0.05935000000000001, 51.606790000000004], [0.049210000000000004, 51.605030000000006], [0.042350000000000006, 51.60027], [0.037630000000000004, 51.59438], [0.03542, 51.59167000000001], [0.028049997446357208, 51.58770000038535], [0.023680000000000003, 51.58462], [0.010805003777161759, 51.58340502882996], [0.0015400000000000001, 51.5816], [-0.0052300087224518895, 51.57915500438967], [-0.01111, 51.5767], [-0.01651, 51.57300000000001], [-0.02553, 51.570130000000006], [-0.03638001379469495, 51.566030006425116], [-0.045880000000000004, 51.56208], [-0.055420000000000004, 51.558220000000006], [-0.05537, 51.556110000000004]]}}, {"type": "Feature", "properties": {"id": "3184906898810317398", "name": "HVCC Strade ’22", "link": "https://www.strava.com/routes/3184906898810317398", "distance_km": 100, "source": "HV-signed", "region": "Essex", "route_type": "Gravel", "cafe": "", "notes": ""}, "geometry": {"type": "LineString", "coordinates": [[-0.0558, 51.556960000000004], [-0.05519, 51.55861], [-0.04916, 51.56085], [-0.041257526070072756, 51.56424001197572], [-0.03228335358949945, 51.56779667686586], [-0.02261, 51.57133], [-0.012990000000000002, 51.575320000000005], [-0.007500000000000001, 51.577940000000005], [-0.00028000000000000003, 51.58151], [0.00566, 51.58388000000001], [0.00768332258566374, 51.589180000968426], [0.01009, 51.59548], [0.01339, 51.60005], [0.01934499572525144, 51.6066750008081], [0.02289, 51.611200000000004], [0.03121, 51.61469], [0.03742, 51.617740000000005], [0.040560000000000006, 51.62147], [0.043340000000000004, 51.626940000000005], [0.03774, 51.63212000000001], [0.03624, 51.634800000000006], [0.03812, 51.638360000000006], [0.039650000000000005, 51.64155], [0.03688, 51.64770000000001], [0.04118, 51.64779000000001], [0.045180000000000005, 51.651720000000005], [0.0519, 51.65692000000001], [0.05321000000000001, 51.66125], [0.05917000000000001, 51.66255], [0.06412000000000001, 51.667770000000004], [0.06942000000000001, 51.67015000000001], [0.07255, 51.674170000000004], [0.07507000000000001, 51.67911], [0.08014, 51.6824], [0.09047000000000001, 51.68529], [0.09670000000000001, 51.68873000000001], [0.10704000000000001, 51.68898], [0.11541000000000001, 51.68804], [0.12314000000000001, 51.688570000000006], [0.12655000000000002, 51.692800000000005], [0.13204000000000002, 51.694990000000004], [0.1408466730481948, 51.6928500105899], [0.15312, 51.69144000000001], [0.16062, 51.693760000000005], [0.16252000000000003, 51.69982], [0.16194, 51.70713000000001], [0.16228, 51.712900000000005], [0.17016, 51.71544], [0.17886000000000002, 51.713260000000005], [0.18655000000000002, 51.71332], [0.189359999096875, 51.70850499966966], [0.19189, 51.70165], [0.2015, 51.69849000000001], [0.20617000000000002, 51.69755000000001], [0.21166000000000001, 51.693470000000005], [0.21614000000000003, 51.68923], [0.22185000000000002, 51.68853000000001], [0.22949000000000003, 51.69422], [0.23658, 51.69814], [0.24013, 51.700810000000004], [0.24524, 51.70324], [0.24931000000000003, 51.70881000000001], [0.25596, 51.70910000000001], [0.26420000000000005, 51.71047], [0.26786000000000004, 51.714150000000004], [0.28048, 51.71582], [0.28502, 51.71782], [0.28368000000000004, 51.72167], [0.29747, 51.72148000000001], [0.2969, 51.724030000000006], [0.29994000000000004, 51.727900000000005], [0.3068050005836973, 51.72978500229175], [0.31451, 51.727830000000004], [0.32333, 51.725590000000004], [0.33113000000000004, 51.72878000000001], [0.33914000000000005, 51.726510000000005], [0.34366, 51.72261], [0.34232, 51.718340000000005], [0.3439350033269964, 51.70900000023157], [0.3484733446920314, 51.69976333507233], [0.35595000000000004, 51.69306], [0.35179000000000005, 51.689080000000004], [0.34423000000000004, 51.686080000000004], [0.33302000000000004, 51.68424], [0.32198000000000004, 51.68238], [0.32117, 51.68894], [0.31884, 51.69257], [0.31199000000000005, 51.689490000000006], [0.30704000000000004, 51.68439000000001], [0.29704, 51.67851], [0.28986, 51.67331], [0.2770649927394278, 51.66772000234187], [0.27121, 51.66541], [0.26318499543835816, 51.666890004549565], [0.2518, 51.66368000000001], [0.24273000000000003, 51.663030000000006], [0.23537000000000002, 51.66378], [0.22672, 51.65794], [0.22056, 51.653290000000005], [0.22190000199564164, 51.64788499992608], [0.22681, 51.645630000000004], [0.22824000000000003, 51.6411], [0.21783000000000002, 51.637060000000005], [0.20787499450086233, 51.633300002278254], [0.19565000285806386, 51.631425003315066], [0.18860000000000002, 51.626520000000006], [0.18657, 51.622620000000005], [0.18285, 51.617610000000006], [0.17633000000000001, 51.61614], [0.16478499433657134, 51.61686000017032], [0.15687, 51.622060000000005], [0.14752, 51.62319], [0.138334998712853, 51.62407500261823], [0.13399, 51.62301], [0.12576, 51.618750000000006], [0.12941, 51.61551000000001], [0.12996000000000002, 51.61281], [0.12589565336286024, 51.6098200267386], [0.11672665062240795, 51.60310667388946], [0.10725395113667036, 51.6000240324368], [0.10697000000000001, 51.596000000000004], [0.10611000000000001, 51.594840000000005], [0.10438000000000001, 51.59196000000001], [0.09856000000000001, 51.590860000000006], [0.0966, 51.587320000000005], [0.08939000000000001, 51.58648], [0.085, 51.584010000000006], [0.08230000000000001, 51.58377], [0.07878, 51.579820000000005], [0.07303000000000001, 51.57535000000001], [0.06986, 51.572500000000005], [0.06182995803535463, 51.56944203430172], [0.05288, 51.56757], [0.049780000000000005, 51.565430000000006], [0.04528, 51.56306000000001], [0.03347, 51.56277000000001], [0.030690000000000002, 51.56022], [0.025160000000000002, 51.55686000000001], [0.015629987626116646, 51.55694667309806], [0.00557, 51.552580000000006], [-0.008150000000000001, 51.54983000000001], [-0.01408, 51.54717], [-0.01717, 51.55098], [-0.024294994319415085, 51.554520002161574], [-0.026410000000000003, 51.55973], [-0.035620000000000006, 51.561110000000006], [-0.03903, 51.56214000000001], [-0.04102, 51.564060000000005], [-0.04753, 51.561350000000004], [-0.0558, 51.556960000000004]]}}, {"type": "Feature", "properties": {"id": "3079342604144001064", "name": "Girona - Reservoir route 100km", "link": "https://www.strava.com/routes/3079342604144001064", "distance_km": 101, "source": "HV-signed", "region": "Hub Velo trips", "route_type": "Road", "cafe": "", "notes": ""}, "geometry": {"type": "LineString", "coordinates": [[2.7760200000000004, 42.07907], [2.7790500000000002, 42.07652], [2.78182, 42.07484], [2.7855800000000004, 42.07278], [2.7927600000000004, 42.070840000000004], [2.7959600000000004, 42.070350000000005], [2.79529, 42.067530000000005], [2.79969, 42.06438000000001], [2.8049600000000003, 42.06203], [2.81014, 42.060790000000004], [2.8118900000000004, 42.059630000000006], [2.8138500000000004, 42.0578], [2.8181700000000003, 42.05171], [2.8221800000000004, 42.04026], [2.8216300000000003, 42.033950000000004], [2.8221600000000002, 42.02844], [2.82451, 42.021750000000004], [2.8200800000000004, 42.016580000000005], [2.8166200000000003, 42.00903], [2.8165600000000004, 42.000800000000005], [2.8115200000000002, 41.99250000000001], [2.80918, 41.99027], [2.80987, 41.98413], [2.8100400000000003, 41.977180000000004], [2.80128, 41.974450000000004], [2.78643, 41.97173], [2.77525, 41.96981], [2.7689249984264244, 41.96940000577972], [2.755659998565251, 41.97068500217996], [2.7449600000000003, 41.967310000000005], [2.73205, 41.96714], [2.7217100000000003, 41.96810000000001], [2.7091114433827053, 41.97736737137913], [2.7001500000000003, 41.97735], [2.68933, 41.97328], [2.6757600000000004, 41.97158], [2.6742600000000003, 41.96602], [2.6654399961346495, 41.96201500458783], [2.6547, 41.959700000000005], [2.642097778193566, 41.95844456436161], [2.630880044170631, 41.961856013525804], [2.62487, 41.967830000000006], [2.6211200000000003, 41.977650000000004], [2.6099866757051635, 41.9810000036997], [2.6032100000000002, 41.98628], [2.59846, 41.97968], [2.5992800000000003, 41.976890000000004], [2.59294, 41.97961], [2.5848400000000002, 41.98295], [2.57274, 41.98586], [2.56822, 41.99298], [2.55823, 41.992290000000004], [2.5522500000000004, 41.98474], [2.543674979712596, 41.9852400115998], [2.53966, 41.98245], [2.5389000000000004, 41.98172], [2.5338200000000004, 41.98261], [2.52983, 41.98093], [2.52705, 41.977470000000004], [2.5234300000000003, 41.977320000000006], [2.5224100000000003, 41.97437], [2.5240400000000003, 41.971680000000006], [2.5262300000000004, 41.967980000000004], [2.5297500000000004, 41.96596], [2.5241100000000003, 41.968090000000004], [2.5250100000000004, 41.96689000000001], [2.52884, 41.9643], [2.5317800000000004, 41.962520000000005], [2.53691, 41.960910000000005], [2.54143, 41.95895], [2.5448000000000004, 41.958270000000006], [2.5471100000000004, 41.95629], [2.5476400000000003, 41.956920000000004], [2.55053, 41.958600000000004], [2.5506300000000004, 41.95591], [2.5509500000000003, 41.952690000000004], [2.54904, 41.95028000000001], [2.5524, 41.94876], [2.54976, 41.948350000000005], [2.5541400000000003, 41.945330000000006], [2.56482, 41.9421], [2.5737900000000002, 41.94198], [2.57877, 41.943470000000005], [2.58609, 41.94568], [2.59154, 41.94874], [2.5939500000000004, 41.952070000000006], [2.59927, 41.953610000000005], [2.60353, 41.95073], [2.60679, 41.95089], [2.6108000000000002, 41.950230000000005], [2.6179200000000002, 41.951130000000006], [2.6319600000000003, 41.95718], [2.6442262500940736, 41.95844128973069], [2.6547300000000003, 41.95958], [2.6634699909036983, 41.961572511520515], [2.67103, 41.955380000000005], [2.6752100000000003, 41.95338], [2.6785, 41.95127], [2.68237, 41.94997], [2.68726, 41.949670000000005], [2.68989, 41.95145], [2.6922300000000003, 41.950720000000004], [2.69484, 41.952270000000006], [2.69614, 41.95329], [2.70174, 41.95067], [2.7052300000000002, 41.948220000000006], [2.70712, 41.949600000000004], [2.7094300000000002, 41.949220000000004], [2.71166, 41.94727], [2.7182700000000004, 41.94802000000001], [2.72377, 41.94473000000001], [2.73449, 41.938660000000006], [2.7421900000000003, 41.93197000000001], [2.7529500000000002, 41.93444], [2.76519, 41.93856], [2.7760900000000004, 41.938120000000005], [2.7833200000000002, 41.93965], [2.7875900028855174, 41.94422500035246], [2.79096, 41.94807], [2.7967600000000004, 41.95394], [2.80101, 41.95785], [2.8034100000000004, 41.96036], [2.8090100000000002, 41.96609], [2.8143100000000003, 41.97397], [2.81943, 41.98243], [2.8256400000000004, 41.98471000000001], [2.82405, 41.98807], [2.8260500000000004, 41.99365], [2.8248, 42.003060000000005], [2.82606, 42.01317], [2.82572, 42.01934000000001], [2.8266000000000004, 42.02365], [2.8229100000000003, 42.02722000000001], [2.8219700000000003, 42.03369], [2.8246, 42.03728], [2.8211600000000003, 42.043130000000005], [2.81759, 42.05407], [2.8140600000000004, 42.05791000000001], [2.81238, 42.059180000000005], [2.81096, 42.06064000000001], [2.80541, 42.062250000000006], [2.7999, 42.064040000000006], [2.7953200000000002, 42.067370000000004], [2.7959600000000004, 42.0696], [2.79313, 42.07106], [2.7861500048945906, 42.07192500083115], [2.78254, 42.07466], [2.7797300000000003, 42.07640000000001], [2.77699, 42.07862], [2.77414, 42.07922000000001]]}}, {"type": "Feature", "properties": {"id": "3184631982146745162", "name": "HVCC Strade ’20", "link": "https://www.strava.com/routes/3184631982146745162", "distance_km": 101, "source": "HV-signed", "region": "Essex", "route_type": "Gravel", "cafe": "", "notes": ""}, "geometry": {"type": "LineString", "coordinates": [[-0.05587, 51.557430000000004], [-0.054990000000000004, 51.558600000000006], [-0.04085878446704328, 51.56426842113459], [-0.02528, 51.570420000000006], [-0.01085, 51.573420000000006], [0.002106680425946997, 51.57512000354645], [0.010140000000000001, 51.577870000000004], [0.012570000000000001, 51.58073], [0.012350000000000002, 51.58332000000001], [0.01127, 51.591190000000005], [0.011600000000000001, 51.59456], [0.01157, 51.597100000000005], [0.0187158242857204, 51.60592603069259], [0.02849, 51.614020000000004], [0.035280000000000006, 51.61681], [0.036980000000000006, 51.618900000000004], [0.043370000000000006, 51.626940000000005], [0.03631, 51.63185000000001], [0.036410000000000005, 51.635200000000005], [0.0379, 51.63913], [0.03944, 51.64184], [0.03781, 51.648120000000006], [0.04372, 51.65097], [0.049330000000000006, 51.65343000000001], [0.05251, 51.65823], [0.05469, 51.66257], [0.0594, 51.6638], [0.06486, 51.66792], [0.06975, 51.670260000000006], [0.07298, 51.67456000000001], [0.07507000000000001, 51.67911], [0.07975, 51.682300000000005], [0.08909, 51.68419], [0.0956, 51.68882000000001], [0.10069, 51.688680000000005], [0.11016000000000001, 51.687940000000005], [0.11820398014038702, 51.68784202585384], [0.12416499677597113, 51.691150000571824], [0.12929000000000002, 51.69404], [0.13247, 51.69679000000001], [0.13387000000000002, 51.70192], [0.13646, 51.70698], [0.14493, 51.70324], [0.15749665105587912, 51.70186347487542], [0.16189, 51.70731000000001], [0.16533, 51.71439], [0.17129000000000003, 51.715920000000004], [0.1841, 51.71352], [0.18933000000000003, 51.711200000000005], [0.18772332423321417, 51.7043366675905], [0.19922860778205934, 51.69920432370297], [0.20487000000000002, 51.69816], [0.21070000000000003, 51.69491000000001], [0.21321, 51.690180000000005], [0.21955000000000002, 51.68746], [0.22505000000000003, 51.69106000000001], [0.23658, 51.69814], [0.24013, 51.700810000000004], [0.24538000000000001, 51.703410000000005], [0.25246, 51.70910000000001], [0.25864000000000004, 51.70913], [0.26807000000000003, 51.711330000000004], [0.27101000000000003, 51.71448], [0.28287, 51.716370000000005], [0.28388, 51.71788], [0.28558101787599915, 51.72208206665035], [0.29794000000000004, 51.722], [0.2957700110732145, 51.72512500320681], [0.30001, 51.72862000000001], [0.30754000000000004, 51.72975], [0.31268, 51.728500000000004], [0.32075000000000004, 51.72603], [0.32607, 51.72898000000001], [0.3391074971745714, 51.72492750009559], [0.34604, 51.721920000000004], [0.3429740235104508, 51.715904001117174], [0.34461433326338736, 51.70653285981313], [0.35115, 51.697100000000006], [0.35545467004087167, 51.6906239011116], [0.33967, 51.684000000000005], [0.32348000000000005, 51.68320000000001], [0.32072499837033697, 51.68706500018174], [0.32136000000000003, 51.691700000000004], [0.31115000000000004, 51.68889000000001], [0.30659000000000003, 51.68392000000001], [0.29704, 51.67851], [0.2861496731733517, 51.6716326420941], [0.27368000000000003, 51.665220000000005], [0.27232, 51.661880000000004], [0.2636579951772875, 51.657786041999984], [0.25720000000000004, 51.66125], [0.24670000000000003, 51.6619], [0.23777, 51.66369], [0.23046000000000003, 51.660630000000005], [0.22242, 51.655280000000005], [0.2192, 51.651430000000005], [0.22214000000000003, 51.64627], [0.22947, 51.64434000000001], [0.2235099936482589, 51.63894000209053], [0.21237000000000003, 51.63463], [0.20180998650933524, 51.63147002365778], [0.18861000000000003, 51.630500000000005], [0.1778634396111472, 51.63038004313983], [0.17055, 51.62798], [0.16225, 51.630630000000004], [0.15052000000000001, 51.63257], [0.14668, 51.63347], [0.1369019727518144, 51.63022800357552], [0.13402, 51.6285], [0.13641287264797566, 51.62271285742377], [0.13722, 51.618170000000006], [0.1316785533171093, 51.6135663104213], [0.12325988055181579, 51.60866505233492], [0.11277743012376955, 51.601533798152424], [0.10645, 51.597530000000006], [0.10522000000000001, 51.594660000000005], [0.10417000000000001, 51.591860000000004], [0.09891000000000001, 51.590520000000005], [0.0966, 51.587320000000005], [0.08955668054479664, 51.58643334754173], [0.08242000000000001, 51.58417000000001], [0.07939, 51.580330000000004], [0.07362, 51.576130000000006], [0.07166, 51.57343], [0.06267797582788093, 51.5696360199003], [0.052790000000000004, 51.567730000000005], [0.05088, 51.56575], [0.04150990452187581, 51.56183505914606], [0.031030000000000002, 51.55834], [0.020220000000000002, 51.55684], [0.007690000000000001, 51.55333], [-0.0082, 51.54983000000001], [-0.012740039914680909, 51.55019803609774], [-0.017400000000000002, 51.55219], [-0.02491, 51.55689], [-0.03148, 51.56071000000001], [-0.03805, 51.562290000000004], [-0.0415, 51.564130000000006], [-0.046830000000000004, 51.56418000000001], [-0.04603, 51.56219], [-0.04685, 51.55820000000001], [-0.05518000000000001, 51.555980000000005], [-0.056010000000000004, 51.5574]]}}, {"type": "Feature", "properties": {"id": "3204538028651446594", "name": "Hertfordshire 100km (in and out via Barnet)", "link": "https://www.strava.com/routes/3204538028651446594", "distance_km": 102, "source": "HV-signed", "region": "Herts", "route_type": "Road", "cafe": "Oakmere Tea Rooms in Potters Bar (75km in)", "notes": ""}, "geometry": {"type": "LineString", "coordinates": [[-0.055850000000000004, 51.55729], [-0.058280013547653955, 51.55201750121746], [-0.06386, 51.548320000000004], [-0.06934, 51.546850000000006], [-0.07568000000000001, 51.54598000000001], [-0.08721000000000001, 51.54663000000001], [-0.09714, 51.54717], [-0.10452, 51.546870000000006], [-0.10968000000000001, 51.550650000000005], [-0.11697, 51.556110000000004], [-0.12262, 51.559870000000004], [-0.13138000000000002, 51.564420000000005], [-0.13513, 51.56644000000001], [-0.13995000000000002, 51.57213], [-0.1507699655146632, 51.57925501542562], [-0.15726, 51.582010000000004], [-0.1642, 51.587390000000006], [-0.16668000000000002, 51.5927], [-0.17278000000000002, 51.59886], [-0.17385, 51.602050000000006], [-0.17509499905412615, 51.607694999914386], [-0.17615, 51.61244000000001], [-0.17684000000000002, 51.61403000000001], [-0.17657, 51.62187], [-0.17465000000000003, 51.629360000000005], [-0.18441000000000002, 51.63100000000001], [-0.19633, 51.630230000000005], [-0.20289000000000001, 51.63427], [-0.21505000000000002, 51.633160000000004], [-0.22895000000000001, 51.630680000000005], [-0.2363199982925253, 51.63377500001907], [-0.24044000000000001, 51.639430000000004], [-0.23769, 51.645], [-0.228, 51.649210000000004], [-0.21923, 51.65249000000001], [-0.22423, 51.65545], [-0.22969, 51.66236000000001], [-0.2347349954897946, 51.66969500081621], [-0.23833000000000001, 51.672230000000006], [-0.23997000000000002, 51.67515], [-0.24787, 51.67998000000001], [-0.24846000000000001, 51.685610000000004], [-0.24420000000000003, 51.689150000000005], [-0.23666, 51.691010000000006], [-0.23214, 51.693470000000005], [-0.22654000000000002, 51.69176], [-0.22361600513996588, 51.696484000154065], [-0.22019000297578906, 51.70482000042797], [-0.22055000000000002, 51.712180000000004], [-0.21607, 51.713710000000006], [-0.20902, 51.7135], [-0.19935000000000003, 51.713060000000006], [-0.19988000000000003, 51.7184], [-0.20502, 51.72189], [-0.20849, 51.72766000000001], [-0.21163, 51.73183], [-0.20433, 51.731970000000004], [-0.19389, 51.73275], [-0.18735000000000002, 51.7334], [-0.189943319698443, 51.73998000128323], [-0.19147000000000003, 51.74551], [-0.1756, 51.745470000000005], [-0.17441, 51.750310000000006], [-0.17253000000000002, 51.75457], [-0.17198000000000002, 51.760040000000004], [-0.16561, 51.76346], [-0.15498, 51.7625], [-0.15456, 51.75652], [-0.15603, 51.75197000000001], [-0.15231, 51.74913], [-0.14017000258004145, 51.75063000365546], [-0.13311, 51.75363], [-0.12533, 51.75585], [-0.11968000000000001, 51.75264000000001], [-0.11071500434776192, 51.753020001138715], [-0.10227000000000001, 51.759510000000006], [-0.09433000000000001, 51.75751], [-0.08622, 51.754740000000005], [-0.08573, 51.749140000000004], [-0.08271, 51.7456], [-0.07756, 51.74508], [-0.06723333239515722, 51.745353344103535], [-0.057730000000000004, 51.743030000000005], [-0.05083000000000001, 51.74700000000001], [-0.06332, 51.74530000000001], [-0.07536000281350463, 51.74537000479642], [-0.07708999875962756, 51.74168999998964], [-0.06779499728869091, 51.73895500013572], [-0.058680001837979744, 51.7364950063112], [-0.0588050071525646, 51.732460001375536], [-0.0689, 51.73199], [-0.07481, 51.72749], [-0.07884000000000001, 51.72261], [-0.08566000000000001, 51.72473], [-0.09242, 51.724700000000006], [-0.10329, 51.72563], [-0.11224, 51.72769], [-0.11968000000000001, 51.725080000000005], [-0.12955002620340886, 51.71778001140438], [-0.1383000042549384, 51.71120000168502], [-0.14793, 51.70591], [-0.1531, 51.705360000000006], [-0.15933, 51.707350000000005], [-0.16439, 51.700480000000006], [-0.17217000000000002, 51.69997000000001], [-0.17495000000000002, 51.69791000000001], [-0.17829, 51.68882000000001], [-0.18404503467409258, 51.68350501414113], [-0.19558999776509958, 51.680593341830225], [-0.20655, 51.679660000000005], [-0.2038799955197559, 51.673215001053805], [-0.19892000366257728, 51.66675333343418], [-0.19911, 51.66226], [-0.20161499790227277, 51.654495000088765], [-0.19802000000000003, 51.652080000000005], [-0.1892, 51.64739], [-0.18102000000000001, 51.641560000000005], [-0.17635, 51.635070000000006], [-0.17471, 51.62782000000001], [-0.16795000000000002, 51.62435000000001], [-0.16022, 51.61947000000001], [-0.15736, 51.61197000000001], [-0.15359, 51.60958], [-0.14923, 51.60533], [-0.14715, 51.60087000000001], [-0.13875, 51.59957000000001], [-0.12886499749857347, 51.59837500347785], [-0.12112, 51.59761], [-0.12735000000000002, 51.59543000000001], [-0.132, 51.592830000000006], [-0.13291, 51.59189000000001], [-0.13366, 51.58789], [-0.12986, 51.583740000000006], [-0.12368000000000001, 51.57954], [-0.12717, 51.57424], [-0.1232899954310313, 51.56843000070026], [-0.12689, 51.56477], [-0.12256000000000002, 51.559870000000004], [-0.11678000000000001, 51.556050000000006], [-0.11186000000000001, 51.55227000000001], [-0.106319995921488, 51.54801500111468], [-0.09952500495738542, 51.5465200039387], [-0.09126000000000001, 51.547050000000006], [-0.07816999735438304, 51.546185004848404], [-0.0695, 51.54657], [-0.06421, 51.548370000000006], [-0.059210000000000006, 51.55003000000001], [-0.05655, 51.55577], [-0.055880000000000006, 51.55772]]}}, {"type": "Feature", "properties": {"id": "3204523993828168542", "name": "Herts and Essex classic", "link": "https://www.strava.com/routes/3204523993828168542", "distance_km": 102, "source": "HV-signed", "region": "Essex", "route_type": "Road", "cafe": "Hatfield Heath", "notes": ""}, "geometry": {"type": "LineString", "coordinates": [[-0.05593000000000001, 51.557840000000006], [-0.054990000000000004, 51.558600000000006], [-0.045570000000000006, 51.562250000000006], [-0.03522, 51.56653000000001], [-0.0342, 51.566970000000005], [-0.019340000000000003, 51.57229], [-0.011330000000000002, 51.57661], [-0.0027, 51.58023000000001], [0.0054800000000000005, 51.5835], [0.00734, 51.58847], [0.01207, 51.59541], [0.015423320605884121, 51.602313335466285], [0.01992, 51.60734000000001], [0.024, 51.61280000000001], [0.026740000000000003, 51.61856], [0.029560000000000003, 51.62695], [0.033260000000000005, 51.6379], [0.036320000000000005, 51.647380000000005], [0.03916, 51.65563], [0.03654, 51.659420000000004], [0.040260000000000004, 51.66565000000001], [0.04515, 51.67034], [0.058044996501858424, 51.6744250029023], [0.06603, 51.67747000000001], [0.07588, 51.68328], [0.08844, 51.688570000000006], [0.09951, 51.693760000000005], [0.09797, 51.69858000000001], [0.09695000000000001, 51.70237], [0.09261000000000001, 51.70870000000001], [0.09129668067788226, 51.71400666823606], [0.09118000183913078, 51.71936500016825], [0.0862349953367936, 51.7213950055672], [0.07957, 51.7203], [0.07928, 51.72626], [0.07609, 51.73028000000001], [0.07705000000000001, 51.73536000000001], [0.07531, 51.739900000000006], [0.0647600064426603, 51.74368000548472], [0.05815000000000001, 51.74895000000001], [0.05646, 51.750780000000006], [0.054340000000000006, 51.755590000000005], [0.04773, 51.75627000000001], [0.040920000000000005, 51.75977], [0.04036, 51.76353], [0.03807, 51.76863], [0.039540000000000006, 51.77351], [0.035530000000000006, 51.77635], [0.030180000000000002, 51.77951], [0.02296, 51.78184], [0.016730000000000002, 51.787400000000005], [0.020050000000000002, 51.791920000000005], [0.028360000000000003, 51.794230000000006], [0.041620000000000004, 51.79657], [0.049510000000000005, 51.80082], [0.052570000000000006, 51.80686000000001], [0.055630000000000006, 51.810280000000006], [0.054990000000000004, 51.81459], [0.059410000000000004, 51.81835], [0.05929, 51.82352], [0.06313, 51.82999], [0.07118000000000001, 51.83220000000001], [0.0825, 51.831720000000004], [0.08769, 51.83169], [0.0882, 51.836000000000006], [0.08445000000000001, 51.840450000000004], [0.08605, 51.843970000000006], [0.09430000000000001, 51.84575], [0.10490000704312626, 51.8468850029712], [0.11485000000000001, 51.84152], [0.11183000000000001, 51.833490000000005], [0.11695000000000001, 51.82744], [0.12156000000000002, 51.82394000000001], [0.12260000000000001, 51.818130000000004], [0.13011, 51.818690000000004], [0.14122, 51.816750000000006], [0.15225000000000002, 51.814710000000005], [0.16191000000000003, 51.814550000000004], [0.17205, 51.813500000000005], [0.18324500445539416, 51.81439000304056], [0.19245, 51.8136], [0.20483, 51.81362000000001], [0.21256000000000003, 51.81053000000001], [0.21272000000000002, 51.80552], [0.21017000000000002, 51.79891000000001], [0.21419000000000002, 51.79325000000001], [0.21923, 51.78759], [0.22138000000000002, 51.783240000000006], [0.22791000000000003, 51.775400000000005], [0.23256000000000002, 51.771460000000005], [0.23639000000000002, 51.766310000000004], [0.23967000000000002, 51.76144000000001], [0.23916, 51.75679], [0.23665000000000003, 51.750980000000006], [0.23881000000000002, 51.74682000000001], [0.23265000000000002, 51.74345], [0.22310000000000002, 51.740640000000006], [0.21881, 51.7379], [0.22293000000000002, 51.73500000000001], [0.22161000000000003, 51.731100000000005], [0.21659, 51.72885], [0.20923000000000003, 51.72529], [0.20563, 51.72317], [0.20467666874133647, 51.71647666675583], [0.20385, 51.71013000000001], [0.19484, 51.70508], [0.19190000000000002, 51.70056], [0.18344000000000002, 51.69854], [0.17314000030780424, 51.698185002260395], [0.16369, 51.69619], [0.1562, 51.690560000000005], [0.14676, 51.69109], [0.14003000000000002, 51.689060000000005], [0.13322, 51.68562000000001], [0.13022, 51.67893], [0.1306749997998108, 51.67299000275118], [0.12615, 51.67134], [0.11465000000000002, 51.66998], [0.10755, 51.670350000000006], [0.09960000000000001, 51.671730000000004], [0.09245, 51.6687], [0.08416500493284013, 51.663390005234696], [0.07768000000000001, 51.660700000000006], [0.07011, 51.65787], [0.06689, 51.65607000000001], [0.05757, 51.65014000000001], [0.05033000000000001, 51.643260000000005], [0.0415, 51.63803000000001], [0.03422, 51.62904], [0.028780000000000003, 51.62151], [0.025910000000000002, 51.61674000000001], [0.02128, 51.60911], [0.018680000000000002, 51.605470000000004], [0.013510000000000001, 51.6002], [0.011630000000000001, 51.595130000000005], [0.00676, 51.58701000000001], [0.0030299953257922774, 51.582335001713474], [-0.0054800000000000005, 51.579150000000006], [-0.012870000000000001, 51.575340000000004], [-0.02244, 51.571310000000004], [-0.03522, 51.56653000000001], [-0.03830668632374072, 51.565293342424184], [-0.04673500608224974, 51.56170000270181], [-0.053770000000000005, 51.558820000000004]]}}, {"type": "Feature", "properties": {"id": "3184652977006709250", "name": "HVCC Strade ’21", "link": "https://www.strava.com/routes/3184652977006709250", "distance_km": 103, "source": "HV-signed", "region": "Essex", "route_type": "Gravel", "cafe": "", "notes": ""}, "geometry": {"type": "LineString", "coordinates": [[-0.036410000000000005, 51.5553], [-0.03758, 51.557], [-0.03778, 51.560230000000004], [-0.03835, 51.56233], [-0.04098, 51.564040000000006], [-0.03456, 51.566880000000005], [-0.02545, 51.570350000000005], [-0.014960000000000001, 51.573890000000006], [-0.008890002880405196, 51.577490002282595], [-0.00064, 51.58126000000001], [0.0056700000000000006, 51.58386], [0.007883324612603933, 51.58976333415328], [0.010020000000000001, 51.595710000000004], [0.014244989078985516, 51.60100000202173], [0.0199, 51.607310000000005], [0.02415, 51.613060000000004], [0.026080002854302647, 51.61875500184473], [0.02043, 51.626250000000006], [0.01467, 51.633300000000006], [0.012730000000000002, 51.63889], [0.01357, 51.64401], [0.02041, 51.64920000000001], [0.02747, 51.648520000000005], [0.03141, 51.652170000000005], [0.03506, 51.65527], [0.036460000000000006, 51.658660000000005], [0.040010000000000004, 51.66501], [0.04399, 51.668780000000005], [0.04744, 51.67231], [0.05322, 51.67551], [0.058230000000000004, 51.67683], [0.06274, 51.677040000000005], [0.06827000000000001, 51.679080000000006], [0.07401, 51.67953000000001], [0.07895, 51.68204000000001], [0.08963, 51.6846], [0.09670000000000001, 51.68873000000001], [0.1004, 51.69328], [0.11016000000000001, 51.69794], [0.11761998775616098, 51.70368000213586], [0.1312249890949637, 51.70862000538637], [0.13943, 51.705780000000004], [0.14933000000000002, 51.701690000000006], [0.15855000000000002, 51.701930000000004], [0.16545999100945388, 51.69763500216474], [0.17687000000000003, 51.69809000000001], [0.18987, 51.69865000000001], [0.19366000000000003, 51.70322], [0.20104000000000002, 51.707010000000004], [0.20390999694337353, 51.713005000460015], [0.20538, 51.71878], [0.20634000000000002, 51.725460000000005], [0.21055000000000001, 51.72901], [0.21183000000000002, 51.732150000000004], [0.21103000000000002, 51.7366], [0.21860000000000002, 51.738960000000006], [0.22495, 51.74024000000001], [0.23433, 51.743010000000005], [0.24377000000000001, 51.74233], [0.24899000000000002, 51.74391000000001], [0.2614, 51.746050000000004], [0.26521, 51.744600000000005], [0.27574000000000004, 51.74194000000001], [0.28359, 51.745450000000005], [0.29128000000000004, 51.746520000000004], [0.29612000000000005, 51.744110000000006], [0.29936, 51.739290000000004], [0.29868, 51.732870000000005], [0.30544000000000004, 51.72993], [0.31436000000000003, 51.728030000000004], [0.32333, 51.725590000000004], [0.3318600020790018, 51.72864000229627], [0.3391400003146721, 51.72568500001235], [0.34493, 51.72240000000001], [0.34316, 51.715610000000005], [0.34487, 51.70573], [0.35115, 51.697100000000006], [0.35996000411438106, 51.690680002903], [0.36845000000000006, 51.68735], [0.37272000000000005, 51.681450000000005], [0.36834000000000006, 51.67472000000001], [0.36014, 51.675090000000004], [0.35275, 51.67954], [0.34556000000000003, 51.682750000000006], [0.33654, 51.68401000000001], [0.3229649958118525, 51.68284000106064], [0.32096, 51.6882], [0.31961, 51.692350000000005], [0.31031000000000003, 51.68867], [0.3047199961233299, 51.682465000927344], [0.29498, 51.67665], [0.28872000000000003, 51.671150000000004], [0.27857000000000004, 51.66415000000001], [0.2705399955832138, 51.65973500043477], [0.2599166441514588, 51.65415333895737], [0.26166, 51.64705000000001], [0.26056, 51.64320000000001], [0.25593000000000005, 51.63602], [0.25647000000000003, 51.62970000000001], [0.2508599962142472, 51.626460002936156], [0.23836000000000002, 51.624970000000005], [0.23381000000000002, 51.619200000000006], [0.23841, 51.61291000000001], [0.23006000000000001, 51.60947], [0.22206, 51.61287], [0.21308000000000002, 51.612460000000006], [0.20788, 51.6101], [0.20431000000000002, 51.6146], [0.19343000000000002, 51.61648], [0.1836, 51.61592], [0.17633000000000001, 51.61614], [0.16487249575593801, 51.61759500015792], [0.1572, 51.62335], [0.14640501268467163, 51.62402500304902], [0.1371, 51.62416], [0.12977000000000002, 51.62463], [0.12022000000000001, 51.62183], [0.1063633245885845, 51.61767001061086], [0.09602000000000001, 51.6191], [0.08675000000000001, 51.622220000000006], [0.07639, 51.620470000000005], [0.06659000000000001, 51.625020000000006], [0.05294, 51.627340000000004], [0.046610000000000006, 51.620580000000004], [0.040080000000000005, 51.617200000000004], [0.035280000000000006, 51.61681], [0.027880000000000002, 51.61393], [0.02102, 51.60864], [0.01813, 51.60486], [0.011540000000000002, 51.59666000000001], [0.009189970734590096, 51.59222000281422], [0.006430000000000001, 51.584360000000004], [-0.0009500176044687568, 51.58097667383123], [-0.007200000000000001, 51.578010000000006], [-0.013840000000000002, 51.57464], [-0.02645001145374515, 51.56987000572865], [-0.03934, 51.56486], [-0.03971, 51.56213], [-0.03681, 51.56107], [-0.03814, 51.55791000000001], [-0.03556, 51.55603000000001], [-0.037970000000000004, 51.551460000000006], [-0.03803, 51.55176]]}}, {"type": "Feature", "properties": {"id": "3204572159218875124", "name": "High Easter 105km (fast, smooth roads)", "link": "https://www.strava.com/routes/3204572159218875124", "distance_km": 103, "source": "HV-signed", "region": "Essex", "route_type": "Road", "cafe": "The Snug (50km)", "notes": ""}, "geometry": {"type": "LineString", "coordinates": [[-0.05586000000000001, 51.557390000000005], [-0.055470000000000005, 51.55866], [-0.045700000000000005, 51.562200000000004], [-0.03542, 51.566480000000006], [-0.02244, 51.571310000000004], [-0.012870000000000001, 51.575340000000004], [-0.0054800000000000005, 51.579150000000006], [0.0036733198936514757, 51.58279333856647], [0.0069500000000000004, 51.58773000000001], [0.01041, 51.59481], [0.01207665908718262, 51.597963334062264], [0.01802, 51.60524], [0.023714997354453145, 51.612370000426885], [0.02655, 51.6182], [0.029390000000000003, 51.62639000000001], [0.0332, 51.637510000000006], [0.03603664249122311, 51.64660666834207], [0.03925, 51.655550000000005], [0.03654, 51.658770000000004], [0.04005, 51.66516000000001], [0.044950000000000004, 51.670030000000004], [0.056560000000000006, 51.67403], [0.06478665236573312, 51.676650003883914], [0.07493499485371063, 51.68278000167908], [0.08626, 51.68761000000001], [0.09692, 51.690400000000004], [0.10704000000000001, 51.68898], [0.11541000000000001, 51.68804], [0.12314000000000001, 51.688570000000006], [0.1329499975644933, 51.69297000028131], [0.13195, 51.69657], [0.13362000000000002, 51.70174], [0.13517, 51.70653], [0.14004998577921154, 51.71151333960084], [0.15332999784419019, 51.712905007840234], [0.16572, 51.714650000000006], [0.17288197307725056, 51.71866002010127], [0.18071, 51.723420000000004], [0.18403498914484592, 51.72808000211199], [0.18617, 51.73471000000001], [0.19113000000000002, 51.7417], [0.20084000000000002, 51.7447], [0.20409000000000002, 51.748540000000006], [0.20890000000000003, 51.75184], [0.21081000000000003, 51.757130000000004], [0.21465, 51.76240000000001], [0.21794000000000002, 51.767900000000004], [0.21822000000000003, 51.771860000000004], [0.22196000000000002, 51.77582], [0.22734000000000001, 51.778240000000004], [0.23145000000000002, 51.78016], [0.23855, 51.78088], [0.24911000000000003, 51.778940000000006], [0.25806, 51.78054], [0.26182000454115695, 51.78488500037679], [0.26388, 51.79061], [0.2673850043774634, 51.79402500093166], [0.26968000000000003, 51.79894], [0.2830550116420385, 51.796500004022434], [0.29352, 51.791650000000004], [0.30385, 51.794880000000006], [0.31354000000000004, 51.795770000000005], [0.31863, 51.791830000000004], [0.32880000000000004, 51.792300000000004], [0.33532, 51.79372000000001], [0.3401, 51.797560000000004], [0.34618000000000004, 51.80084], [0.34719000000000005, 51.806140000000006], [0.35396000000000005, 51.80872], [0.34918000000000005, 51.808220000000006], [0.34708000000000006, 51.805080000000004], [0.34365, 51.79981], [0.34358000000000005, 51.7959], [0.34325000000000006, 51.790800000000004], [0.33833, 51.78929], [0.33953000000000005, 51.786460000000005], [0.33431000000000005, 51.78313000000001], [0.33045, 51.779970000000006], [0.32445, 51.776680000000006], [0.31553000000000003, 51.775220000000004], [0.30762, 51.770520000000005], [0.30818, 51.76561], [0.3057, 51.75986], [0.30410000000000004, 51.756600000000006], [0.29738000000000003, 51.75426], [0.29098, 51.74812000000001], [0.28104, 51.7456], [0.27537, 51.741260000000004], [0.26675000000000004, 51.73780000000001], [0.2597199997219677, 51.737770002385304], [0.25220000000000004, 51.740790000000004], [0.24564000000000002, 51.74259000000001], [0.23622, 51.74242], [0.228, 51.74154000000001], [0.2199, 51.74018], [0.21388000000000001, 51.737950000000005], [0.21093, 51.73474], [0.20991, 51.731410000000004], [0.21234999257066803, 51.728325001343485], [0.20600000000000002, 51.725], [0.20551000000000003, 51.71739], [0.20362000000000002, 51.712160000000004], [0.19875492050098442, 51.706260049786884], [0.1931199885257284, 51.70261333539868], [0.18845000021566885, 51.69865500855858], [0.17687000000000003, 51.69809000000001], [0.16679000000000002, 51.69867000000001], [0.15764, 51.69138], [0.15157, 51.68813], [0.1482, 51.683550000000004], [0.14411000000000002, 51.68746], [0.13575499581032316, 51.68808000100382], [0.12948, 51.68112000000001], [0.13207000000000002, 51.67356], [0.12622, 51.67221000000001], [0.1180799965770065, 51.67043000302083], [0.11045, 51.668820000000004], [0.10143500404187926, 51.67110500183888], [0.08759500100439514, 51.6733300027558], [0.07794000000000001, 51.676480000000005], [0.06783, 51.675340000000006], [0.0621, 51.67519000000001], [0.051430000000000003, 51.67277000000001], [0.045090000000000005, 51.669140000000006], [0.03858999359495508, 51.663320001389216], [0.036820000000000006, 51.657900000000005], [0.039760000000000004, 51.655530000000006], [0.03659999509955851, 51.64817500036079], [0.03342499762799977, 51.63854500001704], [0.029730000000000003, 51.6274], [0.027540000000000002, 51.61992000000001], [0.024679997819565154, 51.61407000011005], [0.019110000000000002, 51.60647], [0.01644, 51.603460000000005], [0.01195, 51.595890000000004], [0.00837, 51.5906], [0.006300000000000001, 51.584160000000004], [-0.00014000000000000001, 51.58146000000001], [-0.010295003472678534, 51.577025002269444], [-0.012870000000000001, 51.575340000000004], [-0.02244, 51.571310000000004], [-0.03542, 51.566480000000006], [-0.04576, 51.562090000000005], [-0.055880000000000006, 51.55778], [-0.05623, 51.556900000000006]]}}, {"type": "Feature", "properties": {"id": "3204574509833881922", "name": "Hertfordshire 105km (Country Bumpkin cafe)", "link": "https://www.strava.com/routes/3204574509833881922", "distance_km": 104, "source": "HV-signed", "region": "Herts", "route_type": "Road", "cafe": "Country Bumpkin (53km in)", "notes": ""}, "geometry": {"type": "LineString", "coordinates": [[-0.04628, 51.561910000000005], [-0.03957, 51.56485000000001], [-0.031190000000000002, 51.568220000000004], [-0.021935003050930157, 51.57154500198105], [-0.01395, 51.57468], [-0.00817, 51.577690000000004], [-0.00064, 51.58126000000001], [0.00536, 51.583670000000005], [0.00757665794114022, 51.589116667476176], [0.01024, 51.595240000000004], [0.012770000000000002, 51.599250000000005], [0.01888, 51.60627], [0.024329995504219194, 51.613410000349965], [0.027000000000000003, 51.618990000000004], [0.029730000000000003, 51.6274], [0.03342499767843822, 51.638545000214194], [0.036599995079930614, 51.64817500030505], [0.0393, 51.65569000000001], [0.04614, 51.663880000000006], [0.05924729390686604, 51.67287005839835], [0.06547, 51.67712], [0.07558000000000001, 51.683130000000006], [0.08734998826202126, 51.688090004964025], [0.10007, 51.693380000000005], [0.09781000000000001, 51.69796], [0.09745000000000001, 51.701930000000004], [0.0926, 51.70861000000001], [0.0917233473512133, 51.71326333489061], [0.09140000000000001, 51.71875000000001], [0.08832000000000001, 51.721630000000005], [0.07968, 51.720200000000006], [0.0792, 51.72607000000001], [0.07611000000000001, 51.73011], [0.07811000000000001, 51.73433000000001], [0.07563, 51.73926], [0.06800502273860046, 51.74294001882215], [0.05945500342764627, 51.747505000621835], [0.05646, 51.750780000000006], [0.054340000000000006, 51.755590000000005], [0.04773, 51.75627000000001], [0.041150000000000006, 51.75941], [0.040670000000000005, 51.762550000000005], [0.037570000000000006, 51.76762], [0.040150000000000005, 51.772020000000005], [0.036610000000000004, 51.775450000000006], [0.0321499958548619, 51.77907001201844], [0.025390000000000003, 51.780460000000005], [0.01502, 51.785500000000006], [0.008780000000000001, 51.78844], [0.007350000000000001, 51.792480000000005], [0.0004900000000000001, 51.79769], [-0.004624993308314218, 51.80183000489692], [-0.014920000000000001, 51.80707], [-0.022600000000000002, 51.80998], [-0.03393, 51.811710000000005], [-0.03436, 51.81465000000001], [-0.03613001496263216, 51.82109500095943], [-0.03434500019507957, 51.82708999992621], [-0.03252, 51.831920000000004], [-0.028860000000000004, 51.83954000000001], [-0.0366, 51.8378], [-0.04405667552847278, 51.83518667372278], [-0.054060000000000004, 51.833130000000004], [-0.061270000000000005, 51.831540000000004], [-0.07186499383210565, 51.831335003592976], [-0.07746, 51.833800000000004], [-0.08414, 51.834], [-0.09034, 51.83453], [-0.09488, 51.83560000000001], [-0.09989, 51.83959], [-0.11245000000000001, 51.83827], [-0.11661, 51.8342], [-0.1230400102284427, 51.8283250056468], [-0.1360899733011796, 51.82988334147243], [-0.14562, 51.83173000000001], [-0.14981, 51.82853000000001], [-0.1522, 51.82625], [-0.15523, 51.822500000000005], [-0.15623, 51.8188], [-0.15126, 51.815650000000005], [-0.14568, 51.81589], [-0.1429999954544954, 51.81143000175608], [-0.1346, 51.80702], [-0.14306000000000002, 51.80333], [-0.15129, 51.794970000000006], [-0.14721, 51.789860000000004], [-0.14096, 51.78482], [-0.13949, 51.78119], [-0.14296, 51.77763], [-0.14193, 51.772110000000005], [-0.12870999516352813, 51.77088000369699], [-0.12487000000000001, 51.76479999993889], [-0.12487000000000001, 51.757940000000005], [-0.12966, 51.75303], [-0.12589, 51.746680000000005], [-0.11918000000000001, 51.74358], [-0.10940500137125211, 51.74739500393988], [-0.09770999185621944, 51.74464001262521], [-0.08035, 51.741490000000006], [-0.06463, 51.74253], [-0.048900000000000006, 51.74372], [-0.03556, 51.74237], [-0.02739, 51.74329], [-0.019600000000000003, 51.744980000000005], [-0.013654995693405317, 51.74561000499763], [-0.004, 51.74125], [0.00476999996531525, 51.73588500307136], [0.01246, 51.731410000000004], [0.011550000000000001, 51.72382], [0.01344, 51.71595000000001], [0.007710000000000001, 51.710150000000006], [-0.0014700000000000002, 51.70835], [-0.00184, 51.70306], [0.0017100000000000001, 51.69592], [0.0013200000000000002, 51.69086], [0.00109, 51.689820000000005], [0.0089, 51.691720000000004], [0.018690000000000002, 51.69066], [0.031900000000000005, 51.68873000000001], [0.036680000000000004, 51.68835000000001], [0.04139, 51.685390000000005], [0.041740000000000006, 51.67904000000001], [0.0402350012386247, 51.67259500002882], [0.04098, 51.6666], [0.037020000000000004, 51.66113000000001], [0.03871, 51.65614000000001], [0.0387133275616676, 51.65392666705592], [0.03490330918122186, 51.643513335066906], [0.03225, 51.63468], [0.02863398583055067, 51.62388600078476], [0.026310000000000004, 51.6176], [0.022529996320930078, 51.610760000318685], [0.01862, 51.604890000000005], [0.013139996123671737, 51.599725000573535], [0.011630000000000001, 51.595130000000005], [0.00676, 51.58701000000001], [0.0030299953257922774, 51.582335001713474], [-0.0037900000000000004, 51.5797], [-0.01123, 51.57665], [-0.018470004039894773, 51.572440003082995], [-0.028775010355724825, 51.56893500573582], [-0.03812, 51.565310000000004], [-0.04603, 51.561840000000004], [-0.04605, 51.561800000000005]]}}, {"type": "Feature", "properties": {"id": "3204526553597880052", "name": "Shorter Kent (105km)", "link": "https://www.strava.com/routes/3204526553597880052", "distance_km": 105, "source": "HV-signed", "region": "Kent", "route_type": "Road", "cafe": "Ide Hill", "notes": "Advisory: route back in through North London can be quite trafficky"}, "geometry": {"type": "LineString", "coordinates": [[-0.05582, 51.55709], [-0.058440000000000006, 51.551680000000005], [-0.06421, 51.548370000000006], [-0.06964000000000001, 51.54623], [-0.07026499929537187, 51.53672500004482], [-0.07461000000000001, 51.5298], [-0.07764, 51.525600000000004], [-0.07856, 51.521460000000005], [-0.07985, 51.518130000000006], [-0.08366000000000001, 51.514390000000006], [-0.08709, 51.50985000000001], [-0.09022000000000001, 51.504630000000006], [-0.09558000000000001, 51.499900000000004], [-0.10062000000000001, 51.495670000000004], [-0.09916000000000001, 51.493170000000006], [-0.09433000000000001, 51.486000000000004], [-0.09401000000000001, 51.478080000000006], [-0.09308000000000001, 51.47395], [-0.09061999700364053, 51.46693000033769], [-0.09205, 51.460930000000005], [-0.09031, 51.457080000000005], [-0.08763000000000001, 51.45333], [-0.08548, 51.44749], [-0.08365, 51.44035], [-0.07954999629681411, 51.43423500028876], [-0.07778, 51.428450000000005], [-0.07488, 51.425920000000005], [-0.07825, 51.41995000000001], [-0.07166, 51.41548], [-0.06391000000000001, 51.40993], [-0.05754331991804066, 51.406170002648324], [-0.04905, 51.3988], [-0.04288, 51.395630000000004], [-0.0347, 51.39217000000001], [-0.02483998377114147, 51.387556669287356], [-0.01839, 51.382450000000006], [-0.01344, 51.37758], [-0.00413, 51.37454], [0.0034700000000000004, 51.371030000000005], [0.00821, 51.36683000000001], [0.01991, 51.361470000000004], [0.024640000000000002, 51.356410000000004], [0.030295002183492896, 51.3490700027967], [0.03796, 51.34714], [0.04777000000000001, 51.34483], [0.05256, 51.340700000000005], [0.05326, 51.335510000000006], [0.05233, 51.332080000000005], [0.05426, 51.32750000000001], [0.05573, 51.323330000000006], [0.059410000000000004, 51.32027], [0.05867000000000001, 51.315740000000005], [0.06237, 51.31176000000001], [0.06559000000000001, 51.30471000000001], [0.06085000000000001, 51.2997], [0.05822000000000001, 51.293110000000006], [0.07134, 51.294320000000006], [0.08292000000000001, 51.29645000000001], [0.09056999247856205, 51.29623000174975], [0.09245000373046089, 51.289905000788266], [0.09740500546163873, 51.2847550009624], [0.10525000000000001, 51.281020000000005], [0.11112000000000001, 51.278490000000005], [0.11736, 51.277820000000006], [0.12149202008559842, 51.27021800076669], [0.1222900023166129, 51.25954500010068], [0.12412000000000001, 51.251160000000006], [0.12964, 51.24672], [0.12801, 51.242760000000004], [0.12741000000000002, 51.23606], [0.12021000000000001, 51.232420000000005], [0.11710000000000001, 51.22363000000001], [0.10454000000000001, 51.222460000000005], [0.10006000000000001, 51.21688], [0.09258000000000001, 51.22153], [0.09147000000000001, 51.22784000000001], [0.08658000297057598, 51.23764500024677], [0.08097, 51.24105], [0.07401, 51.23971], [0.06985247149836901, 51.24013000506979], [0.06376997808459302, 51.23396750372938], [0.052860000000000004, 51.23283000000001], [0.047700000000000006, 51.233720000000005], [0.04687000395444822, 51.237603333411435], [0.047270000000000006, 51.24269], [0.042170000000000006, 51.24795], [0.04775, 51.25484], [0.04864, 51.26035], [0.0495, 51.262370000000004], [0.04347, 51.26751], [0.040850000277027614, 51.272514999981816], [0.039630000000000006, 51.2792], [0.035750000000000004, 51.28468], [0.024610000000000003, 51.285120000000006], [0.01186, 51.28501000000001], [0.01007, 51.291970000000006], [0.007370000000000001, 51.29986], [0.003877502046998112, 51.3074250000176], [-0.00322, 51.31271], [0.0063300000000000006, 51.315180000000005], [0.00387, 51.324360000000006], [0.0029300000000000003, 51.33055], [0.00519, 51.33926], [0.00881, 51.34649], [0.0067800000000000004, 51.352050000000006], [0.004600000000000001, 51.359570000000005], [-0.0020800000000000003, 51.36410000000001], [-0.0061, 51.36826000000001], [-0.010050000000000002, 51.37104], [-0.01410999489018641, 51.37489500084987], [-0.01550499194272368, 51.380460002251624], [-0.02407, 51.38656], [-0.031603317463221973, 51.391603346988376], [-0.04206, 51.39416000000001], [-0.04712, 51.39809], [-0.055260000000000004, 51.40377], [-0.06244, 51.40955], [-0.06958, 51.41393000000001], [-0.07659, 51.419540000000005], [-0.07595404028239992, 51.42422200497346], [-0.07674, 51.42772], [-0.07839, 51.432570000000005], [-0.08182999448074263, 51.43745000064972], [-0.08547, 51.446470000000005], [-0.08549000000000001, 51.450610000000005], [-0.08364, 51.455090000000006], [-0.08901, 51.4628], [-0.09061999721058274, 51.46693000058854], [-0.09291, 51.47379], [-0.09397499957577339, 51.47752999997086], [-0.09394000000000001, 51.48545000000001], [-0.09887000000000001, 51.493030000000005], [-0.10079, 51.49494000000001], [-0.09978000000000001, 51.49508], [-0.09949000000000001, 51.496860000000005], [-0.09297000000000001, 51.50150000000001], [-0.08837, 51.50607], [-0.08669, 51.510360000000006], [-0.08366000000000001, 51.514390000000006], [-0.07985, 51.518130000000006], [-0.07895, 51.52042], [-0.07735, 51.52499], [-0.07547000000000001, 51.528600000000004], [-0.07223, 51.530840000000005], [-0.07026499929081445, 51.5367249999724], [-0.06964000000000001, 51.54623], [-0.06421, 51.548370000000006], [-0.059210000000000006, 51.55003000000001], [-0.05666, 51.55572], [-0.05582, 51.55711]]}}, {"type": "Feature", "properties": {"id": "3201977709586957554", "name": "Better route to Brighton", "link": "https://www.strava.com/routes/3201977709586957554", "distance_km": 105, "source": "HV-signed", "region": "Other/Ultra", "route_type": "Road", "cafe": "The Garden Cafe, Felbridge (62km)", "notes": ""}, "geometry": {"type": "LineString", "coordinates": [[-0.05607, 51.558150000000005], [-0.05532, 51.558330000000005], [-0.057390000000000004, 51.55326], [-0.06311, 51.54834], [-0.06919, 51.547200000000004], [-0.07019600434365922, 51.539382000056506], [-0.07176, 51.530910000000006], [-0.07695, 51.52745], [-0.08428000000000001, 51.52622], [-0.08752, 51.52496000000001], [-0.08726, 51.520410000000005], [-0.08930667545842441, 51.515743333993896], [-0.09140000392380947, 51.51291000277946], [-0.09589, 51.51126000000001], [-0.10800000000000001, 51.511120000000005], [-0.12061000000000001, 51.50845], [-0.1252, 51.500890000000005], [-0.12510000000000002, 51.495050000000006], [-0.12623, 51.49082000000001], [-0.1327, 51.48601000000001], [-0.12951000000000001, 51.48856000000001], [-0.13899, 51.48496], [-0.1499, 51.485780000000005], [-0.14915, 51.48138], [-0.14832, 51.476870000000005], [-0.14758000000000002, 51.47408], [-0.15063000000000001, 51.467310000000005], [-0.1485099976755278, 51.46034000020503], [-0.14694000000000002, 51.45356], [-0.14880000000000002, 51.447630000000004], [-0.15396, 51.44207], [-0.15775, 51.43694000000001], [-0.16487001638371573, 51.43107666982643], [-0.16298, 51.42409000000001], [-0.16192, 51.419230000000006], [-0.1615, 51.41113000000001], [-0.16387000000000002, 51.406960000000005], [-0.16155000000000003, 51.40361000000001], [-0.15898, 51.3986], [-0.15885000000000002, 51.39345], [-0.1574899994433911, 51.38395499998144], [-0.15435999129826414, 51.37778500140522], [-0.15107, 51.37241], [-0.15469000000000002, 51.368570000000005], [-0.15091999792747104, 51.36270000022677], [-0.14844999814005716, 51.35403500025682], [-0.14703000000000002, 51.346680000000006], [-0.1435949977450842, 51.33856500024164], [-0.13789, 51.329840000000004], [-0.13993, 51.32305], [-0.13894, 51.318250000000006], [-0.13747, 51.31663], [-0.1365, 51.310550000000006], [-0.13494498290793952, 51.30064500090828], [-0.13136, 51.294700000000006], [-0.12538665514674274, 51.28789333569316], [-0.12215000000000001, 51.282500000000006], [-0.12122000000000001, 51.27418], [-0.12133000000000001, 51.271040000000006], [-0.12033, 51.26482000000001], [-0.12151, 51.26192], [-0.11703000000000001, 51.25853000000001], [-0.11664000000000001, 51.25305], [-0.10627, 51.25173], [-0.09633499702066185, 51.2510800025712], [-0.09675, 51.24443], [-0.1009, 51.238400000000006], [-0.10132000000000001, 51.232600000000005], [-0.10076, 51.22636000000001], [-0.099, 51.2192], [-0.10082, 51.21334], [-0.0989, 51.207300000000004], [-0.09788500041685431, 51.198724999846256], [-0.10479000000000001, 51.191410000000005], [-0.10683000000000001, 51.18516], [-0.11188000000000001, 51.181110000000004], [-0.11593, 51.17201000000001], [-0.11471, 51.16454], [-0.11294000000000001, 51.157140000000005], [-0.10404873812072174, 51.15033744725422], [-0.09076000000000001, 51.144780000000004], [-0.08233249049022723, 51.142280014459686], [-0.07137, 51.144130000000004], [-0.053729969596678265, 51.14179003108227], [-0.04049999290390211, 51.139666679158694], [-0.03449, 51.13645], [-0.033510002114987975, 51.12879500007915], [-0.038270000000000005, 51.122510000000005], [-0.03297, 51.117430000000006], [-0.029990000000000003, 51.110060000000004], [-0.023370000000000002, 51.10558], [-0.021240000000000002, 51.100300000000004], [-0.026940000000000002, 51.09686000000001], [-0.028220000000000002, 51.09396], [-0.03171, 51.090410000000006], [-0.02807, 51.08209], [-0.026750000000000003, 51.07524], [-0.02137, 51.07085000000001], [-0.01963, 51.063810000000004], [-0.025560000000000003, 51.05856000000001], [-0.030740000000000003, 51.053160000000005], [-0.03746, 51.04621], [-0.04494, 51.04411], [-0.05113, 51.043310000000005], [-0.06076, 51.04312], [-0.066, 51.04054000000001], [-0.06414, 51.032920000000004], [-0.0709600022775155, 51.02565000008242], [-0.0766, 51.018370000000004], [-0.07955000000000001, 51.01493000000001], [-0.08271, 51.010200000000005], [-0.08892000000000001, 51.01124], [-0.0961, 51.006750000000004], [-0.10092999743935334, 50.998360000066896], [-0.10053000000000001, 50.99542], [-0.10092000000000001, 50.987840000000006], [-0.09861, 50.983700000000006], [-0.09205, 50.97399000000001], [-0.0917650029246265, 50.96630000027047], [-0.09878, 50.959270000000004], [-0.10322, 50.95], [-0.10434333899173047, 50.94353000021846], [-0.108275023091613, 50.9341425038335], [-0.11425, 50.92719], [-0.11482, 50.921350000000004], [-0.11524000000000001, 50.915090000000006], [-0.11554, 50.908260000000006], [-0.11342, 50.904860000000006], [-0.10930000000000001, 50.904520000000005], [-0.1067, 50.90265], [-0.10716, 50.898120000000006], [-0.11321, 50.88917000000001], [-0.12165000000000001, 50.882720000000006], [-0.11999000000000001, 50.87322], [-0.11997000000000001, 50.86694000000001], [-0.12159, 50.8599], [-0.13126001262375142, 50.85624000385986], [-0.13544, 50.847170000000006], [-0.13353, 50.836710000000004], [-0.13459000000000002, 50.829390000000004], [-0.13522000702079812, 50.82592500082827], [-0.13657000032197472, 50.82159499983624], [-0.13645000000000002, 50.819480000000006]]}}, {"type": "Feature", "properties": {"id": "3201975070557470412", "name": "Viper Loop", "link": "https://www.strava.com/routes/3201975070557470412", "distance_km": 105, "source": "HV-signed", "region": "Essex", "route_type": "Road", "cafe": "Can divert to Bakehouse", "notes": "Advisory: Roding Lane can be icy in cold conditions, and involves a fast, busy run and climb up to the top of Buckhurst Hill"}, "geometry": {"type": "LineString", "coordinates": [[-0.05587, 51.557480000000005], [-0.055450000000000006, 51.55865000000001], [-0.04449, 51.562850000000005], [-0.03547, 51.56658], [-0.025500000000000002, 51.570310000000006], [-0.017070000000000002, 51.572950000000006], [-0.011460000000000001, 51.57656000000001], [-0.004635004782255388, 51.579545002492175], [0.0021300000000000004, 51.58213000000001], [0.006410000000000001, 51.585930000000005], [0.01, 51.59393000000001], [0.011240000000000002, 51.59653], [0.01769, 51.60483000000001], [0.02093, 51.608700000000006], [0.025330000000000002, 51.615730000000006], [0.027770000000000003, 51.62091], [0.031147085032442737, 51.63150857531916], [0.033800000000000004, 51.64020000000001], [0.03749998788376445, 51.65060500090167], [0.03778500624199939, 51.65678000198891], [0.037610000000000005, 51.662310000000005], [0.042, 51.66725], [0.04884999688457875, 51.67203500207109], [0.06099, 51.675250000000005], [0.06783, 51.675340000000006], [0.07794000000000001, 51.676480000000005], [0.0875150006957285, 51.67335500230824], [0.10010000000000001, 51.67165000000001], [0.10886000000000001, 51.6698], [0.11599499859167081, 51.67013500295781], [0.12619, 51.67174000000001], [0.13223000000000001, 51.67304000000001], [0.12963000000000002, 51.680240000000005], [0.13451000000000002, 51.68677], [0.14209000000000002, 51.68826000000001], [0.14731000000000002, 51.69158], [0.15654, 51.690540000000006], [0.16475, 51.69706000000001], [0.17501000000000003, 51.69809000000001], [0.18574000000000002, 51.698570000000004], [0.19212, 51.70158000000001], [0.19647162250498273, 51.705560027660255], [0.20374, 51.711830000000006], [0.20481000000000002, 51.71726], [0.2058, 51.72399000000001], [0.21180000000000002, 51.72771], [0.22087, 51.72805], [0.2228049933238875, 51.732535003311774], [0.2202550060694507, 51.737015002782435], [0.2218950008035595, 51.740670006161], [0.23215000000000002, 51.743230000000004], [0.23891, 51.742160000000005], [0.24751, 51.74277000000001], [0.25538, 51.73859], [0.26252000000000003, 51.737950000000005], [0.27186000000000005, 51.73908], [0.27721, 51.737970000000004], [0.28683000000000003, 51.737770000000005], [0.2881, 51.741580000000006], [0.29648, 51.740660000000005], [0.30307, 51.739830000000005], [0.31261, 51.74013000000001], [0.31838000000000005, 51.7353], [0.32736000000000004, 51.731880000000004], [0.33438, 51.728370000000005], [0.33913000000000004, 51.72475000000001], [0.34604, 51.721920000000004], [0.35237500098683755, 51.72854999986366], [0.35209, 51.73494], [0.3596266577777561, 51.73808667395341], [0.36783000000000005, 51.73472], [0.37558, 51.73621000000001], [0.3854, 51.73695000000001], [0.39495, 51.736670000000004], [0.40148000000000006, 51.73406000000001], [0.40642000000000006, 51.731910000000006], [0.41027, 51.728320000000004], [0.407749989403963, 51.72461500400538], [0.39927, 51.718720000000005], [0.38898000000000005, 51.714400000000005], [0.37887000000000004, 51.71434000000001], [0.36759000000000003, 51.70982000000001], [0.36484000000000005, 51.70411000000001], [0.36511000000000005, 51.697610000000005], [0.37294000000000005, 51.693340000000006], [0.37043000000000004, 51.689800000000005], [0.36959000000000003, 51.68424], [0.37186, 51.67801000000001], [0.36791, 51.6743], [0.35887, 51.67587], [0.35243, 51.67987], [0.34556000000000003, 51.682750000000006], [0.33711, 51.68395], [0.32380000000000003, 51.68334], [0.32076000000000005, 51.678760000000004], [0.31696, 51.67510000000001], [0.30614, 51.67492000000001], [0.30247, 51.669990000000006], [0.29450000000000004, 51.6662], [0.28824, 51.66321000000001], [0.27922000942534053, 51.66348500360201], [0.2710199891028056, 51.66031333480059], [0.26121, 51.65773], [0.25569000000000003, 51.65070000000001], [0.2461149697316323, 51.64975502601882], [0.23413000000000003, 51.649440000000006], [0.22607000000000002, 51.652370000000005], [0.21787, 51.652440000000006], [0.21132, 51.650960000000005], [0.2045549938479633, 51.645205000637766], [0.19787331717097123, 51.63760333824602], [0.19004000000000001, 51.631130000000006], [0.18237, 51.628240000000005], [0.17503000000000002, 51.63138000000001], [0.16724000000000003, 51.628080000000004], [0.15619000000000002, 51.63219], [0.14891000000000001, 51.633190000000006], [0.13932, 51.633990000000004], [0.13545000000000001, 51.629200000000004], [0.12485998538522686, 51.623386674464186], [0.11238665518086924, 51.61923000682152], [0.09922, 51.61639], [0.09334, 51.61938000000001], [0.08472, 51.62413], [0.0762, 51.626780000000004], [0.06607, 51.6255], [0.055560000000000005, 51.627190000000006], [0.043340000000000004, 51.626940000000005], [0.031420000000000003, 51.62494], [0.02688, 51.61853000000001], [0.023714997245909936, 51.61237000026314], [0.01991, 51.607110000000006], [0.01753, 51.604670000000006], [0.01186, 51.596030000000006], [0.008779978035326395, 51.59141000207884], [0.006430000000000001, 51.584360000000004], [0.00021, 51.58147], [-0.00689, 51.57824], [-0.014410000000000001, 51.57417], [-0.024720000000000002, 51.57041], [-0.034120000000000004, 51.566930000000006], [-0.044070000000000005, 51.562850000000005], [-0.05442, 51.55866], [-0.05587, 51.557550000000006]]}}, {"type": "Feature", "properties": {"id": "3204557716680616692", "name": "Pretty Hertfordshire 105km (Welwyn and Ware)", "link": "https://www.strava.com/routes/3204557716680616692", "distance_km": 105, "source": "HV-signed", "region": "Herts", "route_type": "Road", "cafe": "Coffee Lab in Ware (60km)", "notes": ""}, "geometry": {"type": "LineString", "coordinates": [[-0.02714, 51.57133], [-0.034980000000000004, 51.566610000000004], [-0.046705006666112645, 51.56171500287264], [-0.05609000000000001, 51.56199], [-0.060570000000000006, 51.56705], [-0.06708, 51.57191], [-0.07642, 51.57426], [-0.08639000000000001, 51.57424], [-0.09616000000000001, 51.570800000000006], [-0.10210000000000001, 51.57491], [-0.10623, 51.57236], [-0.11646000000000001, 51.57079], [-0.12380000000000001, 51.57824], [-0.129274996316397, 51.58345000147875], [-0.13529000000000002, 51.58825], [-0.14304, 51.59123], [-0.14551, 51.596900000000005], [-0.14826, 51.603500000000004], [-0.15359, 51.609500000000004], [-0.15648, 51.611540000000005], [-0.15997, 51.618300000000005], [-0.16649498910025654, 51.62293500217886], [-0.17478000000000002, 51.62764000000001], [-0.17679, 51.635740000000006], [-0.18059000000000003, 51.64079], [-0.18704, 51.64645], [-0.19625, 51.646660000000004], [-0.20903000000000002, 51.64443000000001], [-0.21838499680356882, 51.64873000024174], [-0.2204000016419907, 51.652555003366004], [-0.22571499480829071, 51.65667000154345], [-0.23133499297338067, 51.66472000075613], [-0.23805, 51.67233], [-0.23872000000000002, 51.673550000000006], [-0.24718, 51.67907], [-0.24871000000000001, 51.686060000000005], [-0.24457, 51.68918000000001], [-0.24971000000000002, 51.69496], [-0.25512, 51.69644], [-0.25579, 51.70275], [-0.259959994987688, 51.70855500184167], [-0.2712, 51.715], [-0.27674000000000004, 51.715300000000006], [-0.27909, 51.71697], [-0.27822, 51.718140000000005], [-0.26875000000000004, 51.72524000000001], [-0.25670000818991906, 51.72983500308717], [-0.25621, 51.73695000000001], [-0.25638, 51.738620000000004], [-0.26773, 51.742760000000004], [-0.26526000078605205, 51.74730999999174], [-0.268579989420166, 51.754195003130654], [-0.27566, 51.75789], [-0.2838099984973662, 51.76257000477596], [-0.2823, 51.765660000000004], [-0.2726, 51.77096], [-0.26587, 51.777100000000004], [-0.26243, 51.781710000000004], [-0.26431000000000004, 51.786860000000004], [-0.2742, 51.78933000000001], [-0.27798, 51.7927], [-0.27953, 51.796600000000005], [-0.27280000000000004, 51.80122], [-0.26459000000000005, 51.805490000000006], [-0.2558, 51.81011], [-0.24854, 51.81232000000001], [-0.24341000000000002, 51.81277000000001], [-0.23613, 51.81474000000001], [-0.23292000000000002, 51.81121], [-0.22486000000000003, 51.81331], [-0.21691000000000002, 51.81235], [-0.21268, 51.81550000000001], [-0.20902, 51.82002000000001], [-0.20188, 51.82097], [-0.19126, 51.82052], [-0.18435, 51.826330000000006], [-0.1806, 51.830020000000005], [-0.1723, 51.833220000000004], [-0.15906, 51.835730000000005], [-0.15313000000000002, 51.83953], [-0.14221, 51.83326], [-0.1272, 51.82714000000001], [-0.12326000000000001, 51.823310000000006], [-0.1155699924100165, 51.821175001745104], [-0.10666, 51.81866], [-0.09685, 51.819], [-0.09140000000000001, 51.81797], [-0.08554, 51.813930000000006], [-0.08121, 51.808420000000005], [-0.07549500467646716, 51.80617000282459], [-0.0704, 51.80821], [-0.06333000000000001, 51.81107], [-0.04909, 51.812760000000004], [-0.04145, 51.81166], [-0.03479, 51.811550000000004], [-0.024280000000000003, 51.8098], [-0.01641, 51.80843], [-0.007350000000000001, 51.80261], [-0.00044, 51.79813000000001], [0.00578, 51.793690000000005], [0.009260000000000001, 51.78934], [0.012770000000000002, 51.785450000000004], [0.02270000709979807, 51.78201000197631], [0.030180000000000002, 51.77951], [0.035530000000000006, 51.77635], [0.039540000000000006, 51.77351], [0.037840000000000006, 51.76840000000001], [0.04068, 51.762550000000005], [0.041150000000000006, 51.75941], [0.046360000000000005, 51.75621], [0.05423000000000001, 51.755660000000006], [0.05637, 51.75085000000001], [0.05815000000000001, 51.74895000000001], [0.06362000000000001, 51.743930000000006], [0.07550000000000001, 51.73962], [0.07705000000000001, 51.73536000000001], [0.07632000000000001, 51.73053], [0.07914, 51.72668], [0.07932, 51.72213000000001], [0.08342000000000001, 51.7212], [0.09053000000000001, 51.72113], [0.09076000000000001, 51.71627], [0.09416000000000001, 51.71005], [0.09475, 51.705130000000004], [0.09851000000000001, 51.699650000000005], [0.09901000013725453, 51.69520500005325], [0.09309, 51.69073], [0.08018, 51.68527], [0.06872, 51.678790000000006], [0.062310000000000004, 51.674910000000004], [0.04994428029540047, 51.66654449073081], [0.04079495950955557, 51.65732500575974], [0.03766665612755899, 51.65116000083662], [0.033710000000000004, 51.63975000000001], [0.030900000000000004, 51.630930000000006], [0.027770000000000003, 51.62091], [0.025670000000000002, 51.616240000000005], [0.021134994102010373, 51.60887000063052], [0.018090000000000002, 51.604870000000005], [0.011640000000000001, 51.59709], [0.009703324928755117, 51.59321666749024], [0.006470000000000001, 51.58471], [0.00068, 51.58146000000001], [-0.007600000000000001, 51.577830000000006], [-0.01565, 51.57340000000001], [-0.02654, 51.571560000000005], [-0.027020000000000002, 51.57137]]}}, {"type": "Feature", "properties": {"id": "3201956630776509132", "name": "Ware and Hertfordshire", "link": "https://www.strava.com/routes/3201956630776509132", "distance_km": 106, "source": "HV-signed", "region": "Herts", "route_type": "Road", "cafe": "Country Bumpkin (closed Sunday to Monday)", "notes": "Fast, busy road between Nazeing and Waltham Abbey (not recommended for slower groups)"}, "geometry": {"type": "LineString", "coordinates": [[-0.0558, 51.556940000000004], [-0.055650000000000005, 51.55876000000001], [-0.04517, 51.56251], [-0.03547, 51.56658], [-0.025500000000000002, 51.570310000000006], [-0.016040000000000002, 51.5733], [-0.01135, 51.576690000000006], [-0.00387, 51.57983], [0.0028999940699698046, 51.58249000259864], [0.00644, 51.585330000000006], [0.010010000000000002, 51.59384000000001], [0.01089, 51.596320000000006], [0.01697999266595372, 51.6040650012788], [0.02085, 51.608470000000004], [0.024880000000000003, 51.61459000000001], [0.027670000000000004, 51.62064], [0.0305956853736149, 51.62992285908532], [0.033740000000000006, 51.63974], [0.03724, 51.6499], [0.03848, 51.656380000000006], [0.037200000000000004, 51.6619], [0.04148999626341456, 51.66692500105467], [0.04816, 51.671820000000004], [0.06087000000000001, 51.675200000000004], [0.06875, 51.67875], [0.07895, 51.68478], [0.09202999614597587, 51.690210001523305], [0.09902000000000001, 51.69458], [0.0985, 51.69955], [0.09511000413468947, 51.704610000554496], [0.09408000000000001, 51.71002000000001], [0.0907, 51.71603], [0.09052, 51.72113], [0.08303, 51.72117], [0.07916667096401413, 51.72276333352638], [0.07887000000000001, 51.726980000000005], [0.07814, 51.731550000000006], [0.07537, 51.73698], [0.07378000000000001, 51.74056], [0.061090000000000005, 51.74484], [0.057620000000000005, 51.749430000000004], [0.05602000000000001, 51.752770000000005], [0.05029999883677085, 51.75574000267172], [0.042190000000000005, 51.757070000000006], [0.0398, 51.761030000000005], [0.039040000000000005, 51.76587000000001], [0.04111, 51.77009], [0.03663, 51.77501], [0.034690000000000006, 51.77919000000001], [0.02748, 51.780350000000006], [0.01753, 51.78497], [0.01042, 51.787560000000006], [0.008425005262751166, 51.79135000102723], [0.0019050240042508962, 51.79689250599744], [-0.00299, 51.801370000000006], [-0.012620000000000001, 51.80496], [-0.021560000000000003, 51.80998], [-0.030610000000000002, 51.81069], [-0.03486, 51.81365], [-0.0366, 51.81871], [-0.03488, 51.82571], [-0.03307, 51.83012], [-0.02939500250794783, 51.83868000015323], [-0.03529, 51.83865], [-0.04179, 51.83578000000001], [-0.05226, 51.83381000000001], [-0.06076, 51.83147], [-0.06962, 51.830630000000006], [-0.07402, 51.83319], [-0.08147, 51.83438], [-0.08765, 51.83411], [-0.09341, 51.83578000000001], [-0.10021000000000001, 51.836890000000004], [-0.10694000000000001, 51.83860000000001], [-0.11628000000000001, 51.836740000000006], [-0.11609000000000001, 51.83059], [-0.1272, 51.82714000000001], [-0.14024997835920908, 51.8322666747978], [-0.1466, 51.830560000000006], [-0.15062, 51.82838], [-0.15227000000000002, 51.82528000000001], [-0.15578, 51.82215000000001], [-0.15623, 51.818560000000005], [-0.15108000000000002, 51.815630000000006], [-0.14568, 51.81589], [-0.1429999954544954, 51.81143000175608], [-0.1346, 51.80702], [-0.14306000000000002, 51.80333], [-0.15129, 51.794970000000006], [-0.1466, 51.78929], [-0.14066, 51.78455], [-0.13949, 51.78119], [-0.14296, 51.77763], [-0.14193, 51.772110000000005], [-0.12870999516352813, 51.77088000369699], [-0.12487000000000001, 51.76479999993889], [-0.12573, 51.756890000000006], [-0.12886, 51.75267], [-0.12459, 51.745630000000006], [-0.11782000000000001, 51.744800000000005], [-0.10540499113993701, 51.74723500672643], [-0.09401999188099718, 51.743865005654804], [-0.07890000000000001, 51.741420000000005], [-0.06226, 51.742960000000004], [-0.04728, 51.7441], [-0.03438, 51.74309], [-0.025820000000000003, 51.74289], [-0.019540000000000002, 51.74629], [-0.011260000000000001, 51.744780000000006], [-0.00176, 51.737950000000005], [0.010100000000000001, 51.73537], [0.0114, 51.729260000000004], [0.014140000000000002, 51.720740000000006], [0.010790000000000001, 51.71439], [0.0051600000000000005, 51.708780000000004], [-0.00303, 51.707370000000004], [-0.0005, 51.70172], [0.00204, 51.694030000000005], [0.0007800000000000001, 51.69017], [0.007500000000000001, 51.691840000000006], [0.018150000000000003, 51.690630000000006], [0.031240000000000004, 51.688770000000005], [0.03667, 51.68845], [0.041370000000000004, 51.68583], [0.041830000000000006, 51.67976], [0.040350000000000004, 51.674690000000005], [0.042370000000000005, 51.667440000000006], [0.037790000000000004, 51.66248], [0.037090000000000005, 51.657180000000004], [0.03946, 51.65534], [0.03575329467477797, 51.64583333607224], [0.03297499679367571, 51.636875000057024], [0.029160000000000002, 51.62576000000001], [0.02688, 51.61853000000001], [0.023714997245909936, 51.61237000026314], [0.01991, 51.607110000000006], [0.017004991963042754, 51.60409500140942], [0.01195, 51.595890000000004], [0.00837, 51.5906], [0.006300000000000001, 51.584160000000004], [-0.0009500176044687568, 51.58097667383123], [-0.006980000000000001, 51.578210000000006], [-0.01454, 51.574040000000004], [-0.024720000000000002, 51.57041], [-0.03433, 51.566770000000005], [-0.044360000000000004, 51.562670000000004], [-0.053200000000000004, 51.55895], [-0.0558, 51.556960000000004]]}}, {"type": "Feature", "properties": {"id": "3204540864880481012", "name": "105km Writtle Run", "link": "https://www.strava.com/routes/3204540864880481012", "distance_km": 106, "source": "HV-signed", "region": "Essex", "route_type": "Road", "cafe": "Bakehouse (64km)", "notes": ""}, "geometry": {"type": "LineString", "coordinates": [[-0.055830000000000005, 51.558400000000006], [-0.04859501064946265, 51.56089500482243], [-0.03934, 51.56486], [-0.03393, 51.566720000000004], [-0.024780000000000003, 51.57048], [-0.013840000000000002, 51.57464], [-0.007410000000000001, 51.57793], [0.00097, 51.581610000000005], [0.006500000000000001, 51.58471], [0.010010000000000002, 51.59384000000001], [0.01004, 51.595200000000006], [0.010750000000000001, 51.59648000000001], [0.015423320605884121, 51.602313335466285], [0.02007, 51.6073], [0.023714997354453145, 51.612370000426885], [0.02663999780543663, 51.618085000539025], [0.030610000000000002, 51.62373], [0.03645, 51.63177], [0.04333, 51.639680000000006], [0.04296330793841046, 51.644616672044016], [0.04914, 51.65028], [0.05736, 51.651630000000004], [0.05963, 51.65514], [0.06541000000000001, 51.66174], [0.07339000000000001, 51.660990000000005], [0.07818, 51.6621], [0.08665499547377646, 51.66352000221401], [0.09418000000000001, 51.66946], [0.10010000000000001, 51.67165000000001], [0.10800000000000001, 51.670190000000005], [0.11465000000000002, 51.66998], [0.12615, 51.67134], [0.12987, 51.672990000000006], [0.1307866746151846, 51.677663333962386], [0.13190499459195734, 51.68420500089983], [0.13791, 51.689220000000006], [0.14489000000000002, 51.68849], [0.15186000000000002, 51.69142], [0.16001999338321996, 51.69326000153772], [0.16721000000000003, 51.698780000000006], [0.17776, 51.698220000000006], [0.18987, 51.69865000000001], [0.19261998863598237, 51.70209666884576], [0.19637499268261235, 51.705530004657646], [0.20391, 51.71074], [0.20467666875605933, 51.71647666663804], [0.20570000000000002, 51.72258000000001], [0.20795000000000002, 51.72534], [0.21009000000000003, 51.72905], [0.21153000000000002, 51.73207000000001], [0.21092000000000002, 51.736230000000006], [0.21474000000000001, 51.73821], [0.22018000000000001, 51.74054], [0.22955000000000003, 51.74186], [0.23683, 51.744890000000005], [0.23722000000000001, 51.749520000000004], [0.23838, 51.75426], [0.23614000000000002, 51.75903], [0.24185, 51.76278000000001], [0.24789000000000003, 51.76399000000001], [0.25738499393109104, 51.769160001335834], [0.26763000000000003, 51.77411000000001], [0.27551499690891873, 51.77653500031756], [0.27844, 51.781850000000006], [0.28204, 51.78591], [0.29261000000000004, 51.78558], [0.29400000000000004, 51.79166000000001], [0.30385, 51.794880000000006], [0.31139, 51.79572], [0.3154700052805914, 51.788965000806655], [0.31556, 51.783750000000005], [0.32192000000000004, 51.78045], [0.33129001267251856, 51.77753500519251], [0.34157000000000004, 51.773970000000006], [0.35024999944670354, 51.77289000286075], [0.36049000000000003, 51.76876000000001], [0.36992, 51.764570000000006], [0.38410000000000005, 51.7614], [0.38826000000000005, 51.757000000000005], [0.39494000338967916, 51.75153500156881], [0.40383, 51.74803000000001], [0.41469000000000006, 51.742740000000005], [0.42592, 51.7417], [0.43012000000000006, 51.73941000000001], [0.42037, 51.73977000000001], [0.41052000000000005, 51.737080000000006], [0.4039049960948062, 51.73281000137016], [0.40037000000000006, 51.73579], [0.39192000000000005, 51.73621000000001], [0.38235500176716897, 51.73714500429618], [0.37432000000000004, 51.73566], [0.36982000152459754, 51.733104999954], [0.37323, 51.72625000000001], [0.37118, 51.72097], [0.37486, 51.718360000000004], [0.37774, 51.712880000000006], [0.36577000000000004, 51.709720000000004], [0.3580249961306335, 51.70595000044718], [0.35061000000000003, 51.69892], [0.34314, 51.695350000000005], [0.33233, 51.69424000000001], [0.32163, 51.69227000000001], [0.31443000000000004, 51.69144000000001], [0.30823, 51.686460000000004], [0.3024, 51.68079], [0.29407, 51.676170000000006], [0.28872000000000003, 51.671150000000004], [0.2798849955123874, 51.66504000119373], [0.2721, 51.66158], [0.2646749994623377, 51.65770000222582], [0.25747000000000003, 51.660810000000005], [0.24751, 51.662240000000004], [0.23852, 51.66362], [0.23141000000000003, 51.66132], [0.22387, 51.65576], [0.21869000000000002, 51.65243], [0.21274, 51.651030000000006], [0.20553499788965862, 51.6472350004092], [0.20096499254944397, 51.639570001986286], [0.19205000000000003, 51.63250000000001], [0.18505000000000002, 51.62769], [0.17651500359526853, 51.63102000132257], [0.17055, 51.62798], [0.16225, 51.630630000000004], [0.15052000000000001, 51.63257], [0.14644000000000001, 51.63349], [0.13886499882700268, 51.633354999979446], [0.13398000000000002, 51.628840000000004], [0.12582000000000002, 51.62373], [0.11418, 51.61981], [0.09982, 51.616310000000006], [0.08818000000000001, 51.612320000000004], [0.07678, 51.60981], [0.06291000000000001, 51.607150000000004], [0.052480000000000006, 51.605790000000006], [0.04311, 51.60083], [0.03773, 51.594530000000006], [0.034940000000000006, 51.591300000000004], [0.028049997446357208, 51.58770000038535], [0.024110000000000003, 51.58084], [0.020120000000000002, 51.58299], [0.006920000000000001, 51.58352000000001], [0.0024400000000000003, 51.581410000000005], [-0.0027, 51.58023000000001], [-0.01119, 51.576710000000006], [-0.0176, 51.57269], [-0.031560000000000005, 51.56804], [-0.041490000000000006, 51.56396], [-0.04969406565709554, 51.56043002985374], [-0.055110000000000006, 51.558330000000005]]}}, {"type": "Feature", "properties": {"id": "3204527976497380610", "name": "Herts and Essex reversed", "link": "https://www.strava.com/routes/3204527976497380610", "distance_km": 107, "source": "HV-signed", "region": "Essex", "route_type": "Road", "cafe": "Hatfield Heath", "notes": "Two short Gravel sections, but ok on a road bike"}, "geometry": {"type": "LineString", "coordinates": [[-0.05584000000000001, 51.5572], [-0.05519, 51.55861], [-0.045430000000000005, 51.562270000000005], [-0.03547, 51.56658], [-0.02545, 51.570350000000005], [-0.015290000000000002, 51.57367000000001], [-0.008140000000000001, 51.577650000000006], [0.00048000000000000007, 51.58167], [0.006500000000000001, 51.58471], [0.010010000000000002, 51.59384000000001], [0.011240000000000002, 51.59653], [0.0177, 51.60483000000001], [0.021130000000000003, 51.60886000000001], [0.0257, 51.616550000000004], [0.028780000000000003, 51.62151], [0.03477747485288008, 51.62972250397943], [0.04286, 51.639320000000005], [0.04375664130639714, 51.64534333874291], [0.050620000000000005, 51.65064], [0.057669997893605836, 51.65304000023774], [0.06203, 51.658660000000005], [0.06968, 51.661390000000004], [0.07814, 51.661120000000004], [0.08593, 51.66324], [0.09442, 51.669650000000004], [0.10081000000000001, 51.671420000000005], [0.11063, 51.66866], [0.12010000000000001, 51.67087], [0.12881, 51.67231], [0.13128, 51.676300000000005], [0.13144, 51.68368], [0.13859000000000002, 51.68927000000001], [0.14569000000000001, 51.6899], [0.15527500607174835, 51.69086000365113], [0.16369, 51.69619], [0.17387000000000002, 51.69818], [0.18574000000000002, 51.698570000000004], [0.19261998863598237, 51.70209666884576], [0.19804000000000002, 51.706070000000004], [0.20362000000000002, 51.712160000000004], [0.20564000000000002, 51.71748], [0.20599, 51.724900000000005], [0.2129, 51.72894], [0.21045000000000003, 51.731910000000006], [0.21092000000000002, 51.736230000000006], [0.21710000000000002, 51.738910000000004], [0.22310000000000002, 51.740640000000006], [0.23290000000000002, 51.74344000000001], [0.23839000000000002, 51.74801], [0.23748000000000002, 51.75278], [0.23711000000000002, 51.75768000000001], [0.23802, 51.76303000000001], [0.23403000000000002, 51.76814], [0.23097, 51.773740000000004], [0.22385000000000002, 51.779990000000005], [0.22118000000000002, 51.785830000000004], [0.21489000000000003, 51.79093], [0.21070000000000003, 51.797990000000006], [0.21102, 51.804410000000004], [0.21266000000000002, 51.8104], [0.20391, 51.813970000000005], [0.19045, 51.813880000000005], [0.18017000000000002, 51.815340000000006], [0.16837000000000002, 51.81289], [0.15799000000000002, 51.813570000000006], [0.14764000000000002, 51.81586], [0.13484000000000002, 51.817890000000006], [0.12642, 51.81799], [0.12211000000000001, 51.822860000000006], [0.11920000000000001, 51.826440000000005], [0.11019000000000001, 51.831590000000006], [0.11574000000000001, 51.84111000000001], [0.10574000000000001, 51.84651], [0.09430000000000001, 51.84575], [0.08576, 51.84396], [0.08443, 51.83993], [0.08951500487895704, 51.83468000085811], [0.08660000000000001, 51.83070000000001], [0.07929000000000001, 51.832950000000004], [0.06636, 51.83229000000001], [0.06038, 51.82620000000001], [0.05854, 51.82105000000001], [0.057640000000000004, 51.81655000000001], [0.054810000000000005, 51.81121], [0.05493000000000001, 51.80763], [0.05072499667154305, 51.80242500017276], [0.042890000000000005, 51.79688], [0.02909332010977188, 51.79463667122969], [0.020050000000000002, 51.791920000000005], [0.01675, 51.787150000000004], [0.024290000000000003, 51.78088], [0.030820000000000004, 51.779], [0.036610000000000004, 51.775450000000006], [0.040190000000000003, 51.771890000000006], [0.038060000000000004, 51.766890000000004], [0.03978, 51.761100000000006], [0.042190000000000005, 51.757070000000006], [0.05109, 51.75582000000001], [0.056040000000000006, 51.75209], [0.05784, 51.74929], [0.06131, 51.744730000000004], [0.07473, 51.74029], [0.07653, 51.73601000000001], [0.07609, 51.73028000000001], [0.07925, 51.726150000000004], [0.07968, 51.720200000000006], [0.08850000000000001, 51.721610000000005], [0.09139000000000001, 51.71822], [0.09328001232469153, 51.71111000193801], [0.09377, 51.70685], [0.09823000000000001, 51.70011], [0.09898000000000001, 51.696110000000004], [0.09345499420913246, 51.69082500294142], [0.07956499698961329, 51.68502500173216], [0.06875, 51.67875], [0.06226, 51.67501000000001], [0.052204995459085746, 51.67305500267339], [0.04449, 51.668510000000005], [0.03681, 51.663540000000005], [0.026310000000000004, 51.66149000000001], [0.01813, 51.66221], [0.008690000000000002, 51.66328000000001], [-0.0007350027347578411, 51.665090000315615], [-0.00529, 51.6561], [0.005385005952414666, 51.65249000176068], [0.00876, 51.64669000000001], [0.01229, 51.640370000000004], [0.011770000000000001, 51.634150000000005], [0.017650000000000002, 51.627460000000006], [0.024220000000000002, 51.62003000000001], [0.024990000000000002, 51.61457000000001], [0.020950000000000003, 51.60862], [0.017900000000000003, 51.60483000000001], [0.01173, 51.596360000000004], [0.008779978035326395, 51.59141000207884], [0.006300000000000001, 51.584160000000004], [-0.0011050101261337354, 51.58098000398975], [-0.01098, 51.57677], [-0.01703, 51.572810000000004], [-0.028720000000000002, 51.56895], [-0.03933000533741968, 51.5648200022346], [-0.04753, 51.561350000000004], [-0.0558, 51.557480000000005], [-0.0558, 51.55698]]}}, {"type": "Feature", "properties": {"id": "3204546779281047874", "name": "110km Rodings (Ethos Bros cafe stop)", "link": "https://www.strava.com/routes/3204546779281047874", "distance_km": 108, "source": "HV-signed", "region": "Essex", "route_type": "Road", "cafe": "Ethos Brothers", "notes": "Advisory: routes via the big roundabout under the A406 between Woodford and Snaresbrook."}, "geometry": {"type": "LineString", "coordinates": [[-0.053200000000000004, 51.55895], [-0.04642, 51.56203000000001], [-0.036300000000000006, 51.5662], [-0.026690008825582943, 51.569840004511825], [-0.01735, 51.57287], [-0.011460000000000001, 51.57656000000001], [-0.00387, 51.57983], [0.0007400000000000001, 51.581680000000006], [0.0064, 51.584990000000005], [0.009640000000000001, 51.59310000000001], [0.01089, 51.596320000000006], [0.01769, 51.60483000000001], [0.02102, 51.608830000000005], [0.02569, 51.616510000000005], [0.02332000484721978, 51.62148500046749], [0.01709, 51.62861], [0.012180000000000002, 51.634440000000005], [0.01165, 51.64213], [0.00807, 51.64809], [0.00353, 51.65364], [-0.00493, 51.65791], [0.00034, 51.66664], [0.010730000000000002, 51.661750000000005], [0.01956, 51.662690000000005], [0.02925, 51.661300000000004], [0.03968, 51.66434], [0.04506, 51.669450000000005], [0.05544999463529634, 51.67381000523617], [0.06328, 51.67517], [0.07345, 51.676050000000004], [0.08459500478594893, 51.674050001971914], [0.09884000000000001, 51.67192000000001], [0.10886000000000001, 51.6698], [0.11599499859167081, 51.67013500295781], [0.12611, 51.67208], [0.13216, 51.673300000000005], [0.12948, 51.68112000000001], [0.13621, 51.68851], [0.14438, 51.68751], [0.15054, 51.69135000000001], [0.16062, 51.693760000000005], [0.16906000000000002, 51.698370000000004], [0.18175000000000002, 51.698780000000006], [0.19202000000000002, 51.69921], [0.19356, 51.70477], [0.20391, 51.709520000000005], [0.20467666875605933, 51.71647666663804], [0.20564000000000002, 51.723620000000004], [0.20987000000000003, 51.72538], [0.20908000000000002, 51.730320000000006], [0.21111000000000002, 51.733430000000006], [0.21353000000000003, 51.737680000000005], [0.2199, 51.74018], [0.21892000000000003, 51.74432], [0.21696000000000001, 51.748470000000005], [0.20899, 51.75128], [0.21037000000000003, 51.75639], [0.21465, 51.76240000000001], [0.21797000000000002, 51.768080000000005], [0.21865, 51.77225000000001], [0.22255000000000003, 51.7768], [0.22877000000000003, 51.77928000000001], [0.23377, 51.78063], [0.2418666915069753, 51.77960000782817], [0.25442000000000004, 51.77996], [0.26087000000000005, 51.78285], [0.26141000000000003, 51.789370000000005], [0.26775000000000004, 51.792660000000005], [0.27064000000000005, 51.789860000000004], [0.27734000000000003, 51.78922000000001], [0.27790000000000004, 51.784490000000005], [0.27715, 51.778240000000004], [0.2861699962991886, 51.77166500007474], [0.28655, 51.768170000000005], [0.2901, 51.763580000000005], [0.29567000000000004, 51.759060000000005], [0.29944000000000004, 51.755990000000004], [0.30451, 51.750930000000004], [0.31006, 51.74716], [0.31154000000000004, 51.74391000000001], [0.31569, 51.738670000000006], [0.32441000321248037, 51.73415000306277], [0.32737000000000005, 51.72948], [0.32075000000000004, 51.72603], [0.31128, 51.728750000000005], [0.31284, 51.723000000000006], [0.3163750016400425, 51.718920000120924], [0.31678, 51.711710000000004], [0.32534, 51.7062], [0.32260000000000005, 51.701040000000006], [0.31884, 51.69257], [0.3093, 51.688210000000005], [0.30426000000000003, 51.682080000000006], [0.29495000000000005, 51.67727000000001], [0.2850449989184386, 51.682250003033865], [0.27535000000000004, 51.687900000000006], [0.26785000000000003, 51.69183], [0.26111, 51.69442], [0.25584, 51.697140000000005], [0.24714000000000003, 51.696360000000006], [0.25361, 51.69055], [0.25223, 51.68529], [0.25807, 51.682120000000005], [0.26347000000000004, 51.67584], [0.26608000000000004, 51.66968000000001], [0.25924, 51.666410000000006], [0.24831000000000003, 51.66273], [0.23852, 51.66362], [0.23046000000000003, 51.660630000000005], [0.22144000000000003, 51.654790000000006], [0.21635000000000001, 51.652390000000004], [0.20771, 51.650420000000004], [0.20199, 51.64114000000001], [0.19441496200097758, 51.63472000754074], [0.1863950065788685, 51.62725500368363], [0.17651500359526853, 51.63102000132257], [0.17044, 51.62782000000001], [0.15903500246790597, 51.6317100019503], [0.14930000000000002, 51.63315000000001], [0.13997, 51.63403], [0.13545000000000001, 51.629200000000004], [0.12381, 51.623000000000005], [0.1103449908911381, 51.618580005560275], [0.09692, 51.61807], [0.08943003844465457, 51.621336015013085], [0.08225, 51.62556000000001], [0.06991, 51.627430000000004], [0.06246334229927759, 51.62646001098309], [0.04734000000000001, 51.62707], [0.04379, 51.621], [0.038250000000000006, 51.618050000000004], [0.03381, 51.615610000000004], [0.024110000000000003, 51.612770000000005], [0.020020000000000003, 51.60737], [0.017900000000000003, 51.60483000000001], [0.01173, 51.596360000000004], [0.008779978035326395, 51.59141000207884], [0.006300000000000001, 51.584160000000004], [0.00011, 51.581450000000004], [-0.005, 51.57927], [-0.01289, 51.57517000000001], [-0.022555030840905918, 51.57118501724014], [-0.03365, 51.56714], [-0.04252, 51.563430000000004], [-0.048533357687507696, 51.560930010755726], [-0.052070000000000005, 51.55942]]}}, {"type": "Feature", "properties": {"id": "3202756021100382184", "name": "High Easter and Great Dunmow", "link": "https://www.strava.com/routes/3202756021100382184", "distance_km": 109, "source": "HV-signed", "region": "Essex", "route_type": "Road", "cafe": "Snug (High Easter), Dainteas (High Roding) or Cammas Hall.", "notes": ""}, "geometry": {"type": "LineString", "coordinates": [[-0.05498, 51.555640000000004], [-0.05591, 51.55881], [-0.045570000000000006, 51.562250000000006], [-0.033010000000000005, 51.56747000000001], [-0.01677, 51.572970000000005], [-0.007770000000000001, 51.577760000000005], [0.00037000000000000005, 51.58169], [0.00649, 51.58578000000001], [0.010220000000000002, 51.594300000000004], [0.011640000000000001, 51.59709], [0.01795, 51.60508], [0.023714997354453145, 51.612370000426885], [0.026750000000000003, 51.61858], [0.030019949948244976, 51.62835000327311], [0.03359, 51.639190000000006], [0.037360000000000004, 51.650380000000006], [0.0376, 51.656890000000004], [0.037790000000000004, 51.66248], [0.043460000000000006, 51.667910000000006], [0.054340000000000006, 51.673590000000004], [0.06299, 51.6754], [0.07463, 51.68262000000001], [0.08733998843311991, 51.68810000507393], [0.09692, 51.690400000000004], [0.10704000000000001, 51.68898], [0.11562000000000001, 51.687870000000004], [0.12471000000000002, 51.68856], [0.13634000000000002, 51.688990000000004], [0.14535500122856068, 51.68610500007063], [0.15153000000000003, 51.68659], [0.15663000000000002, 51.690630000000006], [0.16704000000000002, 51.68952], [0.16895000000000002, 51.696360000000006], [0.17383, 51.69818], [0.18574000000000002, 51.698570000000004], [0.19261998863598237, 51.70209666884576], [0.198754920511202, 51.70626004979003], [0.20362000000000002, 51.712160000000004], [0.20564000000000002, 51.71748], [0.20634000000000002, 51.725460000000005], [0.21055000000000001, 51.72901], [0.21183000000000002, 51.732150000000004], [0.21103000000000002, 51.7366], [0.21825000000000003, 51.738910000000004], [0.22495, 51.74024000000001], [0.23399000000000003, 51.743210000000005], [0.24291000000000001, 51.74222], [0.25146, 51.741110000000006], [0.25897000000000003, 51.73776], [0.26675000000000004, 51.73780000000001], [0.27537, 51.741260000000004], [0.28104, 51.7456], [0.29258, 51.74884], [0.29812000000000005, 51.755810000000004], [0.30661000000000005, 51.75708], [0.30677000000000004, 51.76187], [0.30736, 51.768350000000005], [0.31099000000000004, 51.773230000000005], [0.32170000000000004, 51.775920000000006], [0.32881000000000005, 51.77877], [0.33295, 51.78219000000001], [0.33742999788579386, 51.78609000328855], [0.33796000000000004, 51.78916], [0.34325000000000006, 51.790800000000004], [0.34349, 51.795970000000004], [0.34428000000000003, 51.80013], [0.34688, 51.805910000000004], [0.34867000000000004, 51.80923000000001], [0.34617000000000003, 51.816390000000006], [0.35190000000000005, 51.821560000000005], [0.34853, 51.82443000000001], [0.34727, 51.828210000000006], [0.34037, 51.831900000000005], [0.33127, 51.8344], [0.3239349995491662, 51.835660002412986], [0.31644, 51.83827], [0.30939, 51.84044], [0.30077000000000004, 51.839740000000006], [0.29171, 51.843990000000005], [0.28033, 51.84893], [0.27099, 51.84957000000001], [0.26799, 51.847730000000006], [0.26945, 51.84299000000001], [0.26553000000000004, 51.83769], [0.26111, 51.832890000000006], [0.2586799905253454, 51.82600000284554], [0.25881000000000004, 51.82224], [0.26585000000000003, 51.81571], [0.26917, 51.81222], [0.26625000000000004, 51.80702], [0.26486000000000004, 51.800810000000006], [0.26828, 51.79323], [0.26361, 51.790530000000004], [0.26236000000000004, 51.78367], [0.25793000000000005, 51.780100000000004], [0.24469000150402703, 51.778760005224726], [0.23583, 51.780150000000006], [0.23007000000000002, 51.78016], [0.22191000000000002, 51.77772], [0.22002000000000002, 51.77306], [0.21797000000000002, 51.768640000000005], [0.21465, 51.76240000000001], [0.20989000000000002, 51.75565], [0.21014000000000002, 51.75045], [0.20361, 51.74674], [0.19425, 51.7443], [0.18797000000000003, 51.73801], [0.18550000000000003, 51.73062], [0.18137, 51.723940000000006], [0.17277, 51.718650000000004], [0.16369, 51.713530000000006], [0.1499850009333389, 51.71292000290035], [0.13581000000000001, 51.71012], [0.11911000000000001, 51.70508], [0.11058000000000001, 51.69832], [0.10324000000000001, 51.694430000000004], [0.09043331351104734, 51.68947000843047], [0.07675000000000001, 51.68375], [0.06603, 51.67747000000001], [0.061020000000000005, 51.67533], [0.04884999656501387, 51.67203500197151], [0.042, 51.66725], [0.037200000000000004, 51.6619], [0.03871, 51.65614000000001], [0.0384966608917118, 51.65332333371317], [0.03436, 51.64208000000001], [0.03142279930548499, 51.63230143242912], [0.027770000000000003, 51.62091], [0.025410000000000002, 51.61565], [0.021070000000000002, 51.60869], [0.01837, 51.604820000000004], [0.01149, 51.596790000000006], [0.009599978055841184, 51.5930300021213], [0.006470000000000001, 51.58446000000001], [0.00021, 51.58147], [-0.006980000000000001, 51.578210000000006], [-0.014620000000000001, 51.574020000000004], [-0.024960000000000003, 51.5703], [-0.03534, 51.5664], [-0.045430000000000005, 51.562270000000005], [-0.055760000000000004, 51.557930000000006], [-0.05500000000000001, 51.55563]]}}, {"type": "Feature", "properties": {"id": "3202758196059143736", "name": "To Hertford (Herts out, Essex back)", "link": "https://www.strava.com/routes/3202758196059143736", "distance_km": 110, "source": "HV-signed", "region": "Herts", "route_type": "Road", "cafe": "Coffee Lab, Hertford", "notes": "Road at Nazeing is narrow, fast and busy. Not pleasant, and not recommended for less confident groups."}, "geometry": {"type": "LineString", "coordinates": [[-0.05627000000000001, 51.558260000000004], [-0.05745000000000001, 51.56217], [-0.06105000000000001, 51.56765000000001], [-0.06714, 51.572010000000006], [-0.07641, 51.57426], [-0.08639000000000001, 51.57424], [-0.09632, 51.570440000000005], [-0.10565000000000001, 51.56523000000001], [-0.11511, 51.570620000000005], [-0.12222000000000001, 51.5758], [-0.12653, 51.581700000000005], [-0.13392, 51.58747], [-0.1423, 51.59093000000001], [-0.14541, 51.596360000000004], [-0.14815, 51.60316], [-0.15356, 51.609390000000005], [-0.15593, 51.61142], [-0.1596299946860295, 51.61759500042402], [-0.16576000000000002, 51.62227000000001], [-0.17458, 51.627520000000004], [-0.1821199971415707, 51.63060000216382], [-0.19356, 51.630250000000004], [-0.20145000000000002, 51.633700000000005], [-0.21419000000000002, 51.63335000000001], [-0.22895000000000001, 51.630680000000005], [-0.2363199982925253, 51.63377500001907], [-0.24068000000000003, 51.63989], [-0.23733, 51.64517000000001], [-0.22860000404142525, 51.648945001834015], [-0.21993000000000001, 51.65211000000001], [-0.22309, 51.65363000000001], [-0.22883, 51.660560000000004], [-0.23456332019486237, 51.669423335154214], [-0.23894, 51.67249], [-0.24416000000000002, 51.676750000000006], [-0.24838000000000002, 51.68347000000001], [-0.24759000000000003, 51.68817000000001], [-0.23672000164187665, 51.69028000007317], [-0.23232000000000003, 51.69351], [-0.22655000000000003, 51.69178], [-0.22361600513996588, 51.696484000154065], [-0.21927000000000002, 51.70613], [-0.22076, 51.71314], [-0.21313000000000001, 51.71334], [-0.20337000000000002, 51.71307], [-0.19944, 51.714870000000005], [-0.20305, 51.72193000000001], [-0.20702499271654048, 51.725265001479], [-0.21197000000000002, 51.731440000000006], [-0.19916, 51.73156], [-0.18885000000000002, 51.73217], [-0.18876, 51.73716], [-0.19247, 51.74530000000001], [-0.17994000000000002, 51.74577000000001], [-0.17355, 51.748270000000005], [-0.17286, 51.753890000000006], [-0.17196, 51.759750000000004], [-0.16598000000000002, 51.76335], [-0.15566000000000002, 51.763310000000004], [-0.15387, 51.76903], [-0.15041000000000002, 51.77226], [-0.13979, 51.772200000000005], [-0.12595999471503794, 51.77029000594313], [-0.12477, 51.763580000000005], [-0.12609, 51.75641], [-0.1287, 51.752500000000005], [-0.12430000000000001, 51.745160000000006], [-0.11725000000000001, 51.745740000000005], [-0.11023000000000001, 51.753440000000005], [-0.10202000000000001, 51.759620000000005], [-0.09353, 51.75672], [-0.08383, 51.75526000000001], [-0.07918, 51.75943], [-0.07856, 51.765130000000006], [-0.07892, 51.77199], [-0.0795, 51.779140000000005], [-0.08478000000000001, 51.78524], [-0.08346, 51.78943], [-0.07891000000000001, 51.79341], [-0.07856, 51.795], [-0.07856, 51.795], [-0.0732, 51.79699], [-0.07141, 51.7935], [-0.06863999673808872, 51.787000000339404], [-0.06708, 51.780370000000005], [-0.06493, 51.775670000000005], [-0.06270999610615571, 51.77167500705541], [-0.06181000155340882, 51.765585000135665], [-0.05673, 51.76333], [-0.0502, 51.761300000000006], [-0.04, 51.76277], [-0.03045, 51.761160000000004], [-0.0199, 51.76086], [-0.016055001008525305, 51.75720499989017], [-0.021980000000000003, 51.75462], [-0.03572, 51.75291000000001], [-0.04472, 51.752320000000005], [-0.05081, 51.751090000000005], [-0.05149, 51.747400000000006], [-0.04594, 51.74403], [-0.03416, 51.7432], [-0.02474, 51.74251], [-0.01948, 51.74645], [-0.01114, 51.744730000000004], [-0.0014000000000000002, 51.73744000000001], [0.011510000000000001, 51.735400000000006], [0.011300000000000001, 51.728530000000006], [0.014483341918325458, 51.720173334367615], [0.01043, 51.71414000000001], [0.00421, 51.70846], [-0.0032400000000000003, 51.706860000000006], [0.0001, 51.70065], [0.00236, 51.693250000000006], [0.00159, 51.689910000000005], [0.011750000000000002, 51.691720000000004], [0.024075023723786768, 51.69047002119908], [0.035979987094796904, 51.68946667639096], [0.03978, 51.68708], [0.041490000000000006, 51.683580000000006], [0.04132, 51.67830000000001], [0.0435950039306315, 51.670200001779584], [0.03862, 51.66452], [0.02925, 51.661300000000004], [0.020210000000000002, 51.66277], [0.011030000000000002, 51.66161], [0.0004900000000000001, 51.66657000000001], [-0.004210008130917131, 51.659765000777995], [0.0017299991399507008, 51.65375500278281], [0.00608, 51.65093], [0.010060000000000001, 51.64482], [0.012724999946220781, 51.63839500007899], [0.01467, 51.633300000000006], [0.02032, 51.62630000000001], [0.024705004779203128, 51.61957000112906], [0.025, 51.614580000000004], [0.02102, 51.60864], [0.01837, 51.604820000000004], [0.011884993114760675, 51.59758000063417], [0.010110000000000001, 51.593920000000004], [0.00653, 51.584970000000006], [0.0018700000000000001, 51.581720000000004], [-0.00623, 51.57878], [-0.01289, 51.57517000000001], [-0.020540000000000003, 51.57188000000001], [-0.031120000000000002, 51.56814000000001], [-0.04088000000000001, 51.56414], [-0.04859501066188092, 51.560895004817134], [-0.05532, 51.558330000000005]]}}, {"type": "Feature", "properties": {"id": "3204559190437721410", "name": "Spokes Cycles (Out Essex, back Herts)", "link": "https://www.strava.com/routes/3204559190437721410", "distance_km": 110, "source": "HV-signed", "region": "Herts", "route_type": "Road", "cafe": "Spokes Cycles", "notes": "Advisory: gravel at the bottom of Beddlestead Lane can lead to punctures. Approach with caution."}, "geometry": {"type": "LineString", "coordinates": [[-0.056490000000000005, 51.559760000000004], [-0.04862668691464084, 51.560886675763506], [-0.037480000000000006, 51.565690000000004], [-0.02772, 51.56945], [-0.01769, 51.572720000000004], [-0.01135, 51.576690000000006], [-0.0032400000000000003, 51.580070000000006], [0.0037900000000000004, 51.582930000000005], [0.006500000000000001, 51.58601], [0.010360000000000001, 51.59458000000001], [0.011783325754498067, 51.59737666739665], [0.01802, 51.60524], [0.024, 51.61280000000001], [0.027000000000000003, 51.618990000000004], [0.03008748948271339, 51.62844500073158], [0.033670000000000005, 51.6396], [0.03724, 51.6499], [0.04056746751286486, 51.657007504682966], [0.04997416461053109, 51.666562891299066], [0.06226, 51.67501000000001], [0.07036498792898428, 51.679635004090265], [0.081, 51.685660000000006], [0.09550746558929767, 51.6915725191749], [0.09861, 51.69675], [0.09808000000000001, 51.700540000000004], [0.09306500412132614, 51.707775000637156], [0.09232000000000001, 51.712270000000004], [0.09142, 51.718590000000006], [0.08850000000000001, 51.721610000000005], [0.07968, 51.720200000000006], [0.07925, 51.726150000000004], [0.07609, 51.73028000000001], [0.07665000000000001, 51.73586], [0.07506, 51.740120000000005], [0.062465010112676016, 51.744330005699595], [0.05765000000000001, 51.74917000000001], [0.05602000000000001, 51.752770000000005], [0.049510000000000005, 51.755660000000006], [0.0415, 51.75755], [0.03978, 51.761100000000006], [0.038450000000000005, 51.766450000000006], [0.04088000000000001, 51.7706], [0.03656, 51.77517], [0.03333999581770828, 51.77915001201595], [0.02492, 51.78058000000001], [0.014220000000000002, 51.7854], [0.008650000000000001, 51.788700000000006], [0.0066500000000000005, 51.793240000000004], [-0.00017, 51.79797000000001], [-0.007350000000000001, 51.80261], [-0.01648, 51.808620000000005], [-0.026050000000000004, 51.80979000000001], [-0.03452, 51.812200000000004], [-0.03438, 51.81514000000001], [-0.035660000000000004, 51.82253000000001], [-0.03434500019507957, 51.82708999992621], [-0.03225, 51.832730000000005], [-0.028900000000000002, 51.839830000000006], [-0.03787, 51.837680000000006], [-0.04755, 51.83451], [-0.05727, 51.832080000000005], [-0.06584000000000001, 51.829980000000006], [-0.07366, 51.83243], [-0.07914, 51.83465], [-0.08761000000000001, 51.834120000000006], [-0.09287000000000001, 51.83578000000001], [-0.10044500263539487, 51.836380000291115], [-0.10694000000000001, 51.83860000000001], [-0.11646000000000001, 51.83606], [-0.11972752932325564, 51.82939501747477], [-0.13405, 51.82909], [-0.14818, 51.836670000000005], [-0.15964, 51.84075000000001], [-0.168, 51.8436], [-0.17495000000000002, 51.849470000000004], [-0.18099, 51.85248000000001], [-0.1939599910035972, 51.85645000486737], [-0.20485, 51.85555], [-0.21305000000000002, 51.85531], [-0.21704, 51.851350000000004], [-0.22242, 51.84845000000001], [-0.21915, 51.84946000000001], [-0.21557, 51.854440000000004], [-0.2076, 51.856970000000004], [-0.19764, 51.85768], [-0.18744999633082085, 51.85439500231546], [-0.17916499792932378, 51.85056500234878], [-0.17182, 51.84658], [-0.16994, 51.838730000000005], [-0.16803, 51.83196], [-0.16552, 51.82697], [-0.15762, 51.822320000000005], [-0.15617, 51.81815], [-0.15758000000000003, 51.813320000000004], [-0.15657000000000001, 51.808440000000004], [-0.15276, 51.805150000000005], [-0.14645406616723863, 51.80029201462445], [-0.14873, 51.791030000000006], [-0.14292999599171377, 51.787250001370694], [-0.13694, 51.78190000000001], [-0.1403100055560992, 51.7794400009803], [-0.14332, 51.77277], [-0.1529, 51.77159], [-0.15352000000000002, 51.76672000000001], [-0.15417, 51.75934], [-0.15612, 51.75345], [-0.15675, 51.74819], [-0.16531000577800836, 51.74331666690552], [-0.16788, 51.73528], [-0.17351000485928428, 51.726565001245234], [-0.17831000000000002, 51.72014000000001], [-0.1746, 51.70985], [-0.17510332658473615, 51.7006066671857], [-0.17786000697264331, 51.69379000096207], [-0.17938, 51.68585], [-0.18693, 51.680130000000005], [-0.19309, 51.672520000000006], [-0.19811, 51.666520000000006], [-0.20054000000000002, 51.65905000000001], [-0.2003, 51.65316000000001], [-0.19186195922125268, 51.648498014183424], [-0.18244000000000002, 51.642720000000004], [-0.17834000000000003, 51.637220000000006], [-0.17458, 51.62859], [-0.17671, 51.61939], [-0.17555, 51.61144], [-0.17447000000000001, 51.6032], [-0.17307, 51.5996], [-0.16757000000000002, 51.59344], [-0.1537, 51.59098], [-0.14255, 51.591170000000005], [-0.14195000000000002, 51.591240000000006], [-0.13389, 51.587390000000006], [-0.12566499565808115, 51.58119000147436], [-0.12186665854029136, 51.575170000858726], [-0.11413000000000001, 51.570170000000005], [-0.10239668025658978, 51.56597333732579], [-0.09342002327556484, 51.57164334725697], [-0.08367000000000001, 51.57470000000001], [-0.07093, 51.572900000000004], [-0.06239000000000001, 51.56933], [-0.05782, 51.562720000000006], [-0.054860000000000006, 51.55857], [-0.055880000000000006, 51.557550000000006]]}}, {"type": "Feature", "properties": {"id": "3204558547477861698", "name": "Fast Essex", "link": "https://www.strava.com/routes/3204558547477861698", "distance_km": 110, "source": "HV-signed", "region": "Essex", "route_type": "Road", "cafe": "Hatfield, Bakehouse or Blackmore", "notes": ""}, "geometry": {"type": "LineString", "coordinates": [[-0.047850000000000004, 51.559850000000004], [-0.04054000000000001, 51.56441], [-0.032100000000000004, 51.567870000000006], [-0.02249002247063442, 51.571366679131664], [-0.01349, 51.57491], [-0.008680014625529878, 51.57757334270392], [0.00030000000000000003, 51.581770000000006], [0.006410000000000001, 51.58453], [0.009509992172079929, 51.59281500071957], [0.010560000000000002, 51.59617], [0.01644, 51.603460000000005], [0.021560000000000003, 51.60949], [0.02594499748678272, 51.617015000249275], [0.028780000000000003, 51.62151], [0.03475, 51.627010000000006], [0.05079749453035479, 51.62728751692718], [0.06476000000000001, 51.625930000000004], [0.07383667116763347, 51.62702334329845], [0.08286499727642653, 51.62665999997474], [0.08601666305200456, 51.633213333534314], [0.09244000000000001, 51.6362], [0.10220000000000001, 51.64307], [0.10853000000000002, 51.647240000000004], [0.11842000000000001, 51.65137000000001], [0.12222000000000001, 51.65804000000001], [0.12693000000000002, 51.66158], [0.13515000000000002, 51.664910000000006], [0.13364500608012178, 51.67022500082943], [0.13107000000000002, 51.67703], [0.13150499560990625, 51.68377500088615], [0.13428, 51.688990000000004], [0.13332000000000002, 51.694370000000006], [0.13285499398304984, 51.69749500059422], [0.13423000000000002, 51.70215], [0.13474, 51.70711000000001], [0.14092000000000002, 51.71190000000001], [0.15507, 51.71298], [0.16646000000000002, 51.7154], [0.17609000000000002, 51.719280000000005], [0.18107, 51.724070000000005], [0.18564000000000003, 51.73163], [0.18871000000000002, 51.739320000000006], [0.19299000000000002, 51.74427000000001], [0.17975000000000002, 51.746170000000006], [0.18066000000000002, 51.750080000000004], [0.18572000000000002, 51.75345], [0.19072000000000003, 51.756370000000004], [0.18396, 51.759640000000005], [0.17033, 51.76203], [0.17749, 51.76684], [0.18567, 51.771300000000004], [0.18779, 51.774840000000005], [0.18912, 51.778400000000005], [0.19573000000000002, 51.78056], [0.19739, 51.78385], [0.19754000000000002, 51.787910000000004], [0.1942100421156428, 51.79383501126286], [0.18941500327209787, 51.797575000643754], [0.18613000000000002, 51.800090000000004], [0.18781999101338764, 51.80442000780737], [0.19833, 51.80881], [0.20892000000000002, 51.81275], [0.21582, 51.81738000000001], [0.21978000000000003, 51.82177], [0.23059000000000002, 51.82462], [0.239720000112688, 51.82635500673159], [0.24644000000000002, 51.82723000000001], [0.25383, 51.825700000000005], [0.25877, 51.81904], [0.26833, 51.81524], [0.26921, 51.811130000000006], [0.26676, 51.80574000000001], [0.26486000000000004, 51.80046], [0.26828, 51.79323], [0.27168000000000003, 51.78980000000001], [0.27732, 51.788970000000006], [0.27849, 51.78361], [0.27834501163165687, 51.777800006065036], [0.28605, 51.771330000000006], [0.28778000000000004, 51.76785], [0.29032500254804455, 51.76137000002232], [0.29706000000000005, 51.75793], [0.29709, 51.75366], [0.29154, 51.746790000000004], [0.29633000000000004, 51.74437], [0.29677000000000003, 51.74009], [0.30612, 51.74078], [0.31647000000000003, 51.739650000000005], [0.32701, 51.74056], [0.33261, 51.737660000000005], [0.33853000000000005, 51.732980000000005], [0.33994, 51.72766000000001], [0.34051000000000003, 51.723620000000004], [0.35018000000000005, 51.725770000000004], [0.35141000000000006, 51.731660000000005], [0.35503, 51.73677000000001], [0.36324, 51.73838000000001], [0.37020000000000003, 51.731910000000006], [0.37310000000000004, 51.72410000000001], [0.37150000000000005, 51.71956], [0.37727000000000005, 51.716820000000006], [0.37512, 51.71123000000001], [0.36315000000000003, 51.708740000000006], [0.35443, 51.70266], [0.34548, 51.696180000000005], [0.33579000000000003, 51.69451], [0.32272, 51.69305000000001], [0.31443000000000004, 51.69144000000001], [0.30787000000000003, 51.68619], [0.30168499560816453, 51.68052000212176], [0.29948, 51.676480000000005], [0.29068000000000005, 51.67217], [0.28010499214322165, 51.665150001965486], [0.27201000000000003, 51.66142000000001], [0.26283500030883056, 51.65762500499923], [0.25698000000000004, 51.651830000000004], [0.24859000000000003, 51.650310000000005], [0.23627, 51.64922000000001], [0.22752000000000003, 51.65189], [0.21869000000000002, 51.65243], [0.2124, 51.650940000000006], [0.20531000000000002, 51.64679], [0.19944999099230407, 51.63859000287575], [0.19004000000000001, 51.631130000000006], [0.18116000000000002, 51.628870000000006], [0.17218000000000003, 51.63013], [0.16526500481602513, 51.629345002685355], [0.15266000000000002, 51.63261000000001], [0.14589500021279952, 51.633525002691215], [0.13705, 51.63065], [0.12851, 51.624950000000005], [0.11627000000000001, 51.62048000000001], [0.10293999331502666, 51.617100006794], [0.08923, 51.612680000000005], [0.07611499635488389, 51.60957000183173], [0.06084666279079579, 51.606883344635285], [0.049210000000000004, 51.605030000000006], [0.040470000000000006, 51.601530000000004], [0.026170000000000002, 51.605410000000006], [0.020479995580700898, 51.60794000063696], [0.01769, 51.60477], [0.01173, 51.59635], [0.00909, 51.59197], [0.00644, 51.58446000000001], [-0.00016, 51.581390000000006], [-0.0061600000000000005, 51.578810000000004]]}}, {"type": "Feature", "properties": {"id": "3204535445943175924", "name": "High Easter and the Rodings (110km)", "link": "https://www.strava.com/routes/3204535445943175924", "distance_km": 110, "source": "HV-signed", "region": "Essex", "route_type": "Road", "cafe": "Daintea's in Leaden Roding or the Snug in High Easter", "notes": ""}, "geometry": {"type": "LineString", "coordinates": [[-0.05500000000000001, 51.55563], [-0.056260000000000004, 51.55866], [-0.04673500615538744, 51.5617000026696], [-0.03754002987791702, 51.56561501377221], [-0.024780000000000003, 51.57048], [-0.012960000000000001, 51.575250000000004], [-0.0054800000000000005, 51.579150000000006], [0.00367, 51.58285000000001], [0.00676, 51.58701000000001], [0.01041, 51.59481], [0.01268, 51.59910000000001], [0.01888, 51.60627], [0.02289, 51.611200000000004], [0.02629, 51.61766], [0.029390000000000003, 51.62639000000001], [0.033260000000000005, 51.6379], [0.036599995079930614, 51.64817500030505], [0.038950000000000005, 51.65583], [0.037020000000000004, 51.66113000000001], [0.04148999626341456, 51.66692500105467], [0.04816, 51.671820000000004], [0.06099, 51.675250000000005], [0.07036498792898428, 51.679635004090265], [0.081, 51.685660000000006], [0.09497999624582457, 51.69139500209214], [0.10398, 51.689130000000006], [0.11367000000000001, 51.687850000000005], [0.1222, 51.68842], [0.13372, 51.6891], [0.14479, 51.68721000000001], [0.1498449929847742, 51.684915001981075], [0.15365, 51.690760000000004], [0.16166000000000003, 51.68912], [0.16894, 51.692550000000004], [0.16879000000000002, 51.69812], [0.18048, 51.69868], [0.19194000000000003, 51.69892], [0.19260000000000002, 51.70421], [0.20413500102888488, 51.70861000014976], [0.20483, 51.715250000000005], [0.20570000000000002, 51.72258000000001], [0.20923000000000003, 51.72529], [0.20886000000000002, 51.730070000000005], [0.21177, 51.73319000000001], [0.21236000000000002, 51.73705], [0.21943000000000001, 51.73946], [0.228, 51.74154000000001], [0.23675000000000002, 51.74230000000001], [0.24665, 51.742920000000005], [0.25413, 51.73984], [0.26174000000000003, 51.73781], [0.27041000000000004, 51.739090000000004], [0.27787, 51.744550000000004], [0.28691999514554023, 51.74663500254394], [0.29595000000000005, 51.752430000000004], [0.30138000000000004, 51.756280000000004], [0.30653, 51.75885], [0.30779, 51.76375], [0.30770000000000003, 51.769800000000004], [0.31424, 51.774950000000004], [0.32445, 51.776680000000006], [0.33070000000000005, 51.780030000000004], [0.33507000000000003, 51.783710000000006], [0.33997000000000005, 51.78681], [0.34071500122839765, 51.789200002193255], [0.34341000000000005, 51.79348], [0.34191000000000005, 51.796960000000006], [0.34663000000000005, 51.80172], [0.3491, 51.806720000000006], [0.34747, 51.811600000000006], [0.34679000000000004, 51.81841000000001], [0.35171, 51.82284000000001], [0.34711000000000003, 51.825190000000006], [0.34565, 51.829530000000005], [0.33775000000000005, 51.83288], [0.32832, 51.833920000000006], [0.32120000000000004, 51.83587000000001], [0.31398000367161244, 51.83860500131249], [0.30676999668821303, 51.84118000296307], [0.29752, 51.841060000000006], [0.28881, 51.84563000000001], [0.27733, 51.84935], [0.2702, 51.849030000000006], [0.26735000000000003, 51.84555], [0.2691099925850036, 51.84076500796436], [0.26647000000000004, 51.836760000000005], [0.26113000000000003, 51.82996000000001], [0.25494, 51.825410000000005], [0.25842000000000004, 51.819480000000006], [0.26598, 51.815580000000004], [0.27040000000000003, 51.812380000000005], [0.26902000000000004, 51.80758], [0.26568, 51.80478], [0.26562, 51.79892], [0.26775000000000004, 51.792660000000005], [0.26141000000000003, 51.789370000000005], [0.26141000000000003, 51.783060000000006], [0.25616, 51.779860000000006], [0.24306000000000003, 51.77891], [0.23490000000000003, 51.780640000000005], [0.22966000000000003, 51.779830000000004], [0.22191000000000002, 51.77772], [0.22002000000000002, 51.77306], [0.21751, 51.77037000000001], [0.21570665745533774, 51.764536667604204], [0.21257, 51.75941], [0.20949, 51.75289], [0.20448000000000002, 51.74870000000001], [0.20119, 51.744780000000006], [0.19113000000000002, 51.7417], [0.18592499724973072, 51.73419000040051], [0.18291000000000002, 51.72688], [0.17951499466171814, 51.722190000866746], [0.16857000000000003, 51.71754000000001], [0.16369, 51.713530000000006], [0.15249000000000001, 51.71287], [0.13855, 51.71085000000001], [0.123264993346925, 51.70626500457399], [0.11359000000000001, 51.700660000000006], [0.10527, 51.69556000000001], [0.09345499420913246, 51.69082500294142], [0.07956499698961329, 51.68502500173216], [0.06875, 51.67875], [0.06226, 51.67501000000001], [0.052204995459085746, 51.67305500267339], [0.04449, 51.668510000000005], [0.037840000000000006, 51.66259], [0.037090000000000005, 51.657180000000004], [0.039240000000000004, 51.655150000000006], [0.03518662801395604, 51.64428666941713], [0.03225, 51.63468], [0.028417978745097647, 51.62314200117319], [0.0263, 51.61746], [0.02128, 51.60911], [0.018690000000000002, 51.60499], [0.01268, 51.59910000000001], [0.0103, 51.59425], [0.00653, 51.584970000000006], [0.00135, 51.58158], [-0.00674, 51.578430000000004], [-0.01433, 51.574220000000004], [-0.02457, 51.57049000000001], [-0.03433, 51.566770000000005], [-0.044820000000000006, 51.56246], [-0.054860000000000006, 51.55857], [-0.05500000000000001, 51.55563]]}}, {"type": "Feature", "properties": {"id": "3204549983316133726", "name": "Surrey Hills - 110km", "link": "https://www.strava.com/routes/3204549983316133726", "distance_km": 110, "source": "HV-signed", "region": "Other/Ultra", "route_type": "Road", "cafe": "Box Hill", "notes": "Long urban sections to get across London on either end!"}, "geometry": {"type": "LineString", "coordinates": [[-0.055720000000000006, 51.556670000000004], [-0.06340000464410901, 51.55197000620481], [-0.07542, 51.54811], [-0.08023000000000001, 51.54271000000001], [-0.08227000000000001, 51.53555000000001], [-0.08346, 51.52928000000001], [-0.08487, 51.52535], [-0.08722, 51.52056], [-0.08963, 51.51493000000001], [-0.09302, 51.51091], [-0.10940166519922889, 51.5110400369421], [-0.12104000000000001, 51.50802], [-0.12463, 51.5009], [-0.12505000000000002, 51.49486], [-0.12673, 51.49011], [-0.13271000000000002, 51.48608], [-0.14696, 51.48577], [-0.15509, 51.484910000000006], [-0.17246, 51.48228], [-0.17983000000000002, 51.48011], [-0.18923335031898922, 51.47821667207356], [-0.19814, 51.47299], [-0.20841, 51.469910000000006], [-0.21397000000000002, 51.46603], [-0.22516000000000003, 51.46847], [-0.23626000000000003, 51.466730000000005], [-0.24851, 51.46504], [-0.25542000000000004, 51.454260000000005], [-0.25627, 51.44771], [-0.25732000000000005, 51.439170000000004], [-0.26305, 51.434960000000004], [-0.26831000000000005, 51.43314], [-0.27732, 51.42638], [-0.28618000000000005, 51.421780000000005], [-0.29400000000000004, 51.41930000000001], [-0.3050300055263182, 51.41526500061572], [-0.30795, 51.41098], [-0.31156, 51.411210000000004], [-0.32532432155161406, 51.407317209033536], [-0.34023000000000003, 51.40679], [-0.34303, 51.40285], [-0.34266, 51.396390000000004], [-0.34924000000000005, 51.39079], [-0.35490000000000005, 51.386950000000006], [-0.35868000000000005, 51.37999000000001], [-0.36954000000000004, 51.37801], [-0.36681, 51.37165], [-0.36507, 51.36847], [-0.36314, 51.36034], [-0.3632200014245098, 51.351763333376105], [-0.36276, 51.348200000000006], [-0.36157, 51.338930000000005], [-0.35695000000000005, 51.33316000000001], [-0.35452, 51.327830000000006], [-0.3448999866481284, 51.32181500435948], [-0.34489000000000003, 51.31642], [-0.34916, 51.306650000000005], [-0.349860007452656, 51.304000006335535], [-0.35636, 51.29894], [-0.35548, 51.29214], [-0.35871000000000003, 51.28665], [-0.36835, 51.281870000000005], [-0.37221000000000004, 51.27709], [-0.36714, 51.27066000000001], [-0.36315000000000003, 51.26433], [-0.36024, 51.259220000000006], [-0.35733000000000004, 51.2561], [-0.34847, 51.25629000000001], [-0.33637, 51.25455], [-0.32823, 51.25421000000001], [-0.32306, 51.254630000000006], [-0.32304000000000005, 51.257220000000004], [-0.31507, 51.254070000000006], [-0.31731000000000004, 51.257560000000005], [-0.31026499677554165, 51.25110500055678], [-0.3128, 51.24904], [-0.30162, 51.24835], [-0.2868825164948007, 51.25082001415334], [-0.27253000000000005, 51.256710000000005], [-0.26594, 51.26294000000001], [-0.27305, 51.26856], [-0.2726, 51.27676], [-0.27712000000000003, 51.282810000000005], [-0.27992, 51.288500000000006], [-0.27776, 51.297610000000006], [-0.27844666335535045, 51.30493000007901], [-0.28162000000000004, 51.31172], [-0.27957000000000004, 51.316880000000005], [-0.2751750061255434, 51.32253000249215], [-0.27039, 51.328210000000006], [-0.27026, 51.33272], [-0.25946, 51.337120000000006], [-0.25132000000000004, 51.343790000000006], [-0.24464000000000002, 51.348400000000005], [-0.24886996751400192, 51.35731600531879], [-0.2573959565084695, 51.36343801304189], [-0.27103000000000005, 51.37189000000001], [-0.27958, 51.37798], [-0.28304, 51.38120000000001], [-0.29037397162402123, 51.38376801890895], [-0.30082000000000003, 51.38676], [-0.31152, 51.39224], [-0.30989, 51.39842], [-0.30812, 51.40636000000001], [-0.30831000000000003, 51.410430000000005], [-0.30529, 51.41349], [-0.29697002863843885, 51.41847501856496], [-0.28645000000000004, 51.42045], [-0.27949, 51.42461], [-0.27053000000000005, 51.4318], [-0.26504, 51.434610000000006], [-0.25748000000000004, 51.43728], [-0.25616, 51.445420000000006], [-0.25735, 51.45374], [-0.2500000864277227, 51.46254301076673], [-0.23752, 51.466350000000006], [-0.22740000000000002, 51.46839000000001], [-0.21523, 51.46661], [-0.21007, 51.469300000000004], [-0.20017000000000001, 51.472710000000006], [-0.19158000518120927, 51.47714000164616], [-0.18154, 51.48167], [-0.17457, 51.4819], [-0.16705, 51.48349], [-0.15162, 51.48547000000001], [-0.14345000000000002, 51.48545000000001], [-0.13089, 51.487030000000004], [-0.12514, 51.49259000000001], [-0.12571000000000002, 51.49756000000001], [-0.12351000000000001, 51.50325], [-0.11892000000000001, 51.5095], [-0.10756, 51.51115000000001], [-0.10201, 51.512130000000006], [-0.09419000000000001, 51.51231000000001], [-0.08922333997389333, 51.51595000050367], [-0.08729, 51.52075000000001], [-0.08478000000000001, 51.525560000000006], [-0.08319, 51.529810000000005], [-0.08208, 51.53577000000001], [-0.08001000000000001, 51.542860000000005], [-0.07521000000000001, 51.549780000000005], [-0.06119333922678035, 51.55227334176933], [-0.055720000000000006, 51.556670000000004]]}}, {"type": "Feature", "properties": {"id": "3204536300630232926", "name": "London to Cambridge via Saffron Walden", "link": "https://www.strava.com/routes/3204536300630232926", "distance_km": 115, "source": "HV-signed", "region": "Essex", "route_type": "Road", "cafe": "Bubble and Waffle in Saffron Walden", "notes": ""}, "geometry": {"type": "LineString", "coordinates": [[-0.054630000000000005, 51.558620000000005], [-0.04321001407900579, 51.56322000624962], [-0.031560000000000005, 51.56804], [-0.01597, 51.573260000000005], [-0.008855003364319373, 51.577450002111135], [0.0008100000000000001, 51.581630000000004], [0.00653, 51.584970000000006], [0.01, 51.59393000000001], [0.01139, 51.59666000000001], [0.01796, 51.60501000000001], [0.02128, 51.60911], [0.02594499748678272, 51.617015000249275], [0.029229995863848862, 51.621925000841095], [0.03533496648057289, 51.630405005319005], [0.04333, 51.639680000000006], [0.044550000000000006, 51.64607], [0.05067000000000001, 51.650600000000004], [0.05786, 51.65355], [0.062290000000000005, 51.659090000000006], [0.07041, 51.66133000000001], [0.07823000000000001, 51.661440000000006], [0.08665499547377646, 51.66352000221401], [0.09481, 51.670010000000005], [0.10144500416378335, 51.671115001765685], [0.11079000000000001, 51.66848], [0.12147000000000001, 51.671130000000005], [0.12881, 51.67231], [0.13128, 51.676300000000005], [0.13144, 51.68368], [0.13859000000000002, 51.68927000000001], [0.14569000000000001, 51.6899], [0.15527500607174835, 51.69086000365113], [0.16369, 51.69619], [0.17387000000000002, 51.69818], [0.18574000000000002, 51.698570000000004], [0.19261998863598237, 51.70209666884576], [0.19804000000000002, 51.706070000000004], [0.20362000000000002, 51.712160000000004], [0.20564000000000002, 51.71748], [0.20599, 51.724900000000005], [0.2129, 51.72894], [0.21045000000000003, 51.731910000000006], [0.21092000000000002, 51.736230000000006], [0.21710000000000002, 51.738910000000004], [0.21927000000000002, 51.740680000000005], [0.21904, 51.74499], [0.21993000000000001, 51.75168000000001], [0.21894000000000002, 51.757830000000006], [0.22315000000000002, 51.763290000000005], [0.22346000000000002, 51.76708000000001], [0.22754000000000002, 51.772580000000005], [0.22755000000000003, 51.778330000000004], [0.231, 51.78356], [0.23667000000000002, 51.78587], [0.24074, 51.791630000000005], [0.23820000000000002, 51.79737], [0.24164000000000002, 51.8025], [0.23919, 51.80727], [0.23325, 51.811710000000005], [0.22129000000000001, 51.812850000000005], [0.21224, 51.81400000000001], [0.2161150000713036, 51.82029999996448], [0.22514, 51.82367000000001], [0.23435000000000003, 51.826460000000004], [0.24421, 51.82647000000001], [0.24885000000000002, 51.831070000000004], [0.25315000000000004, 51.837990000000005], [0.25359000000000004, 51.84564], [0.26030000000000003, 51.85076], [0.26673, 51.85821000000001], [0.26636000000000004, 51.867180000000005], [0.26467, 51.873580000000004], [0.26121, 51.8783], [0.25985, 51.884510000000006], [0.26673, 51.88808], [0.2716699963020492, 51.89233000140905], [0.27071, 51.89885], [0.27738499840495767, 51.902420002472425], [0.28404, 51.90945000000001], [0.28773000000000004, 51.9147], [0.29141, 51.91917], [0.29623000000000005, 51.92239000000001], [0.29860000000000003, 51.927130000000005], [0.30437000000000003, 51.931110000000004], [0.30060000000000003, 51.9341], [0.29263, 51.93522], [0.2827, 51.940160000000006], [0.27444, 51.945280000000004], [0.27924000000000004, 51.948980000000006], [0.28221, 51.953230000000005], [0.28875, 51.955510000000004], [0.29144000000000003, 51.96079], [0.29772000000000004, 51.963370000000005], [0.2926, 51.968070000000004], [0.28134000000000003, 51.96965], [0.27044, 51.9729], [0.26495, 51.977090000000004], [0.26229, 51.98366000000001], [0.25695, 51.992700000000006], [0.25412, 51.99893], [0.25075000000000003, 52.002], [0.24713000000000002, 52.006440000000005], [0.24163, 52.01187], [0.23941, 52.01988000000001], [0.24551000000000003, 52.023050000000005], [0.23931000000000002, 52.019830000000006], [0.22979000000000002, 52.01782000000001], [0.2209199928496994, 52.01298000162564], [0.21238999860912194, 52.00830667865714], [0.20636000000000002, 52.00589], [0.19977, 52.00531], [0.18852000000000002, 52.005300000000005], [0.18312333847775997, 52.01365000017996], [0.18129, 52.02084000000001], [0.1769, 52.02631], [0.17973, 52.03184], [0.1705, 52.034420000000004], [0.17073499199730588, 52.04093500085558], [0.1622350056136185, 52.04531000589032], [0.14642000000000002, 52.046670000000006], [0.13438, 52.051460000000006], [0.12152667956076023, 52.05884000249751], [0.10887000000000001, 52.060550000000006], [0.10675000000000001, 52.066570000000006], [0.09080408096576707, 52.07260601674013], [0.08180000000000001, 52.081050000000005], [0.07440000000000001, 52.087740000000004], [0.07386498995526322, 52.0931950051602], [0.08294000000000001, 52.09942], [0.08897998037299752, 52.108916670573585], [0.09711, 52.11591000000001], [0.10130000000000002, 52.12248], [0.10017000000000001, 52.12919], [0.10195998053185067, 52.13769334654459], [0.11777000000000001, 52.143150000000006], [0.12784, 52.145010000000006], [0.13322, 52.146640000000005], [0.14144999681988243, 52.14990000076292], [0.13712000000000002, 52.15442], [0.13291500151425714, 52.16327500001677], [0.14043998835573332, 52.17059334128391], [0.14368, 52.17432], [0.14451, 52.176390000000005], [0.13932, 52.18388], [0.13443000000000002, 52.19261], [0.13677, 52.193900000000006]]}}, {"type": "Feature", "properties": {"id": "3201965196886808268", "name": "Writtle 115km", "link": "https://www.strava.com/routes/3201965196886808268", "distance_km": 115, "source": "HV-signed", "region": "Essex", "route_type": "Road", "cafe": "Bakehouse or the Snug (High Easter)", "notes": "Advisory: busy road between Epping and North Weald, but tends to be fine in the morning"}, "geometry": {"type": "LineString", "coordinates": [[-0.05543000000000001, 51.55622], [-0.055760000000000004, 51.558800000000005], [-0.045350004385326007, 51.56242500197621], [-0.035530000000000006, 51.566520000000004], [-0.026090000000000002, 51.57007], [-0.017070000000000002, 51.572950000000006], [-0.01152, 51.5765], [-0.0029100000000000003, 51.58023000000001], [0.005840000000000001, 51.58397], [0.008729988927369516, 51.5912733343753], [0.0102, 51.595980000000004], [0.01644, 51.603460000000005], [0.021864997430250752, 51.60990500069243], [0.026260000000000002, 51.61750000000001], [0.028529996702008648, 51.62367500022546], [0.03221, 51.634690000000006], [0.034759950787488524, 51.64327333681848], [0.038713327571810556, 51.65392666708416], [0.036770000000000004, 51.658080000000005], [0.039540000000000006, 51.664190000000005], [0.045000000000000005, 51.669500000000006], [0.058044996501858424, 51.6744250029023], [0.06644, 51.6777], [0.07820499438140115, 51.68444000234522], [0.09143000000000001, 51.68992], [0.10376499635676825, 51.69475500124846], [0.11113, 51.69881], [0.11904, 51.70521], [0.13452498968056079, 51.70975500702217], [0.14599, 51.712920000000004], [0.15918000000000002, 51.71251], [0.16749, 51.716480000000004], [0.17685, 51.71963], [0.18121, 51.724180000000004], [0.18554, 51.73228], [0.18874000000000002, 51.73941000000001], [0.19794, 51.744550000000004], [0.20383, 51.74815], [0.20890000000000003, 51.75184], [0.21155000000000002, 51.75809], [0.21504499569160795, 51.76333500025356], [0.2174, 51.770680000000006], [0.22079000000000001, 51.774060000000006], [0.22520500079673014, 51.778095004626906], [0.23106000000000002, 51.780730000000005], [0.23759999279678623, 51.78054000381225], [0.24911000000000003, 51.778940000000006], [0.25806, 51.78027], [0.2644199882972022, 51.784020004992996], [0.27674000000000004, 51.784090000000006], [0.28664, 51.78577000000001], [0.29262000000000005, 51.789730000000006], [0.3009049931994875, 51.79446500627559], [0.31116000000000005, 51.796150000000004], [0.31832000000000005, 51.791900000000005], [0.32844, 51.79238], [0.33532, 51.79372000000001], [0.3401, 51.797560000000004], [0.34618000000000004, 51.80084], [0.34805, 51.806400000000004], [0.35462000000000005, 51.80872], [0.36814, 51.80818000000001], [0.37962, 51.808080000000004], [0.38654000000000005, 51.80599], [0.38844, 51.80153000000001], [0.38455000000000006, 51.79529], [0.38271000000000005, 51.79007000000001], [0.38874000000000003, 51.78633000000001], [0.39709000000000005, 51.783150000000006], [0.40066, 51.780300000000004], [0.40678000000000003, 51.77709], [0.41201000000000004, 51.77263000000001], [0.41287, 51.7668], [0.41655000000000003, 51.761610000000005], [0.42561000000000004, 51.760540000000006], [0.43284000000000006, 51.75625], [0.43943000000000004, 51.753870000000006], [0.44260000000000005, 51.74772], [0.444005000396274, 51.74079500647747], [0.43057, 51.741620000000005], [0.42489000000000005, 51.73928], [0.4143399944139302, 51.73909000262823], [0.40586000000000005, 51.73373], [0.40040000000000003, 51.73514], [0.39209000000000005, 51.73612000000001], [0.38235500176716897, 51.73714500429618], [0.37355000000000005, 51.73572000000001], [0.37187000000000003, 51.72954000000001], [0.37322000000000005, 51.722300000000004], [0.37368, 51.71791], [0.3788, 51.714150000000004], [0.36759000000000003, 51.70982000000001], [0.35769, 51.70543000000001], [0.35028000000000004, 51.69868], [0.34090000000000004, 51.69525], [0.32656, 51.694050000000004], [0.31723, 51.69247000000001], [0.31443000000000004, 51.69144000000001], [0.30902, 51.68798], [0.30426000000000003, 51.682080000000006], [0.29468, 51.676480000000005], [0.28882, 51.671150000000004], [0.27781, 51.66816000000001], [0.26486000000000004, 51.667190000000005], [0.25106, 51.663000000000004], [0.24087000000000003, 51.663810000000005], [0.23201999511284185, 51.661670001479266], [0.22387, 51.65576], [0.21787, 51.652440000000006], [0.21029499906302485, 51.65091500446477], [0.20293499325919076, 51.6433750016461], [0.19551999060169592, 51.63581500178319], [0.1874349981466586, 51.627745000121955], [0.17561000000000002, 51.63145], [0.16921000000000003, 51.62776], [0.15838000000000002, 51.631910000000005], [0.14892000000000002, 51.6332], [0.13904000000000002, 51.63398], [0.13171000000000002, 51.62718], [0.11845499613892391, 51.62125000257095], [0.10413000000000001, 51.61731], [0.08921000000000001, 51.61269000000001], [0.07678, 51.60981], [0.060674997386549565, 51.60688000745843], [0.047720000000000005, 51.604350000000004], [0.0412800035427412, 51.60135000271333], [0.026170000000000002, 51.605410000000006], [0.020020000000000003, 51.60737], [0.017660000000000002, 51.60479], [0.01186, 51.596030000000006], [0.00837, 51.5906], [0.006070000000000001, 51.583890000000004], [-0.0027900000000000004, 51.580110000000005], [-0.008780000000000001, 51.57743000000001], [-0.01633500408288179, 51.573075002040476], [-0.0263450095655847, 51.56990500475497], [-0.03332, 51.56727000000001], [-0.04252, 51.563430000000004], [-0.05184668901137132, 51.55951334346438], [-0.05518000000000001, 51.555980000000005], [-0.05591, 51.55881], [-0.046220000000000004, 51.561930000000004], [-0.035480000000000005, 51.56655000000001], [-0.02951, 51.56882]]}}, {"type": "Feature", "properties": {"id": "3204554860445090548", "name": "Classic Kent climbs", "link": "https://www.strava.com/routes/3204554860445090548", "distance_km": 116, "source": "HV-signed", "region": "Kent", "route_type": "Road", "cafe": "Ide Hill Community Shop (closes midday on Sundays)", "notes": "Advisory: Roding Lane top half can get icy in cold conditions, and the lower half is fast and narrow"}, "geometry": {"type": "LineString", "coordinates": [[-0.027630000000000002, 51.571130000000004], [-0.034980000000000004, 51.566610000000004], [-0.04753, 51.561350000000004], [-0.05578, 51.55682], [-0.05836667701574438, 51.55184000088827], [-0.06552000000000001, 51.548300000000005], [-0.0698, 51.545590000000004], [-0.07028000000000001, 51.53683], [-0.07374, 51.530330000000006], [-0.07804000000000001, 51.52673000000001], [-0.07783000000000001, 51.52264], [-0.07984000000000001, 51.518130000000006], [-0.08414, 51.5133], [-0.08795500543056685, 51.50704000037295], [-0.09305000000000001, 51.501360000000005], [-0.09959000000000001, 51.496640000000006], [-0.10048000000000001, 51.49365], [-0.09516000000000001, 51.48706000000001], [-0.09428499862688577, 51.480130000083335], [-0.09289000000000001, 51.474030000000006], [-0.09095, 51.467330000000004], [-0.09205, 51.46087000000001], [-0.09062, 51.456050000000005], [-0.08557000000000001, 51.450700000000005], [-0.08539000000000001, 51.445280000000004], [-0.08111, 51.436490000000006], [-0.07828, 51.42922], [-0.07502, 51.425670000000004], [-0.07658000000000001, 51.419540000000005], [-0.0689299933177302, 51.41347000169703], [-0.05956, 51.408620000000006], [-0.05278499623672269, 51.401435000715274], [-0.04311, 51.39909], [-0.04089, 51.39276], [-0.0285, 51.39086], [-0.023780000000000003, 51.386430000000004], [-0.01404, 51.37886], [-0.01153, 51.372220000000006], [-0.006636647737283791, 51.36907333672959], [-0.002, 51.36352], [0.00517, 51.358160000000005], [0.00846, 51.35118000000001], [0.0082, 51.344800000000006], [0.0038200000000000005, 51.33603], [0.0022, 51.329370000000004], [0.0054, 51.31976], [-0.0008, 51.313930000000006], [0.0037500000000000003, 51.30988000000001], [0.006580000000000001, 51.301410000000004], [0.010996659806153804, 51.29385000050119], [0.01132, 51.286], [0.023714996682370114, 51.284965003359915], [0.035750000000000004, 51.28468], [0.04737, 51.28293000000001], [0.05804, 51.282360000000004], [0.07024000000000001, 51.283970000000004], [0.08233499841116322, 51.284680003890344], [0.09733000000000001, 51.28866000000001], [0.10704499509235194, 51.293290001539035], [0.11647, 51.296400000000006], [0.12058, 51.28980000000001], [0.13029000000000002, 51.289190000000005], [0.12813000000000002, 51.281650000000006], [0.12731, 51.27454], [0.12511, 51.264990000000004], [0.12269000000000001, 51.255810000000004], [0.12608, 51.248200000000004], [0.13047331412858487, 51.245046670586625], [0.12969, 51.23691], [0.13663, 51.23015], [0.14173000000000002, 51.22213000000001], [0.14681000000000002, 51.214110000000005], [0.1477974914352295, 51.2040275004464], [0.13748000000000002, 51.20107], [0.13009, 51.201100000000004], [0.11927000000000001, 51.202780000000004], [0.11040000000000001, 51.208330000000004], [0.10143, 51.2145], [0.10321999792562218, 51.22185999996329], [0.10830000000000001, 51.22928], [0.10602, 51.23991], [0.10534, 51.24985], [0.10210999619793788, 51.25893000036347], [0.10523, 51.268980000000006], [0.10935, 51.2764], [0.11102667069512978, 51.28201333346819], [0.10774, 51.28889], [0.09995000000000001, 51.29478], [0.095, 51.29648], [0.08601, 51.30059000000001], [0.08061, 51.309090000000005], [0.07403000000000001, 51.317220000000006], [0.07018, 51.32103000000001], [0.06280000000000001, 51.3271], [0.05845, 51.33363000000001], [0.05249, 51.33872], [0.050640000000000004, 51.34357000000001], [0.04272, 51.347570000000005], [0.034030000000000005, 51.348910000000004], [0.026892504136704885, 51.354067500132466], [0.02135, 51.360690000000005], [0.008700000000000001, 51.36672], [-0.00040499213739597504, 51.37042000245921], [-0.00932498896784575, 51.37457500500501], [-0.014110000000000001, 51.37913], [-0.023880000000000002, 51.38642], [-0.029369995850601474, 51.391075003205636], [-0.04113000000000001, 51.39307], [-0.045750000000000006, 51.39849], [-0.054624991000494005, 51.403120001741854], [-0.06203, 51.40946], [-0.07166, 51.41548], [-0.07845, 51.41996], [-0.07471000000000001, 51.42602], [-0.07789, 51.43128], [-0.08296999037915362, 51.439150001274264], [-0.08404999594165405, 51.441160000412246], [-0.08576, 51.447540000000004], [-0.08344, 51.45252000000001], [-0.08618, 51.458850000000005], [-0.09043333965967337, 51.46421333364203], [-0.09299, 51.471900000000005], [-0.09397499957577339, 51.47752999997086], [-0.09433000000000001, 51.486000000000004], [-0.10009000000000001, 51.49325], [-0.10028000000000001, 51.495940000000004], [-0.09423000000000001, 51.50059], [-0.09002, 51.50486], [-0.08667000000000001, 51.510850000000005], [-0.0893066754726119, 51.51574333395583], [-0.08704, 51.52176000000001], [-0.08689000000000001, 51.525870000000005], [-0.08267000000000001, 51.52664000000001], [-0.07724, 51.53040000000001], [-0.07671500033996385, 51.53885499995005], [-0.07177, 51.54625000000001], [-0.06742000000000001, 51.54829], [-0.059190000000000006, 51.550070000000005], [-0.05578, 51.55682], [-0.055470000000000005, 51.55866], [-0.04429, 51.56297000000001], [-0.03456, 51.566880000000005], [-0.02594, 51.571020000000004], [-0.02653, 51.57157]]}}, {"type": "Feature", "properties": {"id": "3204518948476266754", "name": "Puckeridge and Standon", "link": "https://www.strava.com/routes/3204518948476266754", "distance_km": 117, "source": "HV-signed", "region": "Herts", "route_type": "Road", "cafe": "Puckeridge Farm Shop", "notes": ""}, "geometry": {"type": "LineString", "coordinates": [[-0.03509, 51.56667], [-0.02485, 51.57054], [-0.012990000000000002, 51.575320000000005], [-0.00687, 51.57849], [0.0007400000000000001, 51.581680000000006], [0.00653, 51.584970000000006], [0.00999, 51.594030000000004], [0.0103, 51.595960000000005], [0.01344, 51.600120000000004], [0.019790000000000002, 51.60716000000001], [0.024460000000000003, 51.61363000000001], [0.027530000000000002, 51.62013], [0.03087138038422812, 51.63071571752506], [0.034120000000000004, 51.64153], [0.03849666090185428, 51.65332333374141], [0.03663, 51.65840000000001], [0.040010000000000004, 51.66501], [0.04515, 51.67034], [0.059460000000000006, 51.67486], [0.06286, 51.675340000000006], [0.07383, 51.68213], [0.08057, 51.68545], [0.09673495409456832, 51.6919950255584], [0.09796, 51.69736], [0.09791000000000001, 51.701480000000004], [0.09261000000000001, 51.70870000000001], [0.09076000000000001, 51.71510000000001], [0.09052, 51.72113], [0.08248000000000001, 51.721030000000006], [0.07896, 51.724900000000005], [0.07656, 51.729620000000004], [0.07834, 51.73402], [0.07550000000000001, 51.73962], [0.06362000000000001, 51.743930000000006], [0.05765000000000001, 51.74917000000001], [0.05607, 51.75287], [0.048760000000000005, 51.755680000000005], [0.04134, 51.758410000000005], [0.04064, 51.7627], [0.038290000000000005, 51.76885000000001], [0.03799, 51.773900000000005], [0.034800000000000005, 51.77908000000001], [0.02748, 51.780350000000006], [0.016370000000000003, 51.785520000000005], [0.01829, 51.79061], [0.027520000000000003, 51.7937], [0.041620000000000004, 51.79657], [0.050390000000000004, 51.80201], [0.05493000000000001, 51.80763], [0.054810000000000005, 51.811330000000005], [0.058390000000000004, 51.817260000000005], [0.05863, 51.82209], [0.062020000000000006, 51.82874], [0.06648000000000001, 51.835040000000006], [0.06958, 51.841010000000004], [0.06703500140641347, 51.84720500338749], [0.05629000000000001, 51.84546], [0.043000000000000003, 51.84808], [0.02878250020677266, 51.85005251763294], [0.016110000000000003, 51.85123], [0.00979, 51.85441], [0.011770000000000001, 51.86014], [0.014070000000000001, 51.86554], [0.01445499377023397, 51.87234000098787], [0.01853, 51.8798], [0.01668, 51.888110000000005], [0.013070000000000002, 51.89228000000001], [0.01331, 51.89573000000001], [0.01288, 51.89746], [0.013810000000000001, 51.89408], [0.013510000000000001, 51.890750000000004], [0.01924, 51.88271], [0.0239, 51.880720000000004], [0.032100000000000004, 51.87932000000001], [0.04107, 51.87812], [0.05170500665997952, 51.873190003880914], [0.05708500392472523, 51.86911500165747], [0.06499, 51.865390000000005], [0.07162, 51.86222000000001], [0.07832, 51.85938], [0.08657000280664819, 51.85547000217707], [0.09469000000000001, 51.851560000000006], [0.09995000000000001, 51.848690000000005], [0.10867, 51.84452], [0.12114000000000001, 51.83970000000001], [0.13484000242780048, 51.83503500281399], [0.14346, 51.830600000000004], [0.14885, 51.825500000000005], [0.15053000000000002, 51.820310000000006], [0.15076, 51.81486], [0.16191000000000003, 51.814550000000004], [0.17312499685742408, 51.81390000165564], [0.18536000000000002, 51.81400000000001], [0.19952, 51.81418000000001], [0.21229, 51.81228], [0.21298000000000003, 51.80597], [0.21032, 51.799060000000004], [0.21437500191439168, 51.792804999931164], [0.22021000000000002, 51.78687000000001], [0.2230650090850122, 51.78050500253195], [0.22225000000000003, 51.77613], [0.2179, 51.77178000000001], [0.21671, 51.76718], [0.21467000000000003, 51.76111], [0.21313000692288708, 51.75529500507741], [0.22027000000000002, 51.74924000000001], [0.21938000000000002, 51.74279000000001], [0.21962, 51.73987], [0.22227000000000002, 51.735730000000004], [0.22161000000000003, 51.731100000000005], [0.21465, 51.729260000000004], [0.20645000000000002, 51.725480000000005], [0.20538, 51.71878], [0.20364000000000002, 51.712480000000006], [0.19903998643065482, 51.70638334191061], [0.19261998847081607, 51.702096668675104], [0.18430000000000002, 51.69859], [0.17241, 51.698190000000004], [0.16184, 51.694750000000006], [0.15312, 51.69144000000001], [0.14454, 51.68762], [0.13428, 51.688990000000004], [0.1222, 51.68842], [0.11506500217595722, 51.689970000220214], [0.11149, 51.69702], [0.10429000000000001, 51.695080000000004], [0.09143000000000001, 51.68992], [0.07675000000000001, 51.68375], [0.06547, 51.67712], [0.06087000000000001, 51.675200000000004], [0.046990000000000004, 51.67145000000001], [0.04059, 51.66624], [0.03654, 51.659420000000004], [0.039490000000000004, 51.655750000000005], [0.037059998150313404, 51.64943500012907], [0.03342499762799977, 51.63854500001704], [0.029390000000000003, 51.62639000000001], [0.026639997487917757, 51.61808499995028], [0.022330000000000003, 51.61056000000001], [0.01871, 51.605700000000006], [0.01276, 51.59922], [0.01013, 51.59584], [0.01, 51.59393000000001], [0.00651, 51.58516], [0.00238, 51.58193000000001], [-0.005, 51.57927], [-0.01289, 51.57517000000001], [-0.017570000000000002, 51.57265], [-0.029930000000000002, 51.56852000000001], [-0.0342, 51.567510000000006]]}}, {"type": "Feature", "properties": {"id": "3209586606086860770", "name": "Calpe: Coll de Rates (longer)", "link": "https://www.strava.com/routes/3209586606086860770", "distance_km": 121, "source": "HV-signed", "region": "Hub Velo trips", "route_type": "Road", "cafe": "Velosol Cafe in Xalo (78km)", "notes": "Advisory: route back into London involves the big roundabout under the A406 between Woodford and Snaresbrook. Can be avoied by going up Broadmead Road towards Woodford Gree"}, "geometry": {"type": "LineString", "coordinates": [[0.14798, 38.77868], [0.13515124631476605, 38.77527882368513], [0.11807600764886207, 38.77579304357653], [0.09727005548308428, 38.78141005423961], [0.08792332225071582, 38.780426670526964], [0.0811, 38.774260000000005], [0.06894, 38.77525], [0.05951000000000001, 38.770210000000006], [0.053514999149574215, 38.76550000138901], [0.043620000000000006, 38.75976], [0.03375, 38.756780000000006], [0.02433, 38.752860000000005], [0.023690000000000003, 38.74777], [0.0239, 38.745650000000005], [0.0187, 38.744330000000005], [0.014900000000000002, 38.74204], [0.005180000000000001, 38.74315], [-0.00787, 38.74203], [-0.01916, 38.744350000000004], [-0.030430000000000002, 38.74754], [-0.04007, 38.751160000000006], [-0.051680000000000004, 38.74626000000001], [-0.06428, 38.74335000000001], [-0.07212, 38.737480000000005], [-0.06858, 38.73415], [-0.0664, 38.730500000000006], [-0.07002, 38.7327], [-0.07499, 38.73281], [-0.07731, 38.73106000000001], [-0.07272999867405607, 38.72855500134081], [-0.06647, 38.7257], [-0.05836, 38.724630000000005], [-0.06017500139963079, 38.72347500197765], [-0.06892000207480725, 38.71917000102862], [-0.07581, 38.71708], [-0.07943, 38.715210000000006], [-0.08573, 38.71399], [-0.09094000000000001, 38.71161], [-0.09753, 38.712160000000004], [-0.09874000000000001, 38.70982], [-0.10301, 38.70712], [-0.10824, 38.705630000000006], [-0.10515000000000001, 38.701220000000006], [-0.10337, 38.699360000000006], [-0.10744000000000001, 38.70058], [-0.11159000000000001, 38.706300000000006], [-0.11127000000000001, 38.71213], [-0.12051, 38.71522], [-0.13222, 38.716620000000006], [-0.14027, 38.71717], [-0.15281, 38.71833], [-0.16361, 38.71634], [-0.16822, 38.71732], [-0.17036, 38.71634], [-0.17369, 38.71383], [-0.17905000000000001, 38.71359], [-0.18412, 38.71535], [-0.18696000000000002, 38.719], [-0.19628, 38.721430000000005], [-0.19769, 38.728750000000005], [-0.19861, 38.73715], [-0.19515000000000002, 38.740570000000005], [-0.18796000000000002, 38.745110000000004], [-0.18295, 38.75038], [-0.17275000000000001, 38.75262], [-0.16147, 38.75216], [-0.15453, 38.7535], [-0.13966, 38.755930000000006], [-0.13022, 38.75601], [-0.11521, 38.753910000000005], [-0.10707000000000001, 38.75569], [-0.10464000000000001, 38.75679], [-0.0966, 38.757850000000005], [-0.08938, 38.758590000000005], [-0.08299000000000001, 38.75994], [-0.07688, 38.75936], [-0.06668, 38.75714], [-0.05671, 38.755500000000005], [-0.05045, 38.75403], [-0.04232, 38.75124], [-0.032440000000000004, 38.747980000000005], [-0.02034, 38.74447], [-0.01054, 38.74259], [-0.009290000000000001, 38.73861], [0.0015300000000000001, 38.733380000000004], [0.0181, 38.72771], [0.027920000000000004, 38.72422], [0.03345, 38.71529], [0.02501, 38.70694], [0.01787, 38.707150000000006], [0.014400000000000001, 38.70268], [0.014260000000000002, 38.69897], [0.0111, 38.696560000000005], [0.008990000000000001, 38.69395], [0.006710000000000001, 38.69144], [0.0023000000000000004, 38.68992], [0.0004, 38.68878], [0.00128, 38.68562], [-0.00301, 38.68545], [-0.00736, 38.68233], [-0.01004, 38.679590000000005], [-0.013260000000000001, 38.679030000000004], [-0.015880000000000002, 38.6781], [-0.01929, 38.675990000000006], [-0.02153, 38.673700000000004], [-0.021750000000000002, 38.67051], [-0.01905, 38.66902], [-0.02034, 38.668710000000004], [-0.03195, 38.671290000000006], [-0.03796500564333721, 38.67498500411065], [-0.04374, 38.67683], [-0.04612, 38.68076000000001], [-0.05145, 38.68173], [-0.05496, 38.68292], [-0.054740000000000004, 38.68470000000001], [-0.0519, 38.691770000000005], [-0.04939, 38.695220000000006], [-0.04406, 38.69733], [-0.043340000000000004, 38.69914], [-0.043230000000000005, 38.70156], [-0.04045, 38.7083], [-0.04041, 38.71289], [-0.03365, 38.71954], [-0.0315, 38.719710000000006], [-0.027030000000000002, 38.722260000000006], [-0.02187, 38.7257], [-0.015090000000000001, 38.73058], [-0.0091, 38.737590000000004], [0.0028874830310969602, 38.74279627936084], [0.011750000000000002, 38.741730000000004], [0.0189, 38.742940000000004], [0.02305, 38.745160000000006], [0.02392, 38.74696], [0.02332, 38.750640000000004], [0.033119997014259085, 38.755475001527884], [0.0424, 38.75882], [0.04948, 38.76424], [0.05804, 38.76934], [0.06791000000000001, 38.774930000000005], [0.07778000105793458, 38.77537500208365], [0.08397, 38.775710000000004], [0.09033000000000001, 38.7822], [0.10754000000000001, 38.7779], [0.12976000000000001, 38.77521], [0.14105, 38.77512], [0.14872000000000002, 38.779340000000005]]}}, {"type": "Feature", "properties": {"id": "3183461969320485598", "name": "Hanningfield 120km (summer route)", "link": "https://www.strava.com/routes/3183461969320485598", "distance_km": 122, "source": "HV-signed", "region": "Essex", "route_type": "Road", "cafe": "Hanningfield Reservoir Cafe", "notes": "Buttsbury flooded and impassable most of winter/early Spring / Roding Lane prone to ice on cold days"}, "geometry": {"type": "LineString", "coordinates": [[-0.0558, 51.556940000000004], [-0.054860000000000006, 51.55857], [-0.041490000000000006, 51.56396], [-0.027610021888113918, 51.56944001145574], [-0.01349, 51.57491], [-0.00589, 51.578990000000005], [0.0056700000000000006, 51.58386], [0.008010000000000001, 51.58988], [0.010110000000000001, 51.59593], [0.015756643502884998, 51.60269000397993], [0.021864997430250752, 51.60990500069243], [0.026310000000000004, 51.6176], [0.030610000000000002, 51.62373], [0.043340000000000004, 51.626940000000005], [0.06019000000000001, 51.62682], [0.06845000000000001, 51.62764000000001], [0.08230000000000001, 51.625620000000005], [0.08452000000000001, 51.63073000000001], [0.08957500115635376, 51.63552500398888], [0.10025, 51.642120000000006], [0.10794499442414965, 51.646890001772086], [0.11824333857111188, 51.64947666696438], [0.1253966915755022, 51.64038000625466], [0.13456, 51.63636], [0.1451, 51.63355000000001], [0.15266000000000002, 51.63261000000001], [0.16632000000000002, 51.62892], [0.17503000000000002, 51.63138000000001], [0.18639500640503345, 51.62725500374219], [0.19536667687434234, 51.63147001150387], [0.21117999747103633, 51.63431000234319], [0.22179000000000001, 51.63796000000001], [0.23203000000000001, 51.642450000000004], [0.24084000000000003, 51.64625], [0.24735247722316733, 51.65003251949726], [0.25759000000000004, 51.65254], [0.2654, 51.657720000000005], [0.2734499950138593, 51.662110002040194], [0.28324000000000005, 51.667590000000004], [0.29268000000000005, 51.673500000000004], [0.30459, 51.67510000000001], [0.31126000000000004, 51.66917], [0.32215000281003486, 51.66430000279562], [0.33358000000000004, 51.661730000000006], [0.34714, 51.658840000000005], [0.35616000000000003, 51.65489], [0.36722000000000005, 51.651360000000004], [0.37822000000000006, 51.653380000000006], [0.3886900054079438, 51.65321000581492], [0.39676000000000006, 51.653490000000005], [0.40216, 51.65865], [0.41141000000000005, 51.65896000000001], [0.4264800050438831, 51.656280004113654], [0.43904000000000004, 51.651700000000005], [0.44678, 51.654120000000006], [0.44884, 51.662290000000006], [0.46453000116630916, 51.65929000359718], [0.47090000000000004, 51.65220000000001], [0.4787333552240689, 51.64830334090635], [0.49627000000000004, 51.64578], [0.5075299969647223, 51.64421500036183], [0.5124500000000001, 51.64871], [0.51988, 51.65599], [0.51905, 51.662870000000005], [0.5030000192381289, 51.667455013255065], [0.49371000000000004, 51.66919000000001], [0.48292999864952946, 51.670510002978695], [0.47074000000000005, 51.66911], [0.46246000000000004, 51.66707], [0.45574000000000003, 51.66277], [0.44349000000000005, 51.66286], [0.4399, 51.667], [0.43677000000000005, 51.67351000000001], [0.43220000000000003, 51.678490000000004], [0.43469, 51.68329000000001], [0.4408549955337113, 51.687985001332756], [0.44099000000000005, 51.692310000000006], [0.43160000000000004, 51.691140000000004], [0.42253, 51.689280000000004], [0.41275000000000006, 51.692400000000006], [0.40889000000000003, 51.69249000000001], [0.39511, 51.69386], [0.38373, 51.69668000000001], [0.37462, 51.69359000000001], [0.37043000000000004, 51.689800000000005], [0.36982000000000004, 51.68399], [0.37151, 51.67757], [0.36386, 51.67425], [0.35652, 51.677800000000005], [0.35088, 51.682370000000006], [0.34123334978084313, 51.68340333952208], [0.32924000000000003, 51.68437], [0.32092000000000004, 51.684610000000006], [0.31126000000000004, 51.68386], [0.29981, 51.679770000000005], [0.2920049954225935, 51.67482000161062], [0.28347, 51.669740000000004], [0.2717599983348649, 51.66717500409263], [0.25598499278340353, 51.66614000204641], [0.24628000000000003, 51.661880000000004], [0.23613, 51.664370000000005], [0.22604000000000002, 51.661170000000006], [0.21895500336447254, 51.6614450004965], [0.2093850045591463, 51.661515002036275], [0.19935000000000003, 51.66642], [0.19910000000000003, 51.671400000000006], [0.19182000000000002, 51.67801000000001], [0.18862, 51.684960000000004], [0.19507000000000002, 51.6884], [0.19498000000000001, 51.694790000000005], [0.18964, 51.698640000000005], [0.1761, 51.697950000000006], [0.16475, 51.69706000000001], [0.1549, 51.691010000000006], [0.14549, 51.689620000000005], [0.13731000000000002, 51.689170000000004], [0.12471000000000002, 51.68856], [0.11541000000000001, 51.68804], [0.10550000000000001, 51.689080000000004], [0.09692, 51.690400000000004], [0.08626, 51.68761000000001], [0.07383, 51.68213], [0.06287000000000001, 51.67519000000001], [0.05722000000000001, 51.67423], [0.044950000000000004, 51.670030000000004], [0.039790000000000006, 51.664460000000005], [0.03672, 51.65822000000001], [0.03973, 51.65545], [0.03575329467477797, 51.64583333607224], [0.032499995696491785, 51.63546000025285], [0.028417978745097647, 51.62314200117319], [0.02511, 51.614830000000005], [0.020950000000000003, 51.60862], [0.017900000000000003, 51.60483000000001], [0.01186, 51.596030000000006], [0.008026655950862825, 51.589890001034746], [0.0054800000000000005, 51.5835], [-0.0037900000000000004, 51.5797], [-0.012205005026473597, 51.57582000117909], [-0.020540000000000003, 51.57188000000001], [-0.03280667906085965, 51.56747333936631], [-0.043410000000000004, 51.56306000000001], [-0.05403000328647174, 51.5587600029689], [-0.055540000000000006, 51.558130000000006]]}}, {"type": "Feature", "properties": {"id": "3202892147588373996", "name": "Kent Hills 125km", "link": "https://www.strava.com/routes/3202892147588373996", "distance_km": 125, "source": "HV-signed", "region": "Kent", "route_type": "Road", "cafe": "Ide Hill", "notes": ""}, "geometry": {"type": "LineString", "coordinates": [[-0.055880000000000006, 51.55762000000001], [-0.052660000000000005, 51.55247000000001], [-0.04911, 51.54825], [-0.03708, 51.54706], [-0.034960000000000005, 51.54348], [-0.0422, 51.53866000000001], [-0.04469, 51.53757], [-0.04134, 51.533170000000005], [-0.03508, 51.52561000000001], [-0.032990000000000005, 51.521060000000006], [-0.029640000000000003, 51.51699000000001], [-0.02806, 51.51193000000001], [-0.02398, 51.508030000000005], [-0.026260000000000002, 51.505320000000005], [-0.025920000000000002, 51.498670000000004], [-0.02336999588267961, 51.49087500101376], [-0.009630000000000001, 51.487], [-0.00930499750479844, 51.48296000041898], [-0.00755, 51.478820000000006], [-0.00591, 51.47730000000001], [-0.00223, 51.471970000000006], [0.006410000000000001, 51.46844], [0.009160000000000001, 51.465320000000006], [0.01111, 51.45738000000001], [0.01251500141679813, 51.45061500021396], [0.01862, 51.442420000000006], [0.02961, 51.44173000000001], [0.04003, 51.43871000000001], [0.04517, 51.43623], [0.05637, 51.42618], [0.06791001411134845, 51.41790333611907], [0.07796, 51.41051], [0.08454500364731096, 51.40445000082899], [0.09673000000000001, 51.398880000000005], [0.10666, 51.39768], [0.11415000000000002, 51.39392], [0.11380000000000001, 51.388270000000006], [0.11872, 51.38297000000001], [0.12979000000000002, 51.37975], [0.13858, 51.374700000000004], [0.14192000000000002, 51.37071], [0.15102000000000002, 51.364700000000006], [0.15577000000000002, 51.36891000000001], [0.15824000000000002, 51.37404], [0.16135000000000002, 51.38002], [0.1668499967104392, 51.383880006539464], [0.17970000000000003, 51.380750000000006], [0.18909, 51.378620000000005], [0.19898000000000002, 51.37534], [0.20851000000000003, 51.370180000000005], [0.21669000000000002, 51.37950000000001], [0.22244000000000003, 51.38013], [0.22891000000000003, 51.37426000000001], [0.23117000000000001, 51.367000000000004], [0.23738000970334955, 51.358740001968215], [0.24379, 51.350370000000005], [0.25163, 51.341930000000005], [0.24813000000000002, 51.333220000000004], [0.23786998366112325, 51.32782667087367], [0.22747, 51.32202], [0.21414000000000002, 51.317440000000005], [0.20790332662516178, 51.322506667197686], [0.19755, 51.32849], [0.18949000000000002, 51.32549], [0.18342000000000003, 51.33288], [0.17742000000000002, 51.332350000000005], [0.17064000000000001, 51.32639], [0.16471000000000002, 51.320420000000006], [0.16208, 51.31222], [0.15813000000000002, 51.30738], [0.15233000000000002, 51.30378], [0.14375000000000002, 51.300230000000006], [0.1433, 51.29468000000001], [0.131, 51.288700000000006], [0.12673, 51.27931], [0.12074999761995557, 51.2762350071994], [0.12256000000000002, 51.26597], [0.12269000000000001, 51.255810000000004], [0.12716000000000002, 51.246500000000005], [0.13040000000000002, 51.24499], [0.12965000000000002, 51.23787], [0.130199998073875, 51.22824500005951], [0.11915, 51.22413], [0.10961000000000001, 51.22598000000001], [0.10773, 51.23662], [0.10496499562743054, 51.24582500061626], [0.10178000000000001, 51.25381], [0.10358, 51.26547000000001], [0.10760000000000002, 51.275830000000006], [0.11116000000000001, 51.280800000000006], [0.10871000587279298, 51.28807500136515], [0.10062500474470869, 51.29445500195637], [0.095, 51.29648], [0.08372, 51.29683000000001], [0.07087, 51.294160000000005], [0.05596, 51.29233000000001], [0.04517, 51.293350000000004], [0.035440000000000006, 51.29229], [0.028010000000000004, 51.29095], [0.022250000000000002, 51.29280000000001], [0.017230000000000002, 51.287150000000004], [0.011250000000000001, 51.286260000000006], [0.01131, 51.294900000000005], [0.00581, 51.30241], [0.00126, 51.311490000000006], [0.005090000000000001, 51.31477], [0.00387, 51.324360000000006], [0.0031100000000000004, 51.33144000000001], [0.005884998566907734, 51.34119500010931], [0.009260000000000001, 51.34955], [0.00595, 51.356460000000006], [-0.0014000000000000002, 51.362350000000006], [-0.005880000000000001, 51.36816], [-0.009640000000000001, 51.37091], [-0.014530000000000001, 51.375460000000004], [-0.018059959281260383, 51.38223001159897], [-0.025389983695699576, 51.388233335861585], [-0.03821500029786542, 51.391835004134585], [-0.043680000000000004, 51.398250000000004], [-0.05308, 51.401700000000005], [-0.060700000000000004, 51.4093], [-0.06958, 51.41393000000001], [-0.07794000000000001, 51.41989], [-0.07488, 51.425920000000005], [-0.07824, 51.42922], [-0.08064999473082246, 51.435980000752146], [-0.08399999452435022, 51.44106500052862], [-0.08553000000000001, 51.447300000000006], [-0.08722, 51.45235], [-0.09041, 51.456880000000005], [-0.09071000000000001, 51.46329000000001], [-0.09296499970652027, 51.47135500011537], [-0.09346, 51.47543], [-0.09374, 51.48471000000001], [-0.09887000000000001, 51.493030000000005], [-0.10032, 51.49588000000001], [-0.09423000000000001, 51.50059], [-0.09002, 51.50486], [-0.0868, 51.51089], [-0.08876, 51.517210000000006], [-0.08625000000000001, 51.52044], [-0.07894000000000001, 51.520450000000004], [-0.07735, 51.52364000000001], [-0.07601000000000001, 51.5281], [-0.06982199150215507, 51.532520000219655], [-0.06984, 51.544270000000004], [-0.06628000044290047, 51.548305002458164], [-0.058440000000000006, 51.551680000000005], [-0.05584000000000001, 51.557190000000006]]}}, {"type": "Feature", "properties": {"id": "3204563741571977538", "name": "Cold Christmas 125km", "link": "https://www.strava.com/routes/3204563741571977538", "distance_km": 125, "source": "HV-signed", "region": "Herts", "route_type": "Road", "cafe": "Coffee Lab in Ware (50km)", "notes": ""}, "geometry": {"type": "LineString", "coordinates": [[-0.05578, 51.55684], [-0.054860000000000006, 51.55857], [-0.0434, 51.56309], [-0.03381, 51.56714], [-0.01677, 51.572970000000005], [-0.0076100000000000004, 51.57782], [0.0014900000000000002, 51.581790000000005], [0.00644, 51.586180000000006], [0.010360000000000001, 51.59458000000001], [0.01207665908718262, 51.597963334062264], [0.01888, 51.60627], [0.024900000000000002, 51.61451], [0.02772, 51.62088000000001], [0.031698523244088624, 51.63309428897031], [0.03490330916840174, 51.64351333503192], [0.039240000000000004, 51.655150000000006], [0.03654, 51.658770000000004], [0.040600000000000004, 51.66617], [0.04746, 51.67165000000001], [0.06099, 51.675250000000005], [0.07134, 51.680200000000006], [0.08233, 51.68620000000001], [0.09919000000000001, 51.692840000000004], [0.09781000000000001, 51.69776], [0.09695000000000001, 51.70237], [0.09335, 51.709540000000004], [0.0907, 51.71603], [0.08986000000000001, 51.72111], [0.08223000000000001, 51.72092000000001], [0.07893, 51.72516], [0.07634, 51.72983000000001], [0.07811000000000001, 51.73433000000001], [0.07550000000000001, 51.73962], [0.0647600064426603, 51.74368000548472], [0.057800000000000004, 51.74907], [0.04803, 51.74826], [0.042620000000000005, 51.750310000000006], [0.030940000000000002, 51.75233000000001], [0.02331, 51.75813], [0.031594996505236325, 51.75977000156815], [0.03937, 51.765330000000006], [0.04053500486139506, 51.77124500063377], [0.036610000000000004, 51.775450000000006], [0.030670000000000003, 51.77906], [0.02296, 51.78184], [0.01207, 51.78633000000001], [0.0091, 51.790510000000005], [0.002590032028894226, 51.796365007978316], [-0.0030700000000000002, 51.8014], [-0.014920000000000001, 51.80707], [-0.00885, 51.808150000000005], [0.00415, 51.810880000000004], [0.013070000000000002, 51.81517], [0.01933, 51.81971000000001], [0.022400000000000003, 51.826060000000005], [0.015080000000000001, 51.82826000000001], [0.0056700000000000006, 51.825630000000004], [-0.008475031957109948, 51.821307515229485], [-0.0189, 51.81989], [-0.02789, 51.81429000000001], [-0.03454, 51.81251], [-0.035410000000000004, 51.817130000000006], [-0.03486, 51.82546000000001], [-0.03329, 51.82983], [-0.023010000000000003, 51.834340000000005], [-0.00982, 51.833940000000005], [0.00248, 51.835260000000005], [0.00795, 51.84091], [0.01736667619418476, 51.84265667700845], [0.027390000139945952, 51.84940000000238], [0.04224000000000001, 51.84812], [0.055150000000000005, 51.845400000000005], [0.06518500209044344, 51.84737500388143], [0.07578, 51.84792], [0.08054, 51.845060000000004], [0.08719, 51.84389], [0.09674499351080773, 51.84632500550624], [0.10820000427672274, 51.84492000085111], [0.12034000000000002, 51.83993], [0.13403, 51.83518], [0.14349, 51.83509], [0.15606, 51.836180000000006], [0.167, 51.83747], [0.17236, 51.84095000000001], [0.18103000000000002, 51.84344], [0.19113000000000002, 51.843810000000005], [0.20333000187038341, 51.84386500560958], [0.21802000000000002, 51.84617], [0.22258000000000003, 51.83756], [0.229, 51.831], [0.23412000000000002, 51.82643], [0.24421, 51.82647000000001], [0.25383, 51.825700000000005], [0.26071, 51.81761], [0.26983, 51.815000000000005], [0.26929000000000003, 51.810140000000004], [0.26666, 51.804990000000004], [0.26536000000000004, 51.797560000000004], [0.27005, 51.79122], [0.27653, 51.789530000000006], [0.27829000000000004, 51.78501000000001], [0.27708000000000005, 51.77845000000001], [0.268569997347157, 51.774235003741595], [0.2561899935167538, 51.768215001662135], [0.24463000000000001, 51.763400000000004], [0.23748000000000002, 51.759420000000006], [0.23823000000000003, 51.75401], [0.23847000000000002, 51.748380000000004], [0.23367000000000002, 51.743280000000006], [0.22310000000000002, 51.740640000000006], [0.21710000000000002, 51.738910000000004], [0.21092000000000002, 51.736230000000006], [0.21026000000000003, 51.73181], [0.21180000000000002, 51.72771], [0.20557000000000003, 51.72375], [0.20467666874133647, 51.71647666675583], [0.20404000000000003, 51.70911], [0.19256, 51.704060000000005], [0.19182000000000002, 51.698800000000006], [0.17841, 51.69839], [0.16679000000000002, 51.69867000000001], [0.15667, 51.69059000000001], [0.14700000000000002, 51.69133000000001], [0.13946, 51.689220000000006], [0.13190499462397628, 51.68420500093597], [0.13128, 51.676300000000005], [0.12796499963546606, 51.67230500302979], [0.11893000000000001, 51.67060000000001], [0.10978, 51.66926], [0.0984433216540568, 51.671520012149244], [0.09071331716781865, 51.667113337029114], [0.07990999601652242, 51.66377500283067], [0.07490000000000001, 51.657880000000006], [0.06734000000000001, 51.65684], [0.06035000000000001, 51.651970000000006], [0.052050000000000006, 51.64434000000001], [0.04206, 51.63861000000001], [0.03393499721754344, 51.62859500036553], [0.027800000000000002, 51.620560000000005], [0.024679997819565154, 51.61407000011005], [0.018770000000000002, 51.605900000000005], [0.013949995555287502, 51.60067500099266], [0.011630000000000001, 51.595130000000005], [0.0064800000000000005, 51.58601], [0.00158, 51.581700000000005], [-0.008140000000000001, 51.577650000000006], [-0.01752, 51.57273000000001], [-0.030350000000000002, 51.56841000000001], [-0.04262002396074247, 51.56347667754492], [-0.054860000000000006, 51.55857], [-0.055790000000000006, 51.556900000000006]]}}, {"type": "Feature", "properties": {"id": "3204569991383160670", "name": "Kent lanes and hills 125 km (Tulip Tree cafe)", "link": "https://www.strava.com/routes/3204569991383160670", "distance_km": 126, "source": "HV-signed", "region": "Kent", "route_type": "Road", "cafe": "Tulip Tree (70km) in Chiddingstone", "notes": ""}, "geometry": {"type": "LineString", "coordinates": [[-0.055720000000000006, 51.556670000000004], [-0.05938, 51.54975], [-0.06851, 51.54816], [-0.06994, 51.54247], [-0.07040500047680681, 51.530985002427656], [-0.07649, 51.527750000000005], [-0.08399000000000001, 51.52590000000001], [-0.08728000000000001, 51.52053], [-0.0893133416595628, 51.51572000057024], [-0.08659, 51.51077], [-0.09100000000000001, 51.504070000000006], [-0.09805000000000001, 51.49824], [-0.10096000000000001, 51.49533], [-0.09766499278951186, 51.491345001004376], [-0.09421, 51.48364], [-0.09306, 51.474380000000004], [-0.09284, 51.470020000000005], [-0.09071000000000001, 51.46329000000001], [-0.08476, 51.45665], [-0.08512, 51.45096], [-0.08549000000000001, 51.447120000000005], [-0.08142, 51.436840000000004], [-0.07817, 51.429990000000004], [-0.07459, 51.42598], [-0.07825, 51.41995000000001], [-0.07006499604399778, 51.41429500093779], [-0.06024, 51.40917], [-0.051750000000000004, 51.40044], [-0.043120000000000006, 51.39878], [-0.03968, 51.391830000000006], [-0.02663, 51.38982000000001], [-0.021027472432025036, 51.384267507504276], [-0.014140000000000002, 51.37751], [-0.01041, 51.37122], [-0.005770000000000001, 51.3682], [-0.00117, 51.36218], [0.006130000000000001, 51.35586000000001], [0.009016659134078795, 51.34884000052769], [0.00574, 51.340740000000004], [0.0029200000000000003, 51.33117000000001], [0.0041400000000000005, 51.32383], [0.00412, 51.31463], [-0.0056300000000000005, 51.30921000000001], [-0.015560000000000001, 51.307950000000005], [-0.021920000000000002, 51.30673], [-0.02739, 51.30350000000001], [-0.03198, 51.3006], [-0.04733334425008308, 51.299070007244666], [-0.05872, 51.29681], [-0.05417, 51.29346], [-0.05299, 51.288430000000005], [-0.0512, 51.27976], [-0.04902, 51.27472], [-0.05080000317072917, 51.2685150025194], [-0.05233, 51.263470000000005], [-0.05038, 51.25865], [-0.0558, 51.25238], [-0.05079, 51.24929], [-0.03767, 51.250550000000004], [-0.03397, 51.247910000000005], [-0.03464000326128238, 51.239593333397444], [-0.03096, 51.23216000000001], [-0.02919, 51.220850000000006], [-0.02160499908405635, 51.21515000291175], [-0.008350000000000002, 51.21164], [-0.009420000000000001, 51.20597], [-0.013470000000000001, 51.196920000000006], [-0.018374996710884318, 51.19221000040084], [-0.009030000000000002, 51.18708], [0.0006000000000000001, 51.18936], [0.01162, 51.18909000000001], [0.025830000000000002, 51.19086], [0.037770000000000005, 51.194030000000005], [0.050280000000000005, 51.19469], [0.06271, 51.196000000000005], [0.06786, 51.193020000000004], [0.07854000000000001, 51.19102], [0.08910000000000001, 51.189690000000006], [0.10155, 51.18567], [0.11064, 51.183530000000005], [0.11076500133163723, 51.18991000013107], [0.11235, 51.19816], [0.12259, 51.20192], [0.13393001382193065, 51.198840002975615], [0.1405, 51.19176], [0.14526, 51.18672], [0.15614, 51.18735], [0.15644000000000002, 51.1942], [0.15224000410475813, 51.20130500391908], [0.14838500670373317, 51.209650000787796], [0.14429500087353583, 51.21992499985201], [0.13989000000000001, 51.229800000000004], [0.14805000000000001, 51.23201], [0.14472000000000002, 51.241730000000004], [0.13508499704432408, 51.24559500282319], [0.12747, 51.246170000000006], [0.12394000000000001, 51.252720000000004], [0.12238999727178806, 51.2633350004802], [0.1197850032308417, 51.27538500028067], [0.11077000000000001, 51.27781], [0.11049000168551781, 51.285545000108534], [0.10438000000000001, 51.29186000000001], [0.09893, 51.29600000000001], [0.09493000000000001, 51.298950000000005], [0.0892, 51.30228], [0.08306000000000001, 51.305040000000005], [0.07585, 51.313930000000006], [0.07083, 51.320530000000005], [0.06335, 51.32611000000001], [0.05947, 51.333380000000005], [0.05249, 51.33872], [0.04963000000000001, 51.34394], [0.04000999522938748, 51.3473050072981], [0.03029500172946865, 51.34907000285798], [0.022860000000000002, 51.357400000000005], [0.017310000000000002, 51.36348], [0.004615007512805385, 51.367440004134885], [-0.00167, 51.371080000000006], [-0.013294995389127056, 51.37559500745686], [-0.017324986704649655, 51.38170500381542], [-0.02483998371476396, 51.38755666921799], [-0.03708, 51.391870000000004], [-0.04354, 51.39784], [-0.05149, 51.400130000000004], [-0.059930000000000004, 51.40901], [-0.06958, 51.41393000000001], [-0.07817, 51.419920000000005], [-0.07482000000000001, 51.425940000000004], [-0.07817, 51.429990000000004], [-0.08182999448074263, 51.43745000064972], [-0.08553000000000001, 51.447300000000006], [-0.08519, 51.45089], [-0.08449000000000001, 51.45628000000001], [-0.08944, 51.46307], [-0.09262000000000001, 51.469620000000006], [-0.0932, 51.47495000000001], [-0.09375000000000001, 51.484500000000004], [-0.09872, 51.49293], [-0.10114000000000001, 51.495540000000005], [-0.0962650060683354, 51.49950500191907], [-0.09022000000000001, 51.504630000000006], [-0.08673, 51.510760000000005], [-0.08958, 51.515010000000004], [-0.08729, 51.52049], [-0.08486, 51.52534000000001], [-0.0776, 51.527170000000005], [-0.07092000000000001, 51.53096000000001], [-0.06993, 51.54303], [-0.06811, 51.54822000000001], [-0.059210000000000006, 51.55003000000001], [-0.055470000000000005, 51.55628]]}}, {"type": "Feature", "properties": {"id": "3209590228579325464", "name": "Calpe: Vall d'Ebo (longer)", "link": "https://www.strava.com/routes/3209590228579325464", "distance_km": 127, "source": "HV-signed", "region": "Hub Velo trips", "route_type": "Road", "cafe": "", "notes": ""}, "geometry": {"type": "LineString", "coordinates": [[0.14803000000000002, 38.778760000000005], [0.15581, 38.781980000000004], [0.15961, 38.784960000000005], [0.15788000000000002, 38.790580000000006], [0.16058, 38.794450000000005], [0.15903, 38.79383], [0.15708000000000003, 38.79898], [0.15946000000000002, 38.800700000000006], [0.15458000000000002, 38.80628], [0.15103000000000003, 38.81152], [0.14470000000000002, 38.81604], [0.14682, 38.815740000000005], [0.14621, 38.817400000000006], [0.13862000000000002, 38.82236], [0.13360000000000002, 38.82949], [0.12294000000000001, 38.83404], [0.11330000000000001, 38.84071], [0.10781, 38.84649], [0.09891000000000001, 38.841390000000004], [0.08702000000000001, 38.843900000000005], [0.07569000000000001, 38.84779], [0.06273333348292588, 38.850696676735325], [0.04335999370824094, 38.850783343471484], [0.028100000000000003, 38.847730000000006], [0.01668, 38.851490000000005], [0.008590003547572401, 38.85122500276908], [0.0019600000000000004, 38.85342], [-0.011169999386390057, 38.854380001571236], [-0.02373, 38.852700000000006], [-0.03399, 38.852140000000006], [-0.042820000000000004, 38.85219], [-0.058800000000000005, 38.85116], [-0.07788413151022339, 38.84830226554216], [-0.09545000000000001, 38.845530000000004], [-0.10759, 38.84396], [-0.11276000000000001, 38.84078], [-0.10993999908107385, 38.83411500247406], [-0.11053, 38.832370000000004], [-0.10534, 38.828230000000005], [-0.10885, 38.82766], [-0.10841, 38.82611], [-0.11378, 38.82481000000001], [-0.10891, 38.82264], [-0.11109000000000001, 38.820100000000004], [-0.11602000000000001, 38.81955000000001], [-0.12194, 38.81837], [-0.1199, 38.818630000000006], [-0.12108000000000001, 38.816390000000006], [-0.12619, 38.81602], [-0.12992, 38.81618], [-0.13435, 38.810810000000004], [-0.13822, 38.81053], [-0.14056000000000002, 38.81175], [-0.14634000000000003, 38.810770000000005], [-0.15704, 38.80735000000001], [-0.16495, 38.80734], [-0.17285, 38.80904], [-0.17849, 38.81132], [-0.18152000000000001, 38.808730000000004], [-0.18914, 38.807030000000005], [-0.20263, 38.80519], [-0.21323499715269517, 38.805770003340406], [-0.21982000000000002, 38.80577], [-0.22767, 38.804370000000006], [-0.23167000000000001, 38.80301], [-0.23600000000000002, 38.80171], [-0.24724000000000002, 38.79862], [-0.25799, 38.794520000000006], [-0.26787, 38.79046], [-0.27747999730501705, 38.78799000478465], [-0.28296000000000004, 38.78728], [-0.29047, 38.7869], [-0.29713, 38.790510000000005], [-0.30012, 38.792820000000006], [-0.30201, 38.79587], [-0.29631, 38.798410000000004], [-0.29502, 38.802710000000005], [-0.29552, 38.80574], [-0.2923, 38.81195], [-0.27771500457513404, 38.813270004443226], [-0.27315, 38.81159], [-0.26882, 38.814620000000005], [-0.2626, 38.818490000000004], [-0.25693000000000005, 38.81705], [-0.25135, 38.82038], [-0.24778000000000003, 38.819190000000006], [-0.24351000000000003, 38.82007], [-0.23805, 38.819010000000006], [-0.23288000000000003, 38.82038], [-0.22933, 38.81908000000001], [-0.22462000000000001, 38.82011], [-0.22084, 38.82208], [-0.21464000000000003, 38.82508], [-0.21693, 38.824540000000006], [-0.21057, 38.82764], [-0.2008, 38.831070000000004], [-0.19142, 38.835980000000006], [-0.18801, 38.838530000000006], [-0.18878, 38.841910000000006], [-0.18407, 38.844860000000004], [-0.17682500175451127, 38.844820001388506], [-0.17258, 38.848310000000005], [-0.16439, 38.85211], [-0.15473, 38.84893], [-0.13918602292405932, 38.8483780251713], [-0.12238000000000002, 38.845180000000006], [-0.11461, 38.83838], [-0.10679999291179021, 38.83337666894774], [-0.09892000000000001, 38.82685], [-0.09513, 38.82251], [-0.08656499825952867, 38.82588500141264], [-0.08036, 38.82403], [-0.07463, 38.82195], [-0.06933, 38.81879], [-0.06688000000000001, 38.8104], [-0.07033666026376946, 38.797536666895674], [-0.06512000000000001, 38.784560000000006], [-0.06665, 38.77828], [-0.06203, 38.77047], [-0.05682, 38.76771], [-0.06282, 38.76368], [-0.06295, 38.75442], [-0.06668, 38.748250000000006], [-0.06763000000000001, 38.745090000000005], [-0.05597000043273356, 38.744986674518465], [-0.04395, 38.748310000000004], [-0.035140000000000005, 38.756370000000004], [-0.026680000000000002, 38.763130000000004], [-0.0216, 38.767790000000005], [-0.01263, 38.76845], [-0.01081, 38.76672000000001], [-0.00627, 38.77268], [0.0025, 38.775920000000006], [0.012004993223134778, 38.78159000198256], [0.020524986818853848, 38.78797250672748], [0.031120000000000002, 38.79639], [0.041120000000000004, 38.791650000000004], [0.052360000000000004, 38.78835], [0.06321, 38.78658], [0.07480500631296817, 38.78646500374978], [0.08226000000000001, 38.785230000000006], [0.09133000000000001, 38.78289], [0.10901000000000001, 38.777420000000006], [0.13061, 38.775220000000004], [0.14105, 38.77512], [0.14647000000000002, 38.77676]]}}, {"type": "Feature", "properties": {"id": "3079342336351775784", "name": "Girona - Reservoir route 130km", "link": "https://www.strava.com/routes/3079342336351775784", "distance_km": 130, "source": "HV-signed", "region": "Hub Velo trips", "route_type": "Road", "cafe": "", "notes": ""}, "geometry": {"type": "LineString", "coordinates": [[2.7760200000000004, 42.07907], [2.7802700000000002, 42.07603], [2.78411, 42.073100000000004], [2.7928900000000003, 42.0709], [2.79516, 42.06851], [2.79936, 42.06521], [2.80541, 42.062250000000006], [2.81156, 42.060750000000006], [2.8137600000000003, 42.057590000000005], [2.8187025072635823, 42.04910750045164], [2.8230700000000004, 42.03577000000001], [2.8219200000000004, 42.028600000000004], [2.823036656015652, 42.019916669349676], [2.817257496294522, 42.011452500136194], [2.8163500000000004, 42.00123000000001], [2.81131, 41.99197], [2.8095100000000004, 41.98483], [2.8100400000000003, 41.977180000000004], [2.7982124922129272, 41.973742512331214], [2.779789996355108, 41.97056667309205], [2.76777, 41.96932], [2.7510349937248693, 41.969020002799795], [2.7352543102794895, 41.96669148723106], [2.7204400000000004, 41.9684], [2.702829999024912, 41.97872000399448], [2.69187, 41.97397], [2.67342, 41.96996], [2.67189332025565, 41.9637300072943], [2.655905987304778, 41.95991201586739], [2.637395555727701, 41.95844893685576], [2.62529, 41.96696], [2.6215100000000002, 41.9774], [2.60659, 41.98342], [2.5990100000000003, 41.982440000000004], [2.5992800000000003, 41.976890000000004], [2.5899500000000004, 41.98011], [2.5763400001945493, 41.98617000161462], [2.5675700000000004, 41.993050000000004], [2.5552900000000003, 41.99067], [2.5466, 41.98659000000001], [2.5399900000000004, 41.98241], [2.53555, 41.98281], [2.53006, 41.981880000000004], [2.52658, 41.977180000000004], [2.52239, 41.97572], [2.52368, 41.971790000000006], [2.5271800000000004, 41.96764], [2.5273000000000003, 41.96629], [2.52448, 41.96716000000001], [2.5289, 41.96345], [2.53457, 41.96116000000001], [2.54143, 41.95895], [2.54517, 41.95797], [2.54802, 41.956030000000005], [2.5504800000000003, 41.9585], [2.55106, 41.95496000000001], [2.5489100000000002, 41.950630000000004], [2.55167, 41.948460000000004], [2.55168, 41.94699000000001], [2.5573400000000004, 41.94577], [2.54733, 41.947480000000006], [2.5394, 41.948570000000004], [2.534645001933686, 41.94458000163947], [2.53195, 41.941250000000004], [2.52978, 41.93741000000001], [2.5229000000000004, 41.93620000000001], [2.5171900000000003, 41.93545], [2.51607, 41.93168], [2.5167200000000003, 41.92866], [2.51255, 41.92692], [2.5111600000000003, 41.92374], [2.50808, 41.92161], [2.5113800000000004, 41.91528], [2.5150300000000003, 41.912020000000005], [2.5112500000000004, 41.90769], [2.50748, 41.905330000000006], [2.5018800000000003, 41.90325], [2.50105, 41.8994], [2.50423, 41.89401], [2.5081785950236246, 41.88653143120627], [2.51295, 41.875460000000004], [2.5186800000000003, 41.871050000000004], [2.5205200000000003, 41.866910000000004], [2.5233600000000003, 41.86406], [2.52945, 41.8652], [2.53207, 41.861940000000004], [2.53437, 41.859840000000005], [2.5320600000000004, 41.85647], [2.53254, 41.854470000000006], [2.53601, 41.85356], [2.54096, 41.855090000000004], [2.5452000000000004, 41.856550000000006], [2.54836, 41.858450000000005], [2.5507700000000004, 41.85994], [2.5559900000000004, 41.86048], [2.5631600000000003, 41.8603], [2.5703400000000003, 41.86084], [2.56698, 41.86243], [2.5695900000000003, 41.86249], [2.57268, 41.8622], [2.5783400000000003, 41.86321], [2.5867933316610734, 41.86438667257567], [2.5933900000000003, 41.864560000000004], [2.5946700000000003, 41.87003000000001], [2.6005200000000004, 41.872370000000004], [2.6068000000000002, 41.8753], [2.6102200000000004, 41.8746], [2.6188300000000004, 41.872], [2.6292000000000004, 41.872730000000004], [2.641468043391207, 41.86991801692944], [2.65865, 41.862260000000006], [2.667095001943394, 41.85934000107829], [2.6772, 41.853300000000004], [2.6830900000000004, 41.85671000000001], [2.6905300000000003, 41.86316], [2.6924400000000004, 41.87445], [2.70332, 41.883010000000006], [2.7179100000000003, 41.89047], [2.7311900000000002, 41.89171], [2.7331269522176234, 41.9043269237387], [2.73159, 41.92081], [2.7370849998997557, 41.92972500170823], [2.749369990114162, 41.93366751327082], [2.76528, 41.938460000000006], [2.78161, 41.9388], [2.78798, 41.94319], [2.792333269645271, 41.949536684267706], [2.7994000000000003, 41.956410000000005], [2.80308, 41.96023], [2.811419995934951, 41.968460001229545], [2.8181399443330637, 41.979342506283565], [2.82566, 41.984700000000004], [2.8244900000000004, 41.98944], [2.8244833334237387, 42.000279999921446], [2.82606, 42.01317], [2.8247600000000004, 42.021460000000005], [2.8231300000000004, 42.02532], [2.822, 42.033730000000006], [2.8232100000000004, 42.038360000000004], [2.8181000000000003, 42.05286], [2.8138500000000004, 42.0578], [2.81171, 42.0604], [2.8058300000000003, 42.06192], [2.79969, 42.0647], [2.79558, 42.06828], [2.7936300000000003, 42.07142], [2.7852400000000004, 42.072900000000004], [2.7802200000000004, 42.07562], [2.7772200000000002, 42.07844], [2.77414, 42.07922000000001]]}}, {"type": "Feature", "properties": {"id": "3079667353139599052", "name": "Kent Kruiser 130km (Tulip Tree cafe)", "link": "https://www.strava.com/routes/3079667353139599052", "distance_km": 130, "source": "HV-signed", "region": "Kent", "route_type": "Road", "cafe": "Tulip Tree cafe in Chiddingstone", "notes": ""}, "geometry": {"type": "LineString", "coordinates": [[-0.055850000000000004, 51.55725], [-0.059410000000000004, 51.54972000000001], [-0.05518000000000001, 51.54592], [-0.060020000000000004, 51.539170000000006], [-0.06501000000000001, 51.53332], [-0.07346000000000001, 51.528240000000004], [-0.07723000000000001, 51.52416], [-0.07917, 51.51935], [-0.08357, 51.514480000000006], [-0.08698, 51.509820000000005], [-0.09155, 51.503440000000005], [-0.09805000000000001, 51.49824], [-0.10076, 51.495430000000006], [-0.10003000000000001, 51.493390000000005], [-0.09380000000000001, 51.48500000000001], [-0.09346, 51.47543], [-0.09284, 51.470020000000005], [-0.0918, 51.461580000000005], [-0.09065000000000001, 51.456250000000004], [-0.08534000000000001, 51.450390000000006], [-0.08489666018591675, 51.443376667043914], [-0.07928, 51.43361], [-0.07806, 51.428000000000004], [-0.07773500662679018, 51.42148000079924], [-0.0724, 51.41602], [-0.062090000000000006, 51.40948], [-0.05278499623672269, 51.401435000715274], [-0.04304, 51.39893000000001], [-0.03968, 51.391830000000006], [-0.02644, 51.3896], [-0.019699995455215436, 51.38334500136383], [-0.012750000000000001, 51.377660000000006], [-0.0020700000000000002, 51.373160000000006], [0.00525, 51.36874], [0.017310000000000002, 51.36348], [0.01614, 51.35826], [0.0137, 51.3528], [0.008790000000000001, 51.345490000000005], [0.003614997077142199, 51.33543500008624], [0.002790005396476414, 51.32784000037668], [0.006330002944522172, 51.316600000238424], [-0.001753320736264002, 51.31224000797106], [0.004710000000000001, 51.303490000000004], [0.01081500770216299, 51.29618500082384], [0.01123, 51.28645], [0.023759996457026877, 51.28497000371737], [0.037090000000000005, 51.28416000000001], [0.04732, 51.28282], [0.04007, 51.27881000000001], [0.041100000000000005, 51.271260000000005], [0.04675000000000001, 51.26507], [0.04721, 51.26048], [0.04818, 51.25507], [0.034210000000000004, 51.25106], [0.023110000000000002, 51.249900000000004], [0.020390000000000002, 51.24380000000001], [0.024710000000000003, 51.23462000000001], [0.02433, 51.223980000000005], [0.02585, 51.215540000000004], [0.03076500774466079, 51.21046000562735], [0.04339333531847793, 51.20922000780468], [0.05181, 51.203070000000004], [0.059555010589592665, 51.19792000298645], [0.06485, 51.19429], [0.07151, 51.19241], [0.08459000000000001, 51.190220000000004], [0.09631, 51.18764], [0.10581000000000002, 51.18227], [0.10999000006858499, 51.180640003010375], [0.11786, 51.177710000000005], [0.12975, 51.178580000000004], [0.1339949683974248, 51.18603751076979], [0.14526, 51.18672], [0.15871997006638144, 51.188405015368765], [0.15597000000000003, 51.19572], [0.15904999814933263, 51.20447500013515], [0.16992000000000002, 51.212270000000004], [0.17558, 51.21829], [0.1837, 51.22382], [0.18174, 51.23217], [0.16983, 51.23556000000001], [0.16739, 51.24416], [0.17285499364440096, 51.24807000230025], [0.18152000000000001, 51.249430000000004], [0.197296665383813, 51.25147001591151], [0.20401000000000002, 51.248940000000005], [0.21479, 51.255160000000004], [0.22799999439383808, 51.260670001873855], [0.24068000000000003, 51.26261], [0.2479, 51.269040000000004], [0.24471, 51.27873], [0.24833000000000002, 51.28701], [0.24945000000000003, 51.294970000000006], [0.25216, 51.30424000000001], [0.24653000000000003, 51.3072], [0.2381, 51.30951], [0.2228500005796732, 51.30927500497435], [0.20827, 51.311640000000004], [0.19754000000000002, 51.313810000000004], [0.19049000000000002, 51.31255], [0.17996, 51.31139], [0.16924, 51.31315000000001], [0.16499000000000003, 51.320730000000005], [0.17162000000000002, 51.32696000000001], [0.17768, 51.333940000000005], [0.17745000000000002, 51.339670000000005], [0.17196, 51.34476], [0.16666, 51.34881000000001], [0.15658666742554264, 51.35331000806683], [0.15206, 51.35797], [0.15292, 51.36292], [0.14522000000000002, 51.36883], [0.13823000000000002, 51.37388000000001], [0.13203, 51.379090000000005], [0.12218000000000001, 51.38251], [0.11357, 51.385810000000006], [0.10197403666857337, 51.38970404195815], [0.09061000000000001, 51.391130000000004], [0.08738000000000001, 51.399], [0.08113000000000001, 51.40842000000001], [0.0690266781157181, 51.41674000224758], [0.058230000000000004, 51.42488], [0.04901002395592855, 51.43290334018873], [0.04141, 51.437540000000006], [0.03493, 51.43954], [0.025390000000000003, 51.44173000000001], [0.01564, 51.445350000000005], [0.011690004199083849, 51.45438000010765], [0.00987500101628842, 51.46001499997741], [0.00892, 51.46607], [0.00318, 51.469210000000004], [-0.00466, 51.47576], [-0.00927, 51.48019000000001], [-0.01012, 51.483180000000004], [-0.01007, 51.48707], [-0.023369995799709543, 51.490875000945486], [-0.025900000000000003, 51.49817], [-0.026580000000000003, 51.5054], [-0.02739, 51.50773], [-0.027940000000000003, 51.51214], [-0.030650000000000004, 51.51887000000001], [-0.034259998703755574, 51.5232850001836], [-0.039474991171401526, 51.5300550017137], [-0.04304, 51.5362], [-0.04567, 51.539660000000005], [-0.04726, 51.54364], [-0.047700000000000006, 51.547940000000004], [-0.052234996643844414, 51.552005000853626], [-0.05578, 51.55682], [-0.05584000000000001, 51.557190000000006]]}}, {"type": "Feature", "properties": {"id": "3010657297375309316", "name": "Ride of the Falling Leaves - 130km Road", "link": "https://www.strava.com/routes/3010657297375309316", "distance_km": 131, "source": "HV-signed", "region": "Essex", "route_type": "Road", "cafe": "", "notes": ""}, "geometry": {"type": "LineString", "coordinates": [[-0.055790000000000006, 51.55688000000001], [-0.053930000000000006, 51.55877], [-0.04145, 51.56392], [-0.031560000000000005, 51.56804], [-0.015320000000000002, 51.573600000000006], [-0.006280000000000001, 51.57882000000001], [0.005540000000000001, 51.583690000000004], [0.00734, 51.58847], [0.010020000000000001, 51.59579], [0.01564594157793545, 51.60255801004835], [0.021150000000000002, 51.60868000000001], [0.030216726518663396, 51.60411337893348], [0.043280000000000006, 51.600880000000004], [0.055240000000000004, 51.60625], [0.07069499938712032, 51.608530004820466], [0.08639000000000001, 51.611850000000004], [0.10059000000000001, 51.616550000000004], [0.11707000000000001, 51.620810000000006], [0.1300949642798854, 51.62596500998918], [0.13851000000000002, 51.63239], [0.14732, 51.63326000000001], [0.15619000000000002, 51.63219], [0.17016, 51.627770000000005], [0.17705, 51.630700000000004], [0.18754, 51.628550000000004], [0.2016699927062737, 51.63146334661085], [0.21196, 51.62823], [0.2252, 51.62285000000001], [0.2352049960389348, 51.628970000722326], [0.23737499802593587, 51.636755000206605], [0.24775000000000003, 51.642360000000004], [0.26167500029005586, 51.639580003053766], [0.27784000000000003, 51.63911], [0.28348, 51.64247], [0.29088, 51.644560000000006], [0.29112000000000005, 51.650600000000004], [0.29321, 51.65404], [0.29811000000000004, 51.658480000000004], [0.30198, 51.664970000000004], [0.30285, 51.670390000000005], [0.30272000000000004, 51.67479], [0.29711000000000004, 51.678520000000006], [0.30749000000000004, 51.685500000000005], [0.31513, 51.69169], [0.32089, 51.690450000000006], [0.32127000198867167, 51.68327500034679], [0.33302000000000004, 51.68424], [0.34424000000000005, 51.682770000000005], [0.35272000000000003, 51.683820000000004], [0.36176, 51.68265], [0.37104000000000004, 51.67850000000001], [0.37609000000000004, 51.674760000000006], [0.38586000000000004, 51.67181], [0.39916001390702566, 51.66784667568642], [0.40529000000000004, 51.66223], [0.41274000000000005, 51.65863], [0.42631000692576715, 51.656315005627945], [0.43533000000000005, 51.658280000000005], [0.44196, 51.663450000000005], [0.43839000000000006, 51.66857], [0.43441, 51.67573], [0.43451000000000006, 51.68081], [0.43802, 51.68609000000001], [0.44247000000000003, 51.691900000000004], [0.43289000000000005, 51.691500000000005], [0.42328499689906024, 51.689460002396174], [0.41275000000000006, 51.692400000000006], [0.41287, 51.700010000000006], [0.41582, 51.70832000000001], [0.41496000000000005, 51.71432], [0.39858000000000005, 51.711040000000004], [0.38255000000000006, 51.713910000000006], [0.37452, 51.71828000000001], [0.37321000000000004, 51.722300000000004], [0.37076000000000003, 51.73124000000001], [0.36279000000000006, 51.73872], [0.35300000000000004, 51.735800000000005], [0.35246000000000005, 51.72804000000001], [0.34366, 51.72261], [0.33941000000000004, 51.72742], [0.33821, 51.73225000000001], [0.3326, 51.73796], [0.32288, 51.74056], [0.31049000000000004, 51.74065], [0.31285, 51.74719], [0.3246, 51.74653000000001], [0.3381, 51.74757], [0.35255000000000003, 51.75247], [0.3708, 51.752950000000006], [0.37935, 51.751940000000005], [0.37471497768456596, 51.74614000270769], [0.36826000000000003, 51.739230000000006], [0.35799000000000003, 51.73760000000001], [0.35114, 51.732760000000006], [0.35018000000000005, 51.725770000000004], [0.33911, 51.72395], [0.33438, 51.728370000000005], [0.32706, 51.73344], [0.31622, 51.737370000000006], [0.30651, 51.74103], [0.29649000000000003, 51.74027], [0.28792, 51.74152], [0.28505, 51.736810000000006], [0.273, 51.737680000000005], [0.26557000000000003, 51.73760000000001], [0.25589, 51.73837], [0.24725000000000003, 51.742900000000006], [0.23690000000000003, 51.74230000000001], [0.22760000000000002, 51.741400000000006], [0.21923, 51.73926], [0.21153000000000002, 51.736560000000004], [0.21153000000000002, 51.73207000000001], [0.2129, 51.72894], [0.2058, 51.72399000000001], [0.20467666874133647, 51.71647666675583], [0.20413500107123558, 51.708609999926864], [0.19345, 51.70353000000001], [0.18987, 51.69865000000001], [0.17501000000000003, 51.69809000000001], [0.16285000000000002, 51.69549000000001], [0.15330000000000002, 51.69142], [0.14454, 51.68762], [0.13372, 51.6891], [0.12081000000000001, 51.68815000000001], [0.11026000000000001, 51.6878], [0.09899000000000001, 51.68873000000001], [0.08844, 51.688570000000006], [0.07429000000000001, 51.682430000000004], [0.06287000000000001, 51.67519000000001], [0.056560000000000006, 51.67403], [0.04506, 51.669450000000005], [0.038020000000000005, 51.66281000000001], [0.037785006026396305, 51.656780002113], [0.0384966608917118, 51.65332333371317], [0.03389, 51.64065], [0.030320000000000003, 51.62913], [0.0271349971539735, 51.61903500025957], [0.02289, 51.611200000000004], [0.01846, 51.604820000000004], [0.01149, 51.596790000000006], [0.008779978035326395, 51.59141000207884], [0.005940000000000001, 51.583780000000004], [-0.004680005456408049, 51.579450002653445], [-0.01348, 51.57491], [-0.03004, 51.56857], [-0.04488, 51.56251], [-0.05559000000000001, 51.5581], [-0.055790000000000006, 51.55689]]}}, {"type": "Feature", "properties": {"id": "3204520983078610676", "name": "Whitstable and Canterbury", "link": "https://www.strava.com/routes/3204520983078610676", "distance_km": 135, "source": "HV-signed", "region": "Kent", "route_type": "Road", "cafe": "Food Shed (63km in, near West Malling), Oysters/fish and chips in Whitstable, Goods Shed by Canterbury West Station", "notes": "Advisory: road between High Easter and Leaden Roding can sometimes get flooded in winter"}, "geometry": {"type": "LineString", "coordinates": [[-0.055880000000000006, 51.5576], [-0.05223499632278484, 51.55200500054051], [-0.04768000000000001, 51.54679], [-0.04021, 51.54184000000001], [-0.04409000277037784, 51.53824500199377], [-0.041460000000000004, 51.53329], [-0.03508, 51.52561000000001], [-0.03298, 51.521], [-0.02858, 51.51483], [-0.0257, 51.509710000000005], [-0.027360000000000002, 51.50679], [-0.025540000000000004, 51.50347000000001], [-0.024880000000000003, 51.49369], [-0.01471, 51.487210000000005], [-0.010150000000000001, 51.483250000000005], [-0.00792, 51.47925000000001], [-0.0032800000000000004, 51.47435], [0.0046500000000000005, 51.46837000000001], [0.009170000000000001, 51.46537000000001], [0.011510000000000001, 51.45684000000001], [0.013030003321635607, 51.44873500030655], [0.02051, 51.440470000000005], [0.021310000000000003, 51.432170000000006], [0.020950000000000003, 51.42680000000001], [0.02211, 51.42161], [0.01768, 51.415420000000005], [0.014470000000000002, 51.41167], [0.018680000000000002, 51.40648], [0.021040000000000003, 51.39797], [0.019510000000000003, 51.39314], [0.01751, 51.38665], [0.01822, 51.379740000000005], [0.020265003483823523, 51.37397500057188], [0.02604, 51.36464], [0.022340000000000002, 51.358320000000006], [0.028650000000000002, 51.349340000000005], [0.04000999533688904, 51.34730500731164], [0.050640000000000004, 51.34357000000001], [0.053610000000000005, 51.33682], [0.061220000000000004, 51.331140000000005], [0.06729, 51.323890000000006], [0.07396000000000001, 51.31756000000001], [0.08513000000000001, 51.31698], [0.09453, 51.312990000000006], [0.10502498789405423, 51.310435002965036], [0.11803000000000001, 51.31443], [0.13363, 51.315490000000004], [0.14254, 51.306070000000005], [0.15285, 51.30402], [0.15916000000000002, 51.30881], [0.17026000000000002, 51.31222], [0.18279, 51.31223000000001], [0.19554499906704184, 51.313205002845805], [0.2051, 51.31230000000001], [0.21905000000000002, 51.30951], [0.2381, 51.30951], [0.25321000000000005, 51.31105], [0.2672699986120195, 51.3118650023501], [0.27163000000000004, 51.30691], [0.29008999915320594, 51.309115003528255], [0.30456, 51.30782000000001], [0.31436000000000003, 51.307660000000006], [0.31316000000000005, 51.311930000000004], [0.32204000000000005, 51.31219], [0.33188, 51.316], [0.33761, 51.314260000000004], [0.35102000000000005, 51.31694], [0.35852, 51.31409000000001], [0.36788000000000004, 51.31054], [0.37597, 51.305240000000005], [0.38085, 51.299200000000006], [0.37869, 51.29074000000001], [0.39080000000000004, 51.289260000000006], [0.40318000000000004, 51.293220000000005], [0.41318000000000005, 51.29363000000001], [0.42492000350357617, 51.29409000260809], [0.43725, 51.29852], [0.4536150052293572, 51.2992700039722], [0.46561, 51.301320000000004], [0.47825000000000006, 51.30216], [0.4933, 51.301410000000004], [0.50863, 51.297920000000005], [0.5144500000000001, 51.296600000000005], [0.51605, 51.296420000000005], [0.52491, 51.29778], [0.5379900000000001, 51.29683000000001], [0.54276, 51.30189000000001], [0.5511900000000001, 51.30407], [0.5624, 51.299780000000005], [0.56886, 51.29639], [0.5781700000000001, 51.294650000000004], [0.5930500000000001, 51.28969000000001], [0.60621, 51.285740000000004], [0.61997, 51.28253], [0.6316700038454035, 51.276145000643275], [0.6430400000000001, 51.26764000000001], [0.65395, 51.27253], [0.6640749966789532, 51.280595000575396], [0.6703600000000001, 51.286620000000006], [0.6804, 51.28967], [0.6901, 51.28681], [0.69718, 51.28528000000001], [0.7067000000000001, 51.284290000000006], [0.71652, 51.283240000000006], [0.73277, 51.28190000000001], [0.7462450020696816, 51.28123000455858], [0.7566, 51.278090000000006], [0.7700600000000001, 51.28105000000001], [0.7862800000000001, 51.281060000000004], [0.8002600000000001, 51.284510000000004], [0.8108733200262591, 51.288170004208894], [0.82274, 51.29408], [0.8346500000000001, 51.291720000000005], [0.8519649975299011, 51.29208000287729], [0.8643400000000001, 51.295950000000005], [0.8755100000000001, 51.30075], [0.88126, 51.30798000000001], [0.88924, 51.308600000000006], [0.8960100000000001, 51.3143], [0.9123100000000001, 51.31241000000001], [0.9327900000000001, 51.311130000000006], [0.9377400000000001, 51.317550000000004], [0.94332, 51.32450000000001], [0.94798, 51.331030000000005], [0.9521200000000001, 51.336980000000004], [0.95837, 51.34244], [0.9691200000000001, 51.34610000000001], [0.98706333254696, 51.34629667653352], [0.9999100000000001, 51.34263000000001], [1.00383, 51.34761], [1.01764, 51.35025], [1.02576, 51.354380000000006], [1.0241600000000002, 51.360150000000004], [1.02824, 51.362700000000004], [1.0247700000000002, 51.35734], [1.02332, 51.351980000000005], [1.02173, 51.344590000000004], [1.02061, 51.33990000000001], [1.01615, 51.339670000000005], [1.01268, 51.33540000000001], [1.0128900121341438, 51.32954500478454], [1.02645, 51.32298], [1.0344200000000001, 51.31488], [1.0442900000000002, 51.305780000000006], [1.0508600000000001, 51.298030000000004], [1.05878, 51.29142], [1.0705600000000002, 51.284240000000004], [1.0764, 51.28437]]}}, {"type": "Feature", "properties": {"id": "3204532522020851550", "name": "Alternative Kent climbs", "link": "https://www.strava.com/routes/3204532522020851550", "distance_km": 135, "source": "HV-signed", "region": "Kent", "route_type": "Road", "cafe": "Ide Hill", "notes": ""}, "geometry": {"type": "LineString", "coordinates": [[-0.05546, 51.55697000000001], [-0.05223499632278484, 51.55200500054051], [-0.04768000000000001, 51.54679], [-0.04021, 51.54184000000001], [-0.04409000277037784, 51.53824500199377], [-0.043820000000000005, 51.536640000000006], [-0.04005, 51.530680000000004], [-0.03413, 51.52282], [-0.030480000000000004, 51.518600000000006], [-0.027930000000000003, 51.51218], [-0.026930000000000003, 51.50865], [-0.026730000000000004, 51.50607], [-0.02594, 51.501580000000004], [-0.024460000000000003, 51.49204], [-0.010180000000000002, 51.487730000000006], [-0.00906, 51.48248], [-0.00621, 51.47787], [-0.0029749793099235066, 51.473240002445884], [0.0069700000000000005, 51.467180000000006], [0.00922, 51.46425000000001], [0.011510000000000001, 51.456320000000005], [0.01386, 51.447120000000005], [0.025390000000000003, 51.44173000000001], [0.038035002735679134, 51.439345005667036], [0.04347, 51.437270000000005], [0.055940000000000004, 51.42654], [0.06848001408977038, 51.41733666947362], [0.07928, 51.40936000000001], [0.08669, 51.40205], [0.10186000789291211, 51.39745500469977], [0.11152000000000001, 51.396570000000004], [0.11487000000000001, 51.391040000000004], [0.11607, 51.384080000000004], [0.12922, 51.380160000000004], [0.13858, 51.374700000000004], [0.14326001301513464, 51.3698500041794], [0.15139000000000002, 51.36392000000001], [0.15602000000000002, 51.371520000000004], [0.16042, 51.377770000000005], [0.16222, 51.38331], [0.17600000000000002, 51.38143], [0.18670500403789614, 51.3795250019461], [0.19872, 51.375530000000005], [0.20905, 51.370610000000006], [0.21710000000000002, 51.38123], [0.22508000000000003, 51.37847000000001], [0.23291, 51.370540000000005], [0.23261, 51.36309000000001], [0.24230000000000002, 51.35305], [0.24919500612343254, 51.34373000116661], [0.24925000000000003, 51.334410000000005], [0.23786998366112325, 51.32782667087367], [0.22671000000000002, 51.320840000000004], [0.21268, 51.31889], [0.2058050046275464, 51.32563000174276], [0.19402000000000003, 51.32645], [0.18975, 51.33165], [0.17925000000000002, 51.33341], [0.17162000000000002, 51.32696000000001], [0.16499000000000003, 51.320730000000005], [0.16203, 51.311780000000006], [0.15718000000000001, 51.30632000000001], [0.15093, 51.30279], [0.14418, 51.298590000000004], [0.1355933180229376, 51.291083340127884], [0.12833, 51.282180000000004], [0.12742, 51.274170000000005], [0.12367499630937699, 51.26256000072327], [0.12402, 51.251520000000006], [0.13075000335541423, 51.24610000068543], [0.12862, 51.23989], [0.13038000000000002, 51.228730000000006], [0.13135000000000002, 51.2186], [0.12726, 51.20897], [0.12480000000000001, 51.202220000000004], [0.11171, 51.20628000000001], [0.09997, 51.21115], [0.08657000000000001, 51.210440000000006], [0.07020000000000001, 51.209500000000006], [0.06031333863327493, 51.21122333361946], [0.04828, 51.210950000000004], [0.039920000000000004, 51.21025], [0.028280000000000003, 51.21224], [0.02528, 51.21934], [0.01179, 51.218300000000006], [0.0061, 51.212480000000006], [0.0005600000000000001, 51.206830000000004], [-0.0064, 51.204910000000005], [-0.008620000000000001, 51.21096000000001], [-0.020780000000000003, 51.215090000000004], [-0.02934, 51.220870000000005], [-0.04499, 51.227250000000005], [-0.05986000190743602, 51.22739500318347], [-0.06327, 51.23574000000001], [-0.05732, 51.24103], [-0.05693, 51.24738000000001], [-0.054990000000000004, 51.255280000000006], [-0.05111, 51.26151], [-0.05518000000000001, 51.26559], [-0.04633, 51.27373000000001], [-0.051770000000000004, 51.277910000000006], [-0.05261332582743009, 51.28754000066827], [-0.05417, 51.29346], [-0.05428, 51.29715], [-0.03826, 51.30062], [-0.031090000000000003, 51.30393], [-0.022430000000000002, 51.30576000000001], [-0.016, 51.307950000000005], [-0.00534, 51.309740000000005], [0.0063300000000000006, 51.315180000000005], [0.00336, 51.32616], [0.00335, 51.33402], [0.0082, 51.344800000000006], [0.0067800000000000004, 51.352050000000006], [0.0027700000000000003, 51.36088], [-0.00398, 51.367020000000004], [-0.00924, 51.370900000000006], [-0.014530000000000001, 51.375460000000004], [-0.01305, 51.381330000000005], [-0.010594996977670301, 51.388280000020984], [-0.009250000000000001, 51.39817000000001], [-0.00014000000000000001, 51.403960000000005], [0.0061200000000000004, 51.40733], [-0.0008600000000000001, 51.41606], [-0.0026100000000000003, 51.4247], [0.01026, 51.42423], [0.013790000000000002, 51.429280000000006], [0.02127, 51.432100000000005], [0.021040000000000003, 51.439460000000004], [0.01344, 51.44773000000001], [0.01144, 51.45673000000001], [0.00905, 51.46499000000001], [0.0027300000000000002, 51.469500000000004], [-0.00466, 51.47576], [-0.00953, 51.480900000000005], [-0.009745014732906678, 51.48495000077373], [-0.01882, 51.48834], [-0.025694998208331862, 51.495954999951046], [-0.025660000000000002, 51.50446], [-0.0273, 51.50768000000001], [-0.02815, 51.51178], [-0.02882999647425638, 51.51544500037233], [-0.032990000000000005, 51.521060000000006], [-0.03549, 51.526160000000004], [-0.041670000000000006, 51.53340000000001], [-0.04512, 51.53813], [-0.0473, 51.543490000000006], [-0.04768000000000001, 51.54804000000001], [-0.052660000000000005, 51.55247000000001], [-0.055420000000000004, 51.55677000000001], [-0.0553, 51.556630000000006]]}}, {"type": "Feature", "properties": {"id": "3201979088858775244", "name": "Danbury and the Hanningfields (summer only)", "link": "https://www.strava.com/routes/3201979088858775244", "distance_km": 135, "source": "HV-signed", "region": "Essex", "route_type": "Road", "cafe": "Hanningfield Reservoir Cafe (approx 85km)", "notes": "Advisory: Stretch between Buttsbury and Padham Green is likely to be flooded and unpassable for most of winter. Possible to re-route via Ingatestone"}, "geometry": {"type": "LineString", "coordinates": [[-0.055540000000000006, 51.558130000000006], [-0.052020025800436166, 51.559446678489174], [-0.03843500807886573, 51.565305003878414], [-0.026690008825582943, 51.569840004511825], [-0.015290000000000002, 51.57367000000001], [-0.00817, 51.577690000000004], [0.00031, 51.58175000000001], [0.006180000000000001, 51.58428000000001], [0.010010000000000002, 51.59384000000001], [0.01149, 51.596790000000006], [0.018449995077640877, 51.605755000731655], [0.023430000000000003, 51.611940000000004], [0.027000000000000003, 51.618990000000004], [0.0305956853736149, 51.62992285908532], [0.034120000000000004, 51.64153], [0.038713327571810556, 51.65392666708416], [0.03651, 51.658680000000004], [0.040600000000000004, 51.66617], [0.046990000000000004, 51.67145000000001], [0.06099, 51.675250000000005], [0.07134, 51.680200000000006], [0.08331499292490085, 51.68653000415378], [0.09692, 51.690400000000004], [0.10930000000000001, 51.68847], [0.11735000000000001, 51.68769], [0.13052, 51.688950000000006], [0.14282, 51.68795], [0.14880000000000002, 51.691570000000006], [0.16062, 51.693760000000005], [0.17071, 51.6983], [0.18344000000000002, 51.69854], [0.19261998863598237, 51.70209666884576], [0.20003998586454844, 51.706696675066624], [0.20418000000000003, 51.713530000000006], [0.20553999382621205, 51.72083500012025], [0.20923000000000003, 51.72529], [0.20908000000000002, 51.730320000000006], [0.2109, 51.734010000000005], [0.21474000000000001, 51.73821], [0.22310000000000002, 51.740640000000006], [0.23399000000000003, 51.743210000000005], [0.24474, 51.742490000000004], [0.25294, 51.740370000000006], [0.26174000000000003, 51.73781], [0.27248, 51.73912000000001], [0.27843, 51.738020000000006], [0.28683000000000003, 51.73991], [0.293503332146739, 51.74236334462141], [0.30072000000000004, 51.738800000000005], [0.31163, 51.74045], [0.32003000000000004, 51.734550000000006], [0.32714000000000004, 51.72975], [0.33934000000000003, 51.72755], [0.34336000000000005, 51.72265], [0.35238, 51.72782], [0.35209, 51.73494], [0.36148, 51.7385], [0.36982000152459754, 51.733104999954], [0.37321000000000004, 51.724740000000004], [0.37255000367854046, 51.71869500107816], [0.37861000000000006, 51.713930000000005], [0.36452, 51.70944], [0.36481, 51.699510000000004], [0.37159000000000003, 51.695550000000004], [0.37617, 51.69503], [0.38865000000000005, 51.69543], [0.40358000000000005, 51.69312000000001], [0.41257000000000005, 51.69254], [0.4232849970965124, 51.689460002443234], [0.43245000000000006, 51.69136], [0.44210000000000005, 51.69196], [0.45707000000000003, 51.695640000000004], [0.46909498920194526, 51.69935500447398], [0.48296000000000006, 51.70441], [0.48791000000000007, 51.71005], [0.49627000000000004, 51.71320000000001], [0.5015700000000001, 51.71553], [0.51124, 51.71191], [0.51931, 51.715140000000005], [0.5329150012192059, 51.71515000463151], [0.5451633436645245, 51.711893341724036], [0.5575600000000001, 51.71269], [0.5704100000000001, 51.71296], [0.57648, 51.70665], [0.58306, 51.698310000000006], [0.5813, 51.69283], [0.56632, 51.69032000000001], [0.5592900000000001, 51.682370000000006], [0.56111, 51.67757], [0.5618599977586376, 51.666695000092446], [0.5552900000000001, 51.65619], [0.5446700000000001, 51.65424], [0.5262300000000001, 51.65178], [0.51192, 51.649150000000006], [0.51265, 51.649190000000004], [0.50782, 51.644690000000004], [0.49540499991314013, 51.645760003184115], [0.47755000000000003, 51.64909], [0.47037000233556303, 51.653585000283066], [0.46178, 51.65952000000001], [0.44475000000000003, 51.662620000000004], [0.43643000000000004, 51.66053], [0.42947, 51.655730000000005], [0.41521, 51.65856], [0.40447000000000005, 51.66129], [0.39798000000000006, 51.65444], [0.39326500239769574, 51.65251000207719], [0.38060000000000005, 51.65256], [0.36883000000000005, 51.65204000000001], [0.35792500525821214, 51.65351500194973], [0.35173000000000004, 51.6587], [0.33520000000000005, 51.66172], [0.32430000000000003, 51.66402], [0.3126600040510952, 51.6682900008775], [0.30600000000000005, 51.674690000000005], [0.2967, 51.67474000000001], [0.28363000000000005, 51.667860000000005], [0.2726, 51.661730000000006], [0.26259000000000005, 51.65762], [0.25569000000000003, 51.65070000000001], [0.2416349999816344, 51.64927000428889], [0.23820000000000002, 51.64526000000001], [0.22588332085515234, 51.64014000544734], [0.21318, 51.63526], [0.20044999511372327, 51.63132667519063], [0.18754, 51.628550000000004], [0.17870000000000003, 51.62995], [0.17054000000000002, 51.627880000000005], [0.15838000000000002, 51.631910000000005], [0.14792000000000002, 51.633140000000004], [0.13875, 51.63290000000001], [0.13163, 51.62702], [0.11707000000000001, 51.620810000000006], [0.09982, 51.616310000000006], [0.08521000000000001, 51.61164], [0.06963000000000001, 51.60850000000001], [0.05373666110817229, 51.605943342069025], [0.043070000000000004, 51.600770000000004], [0.0279, 51.6047], [0.02085, 51.608470000000004], [0.017660000000000002, 51.60479], [0.01208, 51.59557], [0.007149998048134872, 51.58801000008535], [0.00238, 51.58202000000001], [-0.00623, 51.57878], [-0.01433, 51.574220000000004], [-0.02475, 51.57038000000001], [-0.03551, 51.566390000000006], [-0.045880000000000004, 51.56208], [-0.0558, 51.556960000000004]]}}, {"type": "Feature", "properties": {"id": "3211292591104556578", "name": "Kent Hills 135km", "link": "https://www.strava.com/routes/3211292591104556578", "distance_km": 136, "source": "HV-signed", "region": "Kent", "route_type": "Road", "cafe": "Ide Hill Community Cafe", "notes": ""}, "geometry": {"type": "LineString", "coordinates": [[-0.05546, 51.55697000000001], [-0.05223499632278484, 51.55200500054051], [-0.04768000000000001, 51.54679], [-0.04021, 51.54184000000001], [-0.0422, 51.53866000000001], [-0.044480000000000006, 51.536970000000004], [-0.04078332458344401, 51.53188000100003], [-0.034510000000000006, 51.52423], [-0.03114, 51.519600000000004], [-0.02781, 51.513540000000006], [-0.026480000000000004, 51.50912], [-0.027080000000000003, 51.506220000000006], [-0.025670000000000002, 51.503350000000005], [-0.024900000000000002, 51.49289], [-0.013340000000000001, 51.48724000000001], [-0.010110000000000001, 51.483180000000004], [-0.00808, 51.47941], [-0.00445, 51.47560000000001], [0.0036500123059056613, 51.46889000359547], [0.009130000000000001, 51.46569], [0.011510000000000001, 51.45684000000001], [0.01301, 51.448800000000006], [0.02151, 51.44272], [0.033530000000000004, 51.43976000000001], [0.042850000000000006, 51.437560000000005], [0.05283, 51.429790000000004], [0.06613000000000001, 51.41951], [0.07648, 51.41132], [0.08454500364731096, 51.40445000082899], [0.09865, 51.398340000000005], [0.10844000000000001, 51.397360000000006], [0.11475, 51.39191], [0.11440000000000002, 51.38486], [0.12551, 51.38111000000001], [0.13727500433106393, 51.3770150009974], [0.14147, 51.371370000000006], [0.15088000000000001, 51.36488000000001], [0.15591000000000002, 51.369200000000006], [0.1590166563802737, 51.375560001078874], [0.162, 51.381890000000006], [0.17191, 51.38302], [0.18362, 51.37914000000001], [0.19831000000000001, 51.37675], [0.20659000000000002, 51.371520000000004], [0.2157349902374097, 51.377755001428966], [0.22226, 51.380250000000004], [0.22969, 51.37364], [0.23095000000000002, 51.365970000000004], [0.23947000000000002, 51.35596], [0.24582, 51.34653], [0.25101, 51.337700000000005], [0.24342000000000003, 51.32959], [0.22927000000000003, 51.32437], [0.21601500083640027, 51.31744000430193], [0.20790332662516178, 51.322506667197686], [0.19572, 51.328450000000004], [0.18954000000000001, 51.32836], [0.18182, 51.33328], [0.17438999573375297, 51.32931500141892], [0.16679000000000002, 51.32311000000001], [0.1622, 51.3147], [0.1585, 51.30832], [0.15264000000000003, 51.30389], [0.14375000000000002, 51.300110000000004], [0.14180999044501325, 51.29389500403389], [0.13028, 51.28699], [0.12769, 51.27740000000001], [0.12561, 51.26652000000001], [0.12285000248653187, 51.25509500011666], [0.12753, 51.246320000000004], [0.128, 51.242580000000004], [0.13184, 51.23259], [0.12935000000000002, 51.22247], [0.13024000000000002, 51.21209], [0.12940000000000002, 51.201730000000005], [0.11438000000000001, 51.20385], [0.10433, 51.20978], [0.09033000000000001, 51.21197], [0.0737, 51.20897], [0.06366000000000001, 51.21146], [0.053250000000000006, 51.210150000000006], [0.04054000000000001, 51.21126], [0.029030000000000004, 51.210800000000006], [0.02614999531524054, 51.21644500055096], [0.016110000000000003, 51.22039], [0.007880000783360992, 51.213215002257506], [0.00334, 51.20922], [-0.00391, 51.203790000000005], [-0.010660000000000001, 51.20825000000001], [-0.01412, 51.214510000000004], [-0.028610000000000003, 51.218410000000006], [-0.03921, 51.22697], [-0.05539, 51.227450000000005], [-0.0614, 51.232470000000006], [-0.05897, 51.239920000000005], [-0.05752, 51.246050000000004], [-0.0558, 51.25238], [-0.05027, 51.258970000000005], [-0.05351, 51.26462], [-0.04821001254764542, 51.270486668798554], [-0.05265, 51.275760000000005], [-0.051840000000000004, 51.28490000000001], [-0.05401, 51.29184000000001], [-0.05637, 51.296910000000004], [-0.04256500655895229, 51.30033000391668], [-0.030860000000000002, 51.30238000000001], [-0.02587, 51.304370000000006], [-0.01771, 51.30794], [-0.00907, 51.30729], [0.0008299976840468251, 51.31411000554823], [0.004690000000000001, 51.32244000000001], [0.0029200000000000003, 51.33117000000001], [0.006030000000000001, 51.34165], [0.00935, 51.350590000000004], [0.005030000000000001, 51.358520000000006], [-0.00235, 51.364630000000005], [-0.007770000000000001, 51.37033], [-0.012240000000000001, 51.372400000000006], [-0.01400500459619023, 51.38015000144042], [-0.00966, 51.385220000000004], [-0.011430000000000001, 51.39455], [-0.003533347549640169, 51.401700002961526], [0.00449, 51.406690000000005], [0.0008700022905626416, 51.41290000018842], [-0.002634996341940513, 51.42251500065722], [0.00649, 51.425380000000004], [0.01349, 51.42763000000001], [0.021320000000000002, 51.431430000000006], [0.023200000000000002, 51.435700000000004], [0.015160000000000002, 51.44583], [0.011605000703111596, 51.455110000199134], [0.00979, 51.46255000000001], [0.006300000000000001, 51.46716000000001], [-0.0032466500584912785, 51.47371000189427], [-0.00816, 51.47946], [-0.00999, 51.48324], [-0.011240000000000002, 51.48752], [-0.02468, 51.49239000000001], [-0.02594, 51.501580000000004], [-0.027340000000000003, 51.505900000000004], [-0.02604, 51.509820000000005], [-0.028180000000000004, 51.51475000000001], [-0.03105, 51.519490000000005], [-0.034510000000000006, 51.52423], [-0.04078332458522928, 51.53188000100305], [-0.044480000000000006, 51.536970000000004], [-0.04757, 51.54121000000001], [-0.04694, 51.54655], [-0.05145, 51.55091], [-0.05518000000000001, 51.555980000000005], [-0.0553, 51.556630000000006]]}}, {"type": "Feature", "properties": {"id": "3204551589109824244", "name": "Surrey Hills - 140km", "link": "https://www.strava.com/routes/3204551589109824244", "distance_km": 143, "source": "HV-signed", "region": "Other/Ultra", "route_type": "Road", "cafe": "Denbies Wine Estate", "notes": "Advisory: - Roding Lane can be fast and busy, and the second half can get icy"}, "geometry": {"type": "LineString", "coordinates": [[-0.0558, 51.55695000000001], [-0.06117, 51.54896], [-0.06959, 51.546350000000004], [-0.08268, 51.546530000000004], [-0.08721000000000001, 51.53723], [-0.08725000000000001, 51.52948000000001], [-0.08812, 51.52584], [-0.09680000000000001, 51.523920000000004], [-0.10975500002864223, 51.522025002968135], [-0.11948, 51.518750000000004], [-0.12444000000000001, 51.51625000000001], [-0.12893000000000002, 51.513400000000004], [-0.13348000000000002, 51.51014000000001], [-0.12742, 51.50723000000001], [-0.12616000000000002, 51.500330000000005], [-0.12539, 51.494710000000005], [-0.13169, 51.48641000000001], [-0.14632, 51.485760000000006], [-0.16391, 51.483720000000005], [-0.1721, 51.48245000000001], [-0.18066000000000002, 51.478640000000006], [-0.18252000000000002, 51.475060000000006], [-0.18505000000000002, 51.471090000000004], [-0.19609499749977577, 51.46541000780066], [-0.20871, 51.469500000000004], [-0.21465, 51.46622000000001], [-0.22825, 51.46839000000001], [-0.2393, 51.465830000000004], [-0.2521202400869108, 51.45923502985807], [-0.26337000000000005, 51.45225000000001], [-0.26598, 51.44604], [-0.26833, 51.44013], [-0.28315, 51.43515000000001], [-0.28815, 51.42980000000001], [-0.287593344710488, 51.41996001316115], [-0.30408, 51.41648000000001], [-0.30515000000000003, 51.412980000000005], [-0.31054000000000004, 51.411280000000005], [-0.33031287863231384, 51.40679146827836], [-0.34153, 51.404920000000004], [-0.34661500863266326, 51.40133500501773], [-0.3497, 51.395480000000006], [-0.3548, 51.387010000000004], [-0.35417000000000004, 51.3766], [-0.36771000000000004, 51.36787], [-0.38056, 51.35772000000001], [-0.39075000000000004, 51.34496000000001], [-0.39125000000000004, 51.33409], [-0.38816, 51.326570000000004], [-0.38371000000000005, 51.318630000000006], [-0.37625000000000003, 51.308550000000004], [-0.37162, 51.298970000000004], [-0.35660000000000003, 51.296690000000005], [-0.35713, 51.287600000000005], [-0.37071000000000004, 51.28079], [-0.36877000000000004, 51.274440000000006], [-0.36291, 51.264010000000006], [-0.35831, 51.25614], [-0.34576, 51.255880000000005], [-0.32963000000000003, 51.254540000000006], [-0.32379, 51.250840000000004], [-0.32771, 51.247150000000005], [-0.33999, 51.24958], [-0.34023000000000003, 51.244510000000005], [-0.35261000000000003, 51.24372], [-0.36846, 51.24145000000001], [-0.38541000000000003, 51.240500000000004], [-0.40459000000000006, 51.237840000000006], [-0.40811000000000003, 51.22664], [-0.4120700071793512, 51.21862000107554], [-0.41042, 51.208165000013054], [-0.40472, 51.201950000000004], [-0.3965, 51.19539], [-0.3912400070854717, 51.191092500231775], [-0.38420000000000004, 51.17737], [-0.37479, 51.173410000000004], [-0.36191, 51.176700000000004], [-0.35701000000000005, 51.18206000000001], [-0.34976, 51.18569], [-0.34549, 51.198690000000006], [-0.3427049999084172, 51.21181500002888], [-0.33795000000000003, 51.22231000000001], [-0.3382, 51.231300000000005], [-0.33691000000000004, 51.23556000000001], [-0.34728000000000003, 51.239450000000005], [-0.3662549987451109, 51.24133500228234], [-0.38384, 51.24091000000001], [-0.40211, 51.238400000000006], [-0.40199, 51.24956], [-0.3981600024900242, 51.25924000027449], [-0.39795, 51.267500000000005], [-0.40179999680204914, 51.275290000348804], [-0.41410665261880447, 51.28656000364663], [-0.41742, 51.29898000000001], [-0.41245000000000004, 51.311440000000005], [-0.41109, 51.31913], [-0.41309, 51.32692], [-0.41207000000000005, 51.333290000000005], [-0.39588, 51.34234000000001], [-0.38355000000000006, 51.354310000000005], [-0.37185, 51.363110000000006], [-0.36214, 51.371550000000006], [-0.34747, 51.37881], [-0.330550008252341, 51.3861800019034], [-0.31609000352670763, 51.39312000142645], [-0.3084, 51.40052000000001], [-0.30671000000000004, 51.40865], [-0.30567, 51.411930000000005], [-0.30513, 51.413120000000006], [-0.30000000591066794, 51.417555003808005], [-0.28636, 51.42147000000001], [-0.28829000000000005, 51.43119], [-0.28024000000000004, 51.43683000000001], [-0.26766, 51.44163], [-0.26634, 51.447570000000006], [-0.25914000000000004, 51.453120000000006], [-0.24857, 51.464830000000006], [-0.23398000000000002, 51.467400000000005], [-0.21699000000000002, 51.46712], [-0.21092000000000002, 51.468630000000005], [-0.19873000000000002, 51.467800000000004], [-0.18681, 51.468230000000005], [-0.18343, 51.47363000000001], [-0.18332, 51.476690000000005], [-0.17804, 51.480360000000005], [-0.16737000000000002, 51.483520000000006], [-0.15017000000000003, 51.48579], [-0.13447, 51.48572000000001], [-0.12556500209188076, 51.49195500017668], [-0.12573, 51.49824], [-0.12538999995806435, 51.50090500245592], [-0.12022000000000001, 51.508700000000005], [-0.10470000000000002, 51.51145], [-0.10125, 51.512100000000004], [-0.09535, 51.51205], [-0.08987, 51.51319], [-0.08574000000000001, 51.51413], [-0.08089, 51.516980000000004], [-0.07856, 51.521460000000005], [-0.07804000000000001, 51.52626000000001], [-0.07176, 51.530910000000006], [-0.057240000000000006, 51.53253], [-0.057120000000000004, 51.53587], [-0.0568, 51.5388], [-0.055170000000000004, 51.541650000000004], [-0.055330000000000004, 51.54473], [-0.059710000000000006, 51.549490000000006], [-0.05577000000000001, 51.55682]]}}, {"type": "Feature", "properties": {"id": "3079342816085636506", "name": "Girona - Queen Stage 144km", "link": "https://www.strava.com/routes/3079342816085636506", "distance_km": 144, "source": "HV-signed", "region": "Hub Velo trips", "route_type": "Road", "cafe": "", "notes": ""}, "geometry": {"type": "LineString", "coordinates": [[2.77605, 42.079060000000005], [2.7778600000000004, 42.083690000000004], [2.76968, 42.093410000000006], [2.76601, 42.10201], [2.76168, 42.11498], [2.7639499981911455, 42.12530000307117], [2.76568, 42.13248], [2.7644300000000004, 42.14047], [2.7700400000000003, 42.15202], [2.78047, 42.16714], [2.7853700000000003, 42.17389], [2.7895000000000003, 42.17969], [2.7954000000000003, 42.1768], [2.7971600000000003, 42.178250000000006], [2.80337, 42.18175], [2.7999, 42.18806], [2.8138, 42.19520000000001], [2.818189997909622, 42.2012550002844], [2.8203400000000003, 42.211490000000005], [2.82018, 42.218160000000005], [2.8198600000000003, 42.22627000000001], [2.8075, 42.23348], [2.797060007607629, 42.24168500277898], [2.78053, 42.250130000000006], [2.7725600000000004, 42.25817000000001], [2.7590800000000004, 42.26236], [2.7474100022633317, 42.26537000031854], [2.74194, 42.26303], [2.7443400000000002, 42.259600000000006], [2.74433, 42.25627], [2.7422000000000004, 42.250330000000005], [2.7403700000000004, 42.25218], [2.73902, 42.255410000000005], [2.7325700000000004, 42.25094], [2.7219, 42.251160000000006], [2.7116050016569857, 42.25415000201984], [2.7055200000000004, 42.25685], [2.7071, 42.257760000000005], [2.7052500000000004, 42.25891], [2.7060700000000004, 42.257000000000005], [2.70927, 42.255230000000005], [2.7192000000000003, 42.253260000000004], [2.72888, 42.251560000000005], [2.73959, 42.25376000000001], [2.7406800000000002, 42.253550000000004], [2.7411800000000004, 42.251540000000006], [2.7443400000000002, 42.253370000000004], [2.7453800000000004, 42.252790000000005], [2.7465, 42.254020000000004], [2.7508700000000004, 42.253780000000006], [2.7558800000000003, 42.2494], [2.7547400000000004, 42.246680000000005], [2.75667, 42.244930000000004], [2.75109, 42.243990000000004], [2.7463300000000004, 42.24233], [2.7388000000000003, 42.239740000000005], [2.7352900000000004, 42.23957], [2.72346, 42.237260000000006], [2.71151, 42.23606], [2.7059300000000004, 42.23178], [2.70677, 42.224970000000006], [2.70743, 42.218], [2.70662, 42.20991], [2.7063400000000004, 42.204370000000004], [2.6953500000000004, 42.200320000000005], [2.68217, 42.206950000000006], [2.6669, 42.211740000000006], [2.65485, 42.21623], [2.6463900000000002, 42.215680000000006], [2.6380000000000003, 42.21692], [2.6230300000000004, 42.21199], [2.6131900000000003, 42.21197], [2.60503, 42.214850000000006], [2.5883780118462214, 42.21787201526655], [2.5811200000000003, 42.2212], [2.56618, 42.220960000000005], [2.5484, 42.221630000000005], [2.55283500076276, 42.2185750015988], [2.54327, 42.218970000000006], [2.52958, 42.21387], [2.5092149951547293, 42.21139500284356], [2.4980300000000004, 42.207820000000005], [2.4978900000000004, 42.20156], [2.50028, 42.19165], [2.49871, 42.1826], [2.493686680169124, 42.174516672190315], [2.5125781716975637, 42.160036043078364], [2.52312, 42.1531], [2.535185001131259, 42.148630003182795], [2.54754, 42.148030000000006], [2.5603200000000004, 42.145480000000006], [2.5740823623163664, 42.14757515034418], [2.5893799917130442, 42.149770023934565], [2.60069, 42.151990000000005], [2.6136700000000004, 42.153020000000005], [2.6088500000000003, 42.145430000000005], [2.6189600000000004, 42.14399], [2.622280003211721, 42.13926500047215], [2.6295100000000002, 42.13765], [2.63981, 42.127210000000005], [2.64771, 42.133390000000006], [2.66073, 42.133300000000006], [2.66752, 42.13042], [2.66902, 42.12857], [2.6706700000000003, 42.1265], [2.67388, 42.124460000000006], [2.6875657265490056, 42.125310053767905], [2.70597, 42.125260000000004], [2.7137099975681656, 42.12818500595007], [2.722806668012153, 42.130780009511334], [2.7303100000000002, 42.12821], [2.7364800000000002, 42.125930000000004], [2.7446671473879496, 42.11584903985315], [2.7450549964247184, 42.10295000066339], [2.74005, 42.09601000000001], [2.7310700000000003, 42.09667], [2.72168, 42.09825], [2.71436, 42.10056], [2.7119000000000004, 42.102090000000004], [2.71254, 42.10405], [2.70575, 42.10094], [2.6957600000000004, 42.099000000000004], [2.69876, 42.09586], [2.69409, 42.09331], [2.6895200000000004, 42.0891], [2.6873500000000003, 42.08654000000001], [2.6866700000000003, 42.081340000000004], [2.6882400000000004, 42.075030000000005], [2.6843700000000004, 42.07226], [2.6869, 42.07021], [2.6861400000000004, 42.07016], [2.6840400000000004, 42.073330000000006], [2.6872200000000004, 42.0765], [2.68737, 42.082260000000005], [2.68506, 42.086220000000004], [2.69097, 42.09015], [2.69436, 42.09409], [2.6984000000000004, 42.096120000000006], [2.6966200000000002, 42.099250000000005], [2.7074000000000003, 42.102430000000005], [2.7129000000000003, 42.10338], [2.713, 42.101690000000005], [2.71564, 42.10069], [2.7235400000000003, 42.098020000000005], [2.7321600000000004, 42.09704000000001], [2.74061000251882, 42.09459500033277], [2.7533600000000003, 42.09272], [2.7659100000000003, 42.090790000000005], [2.7753250419687667, 42.08921500568637], [2.7779000000000003, 42.08039], [2.77584, 42.079150000000006]]}}, {"type": "Feature", "properties": {"id": "3204521515842061150", "name": "Madlon but shorter and hillier", "link": "https://www.strava.com/routes/3204521515842061150", "distance_km": 145, "source": "HV-signed", "region": "Essex", "route_type": "Road", "cafe": "Promenade Park (Maldon), Hanningfield Reservoir Vistor Centre", "notes": ""}, "geometry": {"type": "LineString", "coordinates": [[-0.0553, 51.55863], [-0.04321001407900579, 51.56322000624962], [-0.02882501128184953, 51.56899500629936], [-0.01348, 51.57491], [-0.00388, 51.579750000000004], [0.00619, 51.5842], [0.010010000000000002, 51.59384000000001], [0.012280000000000001, 51.59837], [0.01981, 51.60708], [0.026170000000000002, 51.605410000000006], [0.04277, 51.60089000000001], [0.0536149964378578, 51.60593000546448], [0.06963000000000001, 51.60850000000001], [0.08639000000000001, 51.611850000000004], [0.10174000000000001, 51.61685000000001], [0.11962, 51.621590000000005], [0.13398000000000002, 51.628840000000004], [0.13932, 51.633990000000004], [0.14950000000000002, 51.63299000000001], [0.16304000801971189, 51.63016500269663], [0.17290999341436605, 51.630535002225436], [0.1831, 51.62809000000001], [0.19477000000000003, 51.63158000000001], [0.20903000000000002, 51.629830000000005], [0.22159, 51.62498], [0.23110999491717532, 51.62420000083205], [0.24571, 51.625930000000004], [0.25906, 51.62601], [0.27001999381447395, 51.62188000379834], [0.27948, 51.62767], [0.27937, 51.636790000000005], [0.29546, 51.63904], [0.30789000000000005, 51.64314], [0.31324, 51.64815], [0.30818, 51.65516], [0.31016000000000005, 51.65852], [0.3174, 51.66351], [0.32562, 51.66411], [0.33840000000000003, 51.66138], [0.35295000000000004, 51.65831000000001], [0.36061000000000004, 51.652480000000004], [0.37303000000000003, 51.65279], [0.38408000000000003, 51.652730000000005], [0.39680000000000004, 51.65234], [0.40068000000000004, 51.65704], [0.40990000000000004, 51.65986], [0.42110000000000003, 51.6572], [0.43542000000000003, 51.65842000000001], [0.44227000000000005, 51.66358], [0.4582950030494463, 51.660150002226835], [0.46898000000000006, 51.654860000000006], [0.4766, 51.650940000000006], [0.49336, 51.64575000000001], [0.5075299969647223, 51.64421500036183], [0.51314, 51.649280000000005], [0.5287325068165787, 51.65180751966396], [0.5471400000000001, 51.65549000000001], [0.55894, 51.659220000000005], [0.5636650094296894, 51.67092000047761], [0.5602100000000001, 51.67895000000001], [0.5610449886194455, 51.68638500230011], [0.5742400000000001, 51.69162000000001], [0.5874, 51.695800000000006], [0.59984, 51.69677], [0.61248, 51.69868], [0.630964971871959, 51.702125023931174], [0.64617, 51.7081], [0.6490300000000001, 51.717020000000005], [0.6603000000000001, 51.71846000000001], [0.66559, 51.72576], [0.67286, 51.72934000000001], [0.67937, 51.731320000000004], [0.6884, 51.72851000000001], [0.6803100000000001, 51.731100000000005], [0.66935, 51.73239], [0.6561300000000001, 51.732850000000006], [0.6494700000000001, 51.73102], [0.6421, 51.72598000000001], [0.6275000025507639, 51.72428500333106], [0.6151000000000001, 51.723530000000004], [0.60296, 51.71925], [0.59025, 51.71652], [0.5793100000000001, 51.715070000000004], [0.5760100055517389, 51.709695000747416], [0.57959, 51.70167000000001], [0.5743050005687088, 51.69359500004679], [0.5635749919821774, 51.68820500249001], [0.5598700000000001, 51.680310000000006], [0.55271, 51.675090000000004], [0.53902, 51.672450000000005], [0.5271600000000001, 51.673390000000005], [0.5125000000000001, 51.67092], [0.5011500000000001, 51.66996], [0.48888000000000004, 51.67027], [0.4757850026477909, 51.66960500586837], [0.46381000000000006, 51.66713000000001], [0.45584, 51.66282], [0.44323, 51.66299000000001], [0.43563, 51.658840000000005], [0.4240300077306591, 51.65674667752161], [0.41084000000000004, 51.659220000000005], [0.40746000000000004, 51.664210000000004], [0.39441000000000004, 51.66922], [0.38234, 51.67224], [0.37248000000000003, 51.67609], [0.36562000000000006, 51.674380000000006], [0.35803, 51.66962], [0.36604000000000003, 51.66364], [0.35977997522479666, 51.65686001026727], [0.34935666703643437, 51.65872667862857], [0.33358000000000004, 51.661730000000006], [0.32134, 51.664460000000005], [0.3156299949129057, 51.66188000168427], [0.3042566711489756, 51.66147667669365], [0.29745000000000005, 51.65831000000001], [0.29202, 51.65377], [0.29087, 51.649100000000004], [0.286975001313424, 51.64466000267631], [0.2841, 51.64099], [0.27585000000000004, 51.63915], [0.25882, 51.639950000000006], [0.25673, 51.6317], [0.25229, 51.626990000000006], [0.23784000000000002, 51.626090000000005], [0.22714, 51.621230000000004], [0.21245000000000003, 51.62805], [0.20330999844625916, 51.63164500314675], [0.18778, 51.62957], [0.1778750066004055, 51.630325002990425], [0.17016, 51.627770000000005], [0.1552, 51.63235], [0.1468, 51.63346000000001], [0.13751000000000002, 51.631350000000005], [0.12826, 51.62476], [0.11418, 51.61981], [0.1020333412842795, 51.616233334106795], [0.08696000000000001, 51.61197000000001], [0.0706949992053345, 51.60853000481534], [0.05475000000000001, 51.60607], [0.043070000000000004, 51.600770000000004], [0.03758, 51.593740000000004], [0.028900000000000002, 51.588710000000006], [0.02254, 51.58408000000001], [0.006920000000000001, 51.58352000000001], [-0.0027, 51.58023000000001], [-0.012960000000000001, 51.575250000000004], [-0.027610000000000003, 51.56942], [-0.04235001391203602, 51.56359000632155], [-0.05489, 51.55852], [-0.055290000000000006, 51.55863]]}}, {"type": "Feature", "properties": {"id": "3081620076152192080", "name": "Girona - coastal route 145km", "link": "https://www.strava.com/routes/3081620076152192080", "distance_km": 146, "source": "HV-signed", "region": "Hub Velo trips", "route_type": "Road", "cafe": "", "notes": ""}, "geometry": {"type": "LineString", "coordinates": [[2.7760100000000003, 42.079080000000005], [2.7802200000000004, 42.075720000000004], [2.78547, 42.07284000000001], [2.7943200000000004, 42.07153], [2.8045400000000003, 42.071180000000005], [2.81339, 42.067640000000004], [2.8179200000000004, 42.0529], [2.8232500000000003, 42.03647], [2.82187, 42.02866], [2.822483322705496, 42.01930333604187], [2.81692, 42.00936], [2.81746, 41.999590000000005], [2.8183000000000002, 41.992050000000006], [2.82093, 41.986470000000004], [2.82371, 41.9789], [2.8244200000000004, 41.973890000000004], [2.82071, 41.966170000000005], [2.818564997554974, 41.95392000055384], [2.8138400000000003, 41.946810000000006], [2.8100300000000002, 41.936980000000005], [2.8127333380226442, 41.92848333364563], [2.8164000000000002, 41.917930000000005], [2.8221100000000003, 41.9054], [2.82358, 41.8973], [2.8210400000000004, 41.888380000000005], [2.82255, 41.87778], [2.82595, 41.87044], [2.8295700000000004, 41.86112000000001], [2.8216400000000004, 41.84935], [2.8169700000000004, 41.841680000000004], [2.8331500000000003, 41.836110000000005], [2.8488201461361387, 41.83364694649085], [2.86825, 41.831880000000005], [2.8872800134053667, 41.829795017507564], [2.879859952876322, 41.81483001187867], [2.872269925596744, 41.806617519367045], [2.86097, 41.79581], [2.85991, 41.788270000000004], [2.86388000479741, 41.78238000177109], [2.8742, 41.771330000000006], [2.8807, 41.76778], [2.88634, 41.76491], [2.8888100000000003, 41.754270000000005], [2.8951800000000003, 41.74253], [2.89582, 41.73541], [2.9049500000000004, 41.72843], [2.91881, 41.72878], [2.9274200022544, 41.723355000497136], [2.93277, 41.72415], [2.9359200000000003, 41.72579], [2.9383500000000002, 41.72536], [2.94389, 41.726710000000004], [2.9423600000000003, 41.729510000000005], [2.94404, 41.73162000000001], [2.9501500000000003, 41.73165], [2.9475200000000004, 41.734950000000005], [2.94877, 41.73705], [2.95067, 41.739270000000005], [2.95209, 41.73857], [2.9570200000000004, 41.74007], [2.95847, 41.742720000000006], [2.9619000000000004, 41.74676], [2.95745, 41.74837], [2.95929, 41.74954], [2.96396, 41.750510000000006], [2.9665000000000004, 41.75217000000001], [2.96375, 41.75462], [2.9671800000000004, 41.7552], [2.97228, 41.755880000000005], [2.97121, 41.75784], [2.9759900000000004, 41.75941], [2.97425, 41.762100000000004], [2.97386, 41.76449], [2.97621, 41.76563], [2.97873, 41.76427], [2.9825500000000003, 41.76324], [2.9871700000000003, 41.762600000000006], [2.99181, 41.76397], [2.9921200000000003, 41.76673], [2.9936700000000003, 41.76854], [2.9977400000000003, 41.767390000000006], [3.0015, 41.770860000000006], [3.0063700000000004, 41.77501], [3.00972, 41.77319000000001], [3.01207, 41.778650000000006], [3.0166500000000003, 41.77772], [3.02164, 41.779160000000005], [3.0267700000000004, 41.78061], [3.03419, 41.78139], [3.04062, 41.786860000000004], [3.0473000000000003, 41.79262000000001], [3.0519800000000004, 41.8003], [3.05736, 41.80769], [3.06381, 41.81416], [3.07248, 41.82358000000001], [3.0841600000000002, 41.8314], [3.09084, 41.83997], [3.0950300000000004, 41.845690000000005], [3.0814100000000004, 41.85609], [3.0727300000000004, 41.861450000000005], [3.0699750005711617, 41.870995002089735], [3.0621700044652798, 41.874650001566735], [3.0674, 41.879690000000004], [3.06443, 41.88472], [3.0624800000000003, 41.887530000000005], [3.06007, 41.89049000000001], [3.0593100000000004, 41.8941], [3.05858, 41.897330000000004], [3.05208, 41.899820000000005], [3.04659, 41.900960000000005], [3.0418200000000004, 41.90343], [3.03201, 41.909200000000006], [3.0250600000000003, 41.916290000000004], [3.0216700000000003, 41.92391000000001], [3.02965333931665, 41.93701333414254], [3.0316455134420504, 41.95067000599351], [3.03188, 41.95745], [3.0319800000000003, 41.968090000000004], [3.0268, 41.97618000000001], [3.0213, 41.98373], [3.0281100000000003, 41.99821], [3.0291750114194467, 42.01448000110689], [3.02721, 42.022270000000006], [3.02285, 42.02993], [3.0169149998803064, 42.03651000209918], [3.0031600000000003, 42.03925], [2.99635, 42.044230000000006], [2.9920400000000003, 42.04918000000001], [2.9860100000000003, 42.05876000000001], [2.9747800000000004, 42.060120000000005], [2.9693500000000004, 42.057280000000006], [2.95942, 42.0583], [2.9635800000000003, 42.063050000000004], [2.952913333910083, 42.07063000692756], [2.9369454085159106, 42.06953918939045], [2.9090766619163553, 42.065966676110854], [2.8901766241579496, 42.059290028854186], [2.8743900000000004, 42.05163], [2.8591800000000003, 42.04469], [2.8510400000000002, 42.05438], [2.8504400000000003, 42.065870000000004], [2.842367190009272, 42.07189715881699], [2.8240700000000003, 42.07647], [2.8151300000000004, 42.073], [2.80717, 42.070890000000006], [2.7980400000000003, 42.07085], [2.7868700000000004, 42.07049000000001], [2.7813000000000003, 42.07518], [2.7774500000000004, 42.07799000000001], [2.77652, 42.078860000000006]]}}, {"type": "Feature", "properties": {"id": "3263971201383731902", "name": "Saffron Waldon 145km", "link": "https://www.strava.com/routes/3263971201383731902", "distance_km": 146, "source": "HV-signed", "region": "Essex", "route_type": "Road", "cafe": "Waffle and Coffee, Saffron Waldon", "notes": ""}, "geometry": {"type": "LineString", "coordinates": [[-0.05552000000000001, 51.558690000000006], [-0.05637, 51.558440000000004], [-0.045700000000000005, 51.562200000000004], [-0.03268501092412957, 51.567590005462186], [-0.014940000000000002, 51.573840000000004], [-0.0054800000000000005, 51.579150000000006], [0.00638, 51.584480000000006], [0.010220000000000002, 51.594300000000004], [0.013059995806076636, 51.599610000712204], [0.02023, 51.60766], [0.02569, 51.616510000000005], [0.029730000000000003, 51.6274], [0.03389, 51.64065], [0.038930000000000006, 51.65453], [0.03667999838227257, 51.65994500009924], [0.042370000000000005, 51.667440000000006], [0.052980000000000006, 51.67334], [0.06603, 51.67747000000001], [0.0795649963542186, 51.68502500147904], [0.09796246551589341, 51.69241751915009], [0.09797, 51.69858000000001], [0.09475, 51.705130000000004], [0.09328001230274509, 51.71111000196453], [0.09136000000000001, 51.718900000000005], [0.08303, 51.72117], [0.07893, 51.72516], [0.07609, 51.73021000000001], [0.07576000000000001, 51.736580000000004], [0.07119, 51.74206], [0.05910000000000001, 51.74795], [0.05596, 51.75254], [0.04848, 51.75578], [0.04088000000000001, 51.75988], [0.0395, 51.764990000000004], [0.04053500486139506, 51.77124500063377], [0.03604, 51.77599000000001], [0.02868, 51.780530000000006], [0.016370000000000003, 51.785520000000005], [0.01974, 51.79175000000001], [0.03097, 51.79563], [0.04612, 51.79932], [0.05249, 51.80679000000001], [0.054880000000000005, 51.81103], [0.0585, 51.81752], [0.059280000000000006, 51.82363], [0.06502999784787254, 51.8317900004038], [0.06934, 51.83957], [0.07026, 51.848060000000004], [0.07262, 51.85708], [0.07436000000000001, 51.86674000000001], [0.08353000000000001, 51.87467], [0.08897000000000001, 51.881780000000006], [0.09300000000000001, 51.887010000000004], [0.09740000000000001, 51.898610000000005], [0.09290000905128767, 51.908500002786326], [0.09168000000000001, 51.916810000000005], [0.09663999461862348, 51.92441500138807], [0.1030749942844208, 51.934365000952134], [0.11163000000000001, 51.941340000000004], [0.12266, 51.945730000000005], [0.13578, 51.94746000000001], [0.14683000000000002, 51.94914000000001], [0.15868000000000002, 51.95375000000001], [0.17334000000000002, 51.95879000000001], [0.17759000000000003, 51.964710000000004], [0.1758, 51.973110000000005], [0.18542, 51.97898000000001], [0.19855, 51.98015], [0.21383000000000002, 51.983940000000004], [0.21227000000000001, 51.99204], [0.21239000000000002, 52.00056000000001], [0.21477000000000002, 52.00836], [0.22533000000000003, 52.014860000000006], [0.23632000000000003, 52.01821], [0.24501000000000003, 52.023140000000005], [0.2402300073832642, 52.01826666718683], [0.24229000000000003, 52.008030000000005], [0.24937, 52.00274], [0.25412, 51.99893], [0.25786000000000003, 51.99058], [0.26267, 51.97948], [0.269380005809596, 51.97390500059452], [0.28087, 51.969530000000006], [0.29490000000000005, 51.967150000000004], [0.30612, 51.95994], [0.3224050311801593, 51.95239002553343], [0.33983, 51.95365], [0.34395000000000003, 51.95112], [0.33805, 51.945460000000004], [0.32754000000000005, 51.939960000000006], [0.31512, 51.93497000000001], [0.30495, 51.933800000000005], [0.29973000000000005, 51.92906000000001], [0.29623000000000005, 51.92239000000001], [0.2911, 51.918580000000006], [0.28689000000000003, 51.912000000000006], [0.28268000000000004, 51.907770000000006], [0.27235000000000004, 51.90055], [0.27263000000000004, 51.89302000000001], [0.2800300040519997, 51.88820000072626], [0.27924000000000004, 51.879160000000006], [0.27613000000000004, 51.869780000000006], [0.26679, 51.86444], [0.26403000000000004, 51.85376], [0.25416, 51.8466], [0.25315000000000004, 51.837990000000005], [0.24787, 51.82923], [0.24131000000000002, 51.826150000000005], [0.22881, 51.824450000000006], [0.21611500007074666, 51.82030000003576], [0.21053000000000002, 51.81261000000001], [0.21297000000000002, 51.805870000000006], [0.21070000000000003, 51.797990000000006], [0.21608000000000002, 51.788830000000004], [0.22128, 51.784020000000005], [0.22197000000000003, 51.777060000000006], [0.21822000000000003, 51.771860000000004], [0.21653000000000003, 51.766870000000004], [0.21302999563870864, 51.759845000964255], [0.20890000000000003, 51.75184], [0.20381000000000002, 51.747060000000005], [0.19337000000000001, 51.74383], [0.18638999764674036, 51.7352200005055], [0.18211000000000002, 51.725680000000004], [0.17685, 51.71963], [0.16678, 51.715920000000004], [0.15523, 51.71298], [0.13825, 51.710730000000005], [0.11927000000000001, 51.70519], [0.11023000000000001, 51.697990000000004], [0.09919000000000001, 51.692840000000004], [0.08018, 51.68527], [0.06644, 51.6777], [0.060164997331321884, 51.67503000210468], [0.044800000000000006, 51.66964], [0.038020000000000005, 51.66281000000001], [0.03871, 51.65614000000001], [0.03749998782394101, 51.65060500073946], [0.033260000000000005, 51.6379], [0.02863398583055067, 51.62388600078476], [0.024900000000000002, 51.61451], [0.01991, 51.60712], [0.014214988120955183, 51.60097000219355], [0.010110000000000001, 51.593920000000004], [0.005860000000000001, 51.58397], [-0.0011100102106135921, 51.580975003828485], [-0.012870000000000001, 51.575340000000004], [-0.027610000000000003, 51.56942], [-0.043210013828465586, 51.56322000635742], [-0.055900000000000005, 51.55805], [-0.056530000000000004, 51.55828]]}}, {"type": "Feature", "properties": {"id": "3204523061155578612", "name": "Blue Egg shorter (145km)", "link": "https://www.strava.com/routes/3204523061155578612", "distance_km": 147, "source": "HV-signed", "region": "Essex", "route_type": "Road", "cafe": "Blue Egg (closed Sunday)", "notes": "At your own risk. Avoid cycle paths as they are less likely to be gritted."}, "geometry": {"type": "LineString", "coordinates": [[-0.05605, 51.55814], [-0.04673500615538744, 51.5617000026696], [-0.03527, 51.566370000000006], [-0.03558, 51.566770000000005], [-0.03447, 51.566810000000004], [-0.015580000000000002, 51.573440000000005], [-0.006280000000000001, 51.57882000000001], [0.0059900000000000005, 51.584010000000006], [0.01, 51.59393000000001], [0.013059995806076636, 51.599610000712204], [0.02048499355055104, 51.60799500085412], [0.02594499748678272, 51.617015000249275], [0.029390000000000003, 51.62639000000001], [0.033800000000000004, 51.64020000000001], [0.038930000000000006, 51.65453], [0.036820000000000006, 51.660470000000004], [0.04449, 51.668510000000005], [0.056560000000000006, 51.67403], [0.06711999865014448, 51.67524500215879], [0.08096000555643597, 51.67565000152191], [0.0965850027692394, 51.672385003409964], [0.10978, 51.66926], [0.12366, 51.671200000000006], [0.13223000000000001, 51.67304000000001], [0.12978, 51.68197000000001], [0.13946, 51.689220000000006], [0.14888, 51.68421000000001], [0.15435000000000001, 51.69116], [0.16617, 51.69821], [0.18092000000000003, 51.698730000000005], [0.19204000000000002, 51.701330000000006], [0.20104000000000002, 51.707010000000004], [0.21164000000000002, 51.703570000000006], [0.2284899991862766, 51.70372500270789], [0.23781000000000002, 51.700100000000006], [0.24451000000000003, 51.702600000000004], [0.24542000000000003, 51.711360000000006], [0.24738000000000002, 51.717360000000006], [0.25308, 51.723110000000005], [0.2604099890666794, 51.73196000483964], [0.27041000000000004, 51.739090000000004], [0.27991000000000005, 51.74575], [0.29322499375850997, 51.749275001744955], [0.30104000000000003, 51.756190000000004], [0.3057, 51.75986], [0.30791, 51.76778], [0.31368, 51.77476000000001], [0.32680000000000003, 51.777260000000005], [0.33280000000000004, 51.78206], [0.33979000000000004, 51.786590000000004], [0.34249, 51.789190000000005], [0.34377, 51.79561], [0.34604, 51.800700000000006], [0.34935000000000005, 51.806900000000006], [0.36249000000000003, 51.80825], [0.37575000000000003, 51.811040000000006], [0.38848000000000005, 51.81608000000001], [0.38580000000000003, 51.82349000000001], [0.38829, 51.828700000000005], [0.39307000000000003, 51.832910000000005], [0.39963000000000004, 51.838190000000004], [0.41032499304757075, 51.84192500486026], [0.41892, 51.842400000000005], [0.42491, 51.84769000000001], [0.43027000000000004, 51.85614], [0.44383000000000006, 51.85889], [0.45331000000000005, 51.8637], [0.45826000000000006, 51.87283000000001], [0.4686266814486708, 51.875783340119824], [0.47216, 51.87818000000001], [0.46762000000000004, 51.886160000000004], [0.47404, 51.89233], [0.47183, 51.90158], [0.46911, 51.90923], [0.46505, 51.91913], [0.46187000000000006, 51.92757], [0.44562, 51.937490000000004], [0.4402349909163734, 51.9450750010731], [0.43332000000000004, 51.945840000000004], [0.4195299912931259, 51.93770500200249], [0.41528000000000004, 51.92935000000001], [0.41066, 51.92277000000001], [0.39930499698589006, 51.91774000017884], [0.40344, 51.91171000000001], [0.40527, 51.90404], [0.39331000000000005, 51.895720000000004], [0.37877000000000005, 51.89009], [0.36859000000000003, 51.88107], [0.36217000000000005, 51.87682], [0.35712000000000005, 51.873020000000004], [0.34753, 51.87243], [0.33532, 51.87037], [0.32370000000000004, 51.87109], [0.32712, 51.868280000000006], [0.32387000000000005, 51.8614], [0.32428, 51.85508], [0.32827, 51.84505000000001], [0.33358000000000004, 51.84085], [0.32354000000000005, 51.829130000000006], [0.31221000000000004, 51.81645], [0.30729, 51.805710000000005], [0.31116000000000005, 51.796150000000004], [0.29767332031031485, 51.7929466721749], [0.29145000000000004, 51.78501000000001], [0.27795000000000003, 51.784380000000006], [0.27514, 51.77604], [0.26092000000000004, 51.771950000000004], [0.24721, 51.76409], [0.23865000000000003, 51.76012000000001], [0.22136000000000003, 51.759890000000006], [0.21965, 51.7522], [0.21936000000000003, 51.743610000000004], [0.21932000000000001, 51.73933], [0.21092000000000002, 51.73655], [0.20959000000000003, 51.73118], [0.20923000000000003, 51.72529], [0.20538, 51.71878], [0.20374, 51.711830000000006], [0.19307000000000002, 51.704510000000006], [0.19103, 51.69856000000001], [0.17314000030780424, 51.698185002260395], [0.16062, 51.693760000000005], [0.14741, 51.69163], [0.13859000000000002, 51.68927000000001], [0.12314000000000001, 51.688570000000006], [0.11090000000000001, 51.68770000000001], [0.09768, 51.689310000000006], [0.08331499271502586, 51.68653000408346], [0.06875, 51.67875], [0.06099, 51.675250000000005], [0.044950000000000004, 51.670030000000004], [0.038020000000000005, 51.66281000000001], [0.038950000000000005, 51.65583], [0.037059998150313404, 51.64943500012907], [0.03275, 51.63624], [0.027770000000000003, 51.62091], [0.024460000000000003, 51.61363000000001], [0.018770000000000002, 51.605900000000005], [0.011884993114760675, 51.59758000063417], [0.008026655950862825, 51.589890001034746], [0.00238, 51.58202000000001], [-0.004680005456408049, 51.579450002653445], [-0.014940000000000002, 51.573840000000004], [-0.03381, 51.56714], [-0.045430000000000005, 51.562270000000005], [-0.054920000000000004, 51.5585]]}}, {"type": "Feature", "properties": {"id": "3204561811014468340", "name": "Maldon and back (standard version)", "link": "https://www.strava.com/routes/3204561811014468340", "distance_km": 150, "source": "HV-signed", "region": "Essex", "route_type": "Road", "cafe": "Little Waltham cafe, fish and chips/cafes in Maldon Promenade Park, Blackmore on the way back if needed", "notes": "Advisory: the final climb up Daws Hill is steep and it's a relatively busy, narrow road."}, "geometry": {"type": "LineString", "coordinates": [[-0.05464, 51.558620000000005], [-0.04023, 51.56468], [-0.025660000000000002, 51.57023], [-0.0131, 51.575230000000005], [-0.0056700000000000006, 51.57918], [0.00412, 51.583090000000006], [0.008532484843573634, 51.591080001491804], [0.011240000000000002, 51.59653], [0.01888, 51.60627], [0.02466, 51.614020000000004], [0.028122486573808194, 51.6221175007537], [0.0332, 51.637510000000006], [0.03749998788376445, 51.65060500090167], [0.03663, 51.65840000000001], [0.04059, 51.66624], [0.05048499431067888, 51.67251000371851], [0.06304, 51.67513], [0.07582000000000001, 51.67674], [0.09137000046996537, 51.673040003366886], [0.10800000000000001, 51.670190000000005], [0.11893000000000001, 51.67060000000001], [0.12952000000000002, 51.67289], [0.12951000000000001, 51.68061], [0.13629000000000002, 51.688970000000005], [0.14573, 51.684670000000004], [0.15196, 51.68903], [0.16201000000000002, 51.694900000000004], [0.16944, 51.698310000000006], [0.18574000000000002, 51.698570000000004], [0.19345, 51.70353000000001], [0.20385, 51.71013000000001], [0.20564000000000002, 51.71748], [0.20888, 51.72529], [0.20929, 51.730900000000005], [0.21089000000000002, 51.73646], [0.21923, 51.73926], [0.22955000000000003, 51.74186], [0.24038, 51.74195], [0.25191, 51.74098000000001], [0.26227, 51.73792], [0.27463000000000004, 51.74033000000001], [0.28194, 51.745340000000006], [0.2954799976675869, 51.751625000304124], [0.30410000000000004, 51.756600000000006], [0.30666000000000004, 51.76142], [0.30769, 51.769560000000006], [0.31683, 51.775650000000006], [0.32857000000000003, 51.778240000000004], [0.33353000000000005, 51.78276], [0.33998, 51.78726], [0.34355, 51.78943], [0.3537949984923322, 51.78522500287451], [0.36604000000000003, 51.78327], [0.37934, 51.782450000000004], [0.38655, 51.78696000000001], [0.396, 51.78858], [0.40399, 51.79102], [0.41766000000000003, 51.79189], [0.43365000000000004, 51.79229], [0.44737000000000005, 51.79513000000001], [0.4565, 51.793890000000005], [0.46583, 51.78909], [0.47341000000000005, 51.78681], [0.48078000000000004, 51.78627], [0.4911749984043233, 51.787315002138804], [0.5034500000000001, 51.789410000000004], [0.5175000000000001, 51.79041], [0.53064, 51.78633000000001], [0.54301, 51.778800000000004], [0.55045, 51.774010000000004], [0.5518000000000001, 51.7657], [0.56557, 51.76449], [0.5811200000000001, 51.76129], [0.58984, 51.760160000000006], [0.5971200000000001, 51.754200000000004], [0.60924, 51.751940000000005], [0.61453, 51.74718000000001], [0.620553330990737, 51.74108666677064], [0.62602, 51.737140000000004], [0.6353700000000001, 51.73330000000001], [0.6459, 51.73657000000001], [0.6563000000000001, 51.736250000000005], [0.6663600000000001, 51.731880000000004], [0.6769200000000001, 51.73153000000001], [0.6876340517226933, 51.72573800775836], [0.68945, 51.72026], [0.6781900000000001, 51.71665], [0.66591, 51.71795], [0.6556650009785113, 51.71769000256897], [0.6466650051897435, 51.71212500035708], [0.63539, 51.70270000000001], [0.6158100000000001, 51.69867000000001], [0.6009100006002269, 51.69674000486276], [0.5857800000000001, 51.69471000000001], [0.581204955642376, 51.686270021575574], [0.5745800000000001, 51.67627], [0.56377, 51.673970000000004], [0.55754, 51.67864], [0.5438549975616088, 51.67387500211237], [0.5318, 51.67306000000001], [0.5157, 51.67154000000001], [0.5032033439067776, 51.669493342284156], [0.48888000000000004, 51.67027], [0.4738000003213516, 51.66972500278456], [0.46257000000000004, 51.66709], [0.45330000000000004, 51.66232], [0.44075000000000003, 51.66290000000001], [0.43207, 51.656000000000006], [0.41569000000000006, 51.658480000000004], [0.40463000000000005, 51.661550000000005], [0.3971, 51.66846], [0.38266000000000006, 51.67233], [0.37181000000000003, 51.676370000000006], [0.3620150038274181, 51.67459500357828], [0.35234000000000004, 51.68014], [0.34208668312020907, 51.68296667285221], [0.32576999605441176, 51.68378500368415], [0.32070000000000004, 51.67672], [0.31184, 51.675340000000006], [0.2967, 51.674730000000004], [0.28154998856175295, 51.666350002473116], [0.27018000000000003, 51.65914], [0.25848000000000004, 51.65467], [0.2473524772904955, 51.650032519512365], [0.24020000000000002, 51.645770000000006], [0.22588332085515234, 51.64014000544734], [0.21192000000000003, 51.63447000000001], [0.19264334145285222, 51.63193334296429], [0.18207, 51.62836], [0.17083, 51.628870000000006], [0.15838000000000002, 51.631910000000005], [0.14700000000000002, 51.633390000000006], [0.13675, 51.629830000000005], [0.12582000000000002, 51.62373], [0.10748, 51.617850000000004], [0.08818000000000001, 51.612320000000004], [0.06963000000000001, 51.60850000000001], [0.05156, 51.60567], [0.0412800035427412, 51.60135000271333], [0.024370000000000003, 51.60725000000001], [0.01862, 51.604890000000005], [0.01186, 51.596030000000006], [0.006960000000000001, 51.58755000000001], [0.00135, 51.58158], [-0.00755, 51.57777], [-0.01845000416051365, 51.572445003245726], [-0.03365, 51.56714], [-0.045430000000000005, 51.562270000000005], [-0.05637, 51.558440000000004], [-0.05464, 51.558620000000005]]}}, {"type": "Feature", "properties": {"id": "3204534862087715678", "name": "Nicest Blue Egg route", "link": "https://www.strava.com/routes/3204534862087715678", "distance_km": 153, "source": "HV-signed", "region": "Essex", "route_type": "Road", "cafe": "Blue Egg (closed Sunday)", "notes": "Advisory: gravel at the bottom of Beddlestead Lane - often leads to punctures"}, "geometry": {"type": "LineString", "coordinates": [[-0.05598, 51.558040000000005], [-0.05303000000000001, 51.55901], [-0.03754002987791702, 51.56561501377221], [-0.019590000000000003, 51.57222], [-0.008140000000000001, 51.577650000000006], [0.0036733198936514757, 51.58279333856647], [0.008759980294524378, 51.591365001934726], [0.01139, 51.59666000000001], [0.01934499572525144, 51.6066750008081], [0.024900000000000002, 51.61451], [0.02841797875655753, 51.623142001212656], [0.033260000000000005, 51.6379], [0.037759983854690975, 51.6513100012293], [0.036460000000000006, 51.658660000000005], [0.04098, 51.6666], [0.051430000000000003, 51.67277000000001], [0.06374, 51.675270000000005], [0.07794000000000001, 51.676480000000005], [0.09195, 51.67305], [0.10755, 51.670350000000006], [0.11807999704295273, 51.67043000311403], [0.12952000000000002, 51.67289], [0.12951000000000001, 51.68061], [0.13629000000000002, 51.688970000000005], [0.14643001430074087, 51.68421000440867], [0.15231, 51.68967000000001], [0.16285000000000002, 51.69549000000001], [0.17733000000000002, 51.69814], [0.192, 51.69906], [0.19637499268261235, 51.705530004657646], [0.21025000000000002, 51.70421], [0.22394000000000003, 51.703430000000004], [0.23683, 51.70129000000001], [0.24282, 51.700750000000006], [0.24467000000000003, 51.709810000000004], [0.24591000000000002, 51.71589], [0.25264000000000003, 51.72289000000001], [0.25841000000000003, 51.730790000000006], [0.26675000000000004, 51.73780000000001], [0.27787, 51.744550000000004], [0.28989000000000004, 51.74783000000001], [0.29806000000000005, 51.755810000000004], [0.30653, 51.75885], [0.30810000000000004, 51.7659], [0.31078, 51.773070000000004], [0.32405, 51.77655000000001], [0.33169000000000004, 51.78067000000001], [0.33655, 51.78598], [0.3395, 51.78933000000001], [0.34349, 51.794140000000006], [0.34352000000000005, 51.799600000000005], [0.34719000000000005, 51.806140000000006], [0.35854, 51.80843], [0.37406, 51.80953], [0.38598499604895703, 51.81496500090209], [0.38628, 51.821690000000004], [0.38942000000000004, 51.82753], [0.39365000000000006, 51.83193000000001], [0.39691000000000004, 51.83719000000001], [0.40739000000000003, 51.841010000000004], [0.41756000000000004, 51.841840000000005], [0.42417000000000005, 51.84588], [0.42729000000000006, 51.853480000000005], [0.44253000000000003, 51.858000000000004], [0.45306, 51.862640000000006], [0.45762, 51.8699], [0.46452000000000004, 51.87738], [0.47545000000000004, 51.876580000000004], [0.46867000000000003, 51.88403], [0.47457000000000005, 51.8907], [0.47072, 51.900200000000005], [0.46934000000000003, 51.90737000000001], [0.46733, 51.91664], [0.46407000194586495, 51.925300000197], [0.44710000000000005, 51.93479000000001], [0.43904000000000004, 51.94256000000001], [0.43547, 51.947570000000006], [0.42517000000000005, 51.95205000000001], [0.41858, 51.952560000000005], [0.40394, 51.94807], [0.3892250036644155, 51.94892500245118], [0.36734000000000006, 51.950720000000004], [0.34724000000000005, 51.951950000000004], [0.34191000000000005, 51.94793000000001], [0.33574000000000004, 51.93920000000001], [0.32794, 51.93269], [0.32587000000000005, 51.92629], [0.32749, 51.919610000000006], [0.32831000000000005, 51.909940000000006], [0.32657, 51.900400000000005], [0.33082, 51.89770000000001], [0.34192, 51.89126], [0.35418000000000005, 51.88785000000001], [0.36214, 51.87977000000001], [0.35760000000000003, 51.87312000000001], [0.3497, 51.87241], [0.33759, 51.870810000000006], [0.32362, 51.87106000000001], [0.32724000000000003, 51.867850000000004], [0.32378, 51.861000000000004], [0.32463000000000003, 51.85466], [0.32839, 51.844710000000006], [0.3332549968813911, 51.84041500047662], [0.3230333196091575, 51.82852000217634], [0.31188000000000005, 51.81616], [0.3075650024767533, 51.80529000045118], [0.3109, 51.79621], [0.29686665361828535, 51.792583338830056], [0.29051000000000005, 51.78504], [0.27849, 51.78361], [0.27505, 51.77599000000001], [0.25992000000000004, 51.7715], [0.24689000000000003, 51.763960000000004], [0.23835, 51.75983], [0.22117, 51.759710000000005], [0.21993000000000001, 51.75168000000001], [0.21942000000000003, 51.74334], [0.21923, 51.73926], [0.21089000000000002, 51.73646], [0.20929, 51.730900000000005], [0.20888, 51.72529], [0.20547, 51.71833], [0.2038250010374381, 51.711284999945676], [0.19260000000000002, 51.70421], [0.18987, 51.69865000000001], [0.17241, 51.698190000000004], [0.1600199933601651, 51.69326000151852], [0.14731000000000002, 51.69158], [0.13791, 51.689220000000006], [0.12275000000000001, 51.68853000000001], [0.11026000000000001, 51.6878], [0.09662000000000001, 51.689600000000006], [0.08233, 51.68620000000001], [0.06807999563916725, 51.6784650018444], [0.06087000000000001, 51.675200000000004], [0.044800000000000006, 51.66964], [0.037840000000000006, 51.66259], [0.03909, 51.65572], [0.03688, 51.648970000000006], [0.032499995696491785, 51.63546000025285], [0.027790000000000002, 51.62088000000001], [0.024, 51.61280000000001], [0.01871, 51.605700000000006], [0.01149, 51.596790000000006], [0.0076833226337583715, 51.58918000106789], [0.00223, 51.58198], [-0.0054800000000000005, 51.579150000000006], [-0.015240000000000002, 51.573640000000005], [-0.0342, 51.566970000000005], [-0.04594, 51.562050000000006], [-0.0539, 51.55879]]}}, {"type": "Feature", "properties": {"id": "3204533829916456692", "name": "Herts and Essex big loop", "link": "https://www.strava.com/routes/3204533829916456692", "distance_km": 155, "source": "HV-signed", "region": "Herts", "route_type": "Road", "cafe": "Spokes", "notes": "Advisory: includes a short stretch along a fast A road after Great Dunmow."}, "geometry": {"type": "LineString", "coordinates": [[-0.050300000000000004, 51.56025], [-0.0294510135817885, 51.56872475556685], [-0.008573356554060092, 51.57759334687703], [0.006259986751327161, 51.58492250067881], [0.010020000000000001, 51.59579], [0.019253899516406506, 51.606421018000276], [0.028030000000000003, 51.62082], [0.042280000000000005, 51.62708000000001], [0.06456, 51.626000000000005], [0.07825, 51.625750000000004], [0.08585000000000001, 51.62243], [0.10207420783984313, 51.61685722224791], [0.12517499665508, 51.62349500176538], [0.13725995628284077, 51.63082800607184], [0.14916000000000001, 51.63692], [0.159964996150912, 51.638875001596595], [0.16574000000000003, 51.645830000000004], [0.17156000000000002, 51.654830000000004], [0.16820000000000002, 51.65990000000001], [0.1580175234968783, 51.66662000026008], [0.15228, 51.681230000000006], [0.14438, 51.68751], [0.15330000000000002, 51.69142], [0.16676000000000002, 51.698640000000005], [0.18175000000000002, 51.698780000000006], [0.19212, 51.70158000000001], [0.20420000000000002, 51.70825000000001], [0.2046, 51.717090000000006], [0.20645000000000002, 51.725480000000005], [0.21706004015852903, 51.7287640410592], [0.2237, 51.73286], [0.21881, 51.7379], [0.21876, 51.741040000000005], [0.21960000000000002, 51.74776000000001], [0.21517000000000003, 51.754650000000005], [0.21467000000000003, 51.76111], [0.21783000000000002, 51.767720000000004], [0.21875000000000003, 51.772780000000004], [0.22183000000000003, 51.77763], [0.22135000000000002, 51.78417], [0.21608000000000002, 51.788830000000004], [0.21013, 51.798730000000006], [0.21292000000000003, 51.807390000000005], [0.20546, 51.81335000000001], [0.18894000122370208, 51.81406500272401], [0.1755719637757341, 51.81469202081312], [0.15928, 51.81367], [0.14069, 51.81691000000001], [0.12642, 51.81799], [0.12258000000000001, 51.82359], [0.11651000000000002, 51.82799000000001], [0.1151649778184448, 51.83857500239142], [0.10650000631315693, 51.8461400024165], [0.09275000000000001, 51.84592000000001], [0.08231000000000001, 51.842830000000006], [0.07644000329439499, 51.847705001800435], [0.07182000000000001, 51.85408], [0.06984, 51.86377], [0.057870000000000005, 51.868230000000004], [0.05107229336678136, 51.87341814091078], [0.03848, 51.877950000000006], [0.029840000000000002, 51.880300000000005], [0.018520000000000002, 51.87966], [0.014383358885436417, 51.89013000717465], [0.01366, 51.894420000000004], [0.011880000000000002, 51.896710000000006], [0.00268, 51.894470000000005], [-0.0074, 51.89509], [-0.0222, 51.896330000000006], [-0.037325086536968026, 51.89201877940312], [-0.04766, 51.885760000000005], [-0.05790000000000001, 51.876580000000004], [-0.07253251102019075, 51.87369751718701], [-0.08466000000000001, 51.871010000000005], [-0.09663000000000001, 51.86818], [-0.10415, 51.86301], [-0.10239000000000001, 51.85434000000001], [-0.11396, 51.85774000000001], [-0.12667, 51.853210000000004], [-0.14482, 51.85027], [-0.16283, 51.84957000000001], [-0.16889, 51.857350000000004], [-0.17713, 51.86337], [-0.18654, 51.86637], [-0.20242708341711238, 51.8676420587471], [-0.21541000000000002, 51.868050000000004], [-0.22487000000000001, 51.868950000000005], [-0.23517502701036647, 51.87146006969519], [-0.24115000000000003, 51.87456], [-0.24979, 51.88073000000001], [-0.25461, 51.88367], [-0.26515, 51.88609], [-0.27085002646899675, 51.87940500692515], [-0.27097000000000004, 51.87149], [-0.26455, 51.864090000000004], [-0.25666, 51.858880000000006], [-0.24573000000000003, 51.854130000000005], [-0.23711999662567215, 51.85037000052857], [-0.22783000000000003, 51.846500000000006], [-0.22143000000000002, 51.848560000000006], [-0.21599000000000002, 51.85414], [-0.20713, 51.85674], [-0.19533, 51.857040000000005], [-0.18166000000000002, 51.85329], [-0.17485, 51.849320000000006], [-0.16911, 51.83990000000001], [-0.16704000000000002, 51.831250000000004], [-0.16197, 51.82397], [-0.15575, 51.81992], [-0.1514, 51.81566], [-0.14521, 51.81515], [-0.13938, 51.810080000000006], [-0.1398, 51.803920000000005], [-0.15129, 51.794970000000006], [-0.14204, 51.78663], [-0.13902, 51.7813], [-0.14332, 51.77693000000001], [-0.14909, 51.772490000000005], [-0.15373, 51.76888], [-0.15433000000000002, 51.761120000000005], [-0.15612, 51.753710000000005], [-0.15902008036475843, 51.746970029675715], [-0.16614, 51.737170000000006], [-0.17434000000000002, 51.72592], [-0.17697786731195855, 51.71608501180186], [-0.1750870811077638, 51.70047286227461], [-0.17802, 51.687720000000006], [-0.18688000019393083, 51.680870000110374], [-0.1970163990471934, 51.66799627304328], [-0.20158999402867353, 51.65516500018658], [-0.1950247855950001, 51.65038507051053], [-0.17924797218012703, 51.63843800318202], [-0.1753150202640868, 51.62686500213853], [-0.1755645114985995, 51.611022728084514], [-0.17315000000000003, 51.599720000000005], [-0.16376000000000002, 51.586040000000004], [-0.14653717060716975, 51.57722514196059], [-0.13399, 51.56571], [-0.11499662704894861, 51.554718542140094], [-0.10251, 51.545590000000004], [-0.09537000000000001, 51.54721000000001], [-0.08263000000000001, 51.54668], [-0.07198, 51.55088000000001], [-0.058030000000000005, 51.552760000000006], [-0.055880000000000006, 51.55778], [-0.05544, 51.558220000000006]]}}, {"type": "Feature", "properties": {"id": "3201959755424225996", "name": "Blue Egg clockwise", "link": "https://www.strava.com/routes/3201959755424225996", "distance_km": 155, "source": "HV-signed", "region": "Essex", "route_type": "Road", "cafe": "Blue Egg outside Great Bardfield (not open Sundays)", "notes": ""}, "geometry": {"type": "LineString", "coordinates": [[-0.055970000000000006, 51.558020000000006], [-0.055810000000000005, 51.55702], [-0.05591, 51.55881], [-0.041490000000000006, 51.56396], [-0.02339001408160637, 51.57097334099918], [-0.00957, 51.57725000000001], [0.00214, 51.58202000000001], [0.020255000330280933, 51.58260000013256], [0.027280000000000002, 51.58646], [0.036610000000000004, 51.593090000000004], [0.04034, 51.59882], [0.050760000000000007, 51.60558], [0.06654497288681352, 51.607865024377155], [0.08521000000000001, 51.61164], [0.10533999112932917, 51.61752334434851], [0.12291, 51.62267000000001], [0.13669, 51.62988000000001], [0.14787, 51.635160000000006], [0.15722000000000003, 51.63759], [0.16531, 51.64412], [0.17059498400368336, 51.65189750127567], [0.17701331078776436, 51.65801334611523], [0.19284, 51.66454], [0.20843, 51.672410000000006], [0.22322000000000003, 51.67853], [0.23274000000000003, 51.686150000000005], [0.24292331573541245, 51.69408000203004], [0.24496, 51.70299000000001], [0.24542000000000003, 51.711200000000005], [0.24309000000000003, 51.716350000000006], [0.23764000000000002, 51.72379], [0.23233, 51.7302], [0.22734000000000001, 51.733200000000004], [0.2202550060694507, 51.737015002782435], [0.21942000000000003, 51.74334], [0.21965, 51.7522], [0.22136000000000003, 51.759890000000006], [0.23865000000000003, 51.76012000000001], [0.23488, 51.767300000000006], [0.22816000000000003, 51.774730000000005], [0.22137, 51.78417], [0.21562, 51.78974], [0.21032, 51.799060000000004], [0.21288, 51.806830000000005], [0.21234332657681979, 51.81421000051921], [0.21675000000000003, 51.82141000000001], [0.23275, 51.825], [0.24343, 51.82621], [0.25168499601087835, 51.83366500103566], [0.25470000000000004, 51.8425], [0.26013000000000003, 51.850530000000006], [0.26750000417594294, 51.8628050005058], [0.2648450075862326, 51.87340500081187], [0.25906, 51.88261000000001], [0.26595, 51.88768], [0.27247000000000005, 51.8928], [0.27241000000000004, 51.89961], [0.28271, 51.90672000000001], [0.28774000000000005, 51.91425], [0.29466000000000003, 51.92060000000001], [0.29884000000000005, 51.92812000000001], [0.30533000000000005, 51.93432000000001], [0.31645, 51.935010000000005], [0.33203000000000005, 51.94200000000001], [0.34312000000000004, 51.94914000000001], [0.3509766569271276, 51.952513345000014], [0.3705750054921684, 51.948815002241204], [0.39076000395970856, 51.94850000245354], [0.4054649932984339, 51.9485850033868], [0.41897, 51.952940000000005], [0.42517000000000005, 51.95205000000001], [0.43532000000000004, 51.94746000000001], [0.43914000000000003, 51.94227000000001], [0.44588000000000005, 51.936110000000006], [0.46338, 51.926700000000004], [0.46646000000000004, 51.918020000000006], [0.46979000000000004, 51.90836], [0.47089000000000003, 51.90101000000001], [0.47446000000000005, 51.8918], [0.46752000000000005, 51.88566], [0.47227, 51.87783], [0.46684000000000003, 51.87653], [0.45782000000000006, 51.871430000000004], [0.45330000000000004, 51.86318000000001], [0.44342000000000004, 51.85866000000001], [0.43572000000000005, 51.853120000000004], [0.44024, 51.845490000000005], [0.44748000000000004, 51.8361], [0.44968, 51.828100000000006], [0.44631000000000004, 51.820130000000006], [0.456, 51.81318], [0.45915000000000006, 51.80599], [0.45524000000000003, 51.801120000000004], [0.45638000000000006, 51.79261], [0.44684, 51.78972], [0.43811000000000005, 51.78439], [0.4339, 51.777280000000005], [0.4385750033165689, 51.76917000038569], [0.44211000000000006, 51.759730000000005], [0.43964499518196537, 51.75280500042805], [0.44435, 51.74398000000001], [0.43116000000000004, 51.74166], [0.42608, 51.732290000000006], [0.4121, 51.72903], [0.40172, 51.72809], [0.38680000000000003, 51.72534], [0.3667213800920619, 51.72098432733906], [0.34232, 51.718340000000005], [0.3198827340156927, 51.71298578589239], [0.29806000041361586, 51.70899500485837], [0.2772, 51.710190000000004], [0.25694, 51.71304000000001], [0.24498499663042186, 51.710310000599556], [0.24284000000000003, 51.7008], [0.23622, 51.701800000000006], [0.22254499638637262, 51.70310500256849], [0.20908000000000002, 51.704860000000004], [0.19484, 51.70508], [0.19183000000000003, 51.698800000000006], [0.1761, 51.697950000000006], [0.16184, 51.694750000000006], [0.14880000000000002, 51.691570000000006], [0.14003000000000002, 51.689060000000005], [0.12575000070020176, 51.68853500458831], [0.11367000000000001, 51.687850000000005], [0.09946, 51.688610000000004], [0.08626, 51.68761000000001], [0.07134, 51.680200000000006], [0.0621, 51.67519000000001], [0.046990000000000004, 51.67145000000001], [0.039540000000000006, 51.664190000000005], [0.037785006026396305, 51.656780002113], [0.037759983794865934, 51.651310001067074], [0.03359, 51.639190000000006], [0.030320000000000003, 51.62913], [0.026639997487917757, 51.61808499995028], [0.021130000000000003, 51.60886000000001], [0.017900000000000003, 51.60483000000001], [0.01207, 51.59541], [0.00650500028617677, 51.58549000000146], [-0.0009500176044687568, 51.58097667383123], [-0.01123, 51.57665], [-0.022555030840905918, 51.57118501724014], [-0.03534, 51.5664], [-0.04753, 51.561350000000004], [-0.05518000000000001, 51.558400000000006]]}}, {"type": "Feature", "properties": {"id": "3222677812687541118", "name": "Maldon but Longer (155km)", "link": "https://www.strava.com/routes/3222677812687541118", "distance_km": 155, "source": "HV-signed", "region": "Essex", "route_type": "Road", "cafe": "Cafe in Great Waltham, Promenade Park in Maldon", "notes": "Advisory - can get a bit busy coming back through Loughton and Buckhurst Hill"}, "geometry": {"type": "LineString", "coordinates": [[-0.044230000000000005, 51.562990000000006], [-0.026450021832469812, 51.569870011476524], [-0.011000000000000001, 51.57681], [0.0010600000000000002, 51.581720000000004], [0.008010000000000001, 51.58988], [0.0114, 51.596680000000006], [0.019349995670403217, 51.60667500082032], [0.02619, 51.61748000000001], [0.02972662217842301, 51.62749000291287], [0.034120000000000004, 51.64153], [0.0393, 51.655680000000004], [0.037840000000000006, 51.66259], [0.04515, 51.67034], [0.061020000000000005, 51.67533], [0.07275000000000001, 51.67582], [0.08638000000000001, 51.673460000000006], [0.10400000000000001, 51.67060000000001], [0.11560000000000001, 51.67011], [0.12912, 51.672470000000004], [0.12948, 51.68095], [0.13795000000000002, 51.68923], [0.14752, 51.69165], [0.16061, 51.69377000000001], [0.17383, 51.69818], [0.19138000000000002, 51.69858000000001], [0.19484, 51.70508], [0.20364000000000002, 51.712480000000006], [0.20568000000000003, 51.72243], [0.21318, 51.72908], [0.22161000000000003, 51.73116], [0.22106, 51.736670000000004], [0.21942000000000003, 51.74334], [0.21534000000000003, 51.74868000000001], [0.20828000000000002, 51.753910000000005], [0.21483000000000002, 51.76294000000001], [0.21822000000000003, 51.771860000000004], [0.22212, 51.77691], [0.23084000000000002, 51.78098000000001], [0.23994000000000001, 51.78076], [0.25774, 51.78004000000001], [0.26074, 51.786730000000006], [0.26736000000000004, 51.79240000000001], [0.26968000000000003, 51.79894], [0.28745000000000004, 51.79316000000001], [0.30359, 51.794850000000004], [0.31710000000000005, 51.79343], [0.32880000000000004, 51.792300000000004], [0.33644, 51.79603], [0.34379000000000004, 51.79993], [0.3491, 51.806720000000006], [0.36249000000000003, 51.80825], [0.37869, 51.80812], [0.38641000000000003, 51.80485], [0.40382, 51.802620000000005], [0.4167, 51.805260000000004], [0.4242, 51.807140000000004], [0.43675, 51.804520000000004], [0.45473, 51.80181], [0.45685000000000003, 51.79363000000001], [0.4671, 51.78768], [0.47414000000000006, 51.787690000000005], [0.48416000000000003, 51.78624000000001], [0.49675, 51.78793], [0.5084500000000001, 51.78642000000001], [0.5270400000000001, 51.786280000000005], [0.5310749954630771, 51.79291000143545], [0.5405800000000001, 51.798100000000005], [0.5493800000000001, 51.80359000000001], [0.55886, 51.80239], [0.5611900000000001, 51.798480000000005], [0.56423, 51.7927], [0.57559, 51.78793], [0.5765, 51.777710000000006], [0.57308, 51.76859], [0.578880000802832, 51.761293342334085], [0.5906650024839242, 51.76015000219196], [0.6004900000000001, 51.75251], [0.61014, 51.75007], [0.6171000000000001, 51.743860000000005], [0.62865, 51.74356], [0.6383500000000001, 51.73912000000001], [0.6491300000000001, 51.737120000000004], [0.6599100000000001, 51.7342], [0.6711800000000001, 51.73228], [0.6864100000000001, 51.72762], [0.6864100000000001, 51.72762], [0.6711800000000001, 51.73228], [0.6561300000000001, 51.732850000000006], [0.64927, 51.73069], [0.6389400000000001, 51.724270000000004], [0.6232700000000001, 51.72426], [0.60748, 51.720560000000006], [0.59345, 51.716800000000006], [0.57937, 51.71524], [0.5757000000000001, 51.71069000000001], [0.5792100037209051, 51.70209500044342], [0.5825, 51.69341000000001], [0.5658599957419445, 51.68991000081661], [0.5598700000000001, 51.68104], [0.5529200000000001, 51.675270000000005], [0.53879, 51.67259000000001], [0.52392, 51.672740000000005], [0.50861, 51.67013000000001], [0.49477000000000004, 51.669740000000004], [0.48123000000000005, 51.67022000000001], [0.46542000000000006, 51.667860000000005], [0.45627000000000006, 51.662890000000004], [0.44266000000000005, 51.663340000000005], [0.43501000000000006, 51.658350000000006], [0.41844000000000003, 51.657790000000006], [0.40512000000000004, 51.66114], [0.40133, 51.66727], [0.38459000000000004, 51.67211], [0.37307, 51.67577000000001], [0.36416000000000004, 51.674240000000005], [0.35275, 51.67954], [0.34294, 51.68253000000001], [0.32576999605441176, 51.68378500368415], [0.32077, 51.675830000000005], [0.30596, 51.674890000000005], [0.29068000000000005, 51.67217], [0.27676, 51.66335], [0.2646599988935987, 51.657665002309635], [0.25361, 51.6501], [0.23922000000000002, 51.648630000000004], [0.23228000000000001, 51.642590000000006], [0.21736000000000003, 51.63691000000001], [0.19885000000000003, 51.63123], [0.18371000822513497, 51.62796500760502], [0.17061, 51.62823], [0.15619000000000002, 51.63219], [0.1468, 51.63346000000001], [0.13668000000000002, 51.62975], [0.12196000000000001, 51.62236000000001], [0.10533999161704063, 51.617523344422665], [0.08420000000000001, 51.611430000000006], [0.06418797307985952, 51.60734802399855], [0.04506498952529995, 51.60215000237965], [0.037680000000000005, 51.59416], [0.03667, 51.59311], [0.02715, 51.586290000000005], [0.01490000592407267, 51.583306721921275], [0.0014900000000000002, 51.581], [-0.011260000000000001, 51.57667000000001], [-0.02761002205521161, 51.5694400113938], [-0.04415, 51.563010000000006]]}}, {"type": "Feature", "properties": {"id": "3204561066807479618", "name": "Ronde Chelmsford", "link": "https://www.strava.com/routes/3204561066807479618", "distance_km": 161, "source": "HV-signed", "region": "Essex", "route_type": "Road", "cafe": "Paper Mill Lock Tea Rooms in Ulting", "notes": ""}, "geometry": {"type": "LineString", "coordinates": [[-0.044230000000000005, 51.562990000000006], [-0.026450021832469812, 51.569870011476524], [-0.011000000000000001, 51.57681], [0.0010600000000000002, 51.581720000000004], [0.008010000000000001, 51.58988], [0.0114, 51.596680000000006], [0.019349995670403217, 51.60667500082032], [0.02619, 51.61748000000001], [0.02972662217842301, 51.62749000291287], [0.034120000000000004, 51.64153], [0.0393, 51.655680000000004], [0.037840000000000006, 51.66259], [0.04515, 51.67034], [0.061020000000000005, 51.67533], [0.07275000000000001, 51.67582], [0.08638000000000001, 51.673460000000006], [0.10400000000000001, 51.67060000000001], [0.11560000000000001, 51.67011], [0.12912, 51.672470000000004], [0.12948, 51.68095], [0.13795000000000002, 51.68923], [0.14752, 51.69165], [0.16061, 51.69377000000001], [0.17383, 51.69818], [0.19138000000000002, 51.69858000000001], [0.19484, 51.70508], [0.20364000000000002, 51.712480000000006], [0.20568000000000003, 51.72243], [0.21318, 51.72908], [0.22161000000000003, 51.73116], [0.22106, 51.736670000000004], [0.21942000000000003, 51.74334], [0.21534000000000003, 51.74868000000001], [0.20828000000000002, 51.753910000000005], [0.21483000000000002, 51.76294000000001], [0.21822000000000003, 51.771860000000004], [0.22212, 51.77691], [0.23084000000000002, 51.78098000000001], [0.23994000000000001, 51.78076], [0.25774, 51.78004000000001], [0.26074, 51.786730000000006], [0.26736000000000004, 51.79240000000001], [0.26968000000000003, 51.79894], [0.28745000000000004, 51.79316000000001], [0.30359, 51.794850000000004], [0.31710000000000005, 51.79343], [0.32880000000000004, 51.792300000000004], [0.33644, 51.79603], [0.34379000000000004, 51.79993], [0.3491, 51.806720000000006], [0.36249000000000003, 51.80825], [0.37869, 51.80812], [0.38641000000000003, 51.80485], [0.40382, 51.802620000000005], [0.4167, 51.805260000000004], [0.4242, 51.807140000000004], [0.43675, 51.804520000000004], [0.45473, 51.80181], [0.45685000000000003, 51.79363000000001], [0.4671, 51.78768], [0.47414000000000006, 51.787690000000005], [0.48416000000000003, 51.78624000000001], [0.49675, 51.78793], [0.5084500000000001, 51.78642000000001], [0.5270400000000001, 51.786280000000005], [0.5310749954630771, 51.79291000143545], [0.5405800000000001, 51.798100000000005], [0.5493800000000001, 51.80359000000001], [0.55886, 51.80239], [0.5611900000000001, 51.798480000000005], [0.56423, 51.7927], [0.57559, 51.78793], [0.5765, 51.777710000000006], [0.572164993291826, 51.76752500072574], [0.5726600000000001, 51.757540000000006], [0.57208, 51.75097], [0.57516, 51.74242], [0.5774900000000001, 51.7355], [0.57943, 51.725300000000004], [0.5815400000000001, 51.71735], [0.5762400000000001, 51.712650000000004], [0.5769500000000001, 51.70463], [0.58569, 51.69455000000001], [0.56901, 51.69118], [0.5589700000000001, 51.68285], [0.56174, 51.676410000000004], [0.56025, 51.662420000000004], [0.5477000000000001, 51.65560000000001], [0.52749, 51.65189], [0.5123300000000001, 51.64849], [0.5047900000000001, 51.64209], [0.48198, 51.6469], [0.47090000000000004, 51.65220000000001], [0.46178, 51.65952000000001], [0.44266000000000005, 51.663340000000005], [0.4376700079866753, 51.66959000091654], [0.43154000000000003, 51.67772], [0.43471000000000004, 51.683710000000005], [0.44248000000000004, 51.690940000000005], [0.43346, 51.6916], [0.4214633233951325, 51.689070009651424], [0.40419000000000005, 51.685300000000005], [0.39306, 51.67550000000001], [0.37995, 51.6728], [0.36884000000000006, 51.67550000000001], [0.35810000000000003, 51.67658], [0.34848, 51.682570000000005], [0.3355200025040137, 51.6840666755026], [0.32037000000000004, 51.6809], [0.31521000000000005, 51.67519000000001], [0.29876, 51.67488], [0.28324000000000005, 51.667590000000004], [0.2710199891028056, 51.66031333480059], [0.2590249924201246, 51.65530500132648], [0.2473524772904955, 51.650032519512365], [0.2396, 51.64562], [0.22427000000000002, 51.63937000000001], [0.20946999459732255, 51.63389500400921], [0.1893099945536207, 51.630805002166944], [0.17561000000000002, 51.63145], [0.16526500481602513, 51.629345002685355], [0.16383, 51.62970000000001], [0.17514000000000002, 51.631510000000006], [0.18814, 51.63017000000001], [0.2075024701724542, 51.633187512688956], [0.22280000000000003, 51.638540000000006], [0.22353499319999762, 51.6389550022525], [0.20850000000000002, 51.63364000000001], [0.18858000000000003, 51.630480000000006], [0.17540000000000003, 51.631460000000004], [0.16447, 51.62962], [0.14924, 51.633190000000006], [0.13705, 51.63065], [0.12197000000000001, 51.62238000000001], [0.10533999161704063, 51.617523344422665], [0.08420000000000001, 51.611430000000006], [0.06418797307985952, 51.60734802399855], [0.04506498952529995, 51.60215000237965], [0.037680000000000005, 51.59416], [0.03667, 51.59311], [0.02715, 51.586290000000005], [0.01490000592407267, 51.583306721921275], [0.0014900000000000002, 51.581], [-0.011260000000000001, 51.57667000000001], [-0.02761002205521161, 51.5694400113938], [-0.04415, 51.563010000000006]]}}, {"type": "Feature", "properties": {"id": "3209589147203246000", "name": "Calpe: Port de Tudons", "link": "https://www.strava.com/routes/3209589147203246000", "distance_km": 167, "source": "HV-signed", "region": "Hub Velo trips", "route_type": "Road", "cafe": "Finestrat (Bar el Cantonet - 60km), El Xorta restaurant in Guadalest (115km)", "notes": "Advisory: the 3km section through and after Aylesford is grim but there aren't any alternatives. Overall this route has a lot of short sharp climbs and can be quite draining!"}, "geometry": {"type": "LineString", "coordinates": [[0.14951, 38.779630000000004], [0.14862, 38.77033], [0.14672000131539178, 38.76531000012778], [0.14074, 38.751490000000004], [0.13448000000000002, 38.740010000000005], [0.12955, 38.72918000000001], [0.12711, 38.722440000000006], [0.12583, 38.71529], [0.12996000000000002, 38.71181], [0.13162000000000001, 38.70172], [0.12819999914977095, 38.690160000033536], [0.12310000000000001, 38.68399], [0.11157, 38.679500000000004], [0.10457000000000001, 38.67504], [0.10058, 38.67376], [0.09648000000000001, 38.67414], [0.09075000000000001, 38.67439], [0.09199, 38.671020000000006], [0.08913, 38.665820000000004], [0.08769, 38.663410000000006], [0.07758000000000001, 38.657520000000005], [0.06892332592726753, 38.65040000498434], [0.057370000000000004, 38.64587], [0.04872499778430102, 38.643730000570706], [0.03361, 38.64374], [0.02789, 38.64275000000001], [0.012180000000000002, 38.640040000000006], [0.0011599983590809303, 38.63370000073925], [-0.0131, 38.632400000000004], [-0.017910000000000002, 38.63076], [-0.030370026167545493, 38.61794000774958], [-0.048860001694708485, 38.598469999927055], [-0.062400000000000004, 38.59075], [-0.07456, 38.58064], [-0.09088, 38.572660000000006], [-0.09918, 38.572100000000006], [-0.11542000000000001, 38.56819], [-0.12693000000000002, 38.568160000000006], [-0.14249, 38.571870000000004], [-0.15914, 38.57631000000001], [-0.16586, 38.571690000000004], [-0.18198, 38.56956], [-0.19567, 38.56739], [-0.20555, 38.569570000000006], [-0.2192, 38.571000000000005], [-0.23602, 38.575480000000006], [-0.25227, 38.57656], [-0.26320000000000005, 38.5777], [-0.26548000000000005, 38.585530000000006], [-0.27188, 38.59738], [-0.27338, 38.6026], [-0.27086000000000005, 38.607530000000004], [-0.27337, 38.60835], [-0.27853, 38.612410000000004], [-0.2823, 38.6141], [-0.28959, 38.615590000000005], [-0.29814, 38.61726], [-0.2989, 38.62565], [-0.30301, 38.62812], [-0.30979, 38.629720000000006], [-0.31127000000000005, 38.62753], [-0.31456, 38.6355], [-0.31687000000000004, 38.63987], [-0.32338, 38.64018], [-0.31961, 38.642900000000004], [-0.31906, 38.64394], [-0.3281, 38.65041], [-0.33948, 38.6574], [-0.35153, 38.66624], [-0.35691, 38.67282], [-0.35563, 38.67392], [-0.35842, 38.675430000000006], [-0.36204000000000003, 38.677310000000006], [-0.35586, 38.68097], [-0.34392, 38.68018], [-0.3351, 38.679590000000005], [-0.33537, 38.68126], [-0.33635499785695533, 38.68458500310186], [-0.33793, 38.68808000000001], [-0.32527, 38.687540000000006], [-0.31639, 38.69164000000001], [-0.30973, 38.69285], [-0.30661000000000005, 38.69308], [-0.30257, 38.696870000000004], [-0.29807, 38.69811], [-0.29157000000000005, 38.700450000000004], [-0.2898, 38.693090000000005], [-0.28397, 38.68722], [-0.27275000000000005, 38.68522], [-0.26209000000000005, 38.68235000000001], [-0.25483, 38.687340000000006], [-0.24418, 38.68726], [-0.23764000000000002, 38.68569], [-0.23164, 38.68198], [-0.23062000000000002, 38.67497], [-0.22181, 38.675290000000004], [-0.21477000000000002, 38.67625], [-0.20719, 38.67414], [-0.20085000000000003, 38.67591], [-0.19917, 38.67181], [-0.19017, 38.668150000000004], [-0.18601, 38.66731], [-0.18076, 38.667460000000005], [-0.17427, 38.66622], [-0.17228000000000002, 38.66461], [-0.16983, 38.666650000000004], [-0.16086, 38.66492], [-0.14965, 38.66463], [-0.14265, 38.658300000000004], [-0.13802, 38.65346], [-0.1305, 38.65117], [-0.11837499894001999, 38.647765001290445], [-0.10476, 38.637890000000006], [-0.09060499744406408, 38.63296000204254], [-0.07516, 38.633100000000006], [-0.06056, 38.62924], [-0.04544, 38.632020000000004], [-0.03608999885850849, 38.62459499999435], [-0.0239, 38.62514], [-0.014960000000000001, 38.63071], [-0.0074600000000000005, 38.631350000000005], [0.005200000000000001, 38.634890000000006], [0.01938, 38.63984000000001], [0.03314, 38.6449], [0.042844998585027994, 38.64611500188779], [0.05659, 38.64585], [0.06757, 38.6495], [0.07741, 38.655120000000004], [0.08633, 38.661640000000006], [0.08663000000000001, 38.6653], [0.09164000000000001, 38.668780000000005], [0.08851, 38.67493], [0.096, 38.67264], [0.09883, 38.67456000000001], [0.10347, 38.6766], [0.10933000000000001, 38.67904], [0.11947, 38.680930000000004], [0.12400000000000001, 38.68470000000001], [0.12840333102675497, 38.69165000017256], [0.13269, 38.70208], [0.12958, 38.712070000000004], [0.12442000000000002, 38.71815], [0.12860000000000002, 38.72458], [0.13251000000000002, 38.732710000000004], [0.13438, 38.74414], [0.14172, 38.755410000000005], [0.14817000000000002, 38.768860000000004], [0.15135, 38.780210000000004], [0.14871, 38.779340000000005]]}}, {"type": "Feature", "properties": {"id": "3263976557363723518", "name": "Broadstairs 175km", "link": "https://www.strava.com/routes/3263976557363723518", "distance_km": 175, "source": "HV-signed", "region": "Kent", "route_type": "Road", "cafe": "Tea Pot Island (Yalding, 66km), shops in Wye (114km) for a quick refill", "notes": ""}, "geometry": {"type": "LineString", "coordinates": [[-0.0558, 51.556960000000004], [-0.06172000749156064, 51.54878500420687], [-0.07037, 51.54621], [-0.07700000206853858, 51.534416666731275], [-0.07735, 51.52499], [-0.07296997824443817, 51.51665333678778], [-0.07291, 51.51014000000001], [-0.07671, 51.501900000000006], [-0.06837, 51.498270000000005], [-0.05632, 51.49889], [-0.048260000000000004, 51.493790000000004], [-0.037590000000000005, 51.487730000000006], [-0.02756, 51.48189000000001], [-0.01348, 51.481440000000006], [-0.007430000000000001, 51.479620000000004], [0.0041400000000000005, 51.472150000000006], [0.009170000000000001, 51.46537000000001], [0.01163000180879807, 51.45492500002999], [0.0181, 51.442930000000004], [0.0333, 51.439870000000006], [0.043190000000000006, 51.43739000000001], [0.058355033867853796, 51.424750009271634], [0.07462, 51.412220000000005], [0.08523, 51.40384], [0.10291000000000002, 51.397110000000005], [0.11421, 51.39463000000001], [0.11357, 51.385810000000006], [0.12161000000000001, 51.37829000000001], [0.12316, 51.368930000000006], [0.12604, 51.35851], [0.14216, 51.35522], [0.15908, 51.35318], [0.16736, 51.347260000000006], [0.17659000000000002, 51.341260000000005], [0.17798000000000003, 51.3333], [0.18943000000000002, 51.32925], [0.19373, 51.31797], [0.2051, 51.31230000000001], [0.21570000000000003, 51.305690000000006], [0.21796000000000001, 51.29431], [0.22398500413435304, 51.28645000195608], [0.23648000000000002, 51.277210000000004], [0.25535, 51.270100000000006], [0.27408000000000005, 51.26648], [0.2857250039609215, 51.259990004297684], [0.29714, 51.254070000000006], [0.30672000325059634, 51.24652000224933], [0.32131000000000004, 51.24230000000001], [0.3325, 51.233290000000004], [0.33370000000000005, 51.225860000000004], [0.343120006081331, 51.22349500479276], [0.36136, 51.219530000000006], [0.37281000000000003, 51.215140000000005], [0.38567, 51.21754000000001], [0.3945, 51.222260000000006], [0.40472, 51.22724], [0.41540000000000005, 51.226910000000004], [0.42563499347603173, 51.222800002793605], [0.43060000000000004, 51.21833], [0.43615000000000004, 51.210150000000006], [0.4474600085546407, 51.200260001501846], [0.45223, 51.192510000000006], [0.46219000000000005, 51.18766], [0.47435000000000005, 51.18455], [0.48694000000000004, 51.183780000000006], [0.49549000000000004, 51.17391000000001], [0.50653, 51.17296], [0.52148, 51.17226], [0.53129, 51.17042000000001], [0.5437500000000001, 51.165820000000004], [0.5595600000000001, 51.16583000000001], [0.5726300000000001, 51.162200000000006], [0.5784966768472983, 51.15404667667158], [0.5915600000000001, 51.150240000000004], [0.5935100000000001, 51.14146], [0.6100266732488258, 51.13851001160498], [0.62314, 51.13289], [0.63185, 51.13497], [0.64249, 51.14105000000001], [0.65839, 51.145720000000004], [0.67281, 51.15551000000001], [0.69108, 51.164120000000004], [0.7112400000000001, 51.170460000000006], [0.7311300000000001, 51.16962], [0.7509800000000001, 51.173390000000005], [0.7636900000000001, 51.17658], [0.78163, 51.17866], [0.7979600000000001, 51.173460000000006], [0.8139700000000001, 51.17123], [0.82657, 51.176190000000005], [0.8389700000000001, 51.183110000000006], [0.8470300000000001, 51.18777000000001], [0.8510600026058045, 51.191035007529], [0.8617300000000001, 51.18668], [0.8720600000000001, 51.18233000000001], [0.88102, 51.17707000000001], [0.8931749938903739, 51.188455002469915], [0.9087200000000001, 51.183490000000006], [0.9283249963292296, 51.18461500125365], [0.9387200000000001, 51.18368], [0.9573550451679196, 51.1778850125567], [0.9657300000000001, 51.16722000000001], [0.9754750000629889, 51.15898499992294], [0.9889000000000001, 51.150130000000004], [1.0013800000000002, 51.14191], [1.0149700000000001, 51.137130000000006], [1.0260900000000002, 51.13362000000001], [1.0372400000000002, 51.13794000000001], [1.0330099986562846, 51.14638500004097], [1.03857, 51.1544], [1.0489349935249155, 51.15755500352702], [1.0633733135658037, 51.16420667073994], [1.0743, 51.171350000000004], [1.0839199952339829, 51.17924000097752], [1.090989996706528, 51.189500000309984], [1.09782, 51.20313], [1.0984, 51.21361], [1.110469911527641, 51.218610041222696], [1.1217549965326237, 51.2275850008255], [1.13284, 51.230500000000006], [1.14725, 51.23617], [1.1591200000000002, 51.247730000000004], [1.17506, 51.25551], [1.1885100000000002, 51.26205], [1.20283, 51.27024], [1.2150400000000001, 51.27306], [1.2217, 51.282360000000004], [1.2233, 51.291340000000005], [1.22668, 51.30144000000001], [1.2346100000000002, 51.312830000000005], [1.2430100000000002, 51.313660000000006], [1.25222, 51.31955000000001], [1.2574500000000002, 51.32614], [1.26173, 51.33442], [1.2684600000000001, 51.34136], [1.2858, 51.33789], [1.30806, 51.33520000000001], [1.32369, 51.33583], [1.3457000000000001, 51.33137000000001], [1.36119000355393, 51.32789000340734], [1.3722099938023509, 51.330995004976465], [1.3866900594804548, 51.33196004121426], [1.40148, 51.329660000000004], [1.4119100000000002, 51.32912], [1.42104, 51.33256], [1.42626, 51.33464000000001], [1.4365800000000002, 51.343990000000005], [1.44158, 51.350500000000004], [1.4427, 51.358470000000004], [1.4446800000000002, 51.35916]]}}, {"type": "Feature", "properties": {"id": "3204530392385988446", "name": "Dungeness and Ashford", "link": "https://www.strava.com/routes/3204530392385988446", "distance_km": 197, "source": "HV-signed", "region": "Kent", "route_type": "Road", "cafe": "Hartley Farm Shop (103km),  Snack Shack in Dungeness (can be busy, alternatives available)", "notes": "The farmshop is on the A10 .access it via the pavement on the right before you get to the roundabout"}, "geometry": {"type": "LineString", "coordinates": [[-0.05566, 51.55773000000001], [-0.05836667701574438, 51.55184000088827], [-0.06919, 51.547200000000004], [-0.07001, 51.534740000000006], [-0.07619000000000001, 51.52797], [-0.07895, 51.52042], [-0.08449000000000001, 51.51278000000001], [-0.08950000000000001, 51.50517000000001], [-0.09921, 51.496990000000004], [-0.10062000000000001, 51.49541000000001], [-0.09868, 51.49286000000001], [-0.09401000000000001, 51.478080000000006], [-0.09219000000000001, 51.468970000000006], [-0.09009, 51.458540000000006], [-0.08633, 51.45138000000001], [-0.08304999354960141, 51.43932500090354], [-0.07817, 51.42897000000001], [-0.07849, 51.42011], [-0.06663999548063283, 51.41183000132293], [-0.05399, 51.40247], [-0.04342, 51.397270000000006], [-0.030336650791163832, 51.391316680320415], [-0.018059959242102373, 51.38223001157216], [-0.0114, 51.37220000000001], [-0.0036300000000000004, 51.366130000000005], [0.0057, 51.35694], [0.008790000000000001, 51.345490000000005], [0.0029300000000000003, 51.33055], [0.006330002944522172, 51.316600000238424], [0.0037500000000000003, 51.30988000000001], [0.01081500770216299, 51.29618500082384], [0.012027489802397914, 51.283222516383255], [0.016925004502887853, 51.2797600008964], [0.019440000000000002, 51.26993], [0.01191, 51.261070000000004], [0.022400000000000003, 51.25372], [0.020390000000000002, 51.24380000000001], [0.038880000000000005, 51.238060000000004], [0.04707, 51.233520000000006], [0.06137000000000001, 51.23237], [0.07916000000000001, 51.224740000000004], [0.09929, 51.21562], [0.11206, 51.20577], [0.13101000000000002, 51.200770000000006], [0.14622666411306348, 51.201933344544415], [0.17204668028196327, 51.19806334044234], [0.18362500486895078, 51.20093500044305], [0.19186, 51.20824], [0.20274, 51.215030000000006], [0.22176, 51.21768], [0.24861606690838384, 51.213502031051846], [0.26582, 51.204800000000006], [0.2866, 51.203], [0.30504331436586407, 51.20888334060573], [0.32284, 51.21117], [0.34130000000000005, 51.210210000000004], [0.33106, 51.20013], [0.32055, 51.19304], [0.3178, 51.18323], [0.33296000000000003, 51.179640000000006], [0.35289000000000004, 51.182950000000005], [0.36736, 51.17763000000001], [0.38642000000000004, 51.17147000000001], [0.40063000000000004, 51.169380000000004], [0.41849000000000003, 51.16993], [0.4267, 51.164010000000005], [0.44501, 51.15995], [0.45028, 51.17385], [0.4665, 51.168240000000004], [0.47618000000000005, 51.161300000000004], [0.48359, 51.15256], [0.48628000402010674, 51.13724000587824], [0.49869, 51.13398], [0.5079199991646381, 51.130789999902895], [0.5112500000000001, 51.121170000000006], [0.50251, 51.109680000000004], [0.49829000000000007, 51.097640000000006], [0.5086700000000001, 51.08731], [0.5226350035396903, 51.081795002161], [0.536, 51.08176], [0.54688, 51.075320000000005], [0.55503, 51.06723], [0.5652400000000001, 51.058110000000006], [0.5728300000000001, 51.053520000000006], [0.5796499986237885, 51.0438399998651], [0.5929500000000001, 51.04175000000001], [0.60719, 51.04439000000001], [0.6174200000000001, 51.041810000000005], [0.6345749915398933, 51.04115500411475], [0.64988, 51.03616], [0.66047, 51.02579], [0.6681900000000001, 51.02188], [0.67956, 51.017880000000005], [0.6892600000000001, 51.012370000000004], [0.6993100000000001, 51.01467], [0.7169800000000001, 51.012460000000004], [0.73582, 51.01342], [0.7568100000000001, 51.01135000000001], [0.7680300000000001, 51.0063], [0.7671424734748066, 50.998205004908606], [0.7571800000000001, 50.985200000000006], [0.7470100000000001, 50.96775], [0.7373200000000001, 50.957190000000004], [0.7457, 50.95058], [0.7602000000000001, 50.94586], [0.7745400000000001, 50.9393], [0.79232, 50.93677], [0.8137700000000001, 50.93043], [0.8345400000000001, 50.929660000000005], [0.8563900000000001, 50.93381], [0.8707600000000001, 50.938930000000006], [0.8886100000000001, 50.94532], [0.9014300000000001, 50.949160000000006], [0.9153800000000001, 50.950030000000005], [0.9374000000000001, 50.93818], [0.96813, 50.93009000000001], [0.9767399992846143, 50.92001666671169], [0.9760450027873194, 50.92420000028741], [0.9727700000000001, 50.927580000000006], [0.9771200000000001, 50.917030000000004], [0.9709900000000001, 50.928830000000005], [0.96833, 50.94435000000001], [0.96306, 50.962680000000006], [0.9671066507360365, 50.979536668632676], [0.9427900000000001, 50.986880000000006], [0.9313500000000001, 50.990390000000005], [0.9208100036625646, 50.992505002980764], [0.9127500052229879, 50.99694000259192], [0.9019250049637516, 51.006045000551346], [0.8892200000000001, 51.01259], [0.8660933149889941, 51.01007334357782], [0.8570150068697359, 51.007745002200885], [0.84055, 51.019330000000004], [0.8318800000000001, 51.02543000000001], [0.8377500000000001, 51.03398000000001], [0.8406800000000001, 51.047700000000006], [0.8395100021963193, 51.05703500013521], [0.8354300000000001, 51.06266], [0.8368300000000001, 51.07639], [0.8417900040436086, 51.088970000492445], [0.8503399885060154, 51.10331000424949], [0.8584600000000001, 51.11869], [0.86133, 51.125260000000004], [0.86079, 51.130500000000005], [0.8678300000000001, 51.13689], [0.87538, 51.14229], [0.8751300000000001, 51.14273000000001]]}}, {"type": "Feature", "properties": {"id": "3204563503815099124", "name": "Cambridge and back", "link": "https://www.strava.com/routes/3204563503815099124", "distance_km": 203, "source": "HV-signed", "region": "Herts", "route_type": "Road", "cafe": "Cambridge Market (98km in)", "notes": "At your own risk. Avoid cycle paths as they are less likely to be gritted."}, "geometry": {"type": "LineString", "coordinates": [[-0.054900000000000004, 51.558510000000005], [-0.04517, 51.56251], [-0.026690008825582943, 51.569840004511825], [-0.012530000000000001, 51.57571], [0.00034, 51.581700000000005], [0.007883324612603933, 51.58976333415328], [0.01268, 51.59910000000001], [0.021130000000000003, 51.60886000000001], [0.027770000000000003, 51.62091], [0.033740000000000006, 51.63974], [0.039490000000000004, 51.655750000000005], [0.05828978016529634, 51.67222006228712], [0.07383, 51.68213], [0.09673495409456832, 51.6919950255584], [0.0984, 51.69991], [0.09416000000000001, 51.71005], [0.09071000000000001, 51.72045000000001], [0.07957, 51.7203], [0.07611000000000001, 51.73011], [0.07518000000000001, 51.73751000000001], [0.06049, 51.745380000000004], [0.05602000000000001, 51.752770000000005], [0.044020000000000004, 51.75665000000001], [0.04037, 51.763540000000006], [0.039540000000000006, 51.77351], [0.030670000000000003, 51.77906], [0.016390000000000002, 51.785680000000006], [0.02406, 51.793220000000005], [0.04478, 51.79807], [0.05512, 51.80773000000001], [0.055450000000000006, 51.815310000000004], [0.05929, 51.823280000000004], [0.06648000000000001, 51.835040000000006], [0.06920000000000001, 51.84624], [0.07253000155441752, 51.86098999991431], [0.08251, 51.87402], [0.09082000000000001, 51.88438000000001], [0.09756999889293767, 51.899830000012685], [0.09060000000000001, 51.91342], [0.09105, 51.92477], [0.08302000000000001, 51.93139000000001], [0.06741000000000001, 51.93515000000001], [0.05345499874769494, 51.93782000699127], [0.0396, 51.941720000000004], [0.03826, 51.949110000000005], [0.03717, 51.95864], [0.039, 51.973380000000006], [0.046110000000000005, 51.978460000000005], [0.043960000000000006, 51.98478000000001], [0.04698, 51.988400000000006], [0.05457000000000001, 51.99369], [0.05396999671673254, 52.001735000804274], [0.05142500385493926, 52.0103200007698], [0.04599752001915375, 52.017500001927175], [0.06504, 52.025580000000005], [0.07928, 52.03258], [0.08518, 52.041990000000006], [0.08338710869007085, 52.051510017761444], [0.07854000000000001, 52.067640000000004], [0.08107, 52.081540000000004], [0.07238, 52.092490000000005], [0.08374000000000001, 52.100750000000005], [0.09704, 52.115730000000006], [0.09917000000000001, 52.12519], [0.10987997539216199, 52.14023000917083], [0.12829000000000002, 52.14538], [0.13513, 52.152260000000005], [0.1233, 52.162040000000005], [0.11987499249769586, 52.170865003292846], [0.12938000000000002, 52.18059], [0.13213, 52.19218000000001], [0.12177, 52.19865000000001], [0.11891000000000002, 52.20508], [0.12695003113185493, 52.1997600053785], [0.13829000000000002, 52.18553000000001], [0.14828000000000002, 52.17443], [0.15992, 52.16396], [0.1413799952682814, 52.149835000721694], [0.12844, 52.145500000000006], [0.12929000000000002, 52.13683], [0.13651000000000002, 52.12218000000001], [0.15091000000000002, 52.11300000000001], [0.15973, 52.102140000000006], [0.15899000000000002, 52.09272000000001], [0.16508500401763762, 52.080390000971605], [0.16884499399468686, 52.06861000182073], [0.15477000000000002, 52.056140000000006], [0.14342499547671025, 52.04413000085616], [0.13058, 52.035790000000006], [0.13485, 52.028090000000006], [0.13040500334609478, 52.01969000436942], [0.12403000000000002, 52.009750000000004], [0.11686, 52.003960000000006], [0.10576, 51.99649], [0.0913, 51.990660000000005], [0.08995, 51.983360000000005], [0.09169000000000001, 51.974990000000005], [0.09009, 51.96697], [0.08330000000000001, 51.959590000000006], [0.09207000000000001, 51.95384000000001], [0.0975599958593864, 51.94640000180182], [0.10903000000000002, 51.942930000000004], [0.10308, 51.93421000000001], [0.09218000000000001, 51.92011], [0.09282000000000001, 51.908530000000006], [0.09781000000000001, 51.892630000000004], [0.08762, 51.88054], [0.0783349963090042, 51.86905000389031], [0.07815000000000001, 51.85938], [0.09307501322061527, 51.85242000441746], [0.10406000000000001, 51.847260000000006], [0.11334999759660395, 51.83546000001899], [0.12045000000000002, 51.82468], [0.12956, 51.818630000000006], [0.15331, 51.81465000000001], [0.16214, 51.806720000000006], [0.15588000000000002, 51.79829], [0.15665, 51.787960000000005], [0.17079000000000003, 51.78219000000001], [0.17978000000000002, 51.77676], [0.18899000000000002, 51.773450000000004], [0.20134000000000002, 51.76733], [0.20703252554136656, 51.757262508612726], [0.22019000000000002, 51.748830000000005], [0.21887, 51.739020000000004], [0.21126000000000003, 51.73333], [0.20507000000000003, 51.728190000000005], [0.20564000000000002, 51.71748], [0.20334000000000002, 51.707750000000004], [0.19184, 51.69879], [0.19626000000000002, 51.689040000000006], [0.19020500006571525, 51.68056000020041], [0.20072000405241938, 51.67024500127658], [0.18758000000000002, 51.66232], [0.17223000000000002, 51.654700000000005], [0.16499000000000003, 51.642860000000006], [0.15056, 51.63723], [0.13895000000000002, 51.63374], [0.12582000000000002, 51.62373], [0.09982, 51.616310000000006], [0.07678, 51.60981], [0.051710000000000006, 51.60569], [0.034850000000000006, 51.602940000000004], [0.019950000000000002, 51.60716000000001], [0.01149, 51.596790000000006], [0.00650500028617677, 51.58549000000146], [-0.004520000000000001, 51.579420000000006], [-0.01674, 51.57293000000001], [-0.03497, 51.56651], [-0.05403000328647174, 51.5587600029689], [-0.05552000000000001, 51.55868]]}}, {"type": "Feature", "properties": {"id": "3204465578248334332", "name": "Suffolk on Solstice 210km", "link": "https://www.strava.com/routes/3204465578248334332", "distance_km": 211, "source": "HV-signed", "region": "Essex", "route_type": "Road", "cafe": "Winners Tea Rooms in Finchingfield (70km), Promenade Park in Maldon", "notes": ""}, "geometry": {"type": "LineString", "coordinates": [[-0.05598, 51.55803], [-0.044070000000000005, 51.562850000000005], [-0.01859500497849281, 51.572455004245676], [0.00021, 51.58147], [0.00837, 51.5906], [0.013933321633344896, 51.60066000210373], [0.02289, 51.611200000000004], [0.02968, 51.62234], [0.04206, 51.63861000000001], [0.048670000000000005, 51.65012], [0.05963, 51.65514], [0.07376, 51.66096], [0.08814000000000001, 51.66456], [0.10144500416378335, 51.671115001765685], [0.11807999704295273, 51.67043000311403], [0.13216, 51.673300000000005], [0.13508, 51.68739000000001], [0.14731000000000002, 51.69158], [0.16401000000000002, 51.69650000000001], [0.18344000000000002, 51.69854], [0.19413000000000002, 51.70494000000001], [0.20483, 51.715250000000005], [0.20675000000000002, 51.725460000000005], [0.21153000000000002, 51.73207000000001], [0.21593, 51.738440000000004], [0.23049000000000003, 51.74224], [0.23678000000000002, 51.75011000000001], [0.23835, 51.75983], [0.25138000000000005, 51.7646], [0.27269000000000004, 51.7753], [0.27791000000000005, 51.78466], [0.29262000000000005, 51.789730000000006], [0.31033000000000005, 51.79627000000001], [0.30647, 51.8089], [0.3191099511195071, 51.82405000867569], [0.33358000000000004, 51.84085], [0.34907999565394077, 51.85850000074532], [0.36387, 51.86357], [0.36571000000000004, 51.86966], [0.36221000000000003, 51.87650000000001], [0.37160000000000004, 51.882830000000006], [0.38878, 51.893820000000005], [0.40561, 51.904590000000006], [0.40345000000000003, 51.914210000000004], [0.40717000000000003, 51.91978], [0.41453, 51.92804], [0.42164, 51.93988], [0.43646, 51.9519], [0.44907, 51.96233], [0.45381000000000005, 51.96842], [0.47735000000000005, 51.962500000000006], [0.48766000000000004, 51.95365], [0.51151, 51.957840000000004], [0.5329, 51.963800000000006], [0.55276, 51.96855000000001], [0.5705850008383598, 51.97608000260245], [0.5867600000000001, 51.97948], [0.5961200000000001, 51.98753000000001], [0.6159899960037134, 51.99308500168668], [0.6327, 51.998470000000005], [0.6471100000000001, 51.998430000000006], [0.6682400000000001, 52.01014000000001], [0.6893799906351538, 52.01535500345038], [0.71062, 52.02695000000001], [0.72431, 52.029120000000006], [0.7365600000000001, 52.02328000000001], [0.73797, 52.010450000000006], [0.7465900000000001, 51.99783000000001], [0.75519, 51.985440000000004], [0.7613700000000001, 51.97701000000001], [0.77202, 51.971940000000004], [0.78417, 51.968360000000004], [0.79578, 51.967020000000005], [0.8108200000000001, 51.96428], [0.8119200000000001, 51.955850000000005], [0.8039700000000001, 51.947790000000005], [0.8088700000000001, 51.93605], [0.80408, 51.92344000000001], [0.8025000070515061, 51.90980500122638], [0.8132300000000001, 51.89988], [0.8072100000000001, 51.89224], [0.8064000000000001, 51.881310000000006], [0.7986500000000001, 51.87337], [0.7907000000000001, 51.866040000000005], [0.78812, 51.856480000000005], [0.77773, 51.8498], [0.7632849965820125, 51.846045002017284], [0.7511500000000001, 51.836690000000004], [0.7499100000000001, 51.827600000000004], [0.7416200000000001, 51.819010000000006], [0.72609, 51.814690000000006], [0.7083199864675052, 51.800746671704026], [0.6925600000000001, 51.787910000000004], [0.6800500011374471, 51.776176666729484], [0.67735, 51.76066], [0.6792433505946912, 51.74397000571383], [0.68017, 51.73572000000001], [0.6870400000000001, 51.72990000000001], [0.67312500732822, 51.73176000502788], [0.65505, 51.732350000000004], [0.64461, 51.72757000000001], [0.62455, 51.724810000000005], [0.6044049965226126, 51.71987000358551], [0.59699, 51.70904], [0.5777800000000001, 51.70403], [0.5734249975273917, 51.69147500284413], [0.5596500000000001, 51.68186000000001], [0.5507500000000001, 51.674730000000004], [0.5311800000000001, 51.67383], [0.5096400000000001, 51.67053000000001], [0.49205000000000004, 51.66919000000001], [0.47118000000000004, 51.66935], [0.457, 51.66322], [0.44075000000000003, 51.66290000000001], [0.4263100070304033, 51.65631500560291], [0.4066, 51.66082], [0.39563000000000004, 51.66895], [0.37808, 51.67363], [0.36416000000000004, 51.674240000000005], [0.35135000000000005, 51.68222], [0.33302000000000004, 51.68424], [0.32116, 51.68872], [0.31153000000000003, 51.689060000000005], [0.30012, 51.678940000000004], [0.29023000000000004, 51.67197], [0.27275000000000005, 51.667280000000005], [0.25206, 51.663850000000004], [0.23598000000000002, 51.66434], [0.22067, 51.653690000000005], [0.20721, 51.64988], [0.19431, 51.63454], [0.18025000000000002, 51.62914000000001], [0.16526500481602513, 51.629345002685355], [0.14732, 51.63326000000001], [0.13398000000000002, 51.628840000000004], [0.11328332186037261, 51.61952000682573], [0.08696000000000001, 51.61197000000001], [0.05935000000000001, 51.606790000000004], [0.042530000000000005, 51.601020000000005], [0.021120000000000003, 51.60849], [0.013094994882520658, 51.59965000061055], [0.00676, 51.58701000000001], [-0.0037700000000000003, 51.57972], [-0.01633500408288179, 51.573075002040476], [-0.03534, 51.5664], [-0.054860000000000006, 51.55857], [-0.0558, 51.556960000000004]]}}]}